drug_id,drug_name,approval_authority
445,Drug_186,EMA
286,Drug_185,EMA
21,Drug_87,EMA
187,Drug_377,EMA
268,Drug_287,FDA
439,Drug_378,FDA
378,Drug_430,FDA
248,Drug_471,FDA
373,Drug_416,FDA
120,Drug_286,EMA
329,Drug_290,FDA
296,Drug_386,EMA
279,Drug_219,EMA
325,Drug_63,FDA
266,Drug_323,FDA
174,Drug_368,FDA
329,Drug_141,FDA
189,Drug_311,EMA
357,Drug_156,FDA
327,Drug_240,EMA
169,Drug_456,EMA
263,Drug_312,FDA
205,Drug_96,FDA
140,Drug_294,EMA
293,Drug_175,FDA
89,Drug_324,FDA
177,Drug_357,EMA
393,Drug_151,EMA
361,Drug_494,EMA
325,Drug_483,FDA
108,Drug_198,EMA
397,Drug_302,EMA
374,Drug_374,FDA
126,Drug_270,EMA
271,Drug_160,EMA
350,Drug_492,FDA
265,Drug_98,FDA
293,Drug_117,FDA
115,Drug_196,FDA
65,Drug_345,EMA
272,Drug_25,FDA
3,Drug_231,FDA
178,Drug_35,EMA
51,Drug_1,EMA
318,Drug_51,FDA
180,Drug_387,FDA
310,Drug_160,EMA
462,Drug_160,FDA
257,Drug_1,FDA
141,Drug_332,EMA
136,Drug_133,EMA
218,Drug_210,EMA
274,Drug_121,FDA
16,Drug_113,EMA
16,Drug_373,FDA
95,Drug_26,EMA
367,Drug_119,FDA
253,Drug_170,EMA
60,Drug_13,FDA
183,Drug_175,EMA
480,Drug_386,EMA
477,Drug_174,EMA
432,Drug_35,EMA
384,Drug_416,FDA
262,Drug_231,EMA
3,Drug_97,EMA
383,Drug_391,FDA
119,Drug_423,EMA
461,Drug_460,EMA
345,Drug_146,FDA
231,Drug_100,FDA
489,Drug_252,EMA
182,Drug_211,EMA
301,Drug_17,EMA
102,Drug_3,FDA
452,Drug_277,FDA
64,Drug_92,EMA
177,Drug_53,FDA
237,Drug_371,EMA
100,Drug_271,EMA
71,Drug_115,EMA
63,Drug_332,EMA
18,Drug_354,FDA
478,Drug_328,FDA
72,Drug_191,FDA
454,Drug_444,EMA
18,Drug_283,FDA
77,Drug_322,EMA
224,Drug_488,EMA
456,Drug_332,FDA
129,Drug_271,EMA
414,Drug_419,EMA
343,Drug_365,EMA
45,Drug_338,FDA
245,Drug_141,EMA
79,Drug_89,EMA
434,Drug_455,FDA
217,Drug_104,FDA
37,Drug_165,FDA
18,Drug_79,EMA
207,Drug_112,EMA
413,Drug_461,FDA
410,Drug_2,EMA
170,Drug_438,FDA
47,Drug_40,FDA
120,Drug_66,EMA
136,Drug_460,FDA
420,Drug_401,FDA
212,Drug_274,EMA
238,Drug_453,FDA
127,Drug_283,FDA
322,Drug_487,EMA
52,Drug_51,FDA
110,Drug_86,EMA
125,Drug_116,FDA
357,Drug_451,EMA
183,Drug_371,FDA
390,Drug_334,EMA
166,Drug_260,EMA
474,Drug_298,EMA
322,Drug_351,EMA
384,Drug_50,EMA
277,Drug_165,EMA
253,Drug_284,EMA
273,Drug_172,EMA
408,Drug_421,FDA
18,Drug_149,EMA
333,Drug_357,FDA
397,Drug_272,FDA
422,Drug_446,FDA
19,Drug_168,FDA
184,Drug_246,FDA
12,Drug_289,FDA
459,Drug_184,EMA
477,Drug_55,EMA
63,Drug_376,EMA
478,Drug_159,EMA
10,Drug_55,EMA
214,Drug_43,FDA
448,Drug_410,FDA
292,Drug_193,EMA
86,Drug_443,EMA
471,Drug_310,EMA
234,Drug_468,EMA
387,Drug_23,FDA
271,Drug_9,EMA
150,Drug_399,FDA
459,Drug_463,EMA
459,Drug_58,FDA
433,Drug_162,FDA
469,Drug_44,EMA
457,Drug_338,EMA
177,Drug_411,FDA
341,Drug_382,FDA
313,Drug_452,EMA
412,Drug_410,FDA
272,Drug_246,FDA
457,Drug_196,FDA
485,Drug_312,FDA
488,Drug_476,EMA
273,Drug_4,FDA
283,Drug_170,EMA
134,Drug_454,EMA
207,Drug_81,FDA
210,Drug_189,EMA
270,Drug_477,EMA
331,Drug_324,FDA
4,Drug_315,EMA
173,Drug_422,EMA
156,Drug_453,EMA
213,Drug_277,EMA
210,Drug_376,EMA
322,Drug_206,FDA
328,Drug_66,EMA
420,Drug_212,EMA
139,Drug_37,FDA
164,Drug_274,EMA
70,Drug_477,EMA
216,Drug_18,EMA
342,Drug_391,EMA
11,Drug_203,EMA
482,Drug_193,EMA
489,Drug_93,FDA
14,Drug_195,FDA
124,Drug_224,FDA
109,Drug_46,FDA
358,Drug_226,FDA
253,Drug_1,EMA
471,Drug_118,EMA
50,Drug_345,FDA
9,Drug_377,FDA
211,Drug_133,EMA
417,Drug_377,EMA
131,Drug_145,FDA
351,Drug_385,FDA
9,Drug_498,FDA
497,Drug_339,FDA
238,Drug_68,FDA
445,Drug_354,FDA
318,Drug_6,EMA
376,Drug_185,FDA
296,Drug_435,EMA
474,Drug_407,FDA
361,Drug_452,FDA
422,Drug_8,EMA
223,Drug_134,EMA
167,Drug_151,EMA
496,Drug_49,FDA
4,Drug_266,EMA
38,Drug_199,FDA
13,Drug_467,EMA
171,Drug_22,EMA
328,Drug_395,EMA
285,Drug_49,EMA
26,Drug_448,FDA
380,Drug_175,EMA
34,Drug_488,FDA
79,Drug_168,FDA
246,Drug_143,FDA
382,Drug_151,EMA
430,Drug_166,EMA
469,Drug_426,FDA
305,Drug_395,FDA
418,Drug_37,FDA
206,Drug_488,EMA
35,Drug_306,FDA
325,Drug_15,EMA
206,Drug_338,EMA
114,Drug_332,EMA
300,Drug_202,FDA
93,Drug_179,FDA
209,Drug_465,EMA
449,Drug_293,EMA
306,Drug_125,EMA
437,Drug_377,EMA
219,Drug_29,FDA
497,Drug_210,EMA
329,Drug_314,EMA
144,Drug_109,EMA
53,Drug_365,FDA
319,Drug_90,EMA
163,Drug_151,EMA
268,Drug_284,FDA
443,Drug_147,FDA
145,Drug_165,EMA
210,Drug_223,FDA
348,Drug_303,FDA
28,Drug_310,EMA
244,Drug_446,FDA
452,Drug_342,FDA
439,Drug_29,FDA
299,Drug_192,EMA
183,Drug_55,FDA
485,Drug_65,EMA
94,Drug_222,EMA
220,Drug_1,FDA
463,Drug_209,FDA
140,Drug_8,FDA
164,Drug_121,EMA
403,Drug_451,EMA
6,Drug_429,FDA
303,Drug_56,FDA
20,Drug_301,EMA
16,Drug_370,EMA
32,Drug_182,FDA
395,Drug_395,FDA
209,Drug_40,EMA
187,Drug_40,EMA
437,Drug_472,FDA
276,Drug_45,FDA
231,Drug_49,FDA
367,Drug_269,FDA
142,Drug_129,FDA
9,Drug_6,FDA
174,Drug_71,EMA
394,Drug_279,EMA
397,Drug_382,FDA
500,Drug_64,EMA
384,Drug_431,EMA
271,Drug_404,FDA
215,Drug_48,FDA
230,Drug_140,EMA
484,Drug_284,EMA
221,Drug_329,FDA
434,Drug_34,FDA
274,Drug_147,EMA
79,Drug_410,FDA
59,Drug_123,FDA
21,Drug_398,EMA
122,Drug_70,FDA
215,Drug_260,EMA
203,Drug_407,FDA
224,Drug_56,FDA
410,Drug_459,FDA
428,Drug_194,EMA
69,Drug_375,FDA
448,Drug_211,FDA
268,Drug_388,FDA
481,Drug_55,EMA
77,Drug_49,EMA
70,Drug_106,FDA
186,Drug_280,FDA
488,Drug_32,EMA
451,Drug_492,EMA
369,Drug_337,FDA
430,Drug_362,FDA
154,Drug_183,FDA
209,Drug_251,EMA
440,Drug_415,EMA
17,Drug_22,FDA
499,Drug_453,EMA
191,Drug_21,EMA
236,Drug_174,FDA
104,Drug_42,FDA
459,Drug_420,FDA
52,Drug_33,FDA
334,Drug_193,FDA
38,Drug_286,FDA
106,Drug_413,FDA
40,Drug_347,EMA
399,Drug_231,EMA
259,Drug_215,FDA
114,Drug_175,FDA
220,Drug_372,EMA
83,Drug_182,EMA
425,Drug_16,EMA
314,Drug_494,EMA
494,Drug_491,FDA
95,Drug_300,FDA
474,Drug_431,EMA
362,Drug_201,FDA
437,Drug_445,FDA
364,Drug_498,FDA
446,Drug_379,EMA
206,Drug_260,FDA
215,Drug_363,EMA
124,Drug_26,EMA
93,Drug_408,EMA
272,Drug_278,FDA
154,Drug_45,FDA
269,Drug_158,FDA
230,Drug_132,FDA
321,Drug_464,FDA
455,Drug_34,EMA
250,Drug_478,FDA
99,Drug_194,EMA
304,Drug_229,FDA
290,Drug_432,EMA
416,Drug_140,FDA
222,Drug_449,FDA
285,Drug_391,EMA
89,Drug_441,FDA
97,Drug_79,EMA
59,Drug_121,FDA
258,Drug_22,EMA
155,Drug_69,FDA
474,Drug_221,EMA
463,Drug_339,FDA
86,Drug_5,FDA
344,Drug_474,EMA
366,Drug_317,EMA
55,Drug_381,FDA
63,Drug_88,EMA
446,Drug_246,FDA
466,Drug_45,EMA
56,Drug_232,EMA
203,Drug_240,EMA
365,Drug_383,EMA
16,Drug_483,FDA
307,Drug_359,FDA
402,Drug_165,EMA
203,Drug_480,FDA
40,Drug_3,FDA
398,Drug_340,EMA
321,Drug_179,FDA
475,Drug_500,EMA
43,Drug_236,EMA
295,Drug_250,EMA
286,Drug_142,EMA
75,Drug_264,EMA
56,Drug_97,EMA
154,Drug_246,FDA
440,Drug_206,FDA
425,Drug_268,FDA
295,Drug_239,EMA
44,Drug_64,EMA
254,Drug_390,EMA
221,Drug_287,FDA
387,Drug_234,FDA
366,Drug_110,EMA
127,Drug_291,EMA
475,Drug_268,FDA
236,Drug_450,FDA
485,Drug_329,FDA
326,Drug_79,EMA
40,Drug_27,EMA
95,Drug_462,FDA
494,Drug_85,FDA
180,Drug_363,FDA
33,Drug_301,EMA
485,Drug_118,EMA
141,Drug_461,FDA
30,Drug_486,FDA
486,Drug_76,EMA
473,Drug_469,FDA
5,Drug_10,FDA
243,Drug_294,EMA
134,Drug_500,FDA
404,Drug_296,EMA
449,Drug_231,FDA
385,Drug_422,FDA
348,Drug_435,EMA
126,Drug_235,FDA
474,Drug_362,FDA
56,Drug_461,EMA
406,Drug_400,FDA
357,Drug_342,FDA
24,Drug_401,FDA
253,Drug_45,FDA
457,Drug_88,FDA
261,Drug_123,FDA
166,Drug_351,EMA
498,Drug_296,EMA
233,Drug_136,EMA
392,Drug_491,FDA
394,Drug_6,FDA
492,Drug_406,FDA
79,Drug_177,EMA
141,Drug_8,FDA
499,Drug_390,EMA
90,Drug_437,FDA
348,Drug_374,EMA
22,Drug_500,FDA
111,Drug_55,EMA
258,Drug_459,FDA
299,Drug_365,FDA
198,Drug_266,EMA
215,Drug_123,FDA
65,Drug_227,EMA
275,Drug_82,FDA
76,Drug_267,FDA
107,Drug_316,FDA
10,Drug_146,EMA
377,Drug_261,EMA
77,Drug_371,FDA
206,Drug_233,FDA
79,Drug_323,FDA
400,Drug_10,EMA
23,Drug_10,EMA
180,Drug_284,FDA
209,Drug_57,FDA
218,Drug_467,EMA
250,Drug_388,FDA
199,Drug_257,FDA
108,Drug_332,FDA
426,Drug_336,EMA
223,Drug_188,FDA
13,Drug_428,EMA
407,Drug_130,EMA
235,Drug_20,FDA
286,Drug_104,EMA
485,Drug_378,FDA
367,Drug_99,FDA
25,Drug_321,FDA
75,Drug_293,FDA
412,Drug_267,EMA
41,Drug_168,FDA
69,Drug_238,EMA
430,Drug_326,FDA
141,Drug_197,EMA
110,Drug_342,EMA
277,Drug_286,FDA
421,Drug_109,EMA
8,Drug_246,FDA
395,Drug_305,FDA
77,Drug_366,EMA
20,Drug_428,FDA
212,Drug_420,FDA
145,Drug_207,EMA
488,Drug_364,FDA
143,Drug_11,EMA
105,Drug_55,EMA
225,Drug_355,FDA
368,Drug_273,FDA
173,Drug_338,FDA
59,Drug_215,EMA
131,Drug_174,EMA
363,Drug_232,FDA
468,Drug_225,FDA
277,Drug_226,FDA
424,Drug_461,EMA
40,Drug_269,FDA
32,Drug_144,EMA
427,Drug_301,EMA
342,Drug_499,EMA
89,Drug_166,EMA
262,Drug_17,EMA
9,Drug_418,FDA
498,Drug_333,FDA
179,Drug_249,FDA
235,Drug_297,EMA
16,Drug_163,FDA
330,Drug_183,FDA
182,Drug_173,EMA
119,Drug_325,EMA
105,Drug_301,FDA
354,Drug_141,FDA
8,Drug_79,EMA
172,Drug_153,FDA
150,Drug_25,EMA
243,Drug_176,FDA
280,Drug_423,FDA
90,Drug_413,EMA
372,Drug_496,EMA
463,Drug_455,EMA
190,Drug_491,FDA
4,Drug_339,FDA
230,Drug_439,EMA
247,Drug_163,FDA
385,Drug_152,EMA
260,Drug_192,EMA
252,Drug_446,EMA
107,Drug_496,EMA
23,Drug_55,EMA
376,Drug_398,EMA
413,Drug_460,EMA
69,Drug_404,EMA
331,Drug_450,EMA
500,Drug_320,FDA
323,Drug_459,FDA
449,Drug_367,FDA
114,Drug_412,EMA
450,Drug_121,EMA
149,Drug_111,EMA
205,Drug_228,EMA
403,Drug_404,EMA
382,Drug_240,EMA
140,Drug_133,EMA
296,Drug_169,EMA
14,Drug_135,EMA
385,Drug_187,EMA
323,Drug_221,FDA
321,Drug_384,EMA
386,Drug_451,FDA
307,Drug_288,EMA
237,Drug_195,FDA
426,Drug_386,EMA
208,Drug_389,FDA
306,Drug_253,EMA
250,Drug_311,FDA
109,Drug_441,FDA
123,Drug_254,FDA
397,Drug_403,EMA
81,Drug_99,FDA
335,Drug_221,EMA
244,Drug_492,FDA
15,Drug_10,FDA
480,Drug_378,FDA
383,Drug_386,FDA
465,Drug_109,EMA
126,Drug_101,FDA
478,Drug_317,FDA
382,Drug_340,EMA
431,Drug_346,EMA
211,Drug_156,EMA
495,Drug_229,EMA
474,Drug_461,FDA
23,Drug_387,FDA
169,Drug_75,EMA
47,Drug_200,FDA
306,Drug_250,FDA
26,Drug_497,EMA
456,Drug_41,FDA
389,Drug_263,FDA
158,Drug_291,EMA
219,Drug_77,EMA
242,Drug_312,FDA
458,Drug_399,FDA
68,Drug_244,FDA
104,Drug_167,FDA
370,Drug_257,FDA
234,Drug_187,FDA
125,Drug_165,EMA
129,Drug_99,FDA
424,Drug_293,EMA
82,Drug_19,FDA
246,Drug_257,FDA
428,Drug_411,EMA
367,Drug_415,FDA
275,Drug_311,EMA
110,Drug_117,FDA
141,Drug_463,FDA
416,Drug_354,FDA
188,Drug_461,FDA
183,Drug_461,FDA
92,Drug_327,FDA
190,Drug_471,FDA
455,Drug_233,FDA
399,Drug_454,FDA
273,Drug_358,FDA
227,Drug_279,EMA
440,Drug_500,FDA
233,Drug_195,EMA
248,Drug_102,EMA
212,Drug_166,EMA
60,Drug_244,FDA
19,Drug_494,EMA
483,Drug_70,FDA
430,Drug_3,FDA
334,Drug_189,EMA
293,Drug_439,FDA
225,Drug_316,FDA
265,Drug_288,FDA
232,Drug_314,FDA
195,Drug_266,EMA
220,Drug_111,FDA
29,Drug_62,FDA
322,Drug_428,FDA
30,Drug_367,FDA
213,Drug_450,EMA
312,Drug_151,FDA
252,Drug_11,FDA
220,Drug_8,FDA
31,Drug_61,EMA
304,Drug_347,FDA
325,Drug_127,FDA
23,Drug_269,EMA
317,Drug_281,FDA
171,Drug_497,FDA
96,Drug_80,EMA
32,Drug_471,EMA
162,Drug_16,EMA
467,Drug_156,FDA
311,Drug_394,EMA
250,Drug_48,FDA
227,Drug_373,FDA
120,Drug_86,FDA
62,Drug_199,FDA
439,Drug_483,EMA
66,Drug_294,FDA
189,Drug_202,FDA
495,Drug_212,FDA
6,Drug_177,FDA
42,Drug_194,FDA
482,Drug_390,EMA
477,Drug_302,FDA
30,Drug_116,FDA
389,Drug_444,FDA
465,Drug_41,EMA
141,Drug_475,FDA
479,Drug_419,FDA
211,Drug_259,FDA
201,Drug_211,FDA
300,Drug_475,EMA
410,Drug_57,EMA
49,Drug_166,FDA
403,Drug_498,EMA
450,Drug_55,EMA
86,Drug_374,EMA
214,Drug_17,FDA
128,Drug_141,EMA
458,Drug_247,EMA
288,Drug_244,EMA
212,Drug_48,EMA
294,Drug_22,EMA
143,Drug_79,EMA
311,Drug_478,FDA
498,Drug_215,FDA
449,Drug_439,FDA
171,Drug_199,FDA
292,Drug_114,FDA
162,Drug_381,EMA
238,Drug_353,EMA
422,Drug_145,FDA
247,Drug_71,EMA
196,Drug_64,EMA
308,Drug_151,FDA
353,Drug_330,EMA
389,Drug_484,FDA
262,Drug_7,EMA
45,Drug_426,FDA
386,Drug_249,FDA
340,Drug_302,EMA
179,Drug_25,FDA
1,Drug_446,EMA
349,Drug_11,EMA
229,Drug_2,EMA
349,Drug_330,EMA
371,Drug_469,FDA
247,Drug_128,FDA
414,Drug_283,EMA
222,Drug_274,EMA
238,Drug_4,EMA
301,Drug_269,EMA
301,Drug_306,FDA
129,Drug_181,EMA
393,Drug_346,EMA
352,Drug_72,FDA
85,Drug_444,EMA
469,Drug_249,FDA
386,Drug_398,EMA
424,Drug_108,FDA
394,Drug_453,EMA
285,Drug_69,EMA
76,Drug_442,EMA
170,Drug_320,FDA
329,Drug_143,EMA
463,Drug_336,FDA
39,Drug_461,EMA
235,Drug_66,EMA
320,Drug_167,EMA
78,Drug_447,FDA
41,Drug_87,FDA
99,Drug_13,FDA
499,Drug_383,FDA
25,Drug_246,FDA
442,Drug_297,FDA
148,Drug_357,EMA
438,Drug_86,FDA
161,Drug_28,FDA
211,Drug_114,EMA
86,Drug_316,FDA
107,Drug_269,EMA
98,Drug_173,EMA
207,Drug_421,FDA
215,Drug_460,FDA
440,Drug_498,EMA
238,Drug_293,EMA
14,Drug_222,EMA
390,Drug_103,EMA
208,Drug_486,EMA
298,Drug_473,FDA
364,Drug_354,FDA
89,Drug_336,FDA
90,Drug_227,EMA
270,Drug_255,EMA
210,Drug_279,FDA
161,Drug_341,FDA
483,Drug_262,FDA
269,Drug_2,FDA
246,Drug_178,EMA
282,Drug_380,EMA
393,Drug_435,FDA
265,Drug_35,FDA
318,Drug_321,EMA
369,Drug_253,FDA
166,Drug_348,FDA
223,Drug_453,FDA
83,Drug_130,FDA
325,Drug_199,FDA
74,Drug_15,FDA
20,Drug_417,EMA
6,Drug_317,FDA
241,Drug_135,FDA
345,Drug_125,EMA
461,Drug_497,EMA
320,Drug_312,FDA
175,Drug_136,FDA
206,Drug_262,FDA
125,Drug_137,FDA
23,Drug_379,EMA
450,Drug_331,EMA
185,Drug_93,EMA
474,Drug_150,EMA
174,Drug_311,EMA
224,Drug_130,FDA
356,Drug_366,FDA
397,Drug_380,EMA
271,Drug_191,FDA
57,Drug_63,FDA
76,Drug_295,FDA
354,Drug_264,FDA
103,Drug_362,EMA
388,Drug_206,FDA
247,Drug_314,EMA
440,Drug_36,EMA
73,Drug_232,FDA
152,Drug_443,FDA
241,Drug_349,EMA
17,Drug_116,FDA
390,Drug_360,FDA
136,Drug_294,FDA
275,Drug_198,EMA
489,Drug_201,EMA
82,Drug_420,FDA
34,Drug_194,EMA
117,Drug_288,EMA
445,Drug_346,FDA
381,Drug_93,EMA
81,Drug_235,EMA
389,Drug_499,FDA
246,Drug_434,EMA
456,Drug_463,FDA
314,Drug_80,EMA
313,Drug_86,FDA
278,Drug_201,FDA
226,Drug_124,FDA
1,Drug_232,FDA
362,Drug_330,FDA
54,Drug_293,FDA
422,Drug_439,FDA
418,Drug_471,EMA
196,Drug_202,EMA
287,Drug_99,FDA
403,Drug_106,FDA
80,Drug_290,FDA
110,Drug_104,EMA
354,Drug_79,FDA
357,Drug_22,FDA
158,Drug_445,EMA
314,Drug_473,FDA
454,Drug_86,EMA
333,Drug_73,EMA
119,Drug_20,EMA
86,Drug_466,EMA
153,Drug_245,EMA
263,Drug_493,FDA
176,Drug_106,EMA
165,Drug_233,EMA
215,Drug_353,FDA
369,Drug_203,EMA
93,Drug_195,EMA
316,Drug_149,EMA
378,Drug_29,FDA
371,Drug_325,EMA
371,Drug_149,FDA
127,Drug_181,EMA
479,Drug_272,EMA
125,Drug_314,FDA
106,Drug_340,FDA
63,Drug_208,EMA
116,Drug_442,FDA
228,Drug_93,FDA
130,Drug_106,FDA
383,Drug_165,EMA
448,Drug_331,FDA
456,Drug_324,EMA
65,Drug_203,EMA
46,Drug_233,FDA
384,Drug_115,FDA
322,Drug_441,FDA
313,Drug_439,FDA
24,Drug_351,FDA
273,Drug_158,FDA
336,Drug_62,FDA
207,Drug_430,EMA
364,Drug_413,FDA
55,Drug_325,EMA
85,Drug_13,FDA
165,Drug_306,FDA
383,Drug_236,FDA
112,Drug_18,EMA
279,Drug_442,EMA
61,Drug_99,EMA
55,Drug_11,FDA
237,Drug_158,EMA
200,Drug_123,EMA
132,Drug_471,FDA
165,Drug_379,EMA
88,Drug_221,FDA
12,Drug_57,EMA
323,Drug_53,EMA
81,Drug_355,EMA
445,Drug_340,FDA
486,Drug_129,EMA
333,Drug_175,FDA
238,Drug_300,EMA
355,Drug_65,EMA
188,Drug_406,FDA
25,Drug_60,FDA
129,Drug_279,EMA
140,Drug_218,EMA
396,Drug_325,FDA
126,Drug_192,FDA
459,Drug_126,FDA
316,Drug_196,FDA
8,Drug_47,EMA
183,Drug_200,FDA
81,Drug_395,EMA
111,Drug_352,EMA
498,Drug_158,EMA
110,Drug_294,EMA
437,Drug_227,EMA
352,Drug_114,FDA
322,Drug_303,FDA
70,Drug_392,EMA
112,Drug_246,FDA
61,Drug_332,FDA
207,Drug_35,FDA
75,Drug_44,EMA
145,Drug_328,EMA
136,Drug_196,EMA
200,Drug_141,EMA
229,Drug_103,FDA
232,Drug_427,FDA
472,Drug_463,EMA
66,Drug_58,EMA
25,Drug_174,EMA
115,Drug_408,FDA
423,Drug_331,EMA
145,Drug_266,EMA
77,Drug_52,EMA
194,Drug_425,EMA
408,Drug_68,FDA
406,Drug_206,EMA
185,Drug_184,FDA
402,Drug_360,EMA
95,Drug_314,FDA
74,Drug_242,EMA
236,Drug_207,EMA
51,Drug_74,FDA
17,Drug_116,EMA
79,Drug_194,EMA
337,Drug_424,EMA
348,Drug_342,FDA
177,Drug_48,FDA
286,Drug_310,EMA
320,Drug_41,EMA
268,Drug_463,EMA
73,Drug_58,FDA
96,Drug_328,EMA
323,Drug_263,FDA
333,Drug_97,EMA
110,Drug_96,FDA
234,Drug_366,FDA
127,Drug_325,FDA
496,Drug_40,EMA
489,Drug_274,EMA
15,Drug_263,EMA
485,Drug_119,FDA
463,Drug_149,FDA
188,Drug_485,EMA
479,Drug_450,FDA
403,Drug_175,EMA
148,Drug_99,EMA
458,Drug_294,EMA
219,Drug_234,EMA
246,Drug_42,FDA
238,Drug_7,EMA
394,Drug_460,EMA
66,Drug_105,EMA
92,Drug_357,EMA
448,Drug_140,FDA
324,Drug_129,EMA
495,Drug_144,EMA
104,Drug_100,EMA
121,Drug_326,EMA
5,Drug_272,FDA
279,Drug_254,EMA
59,Drug_134,FDA
154,Drug_353,EMA
200,Drug_391,FDA
394,Drug_180,EMA
290,Drug_386,EMA
281,Drug_315,EMA
143,Drug_241,EMA
62,Drug_18,EMA
31,Drug_418,EMA
323,Drug_28,EMA
445,Drug_180,FDA
112,Drug_93,FDA
53,Drug_95,EMA
97,Drug_444,EMA
175,Drug_69,EMA
296,Drug_203,FDA
186,Drug_78,EMA
5,Drug_302,FDA
100,Drug_261,FDA
339,Drug_455,EMA
98,Drug_271,FDA
305,Drug_191,EMA
489,Drug_228,FDA
356,Drug_195,FDA
200,Drug_423,FDA
318,Drug_381,FDA
292,Drug_153,EMA
364,Drug_311,EMA
179,Drug_361,EMA
7,Drug_320,EMA
328,Drug_66,EMA
376,Drug_154,EMA
161,Drug_64,FDA
130,Drug_489,FDA
442,Drug_79,EMA
331,Drug_323,FDA
360,Drug_96,EMA
48,Drug_60,FDA
472,Drug_408,EMA
424,Drug_332,FDA
202,Drug_7,FDA
185,Drug_330,FDA
81,Drug_202,FDA
445,Drug_439,EMA
179,Drug_362,EMA
288,Drug_124,EMA
478,Drug_400,FDA
98,Drug_80,FDA
278,Drug_280,FDA
413,Drug_80,FDA
449,Drug_125,EMA
30,Drug_246,EMA
54,Drug_486,FDA
498,Drug_134,EMA
183,Drug_337,EMA
227,Drug_472,EMA
99,Drug_253,FDA
12,Drug_331,EMA
155,Drug_365,EMA
483,Drug_300,EMA
351,Drug_247,FDA
438,Drug_319,FDA
444,Drug_497,FDA
308,Drug_151,FDA
245,Drug_198,EMA
26,Drug_203,FDA
322,Drug_255,FDA
452,Drug_350,EMA
33,Drug_43,EMA
372,Drug_394,FDA
179,Drug_39,EMA
495,Drug_9,FDA
67,Drug_235,FDA
14,Drug_206,FDA
344,Drug_245,EMA
441,Drug_239,EMA
350,Drug_464,EMA
424,Drug_379,EMA
257,Drug_336,FDA
60,Drug_440,EMA
426,Drug_138,EMA
16,Drug_216,FDA
474,Drug_62,EMA
271,Drug_141,FDA
295,Drug_251,EMA
82,Drug_451,EMA
303,Drug_473,FDA
428,Drug_281,EMA
44,Drug_211,EMA
362,Drug_63,FDA
350,Drug_113,FDA
438,Drug_26,EMA
71,Drug_308,FDA
213,Drug_478,EMA
226,Drug_138,EMA
164,Drug_352,FDA
104,Drug_318,FDA
325,Drug_182,EMA
388,Drug_310,EMA
180,Drug_370,EMA
32,Drug_353,FDA
314,Drug_183,FDA
33,Drug_199,FDA
123,Drug_464,FDA
132,Drug_285,EMA
32,Drug_331,FDA
51,Drug_409,FDA
432,Drug_499,FDA
431,Drug_272,FDA
338,Drug_449,EMA
297,Drug_397,EMA
267,Drug_484,EMA
487,Drug_321,FDA
431,Drug_282,FDA
395,Drug_253,EMA
199,Drug_486,FDA
269,Drug_211,EMA
334,Drug_78,EMA
50,Drug_135,FDA
280,Drug_406,FDA
491,Drug_34,EMA
489,Drug_356,FDA
436,Drug_167,EMA
187,Drug_484,FDA
357,Drug_406,FDA
71,Drug_417,FDA
31,Drug_414,FDA
111,Drug_289,FDA
330,Drug_134,EMA
97,Drug_5,FDA
492,Drug_101,EMA
500,Drug_214,EMA
219,Drug_377,FDA
357,Drug_389,FDA
126,Drug_106,EMA
492,Drug_77,EMA
8,Drug_350,EMA
71,Drug_428,EMA
28,Drug_291,FDA
486,Drug_346,FDA
350,Drug_350,EMA
423,Drug_83,EMA
149,Drug_56,FDA
436,Drug_498,EMA
410,Drug_345,FDA
175,Drug_237,EMA
118,Drug_443,EMA
40,Drug_30,EMA
376,Drug_141,EMA
174,Drug_484,FDA
285,Drug_171,EMA
21,Drug_341,FDA
201,Drug_457,FDA
113,Drug_8,FDA
370,Drug_290,EMA
290,Drug_231,EMA
7,Drug_337,EMA
445,Drug_202,EMA
341,Drug_139,FDA
441,Drug_302,EMA
139,Drug_231,FDA
129,Drug_399,FDA
158,Drug_145,EMA
430,Drug_235,EMA
364,Drug_276,EMA
165,Drug_162,EMA
63,Drug_488,FDA
277,Drug_447,EMA
106,Drug_254,EMA
436,Drug_21,EMA
136,Drug_236,FDA
463,Drug_249,FDA
153,Drug_122,FDA
196,Drug_356,FDA
386,Drug_219,EMA
191,Drug_95,EMA
244,Drug_473,FDA
472,Drug_367,FDA
429,Drug_463,FDA
185,Drug_428,FDA
122,Drug_468,FDA
54,Drug_238,FDA
365,Drug_412,FDA
278,Drug_19,FDA
36,Drug_346,EMA
199,Drug_317,EMA
172,Drug_498,EMA
47,Drug_488,FDA
401,Drug_456,FDA
414,Drug_339,EMA
239,Drug_392,EMA
154,Drug_107,FDA
294,Drug_172,EMA
387,Drug_150,EMA
475,Drug_390,EMA
259,Drug_467,FDA
1,Drug_137,FDA
65,Drug_121,EMA
315,Drug_425,EMA
328,Drug_235,FDA
176,Drug_179,FDA
337,Drug_70,EMA
52,Drug_391,FDA
178,Drug_254,EMA
107,Drug_292,FDA
170,Drug_145,EMA
353,Drug_385,EMA
172,Drug_89,FDA
158,Drug_342,FDA
68,Drug_63,FDA
197,Drug_91,FDA
131,Drug_307,EMA
224,Drug_296,FDA
130,Drug_457,EMA
266,Drug_465,FDA
191,Drug_292,FDA
149,Drug_456,EMA
343,Drug_437,EMA
21,Drug_50,FDA
430,Drug_399,EMA
399,Drug_28,EMA
217,Drug_329,EMA
233,Drug_484,EMA
427,Drug_116,FDA
30,Drug_154,FDA
51,Drug_166,FDA
162,Drug_423,FDA
174,Drug_220,EMA
185,Drug_451,FDA
492,Drug_27,FDA
217,Drug_336,EMA
197,Drug_364,FDA
2,Drug_362,FDA
456,Drug_363,EMA
180,Drug_286,FDA
5,Drug_224,FDA
126,Drug_46,EMA
378,Drug_74,FDA
420,Drug_7,FDA
142,Drug_298,EMA
388,Drug_94,EMA
373,Drug_149,FDA
38,Drug_500,EMA
478,Drug_487,EMA
494,Drug_6,FDA
379,Drug_331,FDA
368,Drug_173,FDA
432,Drug_337,EMA
236,Drug_497,EMA
67,Drug_218,FDA
226,Drug_100,EMA
389,Drug_417,EMA
254,Drug_239,EMA
387,Drug_35,FDA
100,Drug_51,FDA
458,Drug_184,FDA
267,Drug_1,EMA
378,Drug_34,EMA
90,Drug_414,EMA
266,Drug_421,EMA
237,Drug_425,FDA
336,Drug_392,EMA
74,Drug_304,EMA
84,Drug_116,FDA
357,Drug_375,FDA
381,Drug_165,EMA
187,Drug_345,FDA
470,Drug_121,FDA
95,Drug_153,FDA
400,Drug_88,EMA
152,Drug_8,FDA
492,Drug_137,FDA
205,Drug_308,FDA
252,Drug_485,EMA
349,Drug_496,FDA
360,Drug_194,EMA
356,Drug_170,EMA
92,Drug_25,FDA
294,Drug_304,EMA
222,Drug_421,EMA
164,Drug_446,EMA
169,Drug_86,FDA
19,Drug_18,FDA
295,Drug_11,EMA
183,Drug_462,EMA
92,Drug_198,FDA
210,Drug_447,FDA
40,Drug_200,FDA
65,Drug_403,FDA
212,Drug_230,EMA
418,Drug_155,EMA
92,Drug_453,FDA
398,Drug_170,EMA
97,Drug_219,FDA
19,Drug_369,EMA
403,Drug_18,EMA
461,Drug_195,EMA
113,Drug_10,FDA
385,Drug_9,FDA
228,Drug_293,FDA
203,Drug_70,EMA
226,Drug_269,EMA
261,Drug_121,FDA
319,Drug_462,EMA
329,Drug_5,FDA
275,Drug_473,EMA
425,Drug_442,FDA
348,Drug_360,FDA
81,Drug_429,EMA
436,Drug_154,EMA
61,Drug_228,EMA
441,Drug_231,FDA
462,Drug_39,EMA
464,Drug_44,EMA
88,Drug_74,FDA
208,Drug_92,EMA
178,Drug_284,EMA
98,Drug_180,EMA
111,Drug_135,EMA
349,Drug_224,FDA
106,Drug_488,EMA
121,Drug_296,FDA
487,Drug_217,FDA
234,Drug_204,EMA
93,Drug_487,EMA
350,Drug_272,EMA
412,Drug_164,FDA
401,Drug_38,EMA
477,Drug_269,FDA
209,Drug_71,EMA
257,Drug_151,FDA
433,Drug_110,FDA
50,Drug_157,EMA
312,Drug_317,FDA
428,Drug_149,EMA
181,Drug_496,FDA
398,Drug_212,FDA
280,Drug_481,FDA
211,Drug_368,FDA
367,Drug_150,FDA
393,Drug_198,FDA
37,Drug_210,EMA
282,Drug_455,EMA
116,Drug_349,FDA
491,Drug_63,EMA
6,Drug_66,EMA
132,Drug_422,FDA
147,Drug_456,FDA
213,Drug_370,EMA
270,Drug_276,FDA
220,Drug_54,EMA
387,Drug_385,FDA
290,Drug_407,FDA
314,Drug_119,EMA
253,Drug_358,EMA
337,Drug_255,EMA
168,Drug_260,FDA
362,Drug_138,FDA
18,Drug_292,EMA
14,Drug_387,EMA
285,Drug_70,FDA
425,Drug_155,FDA
226,Drug_443,FDA
491,Drug_173,FDA
198,Drug_461,FDA
472,Drug_264,EMA
14,Drug_60,EMA
296,Drug_192,FDA
206,Drug_440,EMA
291,Drug_6,EMA
143,Drug_299,EMA
450,Drug_499,EMA
76,Drug_188,EMA
370,Drug_80,FDA
125,Drug_14,FDA
144,Drug_414,FDA
218,Drug_268,EMA
176,Drug_1,FDA
11,Drug_267,FDA
166,Drug_96,EMA
62,Drug_203,FDA
88,Drug_196,EMA
302,Drug_452,FDA
498,Drug_129,EMA
24,Drug_135,EMA
115,Drug_43,FDA
59,Drug_421,FDA
473,Drug_160,EMA
298,Drug_86,FDA
344,Drug_117,EMA
355,Drug_195,FDA
271,Drug_9,EMA
146,Drug_281,FDA
236,Drug_100,FDA
348,Drug_5,FDA
77,Drug_54,FDA
348,Drug_467,FDA
489,Drug_239,FDA
265,Drug_207,EMA
96,Drug_331,EMA
269,Drug_130,FDA
472,Drug_495,EMA
147,Drug_420,FDA
252,Drug_88,FDA
351,Drug_303,EMA
468,Drug_18,EMA
485,Drug_405,FDA
369,Drug_466,EMA
9,Drug_227,EMA
317,Drug_292,EMA
376,Drug_445,FDA
230,Drug_144,FDA
322,Drug_112,EMA
39,Drug_272,EMA
475,Drug_389,EMA
473,Drug_207,EMA
493,Drug_42,FDA
33,Drug_30,FDA
132,Drug_435,FDA
39,Drug_18,EMA
336,Drug_341,EMA
188,Drug_366,FDA
133,Drug_140,FDA
46,Drug_500,FDA
19,Drug_328,FDA
130,Drug_409,EMA
292,Drug_486,EMA
402,Drug_68,FDA
82,Drug_439,FDA
326,Drug_209,FDA
436,Drug_207,FDA
105,Drug_319,EMA
357,Drug_283,EMA
277,Drug_329,EMA
176,Drug_415,FDA
178,Drug_226,FDA
397,Drug_178,EMA
233,Drug_366,FDA
93,Drug_357,FDA
176,Drug_132,FDA
418,Drug_138,EMA
145,Drug_15,EMA
343,Drug_439,EMA
419,Drug_219,FDA
22,Drug_55,EMA
291,Drug_223,EMA
339,Drug_436,EMA
123,Drug_225,EMA
434,Drug_66,FDA
107,Drug_359,EMA
184,Drug_398,FDA
90,Drug_114,EMA
211,Drug_130,FDA
333,Drug_73,FDA
392,Drug_3,FDA
319,Drug_396,FDA
364,Drug_200,EMA
78,Drug_76,EMA
332,Drug_128,FDA
312,Drug_407,FDA
279,Drug_128,EMA
332,Drug_439,EMA
270,Drug_332,FDA
49,Drug_99,EMA
372,Drug_417,EMA
163,Drug_120,EMA
68,Drug_116,FDA
164,Drug_8,FDA
287,Drug_387,FDA
481,Drug_326,EMA
198,Drug_493,FDA
64,Drug_133,FDA
109,Drug_250,EMA
50,Drug_43,EMA
258,Drug_462,FDA
66,Drug_307,EMA
320,Drug_409,FDA
451,Drug_416,FDA
137,Drug_432,EMA
312,Drug_261,FDA
188,Drug_18,EMA
40,Drug_372,FDA
375,Drug_44,FDA
452,Drug_461,EMA
395,Drug_12,EMA
176,Drug_31,EMA
457,Drug_417,EMA
483,Drug_144,FDA
22,Drug_310,EMA
32,Drug_373,FDA
290,Drug_171,FDA
427,Drug_345,EMA
140,Drug_390,FDA
160,Drug_123,EMA
214,Drug_61,FDA
124,Drug_66,FDA
56,Drug_326,FDA
35,Drug_44,FDA
366,Drug_125,FDA
234,Drug_131,FDA
133,Drug_404,EMA
124,Drug_328,FDA
38,Drug_203,FDA
93,Drug_264,EMA
77,Drug_328,EMA
235,Drug_90,EMA
13,Drug_463,EMA
2,Drug_379,EMA
259,Drug_469,FDA
238,Drug_228,EMA
228,Drug_39,EMA
160,Drug_377,EMA
265,Drug_217,EMA
262,Drug_352,EMA
3,Drug_339,EMA
103,Drug_335,EMA
112,Drug_176,EMA
380,Drug_15,FDA
407,Drug_128,EMA
317,Drug_312,EMA
60,Drug_223,FDA
353,Drug_245,EMA
439,Drug_387,FDA
454,Drug_86,FDA
26,Drug_411,EMA
165,Drug_223,EMA
369,Drug_195,EMA
367,Drug_438,EMA
426,Drug_425,FDA
276,Drug_356,EMA
270,Drug_286,EMA
189,Drug_335,FDA
52,Drug_418,EMA
299,Drug_312,EMA
38,Drug_290,FDA
55,Drug_297,FDA
327,Drug_25,EMA
400,Drug_397,FDA
84,Drug_282,FDA
169,Drug_293,EMA
411,Drug_93,EMA
445,Drug_456,FDA
15,Drug_350,FDA
166,Drug_155,FDA
233,Drug_353,FDA
385,Drug_476,FDA
363,Drug_420,FDA
270,Drug_103,FDA
183,Drug_134,EMA
230,Drug_375,FDA
135,Drug_264,FDA
287,Drug_244,EMA
394,Drug_57,EMA
251,Drug_384,EMA
164,Drug_192,FDA
223,Drug_70,EMA
460,Drug_362,EMA
46,Drug_98,FDA
421,Drug_175,EMA
74,Drug_496,EMA
168,Drug_39,EMA
456,Drug_492,EMA
9,Drug_489,EMA
122,Drug_252,EMA
329,Drug_326,FDA
120,Drug_141,FDA
7,Drug_180,EMA
394,Drug_184,FDA
159,Drug_265,FDA
400,Drug_9,FDA
423,Drug_185,FDA
273,Drug_157,FDA
303,Drug_126,FDA
167,Drug_286,FDA
238,Drug_376,EMA
116,Drug_325,EMA
441,Drug_351,EMA
464,Drug_257,FDA
444,Drug_295,EMA
354,Drug_102,FDA
438,Drug_251,FDA
426,Drug_163,EMA
288,Drug_485,FDA
157,Drug_52,FDA
500,Drug_219,FDA
395,Drug_300,EMA
470,Drug_97,FDA
416,Drug_32,EMA
244,Drug_493,EMA
273,Drug_381,EMA
200,Drug_339,FDA
237,Drug_289,FDA
182,Drug_247,EMA
101,Drug_244,EMA
266,Drug_282,EMA
2,Drug_375,FDA
334,Drug_50,EMA
498,Drug_274,EMA
104,Drug_215,FDA
54,Drug_39,FDA
360,Drug_454,FDA
481,Drug_309,EMA
59,Drug_322,FDA
484,Drug_204,EMA
286,Drug_416,FDA
295,Drug_381,FDA
114,Drug_163,FDA
227,Drug_491,EMA
186,Drug_384,EMA
165,Drug_396,EMA
382,Drug_93,FDA
357,Drug_353,FDA
236,Drug_490,FDA
421,Drug_265,FDA
212,Drug_479,FDA
226,Drug_352,EMA
424,Drug_289,EMA
180,Drug_174,EMA
439,Drug_184,FDA
429,Drug_459,FDA
100,Drug_290,FDA
96,Drug_465,EMA
381,Drug_325,FDA
281,Drug_421,FDA
448,Drug_269,FDA
14,Drug_465,FDA
347,Drug_397,EMA
242,Drug_313,FDA
153,Drug_25,EMA
91,Drug_290,EMA
278,Drug_214,FDA
199,Drug_500,EMA
62,Drug_439,EMA
184,Drug_399,EMA
374,Drug_267,FDA
144,Drug_410,EMA
160,Drug_359,EMA
352,Drug_211,FDA
483,Drug_98,FDA
402,Drug_54,EMA
211,Drug_89,EMA
223,Drug_109,EMA
36,Drug_353,FDA
479,Drug_472,FDA
288,Drug_91,FDA
253,Drug_271,EMA
85,Drug_111,EMA
388,Drug_236,EMA
448,Drug_370,EMA
46,Drug_324,EMA
132,Drug_271,EMA
17,Drug_182,EMA
362,Drug_26,FDA
190,Drug_180,EMA
370,Drug_266,EMA
283,Drug_480,FDA
263,Drug_304,EMA
448,Drug_499,FDA
190,Drug_59,FDA
256,Drug_101,FDA
428,Drug_442,FDA
137,Drug_53,EMA
44,Drug_166,FDA
127,Drug_296,FDA
471,Drug_473,EMA
139,Drug_40,EMA
117,Drug_330,FDA
283,Drug_83,EMA
185,Drug_208,FDA
125,Drug_338,EMA
161,Drug_150,FDA
474,Drug_480,FDA
7,Drug_220,EMA
21,Drug_142,FDA
322,Drug_467,FDA
335,Drug_175,FDA
263,Drug_446,EMA
76,Drug_415,FDA
101,Drug_380,FDA
301,Drug_93,FDA
433,Drug_229,FDA
294,Drug_451,EMA
64,Drug_382,FDA
277,Drug_221,EMA
85,Drug_26,FDA
174,Drug_490,EMA
365,Drug_48,FDA
448,Drug_161,FDA
105,Drug_350,EMA
399,Drug_159,EMA
247,Drug_21,FDA
282,Drug_323,EMA
34,Drug_107,FDA
174,Drug_129,EMA
496,Drug_194,FDA
420,Drug_9,EMA
406,Drug_78,EMA
356,Drug_207,FDA
20,Drug_236,EMA
211,Drug_217,EMA
234,Drug_258,EMA
479,Drug_434,EMA
5,Drug_444,EMA
354,Drug_462,FDA
15,Drug_296,FDA
70,Drug_470,EMA
303,Drug_44,EMA
93,Drug_309,FDA
267,Drug_52,FDA
67,Drug_69,FDA
255,Drug_410,EMA
277,Drug_387,FDA
432,Drug_170,FDA
326,Drug_229,EMA
472,Drug_274,FDA
195,Drug_299,FDA
409,Drug_335,EMA
351,Drug_178,EMA
33,Drug_99,FDA
112,Drug_286,FDA
88,Drug_67,EMA
164,Drug_324,FDA
186,Drug_32,EMA
372,Drug_102,EMA
342,Drug_114,EMA
273,Drug_149,EMA
395,Drug_401,EMA
463,Drug_352,FDA
129,Drug_17,FDA
162,Drug_294,FDA
468,Drug_289,EMA
220,Drug_454,FDA
82,Drug_172,EMA
299,Drug_479,EMA
402,Drug_8,EMA
322,Drug_45,EMA
67,Drug_163,FDA
145,Drug_271,EMA
172,Drug_35,EMA
186,Drug_289,FDA
5,Drug_225,FDA
393,Drug_111,FDA
7,Drug_33,FDA
427,Drug_300,FDA
257,Drug_123,FDA
83,Drug_363,EMA
55,Drug_54,FDA
11,Drug_24,EMA
73,Drug_192,FDA
57,Drug_457,FDA
166,Drug_458,EMA
65,Drug_462,FDA
175,Drug_128,FDA
314,Drug_91,FDA
197,Drug_83,EMA
225,Drug_469,EMA
98,Drug_379,EMA
474,Drug_208,EMA
166,Drug_51,EMA
76,Drug_208,FDA
192,Drug_472,FDA
350,Drug_169,EMA
195,Drug_429,FDA
47,Drug_79,EMA
410,Drug_372,FDA
396,Drug_448,FDA
484,Drug_371,FDA
362,Drug_372,FDA
371,Drug_368,EMA
96,Drug_28,FDA
45,Drug_76,EMA
336,Drug_80,FDA
257,Drug_160,FDA
55,Drug_42,EMA
384,Drug_380,EMA
264,Drug_256,FDA
370,Drug_98,EMA
143,Drug_148,EMA
11,Drug_280,EMA
104,Drug_202,EMA
252,Drug_393,EMA
494,Drug_196,EMA
248,Drug_277,EMA
24,Drug_351,EMA
26,Drug_372,FDA
232,Drug_146,FDA
352,Drug_85,EMA
293,Drug_425,FDA
271,Drug_160,EMA
197,Drug_155,FDA
92,Drug_206,EMA
325,Drug_388,EMA
223,Drug_315,FDA
116,Drug_156,EMA
17,Drug_208,EMA
322,Drug_365,FDA
67,Drug_458,FDA
343,Drug_493,EMA
50,Drug_366,FDA
316,Drug_285,EMA
151,Drug_53,EMA
286,Drug_179,EMA
264,Drug_430,FDA
361,Drug_192,EMA
182,Drug_42,EMA
42,Drug_11,FDA
220,Drug_308,EMA
60,Drug_483,FDA
387,Drug_1,FDA
287,Drug_472,FDA
469,Drug_247,EMA
273,Drug_72,EMA
418,Drug_251,FDA
496,Drug_28,EMA
365,Drug_51,EMA
130,Drug_362,FDA
153,Drug_189,EMA
429,Drug_237,EMA
327,Drug_229,FDA
3,Drug_493,EMA
368,Drug_469,FDA
190,Drug_456,EMA
61,Drug_160,EMA
306,Drug_165,EMA
294,Drug_61,EMA
392,Drug_406,EMA
468,Drug_275,FDA
25,Drug_152,FDA
95,Drug_340,FDA
216,Drug_253,FDA
310,Drug_166,FDA
458,Drug_52,EMA
227,Drug_6,FDA
217,Drug_287,FDA
203,Drug_386,FDA
199,Drug_106,EMA
327,Drug_301,FDA
77,Drug_389,FDA
297,Drug_198,FDA
92,Drug_475,FDA
350,Drug_97,EMA
275,Drug_158,FDA
236,Drug_268,EMA
381,Drug_241,FDA
46,Drug_98,FDA
164,Drug_247,EMA
210,Drug_51,EMA
315,Drug_247,EMA
481,Drug_219,FDA
230,Drug_294,FDA
452,Drug_50,EMA
266,Drug_83,FDA
74,Drug_139,FDA
222,Drug_187,FDA
276,Drug_389,FDA
430,Drug_315,FDA
70,Drug_264,FDA
343,Drug_211,FDA
312,Drug_52,FDA
164,Drug_300,FDA
48,Drug_251,FDA
90,Drug_181,FDA
286,Drug_148,EMA
350,Drug_238,EMA
463,Drug_299,EMA
196,Drug_156,FDA
132,Drug_288,FDA
237,Drug_476,FDA
184,Drug_243,FDA
364,Drug_73,EMA
289,Drug_188,FDA
225,Drug_377,FDA
219,Drug_293,FDA
114,Drug_189,FDA
330,Drug_374,FDA
353,Drug_159,EMA
168,Drug_391,FDA
186,Drug_366,FDA
171,Drug_81,FDA
41,Drug_243,FDA
11,Drug_116,FDA
480,Drug_89,FDA
178,Drug_221,FDA
219,Drug_491,EMA
64,Drug_400,EMA
284,Drug_110,FDA
102,Drug_244,EMA
170,Drug_211,FDA
182,Drug_208,FDA
255,Drug_465,EMA
465,Drug_479,EMA
357,Drug_351,FDA
298,Drug_24,FDA
350,Drug_262,FDA
426,Drug_490,FDA
164,Drug_493,FDA
412,Drug_153,EMA
173,Drug_252,FDA
74,Drug_336,FDA
175,Drug_246,EMA
498,Drug_472,EMA
330,Drug_316,EMA
208,Drug_188,EMA
96,Drug_435,EMA
87,Drug_256,FDA
223,Drug_428,EMA
246,Drug_64,EMA
304,Drug_489,EMA
253,Drug_207,EMA
189,Drug_282,EMA
33,Drug_211,FDA
497,Drug_81,FDA
325,Drug_72,FDA
53,Drug_238,FDA
495,Drug_393,FDA
488,Drug_228,FDA
110,Drug_220,FDA
174,Drug_217,EMA
256,Drug_400,EMA
221,Drug_63,FDA
244,Drug_444,FDA
182,Drug_170,EMA
233,Drug_273,FDA
156,Drug_271,EMA
27,Drug_45,FDA
283,Drug_307,FDA
33,Drug_441,EMA
46,Drug_180,EMA
2,Drug_126,FDA
309,Drug_48,EMA
401,Drug_182,FDA
345,Drug_7,FDA
39,Drug_288,FDA
374,Drug_267,EMA
26,Drug_468,EMA
428,Drug_123,EMA
81,Drug_334,FDA
469,Drug_76,FDA
136,Drug_61,EMA
413,Drug_192,EMA
100,Drug_78,EMA
35,Drug_473,FDA
30,Drug_103,FDA
347,Drug_158,EMA
81,Drug_439,FDA
35,Drug_208,EMA
28,Drug_47,FDA
401,Drug_163,EMA
273,Drug_128,FDA
139,Drug_411,FDA
383,Drug_476,FDA
97,Drug_419,EMA
165,Drug_464,FDA
252,Drug_18,FDA
275,Drug_181,EMA
40,Drug_106,FDA
419,Drug_165,EMA
149,Drug_145,EMA
145,Drug_259,FDA
15,Drug_179,EMA
324,Drug_215,FDA
345,Drug_455,FDA
426,Drug_63,FDA
212,Drug_295,EMA
269,Drug_45,EMA
127,Drug_378,EMA
437,Drug_312,EMA
152,Drug_439,FDA
94,Drug_486,EMA
408,Drug_424,FDA
476,Drug_498,EMA
334,Drug_418,FDA
443,Drug_95,FDA
253,Drug_83,EMA
142,Drug_92,EMA
324,Drug_226,FDA
286,Drug_353,FDA
498,Drug_442,FDA
354,Drug_331,EMA
386,Drug_102,FDA
456,Drug_235,FDA
395,Drug_173,FDA
337,Drug_205,FDA
368,Drug_500,FDA
22,Drug_81,EMA
138,Drug_198,FDA
462,Drug_5,FDA
206,Drug_446,FDA
239,Drug_424,FDA
83,Drug_482,EMA
177,Drug_344,EMA
473,Drug_129,FDA
223,Drug_57,EMA
154,Drug_70,FDA
3,Drug_418,FDA
23,Drug_51,FDA
179,Drug_386,FDA
214,Drug_309,EMA
353,Drug_471,FDA
302,Drug_491,FDA
328,Drug_135,EMA
486,Drug_400,EMA
387,Drug_7,EMA
100,Drug_296,FDA
358,Drug_321,FDA
391,Drug_366,FDA
48,Drug_262,FDA
268,Drug_241,EMA
30,Drug_253,FDA
315,Drug_238,EMA
368,Drug_469,FDA
217,Drug_335,EMA
480,Drug_445,FDA
7,Drug_52,FDA
386,Drug_181,FDA
162,Drug_332,EMA
185,Drug_120,EMA
82,Drug_14,EMA
170,Drug_466,FDA
173,Drug_295,FDA
262,Drug_231,EMA
255,Drug_495,FDA
281,Drug_39,EMA
87,Drug_116,EMA
130,Drug_383,EMA
109,Drug_419,EMA
330,Drug_192,FDA
465,Drug_343,FDA
288,Drug_194,EMA
457,Drug_149,FDA
489,Drug_52,FDA
94,Drug_202,EMA
109,Drug_216,EMA
366,Drug_303,EMA
349,Drug_276,FDA
303,Drug_79,EMA
226,Drug_495,EMA
95,Drug_14,FDA
441,Drug_168,EMA
91,Drug_413,EMA
390,Drug_121,EMA
423,Drug_389,EMA
37,Drug_137,EMA
403,Drug_452,EMA
427,Drug_216,EMA
207,Drug_14,EMA
486,Drug_387,EMA
250,Drug_215,FDA
77,Drug_270,EMA
350,Drug_15,FDA
162,Drug_339,FDA
392,Drug_196,FDA
98,Drug_187,EMA
93,Drug_458,FDA
137,Drug_176,EMA
73,Drug_18,EMA
421,Drug_11,EMA
159,Drug_255,FDA
33,Drug_370,FDA
266,Drug_3,EMA
494,Drug_474,FDA
436,Drug_150,EMA
92,Drug_401,FDA
463,Drug_208,FDA
54,Drug_377,FDA
307,Drug_73,FDA
149,Drug_151,FDA
393,Drug_179,FDA
336,Drug_377,FDA
354,Drug_116,EMA
442,Drug_75,EMA
101,Drug_53,EMA
404,Drug_158,EMA
259,Drug_72,FDA
60,Drug_99,EMA
259,Drug_355,FDA
131,Drug_177,FDA
183,Drug_337,EMA
59,Drug_121,EMA
72,Drug_67,FDA
299,Drug_313,FDA
37,Drug_472,EMA
344,Drug_296,EMA
195,Drug_311,EMA
87,Drug_251,EMA
212,Drug_345,EMA
244,Drug_299,FDA
217,Drug_258,FDA
49,Drug_213,FDA
265,Drug_230,EMA
172,Drug_279,EMA
439,Drug_5,FDA
223,Drug_311,FDA
131,Drug_498,FDA
339,Drug_218,EMA
57,Drug_451,EMA
161,Drug_327,EMA
171,Drug_491,EMA
76,Drug_400,FDA
29,Drug_264,EMA
488,Drug_443,FDA
315,Drug_279,EMA
34,Drug_156,EMA
463,Drug_467,FDA
374,Drug_405,EMA
340,Drug_271,FDA
372,Drug_57,EMA
270,Drug_396,FDA
318,Drug_206,EMA
371,Drug_175,EMA
330,Drug_314,FDA
455,Drug_331,EMA
449,Drug_322,FDA
47,Drug_73,EMA
141,Drug_169,EMA
446,Drug_116,EMA
424,Drug_251,FDA
48,Drug_458,EMA
199,Drug_160,EMA
172,Drug_180,EMA
18,Drug_448,EMA
422,Drug_178,FDA
271,Drug_125,EMA
419,Drug_374,FDA
9,Drug_31,FDA
359,Drug_338,EMA
125,Drug_270,FDA
148,Drug_252,FDA
33,Drug_190,EMA
440,Drug_117,EMA
436,Drug_449,EMA
240,Drug_430,EMA
143,Drug_263,EMA
182,Drug_410,EMA
458,Drug_467,FDA
116,Drug_487,FDA
491,Drug_321,EMA
144,Drug_40,FDA
451,Drug_238,EMA
72,Drug_106,EMA
97,Drug_495,EMA
371,Drug_176,EMA
85,Drug_47,FDA
310,Drug_334,FDA
497,Drug_181,EMA
434,Drug_499,FDA
54,Drug_192,FDA
260,Drug_31,FDA
362,Drug_22,FDA
75,Drug_256,EMA
117,Drug_312,FDA
208,Drug_389,EMA
54,Drug_361,FDA
366,Drug_237,EMA
99,Drug_254,EMA
149,Drug_474,EMA
226,Drug_394,FDA
493,Drug_333,EMA
457,Drug_202,FDA
332,Drug_27,FDA
297,Drug_150,EMA
293,Drug_450,EMA
495,Drug_79,EMA
158,Drug_478,FDA
174,Drug_343,FDA
193,Drug_330,EMA
53,Drug_475,FDA
188,Drug_392,EMA
427,Drug_95,FDA
459,Drug_137,FDA
225,Drug_134,EMA
16,Drug_308,EMA
245,Drug_225,FDA
415,Drug_189,EMA
339,Drug_224,EMA
122,Drug_133,EMA
39,Drug_366,FDA
350,Drug_358,FDA
149,Drug_338,FDA
204,Drug_106,EMA
57,Drug_462,EMA
460,Drug_468,FDA
331,Drug_81,FDA
155,Drug_23,FDA
88,Drug_36,EMA
498,Drug_329,EMA
454,Drug_170,EMA
323,Drug_99,EMA
238,Drug_322,FDA
146,Drug_12,FDA
179,Drug_387,FDA
26,Drug_51,FDA
110,Drug_495,EMA
473,Drug_360,FDA
354,Drug_356,EMA
347,Drug_141,FDA
99,Drug_296,EMA
185,Drug_303,EMA
7,Drug_115,EMA
278,Drug_445,FDA
447,Drug_96,FDA
297,Drug_228,FDA
99,Drug_44,FDA
402,Drug_175,FDA
135,Drug_259,FDA
437,Drug_50,EMA
270,Drug_191,EMA
136,Drug_248,FDA
287,Drug_225,FDA
436,Drug_35,FDA
134,Drug_248,FDA
335,Drug_420,FDA
180,Drug_23,FDA
42,Drug_5,EMA
480,Drug_246,EMA
81,Drug_482,EMA
451,Drug_105,EMA
361,Drug_203,FDA
341,Drug_105,EMA
293,Drug_382,EMA
46,Drug_273,FDA
119,Drug_181,EMA
187,Drug_424,EMA
226,Drug_77,FDA
420,Drug_167,FDA
246,Drug_433,EMA
28,Drug_235,FDA
119,Drug_58,FDA
383,Drug_476,FDA
310,Drug_266,FDA
497,Drug_428,EMA
189,Drug_71,EMA
412,Drug_444,EMA
118,Drug_444,EMA
362,Drug_434,EMA
298,Drug_218,FDA
130,Drug_16,FDA
135,Drug_205,EMA
203,Drug_340,FDA
110,Drug_21,EMA
122,Drug_349,EMA
252,Drug_318,EMA
355,Drug_484,FDA
111,Drug_480,FDA
440,Drug_392,EMA
237,Drug_407,FDA
438,Drug_201,FDA
396,Drug_435,EMA
273,Drug_146,EMA
320,Drug_56,FDA
163,Drug_224,FDA
137,Drug_415,EMA
299,Drug_105,EMA
329,Drug_498,EMA
327,Drug_309,EMA
332,Drug_279,FDA
417,Drug_187,EMA
434,Drug_41,EMA
84,Drug_227,EMA
154,Drug_465,EMA
280,Drug_279,FDA
344,Drug_414,FDA
419,Drug_45,EMA
160,Drug_386,EMA
480,Drug_297,EMA
56,Drug_377,FDA
13,Drug_56,FDA
212,Drug_320,EMA
267,Drug_153,EMA
72,Drug_343,FDA
250,Drug_272,EMA
375,Drug_53,EMA
294,Drug_209,EMA
459,Drug_462,EMA
149,Drug_210,EMA
113,Drug_116,EMA
173,Drug_68,FDA
145,Drug_300,FDA
191,Drug_117,EMA
332,Drug_474,FDA
414,Drug_145,EMA
389,Drug_407,FDA
402,Drug_221,FDA
369,Drug_71,FDA
341,Drug_477,FDA
189,Drug_396,FDA
150,Drug_332,FDA
142,Drug_34,EMA
242,Drug_265,FDA
233,Drug_53,FDA
500,Drug_78,EMA
14,Drug_337,FDA
234,Drug_137,FDA
387,Drug_345,FDA
306,Drug_361,EMA
71,Drug_173,FDA
94,Drug_28,FDA
357,Drug_479,EMA
272,Drug_416,EMA
323,Drug_130,EMA
347,Drug_493,EMA
79,Drug_313,FDA
383,Drug_393,EMA
363,Drug_406,FDA
391,Drug_82,FDA
177,Drug_229,EMA
298,Drug_299,EMA
482,Drug_441,FDA
291,Drug_432,EMA
232,Drug_144,FDA
346,Drug_493,EMA
71,Drug_174,EMA
376,Drug_90,EMA
144,Drug_404,EMA
292,Drug_448,EMA
328,Drug_419,FDA
30,Drug_108,FDA
209,Drug_268,FDA
325,Drug_269,EMA
275,Drug_384,FDA
366,Drug_263,FDA
475,Drug_28,FDA
375,Drug_442,FDA
67,Drug_82,EMA
265,Drug_262,EMA
380,Drug_402,FDA
334,Drug_38,EMA
56,Drug_27,EMA
229,Drug_226,EMA
226,Drug_71,FDA
435,Drug_209,FDA
185,Drug_199,EMA
104,Drug_132,EMA
366,Drug_92,EMA
491,Drug_168,FDA
109,Drug_314,EMA
37,Drug_40,FDA
256,Drug_267,EMA
5,Drug_138,EMA
289,Drug_118,FDA
252,Drug_211,EMA
372,Drug_146,FDA
249,Drug_35,EMA
478,Drug_57,EMA
322,Drug_420,EMA
137,Drug_61,EMA
102,Drug_486,FDA
442,Drug_133,EMA
336,Drug_432,FDA
41,Drug_302,EMA
450,Drug_237,FDA
380,Drug_65,FDA
423,Drug_452,FDA
406,Drug_417,FDA
19,Drug_260,EMA
27,Drug_262,EMA
271,Drug_232,FDA
446,Drug_400,FDA
239,Drug_342,EMA
27,Drug_178,EMA
454,Drug_428,EMA
75,Drug_248,FDA
455,Drug_230,EMA
275,Drug_87,FDA
224,Drug_433,EMA
171,Drug_418,FDA
141,Drug_58,EMA
15,Drug_103,FDA
256,Drug_294,FDA
72,Drug_81,EMA
233,Drug_203,FDA
118,Drug_97,EMA
379,Drug_263,EMA
191,Drug_240,FDA
345,Drug_311,EMA
22,Drug_366,EMA
361,Drug_347,FDA
70,Drug_485,EMA
364,Drug_219,FDA
1,Drug_388,EMA
237,Drug_316,FDA
336,Drug_240,FDA
62,Drug_162,EMA
431,Drug_47,FDA
447,Drug_447,EMA
338,Drug_183,EMA
1,Drug_301,EMA
239,Drug_454,FDA
432,Drug_273,FDA
348,Drug_448,EMA
232,Drug_107,EMA
352,Drug_367,FDA
44,Drug_390,EMA
379,Drug_353,FDA
91,Drug_472,FDA
370,Drug_169,FDA
25,Drug_354,FDA
150,Drug_500,FDA
131,Drug_11,FDA
416,Drug_131,FDA
350,Drug_206,EMA
203,Drug_439,EMA
289,Drug_25,FDA
284,Drug_288,EMA
243,Drug_135,FDA
292,Drug_280,FDA
159,Drug_168,EMA
448,Drug_453,FDA
206,Drug_157,FDA
248,Drug_100,EMA
37,Drug_106,FDA
298,Drug_255,EMA
492,Drug_342,FDA
30,Drug_231,EMA
93,Drug_314,FDA
13,Drug_204,FDA
260,Drug_273,EMA
227,Drug_444,FDA
464,Drug_304,FDA
156,Drug_76,FDA
125,Drug_495,EMA
251,Drug_216,FDA
62,Drug_498,FDA
426,Drug_354,EMA
86,Drug_127,FDA
465,Drug_50,FDA
98,Drug_395,FDA
112,Drug_173,FDA
7,Drug_357,EMA
405,Drug_492,EMA
273,Drug_445,FDA
49,Drug_34,FDA
219,Drug_272,FDA
33,Drug_390,EMA
417,Drug_466,EMA
52,Drug_17,EMA
280,Drug_192,EMA
450,Drug_60,FDA
229,Drug_244,EMA
406,Drug_482,FDA
199,Drug_105,FDA
295,Drug_93,EMA
422,Drug_414,FDA
241,Drug_257,FDA
272,Drug_389,FDA
161,Drug_98,FDA
21,Drug_326,FDA
318,Drug_209,FDA
84,Drug_471,FDA
490,Drug_320,EMA
185,Drug_292,FDA
145,Drug_217,EMA
107,Drug_481,FDA
43,Drug_384,EMA
56,Drug_379,FDA
174,Drug_418,FDA
188,Drug_479,FDA
299,Drug_230,EMA
414,Drug_73,FDA
373,Drug_164,EMA
210,Drug_48,FDA
210,Drug_479,FDA
224,Drug_323,EMA
435,Drug_85,FDA
117,Drug_36,EMA
395,Drug_171,FDA
387,Drug_60,EMA
89,Drug_128,EMA
85,Drug_383,FDA
254,Drug_424,FDA
430,Drug_449,FDA
360,Drug_364,EMA
485,Drug_11,FDA
129,Drug_306,FDA
142,Drug_376,FDA
155,Drug_215,FDA
471,Drug_115,EMA
114,Drug_267,FDA
183,Drug_23,EMA
479,Drug_197,EMA
485,Drug_137,EMA
239,Drug_13,FDA
134,Drug_68,EMA
456,Drug_425,EMA
251,Drug_335,FDA
305,Drug_211,FDA
57,Drug_465,EMA
326,Drug_439,FDA
62,Drug_82,EMA
380,Drug_496,FDA
342,Drug_145,FDA
144,Drug_375,FDA
194,Drug_155,EMA
485,Drug_44,FDA
449,Drug_98,EMA
359,Drug_230,EMA
354,Drug_440,EMA
47,Drug_222,EMA
482,Drug_287,FDA
306,Drug_409,EMA
469,Drug_107,EMA
66,Drug_209,FDA
314,Drug_327,EMA
180,Drug_266,FDA
422,Drug_44,FDA
5,Drug_328,EMA
157,Drug_118,EMA
53,Drug_360,EMA
309,Drug_119,FDA
469,Drug_143,FDA
84,Drug_89,EMA
164,Drug_221,FDA
82,Drug_110,EMA
126,Drug_199,FDA
283,Drug_295,EMA
153,Drug_432,EMA
249,Drug_448,FDA
161,Drug_143,EMA
313,Drug_232,FDA
161,Drug_168,EMA
31,Drug_63,EMA
404,Drug_15,EMA
483,Drug_474,EMA
16,Drug_435,FDA
108,Drug_312,EMA
375,Drug_366,EMA
58,Drug_365,FDA
255,Drug_446,FDA
262,Drug_266,EMA
313,Drug_476,EMA
305,Drug_32,EMA
418,Drug_136,FDA
266,Drug_87,EMA
61,Drug_23,FDA
17,Drug_114,EMA
307,Drug_167,EMA
139,Drug_167,FDA
240,Drug_155,EMA
224,Drug_251,EMA
73,Drug_88,EMA
396,Drug_155,FDA
186,Drug_187,FDA
137,Drug_229,FDA
406,Drug_183,FDA
28,Drug_365,EMA
220,Drug_445,FDA
131,Drug_262,EMA
473,Drug_346,FDA
407,Drug_395,EMA
299,Drug_147,FDA
170,Drug_125,EMA
111,Drug_92,EMA
155,Drug_398,FDA
43,Drug_452,EMA
14,Drug_431,EMA
98,Drug_148,EMA
364,Drug_351,FDA
397,Drug_79,EMA
207,Drug_393,EMA
185,Drug_201,EMA
11,Drug_235,EMA
367,Drug_357,EMA
198,Drug_29,FDA
198,Drug_116,FDA
251,Drug_45,EMA
275,Drug_476,FDA
196,Drug_165,EMA
452,Drug_75,FDA
232,Drug_402,EMA
305,Drug_459,FDA
300,Drug_177,EMA
180,Drug_164,EMA
219,Drug_269,EMA
313,Drug_348,FDA
201,Drug_259,EMA
449,Drug_379,EMA
3,Drug_60,EMA
204,Drug_29,EMA
316,Drug_464,EMA
153,Drug_400,FDA
101,Drug_250,EMA
338,Drug_106,FDA
136,Drug_6,EMA
66,Drug_97,EMA
116,Drug_21,FDA
423,Drug_159,EMA
287,Drug_115,EMA
428,Drug_94,EMA
426,Drug_136,EMA
113,Drug_89,FDA
176,Drug_243,FDA
477,Drug_182,FDA
220,Drug_101,EMA
318,Drug_200,FDA
284,Drug_113,FDA
484,Drug_336,FDA
168,Drug_120,FDA
427,Drug_377,FDA
496,Drug_474,FDA
199,Drug_219,FDA
229,Drug_243,EMA
45,Drug_357,FDA
284,Drug_72,EMA
112,Drug_237,FDA
62,Drug_329,EMA
315,Drug_134,EMA
496,Drug_459,FDA
51,Drug_342,EMA
460,Drug_441,EMA
492,Drug_416,EMA
199,Drug_222,FDA
34,Drug_272,FDA
69,Drug_12,EMA
382,Drug_25,EMA
223,Drug_299,FDA
297,Drug_37,EMA
461,Drug_452,FDA
410,Drug_229,FDA
100,Drug_190,FDA
79,Drug_466,FDA
166,Drug_270,FDA
18,Drug_226,FDA
461,Drug_328,EMA
353,Drug_472,FDA
372,Drug_310,FDA
116,Drug_489,EMA
102,Drug_417,EMA
1,Drug_9,EMA
454,Drug_275,FDA
479,Drug_67,EMA
129,Drug_427,EMA
402,Drug_18,EMA
311,Drug_164,EMA
388,Drug_22,FDA
431,Drug_374,FDA
479,Drug_408,EMA
464,Drug_226,FDA
358,Drug_481,FDA
496,Drug_288,FDA
48,Drug_449,FDA
370,Drug_284,FDA
457,Drug_188,EMA
466,Drug_103,EMA
49,Drug_357,FDA
415,Drug_67,EMA
168,Drug_267,EMA
410,Drug_112,FDA
362,Drug_80,EMA
451,Drug_2,FDA
289,Drug_278,FDA
343,Drug_286,EMA
432,Drug_204,FDA
365,Drug_182,FDA
284,Drug_267,FDA
92,Drug_273,FDA
344,Drug_197,EMA
355,Drug_240,FDA
142,Drug_165,FDA
284,Drug_144,FDA
365,Drug_219,FDA
181,Drug_84,EMA
13,Drug_306,FDA
432,Drug_13,FDA
316,Drug_494,EMA
182,Drug_326,EMA
52,Drug_74,FDA
11,Drug_264,FDA
63,Drug_499,EMA
349,Drug_276,EMA
367,Drug_90,EMA
157,Drug_423,EMA
354,Drug_434,EMA
198,Drug_84,EMA
129,Drug_201,FDA
296,Drug_207,FDA
355,Drug_91,EMA
188,Drug_13,FDA
200,Drug_293,FDA
494,Drug_40,EMA
46,Drug_456,EMA
174,Drug_365,EMA
421,Drug_497,EMA
126,Drug_418,EMA
210,Drug_129,EMA
468,Drug_30,FDA
250,Drug_460,FDA
202,Drug_139,FDA
262,Drug_367,EMA
327,Drug_226,EMA
206,Drug_231,FDA
11,Drug_483,EMA
170,Drug_167,FDA
266,Drug_285,FDA
359,Drug_208,EMA
305,Drug_234,EMA
329,Drug_152,EMA
404,Drug_173,EMA
81,Drug_149,EMA
485,Drug_400,FDA
387,Drug_340,FDA
240,Drug_44,EMA
393,Drug_40,FDA
358,Drug_294,EMA
37,Drug_259,EMA
348,Drug_161,EMA
403,Drug_456,FDA
151,Drug_165,EMA
214,Drug_333,FDA
258,Drug_83,FDA
417,Drug_52,EMA
250,Drug_324,EMA
294,Drug_144,FDA
171,Drug_445,FDA
417,Drug_356,FDA
227,Drug_52,EMA
89,Drug_98,EMA
35,Drug_114,FDA
64,Drug_490,FDA
93,Drug_447,FDA
380,Drug_37,FDA
481,Drug_174,FDA
111,Drug_273,EMA
30,Drug_228,FDA
20,Drug_459,FDA
73,Drug_62,EMA
157,Drug_285,FDA
479,Drug_473,EMA
6,Drug_254,EMA
231,Drug_170,EMA
113,Drug_437,FDA
252,Drug_236,FDA
302,Drug_487,EMA
110,Drug_183,FDA
348,Drug_465,EMA
353,Drug_471,FDA
426,Drug_442,FDA
285,Drug_275,FDA
133,Drug_258,FDA
222,Drug_118,FDA
373,Drug_426,EMA
403,Drug_19,EMA
138,Drug_87,EMA
470,Drug_123,EMA
341,Drug_16,EMA
406,Drug_91,EMA
7,Drug_241,FDA
87,Drug_63,FDA
214,Drug_66,FDA
339,Drug_442,FDA
284,Drug_361,FDA
150,Drug_423,EMA
218,Drug_277,EMA
128,Drug_143,FDA
121,Drug_484,EMA
84,Drug_436,FDA
291,Drug_245,EMA
135,Drug_69,EMA
335,Drug_17,EMA
88,Drug_60,FDA
50,Drug_250,EMA
290,Drug_128,EMA
343,Drug_287,FDA
4,Drug_144,FDA
19,Drug_347,FDA
131,Drug_369,EMA
358,Drug_78,EMA
64,Drug_121,EMA
412,Drug_108,FDA
13,Drug_28,FDA
250,Drug_276,FDA
225,Drug_238,EMA
163,Drug_478,EMA
379,Drug_400,EMA
78,Drug_177,EMA
493,Drug_468,FDA
186,Drug_80,FDA
361,Drug_136,EMA
226,Drug_141,FDA
399,Drug_365,FDA
307,Drug_295,FDA
294,Drug_299,EMA
172,Drug_373,EMA
303,Drug_450,FDA
429,Drug_454,FDA
399,Drug_492,FDA
256,Drug_106,FDA
240,Drug_207,EMA
240,Drug_415,FDA
158,Drug_27,EMA
459,Drug_322,FDA
40,Drug_329,EMA
284,Drug_60,EMA
236,Drug_202,EMA
406,Drug_313,EMA
53,Drug_429,EMA
120,Drug_87,EMA
29,Drug_234,EMA
167,Drug_5,EMA
89,Drug_260,FDA
219,Drug_397,FDA
60,Drug_186,FDA
275,Drug_171,FDA
394,Drug_341,FDA
237,Drug_462,EMA
485,Drug_452,EMA
425,Drug_147,EMA
431,Drug_32,EMA
294,Drug_42,FDA
332,Drug_489,FDA
416,Drug_263,FDA
35,Drug_69,FDA
268,Drug_483,EMA
194,Drug_77,FDA
245,Drug_125,FDA
465,Drug_263,EMA
114,Drug_119,EMA
160,Drug_381,EMA
121,Drug_66,FDA
218,Drug_241,EMA
283,Drug_22,FDA
30,Drug_474,FDA
70,Drug_101,EMA
413,Drug_395,EMA
471,Drug_399,EMA
248,Drug_262,FDA
441,Drug_361,FDA
178,Drug_222,EMA
106,Drug_364,EMA
160,Drug_278,EMA
101,Drug_459,FDA
308,Drug_385,FDA
87,Drug_450,FDA
383,Drug_167,FDA
371,Drug_468,FDA
96,Drug_248,FDA
345,Drug_110,EMA
494,Drug_298,EMA
278,Drug_383,EMA
217,Drug_482,EMA
135,Drug_469,EMA
489,Drug_443,FDA
350,Drug_157,FDA
369,Drug_479,FDA
181,Drug_385,EMA
142,Drug_335,FDA
485,Drug_336,FDA
352,Drug_272,EMA
296,Drug_172,FDA
325,Drug_109,FDA
493,Drug_492,EMA
310,Drug_65,FDA
226,Drug_129,EMA
248,Drug_165,EMA
367,Drug_148,FDA
270,Drug_107,FDA
148,Drug_469,FDA
355,Drug_476,FDA
222,Drug_209,EMA
213,Drug_180,FDA
51,Drug_110,EMA
236,Drug_481,EMA
231,Drug_500,FDA
403,Drug_342,EMA
121,Drug_321,EMA
433,Drug_36,EMA
417,Drug_411,FDA
342,Drug_119,FDA
496,Drug_493,FDA
441,Drug_441,EMA
29,Drug_438,EMA
227,Drug_35,EMA
348,Drug_223,EMA
447,Drug_44,EMA
182,Drug_117,FDA
335,Drug_38,EMA
449,Drug_402,EMA
6,Drug_404,FDA
334,Drug_222,FDA
132,Drug_328,FDA
360,Drug_487,FDA
462,Drug_222,FDA
134,Drug_170,EMA
174,Drug_379,FDA
374,Drug_103,EMA
96,Drug_227,FDA
372,Drug_373,FDA
348,Drug_163,FDA
227,Drug_476,FDA
444,Drug_61,FDA
338,Drug_475,FDA
275,Drug_314,FDA
390,Drug_226,EMA
147,Drug_337,FDA
156,Drug_340,EMA
352,Drug_368,FDA
443,Drug_181,EMA
101,Drug_420,EMA
385,Drug_156,EMA
411,Drug_457,FDA
152,Drug_253,EMA
17,Drug_193,EMA
359,Drug_49,EMA
76,Drug_441,FDA
95,Drug_250,FDA
60,Drug_296,FDA
339,Drug_385,EMA
395,Drug_105,FDA
345,Drug_465,EMA
378,Drug_233,FDA
412,Drug_464,FDA
416,Drug_209,FDA
268,Drug_153,FDA
319,Drug_91,EMA
38,Drug_22,EMA
14,Drug_89,FDA
94,Drug_121,EMA
212,Drug_151,FDA
237,Drug_454,EMA
17,Drug_311,FDA
119,Drug_249,FDA
133,Drug_159,EMA
495,Drug_196,FDA
385,Drug_117,FDA
209,Drug_450,FDA
166,Drug_70,FDA
329,Drug_253,FDA
482,Drug_185,FDA
47,Drug_84,FDA
180,Drug_304,FDA
30,Drug_144,FDA
186,Drug_392,EMA
123,Drug_329,EMA
99,Drug_150,FDA
465,Drug_78,EMA
369,Drug_111,EMA
351,Drug_207,EMA
305,Drug_360,EMA
253,Drug_496,FDA
2,Drug_377,FDA
53,Drug_218,EMA
361,Drug_284,EMA
487,Drug_323,FDA
35,Drug_476,EMA
295,Drug_355,FDA
453,Drug_433,EMA
11,Drug_485,EMA
461,Drug_98,EMA
323,Drug_100,FDA
378,Drug_334,FDA
225,Drug_233,FDA
398,Drug_111,FDA
261,Drug_489,EMA
455,Drug_457,FDA
34,Drug_488,FDA
149,Drug_427,FDA
447,Drug_311,FDA
102,Drug_441,FDA
273,Drug_53,EMA
382,Drug_444,EMA
232,Drug_241,FDA
120,Drug_248,FDA
242,Drug_73,EMA
266,Drug_492,EMA
409,Drug_499,EMA
281,Drug_1,EMA
28,Drug_291,EMA
260,Drug_279,FDA
442,Drug_499,FDA
394,Drug_363,FDA
438,Drug_247,FDA
130,Drug_91,FDA
59,Drug_229,FDA
285,Drug_232,EMA
255,Drug_76,EMA
240,Drug_374,FDA
362,Drug_94,EMA
179,Drug_7,FDA
147,Drug_474,EMA
327,Drug_292,EMA
321,Drug_91,EMA
419,Drug_335,FDA
62,Drug_387,FDA
55,Drug_48,FDA
334,Drug_207,FDA
457,Drug_178,EMA
353,Drug_332,EMA
474,Drug_160,FDA
484,Drug_74,EMA
272,Drug_309,EMA
404,Drug_421,EMA
263,Drug_339,EMA
84,Drug_312,EMA
148,Drug_112,FDA
310,Drug_279,FDA
301,Drug_357,EMA
63,Drug_129,FDA
146,Drug_4,FDA
416,Drug_470,FDA
339,Drug_156,EMA
375,Drug_88,FDA
415,Drug_124,FDA
307,Drug_464,FDA
227,Drug_254,EMA
286,Drug_71,EMA
383,Drug_317,EMA
63,Drug_21,EMA
349,Drug_465,FDA
379,Drug_272,EMA
65,Drug_484,EMA
300,Drug_114,EMA
57,Drug_323,FDA
229,Drug_389,EMA
411,Drug_220,EMA
470,Drug_199,EMA
481,Drug_440,FDA
282,Drug_377,FDA
171,Drug_328,FDA
422,Drug_160,EMA
242,Drug_500,EMA
89,Drug_117,EMA
209,Drug_202,EMA
170,Drug_97,EMA
139,Drug_256,EMA
416,Drug_338,EMA
50,Drug_319,FDA
41,Drug_138,EMA
106,Drug_305,FDA
414,Drug_401,EMA
410,Drug_372,FDA
369,Drug_380,EMA
233,Drug_336,EMA
62,Drug_284,FDA
271,Drug_16,EMA
79,Drug_148,EMA
259,Drug_67,EMA
364,Drug_422,EMA
335,Drug_246,EMA
222,Drug_179,FDA
384,Drug_487,EMA
177,Drug_68,FDA
355,Drug_386,EMA
289,Drug_151,EMA
155,Drug_110,EMA
357,Drug_47,EMA
104,Drug_222,EMA
31,Drug_44,EMA
377,Drug_294,EMA
337,Drug_139,EMA
276,Drug_289,EMA
431,Drug_181,EMA
135,Drug_400,EMA
493,Drug_464,FDA
49,Drug_96,FDA
52,Drug_410,EMA
96,Drug_242,EMA
126,Drug_459,FDA
301,Drug_222,FDA
40,Drug_249,FDA
256,Drug_203,FDA
309,Drug_170,EMA
368,Drug_178,EMA
125,Drug_486,FDA
244,Drug_153,EMA
194,Drug_118,FDA
93,Drug_271,FDA
367,Drug_245,FDA
147,Drug_478,FDA
191,Drug_179,FDA
150,Drug_487,FDA
136,Drug_468,FDA
268,Drug_180,EMA
227,Drug_387,FDA
341,Drug_8,EMA
438,Drug_487,FDA
432,Drug_394,FDA
185,Drug_324,FDA
288,Drug_38,EMA
467,Drug_464,EMA
411,Drug_276,EMA
213,Drug_311,FDA
71,Drug_116,EMA
358,Drug_498,EMA
278,Drug_351,EMA
390,Drug_387,EMA
52,Drug_235,EMA
42,Drug_120,FDA
162,Drug_478,FDA
55,Drug_204,FDA
57,Drug_226,EMA
217,Drug_400,EMA
493,Drug_108,EMA
452,Drug_295,EMA
386,Drug_100,FDA
337,Drug_340,EMA
57,Drug_162,EMA
411,Drug_267,FDA
125,Drug_365,FDA
423,Drug_368,EMA
170,Drug_161,FDA
450,Drug_195,EMA
223,Drug_7,EMA
202,Drug_349,FDA
359,Drug_398,EMA
460,Drug_420,EMA
165,Drug_268,EMA
209,Drug_199,EMA
190,Drug_100,EMA
301,Drug_270,EMA
204,Drug_52,EMA
264,Drug_417,FDA
346,Drug_272,EMA
244,Drug_4,FDA
308,Drug_236,EMA
257,Drug_178,FDA
438,Drug_184,FDA
395,Drug_215,EMA
273,Drug_274,EMA
375,Drug_434,EMA
435,Drug_109,FDA
91,Drug_124,EMA
227,Drug_25,EMA
171,Drug_118,EMA
310,Drug_349,FDA
191,Drug_282,FDA
211,Drug_229,FDA
20,Drug_2,FDA
130,Drug_417,FDA
144,Drug_400,FDA
126,Drug_352,EMA
332,Drug_33,FDA
492,Drug_217,EMA
138,Drug_206,EMA
479,Drug_291,FDA
294,Drug_77,FDA
183,Drug_50,EMA
112,Drug_214,FDA
86,Drug_233,FDA
491,Drug_470,FDA
457,Drug_143,EMA
329,Drug_89,FDA
486,Drug_34,FDA
89,Drug_83,EMA
405,Drug_106,FDA
252,Drug_378,EMA
316,Drug_110,FDA
248,Drug_13,FDA
462,Drug_460,EMA
316,Drug_273,EMA
341,Drug_8,EMA
366,Drug_247,FDA
222,Drug_221,EMA
76,Drug_455,FDA
249,Drug_108,FDA
258,Drug_453,EMA
261,Drug_326,EMA
223,Drug_223,FDA
67,Drug_340,EMA
172,Drug_173,EMA
27,Drug_181,FDA
214,Drug_252,FDA
11,Drug_190,FDA
165,Drug_342,FDA
465,Drug_244,FDA
49,Drug_134,EMA
19,Drug_48,EMA
51,Drug_394,FDA
288,Drug_476,FDA
389,Drug_228,EMA
414,Drug_482,FDA
391,Drug_489,FDA
242,Drug_265,FDA
475,Drug_20,EMA
404,Drug_226,FDA
47,Drug_45,EMA
79,Drug_392,FDA
354,Drug_152,EMA
49,Drug_320,FDA
436,Drug_257,FDA
279,Drug_57,EMA
180,Drug_71,EMA
343,Drug_329,FDA
61,Drug_300,FDA
321,Drug_27,EMA
417,Drug_55,FDA
88,Drug_11,FDA
448,Drug_496,FDA
356,Drug_175,EMA
215,Drug_13,EMA
23,Drug_142,FDA
265,Drug_366,EMA
124,Drug_318,FDA
233,Drug_134,EMA
148,Drug_169,FDA
243,Drug_476,FDA
268,Drug_329,EMA
154,Drug_477,FDA
132,Drug_1,EMA
416,Drug_14,EMA
335,Drug_265,EMA
72,Drug_72,FDA
178,Drug_220,EMA
446,Drug_222,EMA
445,Drug_371,FDA
307,Drug_436,EMA
32,Drug_273,FDA
334,Drug_99,FDA
391,Drug_347,FDA
257,Drug_339,EMA
264,Drug_164,EMA
267,Drug_414,FDA
79,Drug_360,EMA
459,Drug_311,FDA
72,Drug_28,FDA
417,Drug_249,FDA
456,Drug_295,EMA
268,Drug_177,EMA
392,Drug_210,EMA
3,Drug_415,FDA
275,Drug_65,FDA
420,Drug_342,FDA
228,Drug_353,EMA
164,Drug_429,FDA
384,Drug_86,EMA
247,Drug_269,EMA
297,Drug_194,EMA
179,Drug_195,FDA
432,Drug_239,FDA
172,Drug_1,FDA
160,Drug_223,EMA
420,Drug_107,EMA
296,Drug_49,EMA
187,Drug_247,EMA
282,Drug_463,FDA
445,Drug_120,EMA
258,Drug_481,FDA
107,Drug_425,FDA
119,Drug_30,EMA
96,Drug_493,EMA
147,Drug_80,FDA
18,Drug_72,FDA
175,Drug_212,FDA
281,Drug_172,FDA
149,Drug_40,EMA
429,Drug_240,FDA
435,Drug_382,EMA
362,Drug_356,FDA
15,Drug_299,FDA
17,Drug_173,FDA
126,Drug_410,FDA
453,Drug_427,EMA
237,Drug_322,FDA
85,Drug_287,FDA
313,Drug_436,EMA
458,Drug_101,FDA
239,Drug_417,EMA
486,Drug_69,FDA
354,Drug_33,EMA
26,Drug_431,FDA
224,Drug_287,FDA
423,Drug_184,EMA
162,Drug_103,FDA
87,Drug_353,FDA
350,Drug_200,FDA
253,Drug_133,FDA
386,Drug_236,FDA
301,Drug_124,FDA
62,Drug_274,FDA
191,Drug_120,EMA
339,Drug_122,EMA
399,Drug_264,FDA
447,Drug_368,FDA
68,Drug_198,EMA
102,Drug_360,FDA
186,Drug_470,EMA
118,Drug_357,EMA
484,Drug_429,FDA
5,Drug_176,FDA
469,Drug_28,FDA
210,Drug_214,EMA
399,Drug_486,FDA
83,Drug_142,FDA
388,Drug_429,FDA
67,Drug_242,FDA
217,Drug_352,EMA
286,Drug_197,EMA
71,Drug_35,FDA
484,Drug_194,FDA
134,Drug_245,FDA
192,Drug_402,EMA
466,Drug_311,EMA
432,Drug_63,EMA
227,Drug_353,EMA
284,Drug_310,FDA
56,Drug_52,FDA
354,Drug_101,FDA
190,Drug_210,EMA
475,Drug_18,FDA
37,Drug_126,FDA
241,Drug_373,EMA
69,Drug_206,FDA
384,Drug_9,EMA
498,Drug_464,EMA
131,Drug_182,FDA
189,Drug_136,FDA
227,Drug_143,FDA
293,Drug_255,EMA
250,Drug_224,FDA
291,Drug_174,FDA
125,Drug_68,EMA
453,Drug_474,FDA
455,Drug_314,FDA
207,Drug_181,EMA
374,Drug_239,FDA
493,Drug_19,FDA
91,Drug_289,FDA
143,Drug_424,FDA
356,Drug_304,FDA
370,Drug_49,EMA
378,Drug_37,EMA
184,Drug_113,EMA
79,Drug_76,FDA
238,Drug_16,EMA
44,Drug_454,EMA
98,Drug_295,FDA
223,Drug_50,FDA
66,Drug_103,EMA
286,Drug_251,EMA
186,Drug_347,EMA
431,Drug_68,FDA
124,Drug_181,FDA
473,Drug_58,FDA
471,Drug_331,EMA
359,Drug_102,EMA
235,Drug_203,EMA
274,Drug_211,EMA
291,Drug_91,EMA
77,Drug_474,EMA
234,Drug_314,FDA
459,Drug_123,EMA
314,Drug_450,FDA
439,Drug_468,FDA
455,Drug_290,FDA
30,Drug_282,FDA
331,Drug_234,EMA
329,Drug_366,EMA
66,Drug_146,FDA
23,Drug_190,EMA
351,Drug_125,EMA
84,Drug_483,FDA
14,Drug_152,EMA
454,Drug_498,FDA
146,Drug_60,FDA
159,Drug_399,EMA
373,Drug_497,EMA
112,Drug_27,FDA
146,Drug_409,EMA
311,Drug_412,FDA
241,Drug_445,EMA
237,Drug_82,FDA
194,Drug_33,FDA
140,Drug_421,EMA
109,Drug_124,FDA
125,Drug_445,EMA
381,Drug_340,EMA
230,Drug_317,EMA
70,Drug_123,EMA
340,Drug_72,EMA
109,Drug_71,FDA
336,Drug_492,FDA
35,Drug_299,EMA
298,Drug_227,FDA
432,Drug_273,FDA
276,Drug_33,EMA
478,Drug_364,EMA
37,Drug_122,EMA
486,Drug_352,FDA
395,Drug_395,EMA
394,Drug_475,EMA
36,Drug_470,EMA
233,Drug_201,FDA
29,Drug_93,EMA
165,Drug_490,EMA
1,Drug_294,EMA
160,Drug_402,FDA
201,Drug_309,EMA
276,Drug_223,EMA
384,Drug_71,FDA
149,Drug_417,FDA
418,Drug_101,EMA
122,Drug_222,FDA
333,Drug_339,EMA
231,Drug_389,EMA
281,Drug_400,EMA
382,Drug_427,EMA
325,Drug_364,EMA
497,Drug_188,EMA
197,Drug_230,EMA
172,Drug_458,EMA
337,Drug_43,EMA
287,Drug_27,FDA
450,Drug_245,EMA
91,Drug_118,EMA
359,Drug_434,FDA
104,Drug_347,FDA
464,Drug_495,FDA
72,Drug_424,FDA
315,Drug_55,FDA
456,Drug_224,FDA
29,Drug_325,FDA
391,Drug_249,EMA
259,Drug_274,EMA
176,Drug_435,FDA
173,Drug_468,EMA
480,Drug_96,EMA
68,Drug_200,FDA
81,Drug_349,FDA
367,Drug_251,FDA
60,Drug_112,EMA
462,Drug_30,EMA
451,Drug_3,FDA
127,Drug_147,FDA
339,Drug_383,FDA
229,Drug_185,FDA
489,Drug_459,FDA
171,Drug_105,EMA
107,Drug_32,EMA
66,Drug_7,FDA
393,Drug_370,EMA
154,Drug_325,FDA
321,Drug_87,EMA
384,Drug_223,EMA
458,Drug_214,EMA
473,Drug_439,FDA
155,Drug_248,EMA
382,Drug_278,FDA
493,Drug_206,FDA
413,Drug_129,EMA
103,Drug_62,FDA
28,Drug_21,FDA
356,Drug_472,EMA
360,Drug_83,FDA
219,Drug_125,FDA
161,Drug_433,EMA
250,Drug_7,EMA
30,Drug_206,EMA
480,Drug_331,EMA
158,Drug_493,FDA
87,Drug_129,FDA
5,Drug_17,FDA
116,Drug_92,EMA
463,Drug_109,EMA
104,Drug_243,FDA
84,Drug_278,EMA
244,Drug_129,FDA
400,Drug_296,FDA
98,Drug_332,EMA
219,Drug_355,FDA
151,Drug_156,FDA
187,Drug_246,FDA
418,Drug_424,FDA
339,Drug_484,FDA
237,Drug_242,EMA
146,Drug_93,FDA
132,Drug_252,EMA
39,Drug_175,FDA
489,Drug_197,FDA
277,Drug_13,EMA
178,Drug_269,FDA
15,Drug_432,FDA
338,Drug_193,EMA
154,Drug_320,EMA
408,Drug_30,EMA
492,Drug_362,EMA
256,Drug_380,EMA
194,Drug_74,EMA
337,Drug_95,FDA
169,Drug_84,FDA
474,Drug_142,EMA
225,Drug_135,EMA
82,Drug_210,EMA
76,Drug_412,FDA
90,Drug_379,EMA
150,Drug_157,EMA
385,Drug_160,FDA
158,Drug_222,FDA
416,Drug_244,FDA
312,Drug_319,FDA
259,Drug_246,FDA
192,Drug_278,EMA
215,Drug_365,EMA
207,Drug_154,FDA
253,Drug_291,EMA
206,Drug_364,FDA
400,Drug_42,FDA
285,Drug_314,FDA
4,Drug_443,FDA
336,Drug_341,EMA
35,Drug_428,EMA
352,Drug_437,FDA
442,Drug_4,EMA
25,Drug_216,FDA
450,Drug_427,EMA
225,Drug_436,EMA
402,Drug_213,EMA
215,Drug_258,EMA
359,Drug_234,FDA
295,Drug_413,FDA
214,Drug_72,FDA
468,Drug_173,FDA
114,Drug_33,EMA
233,Drug_241,FDA
286,Drug_22,EMA
186,Drug_166,FDA
303,Drug_266,EMA
270,Drug_304,FDA
404,Drug_162,EMA
295,Drug_472,FDA
247,Drug_205,EMA
110,Drug_278,EMA
196,Drug_75,EMA
109,Drug_475,EMA
190,Drug_355,EMA
290,Drug_315,FDA
142,Drug_408,EMA
20,Drug_453,EMA
31,Drug_54,EMA
313,Drug_450,FDA
353,Drug_333,EMA
274,Drug_375,EMA
442,Drug_4,FDA
411,Drug_77,EMA
34,Drug_314,EMA
412,Drug_145,EMA
29,Drug_21,FDA
298,Drug_89,EMA
137,Drug_449,EMA
373,Drug_116,EMA
116,Drug_442,FDA
92,Drug_444,FDA
181,Drug_338,FDA
432,Drug_148,EMA
174,Drug_232,FDA
346,Drug_164,FDA
14,Drug_146,FDA
390,Drug_32,EMA
332,Drug_311,EMA
370,Drug_348,FDA
306,Drug_423,FDA
115,Drug_77,EMA
21,Drug_325,EMA
426,Drug_347,EMA
61,Drug_334,EMA
403,Drug_54,EMA
57,Drug_95,FDA
218,Drug_103,EMA
116,Drug_186,EMA
461,Drug_243,EMA
274,Drug_142,EMA
251,Drug_455,EMA
347,Drug_421,EMA
217,Drug_207,EMA
291,Drug_91,FDA
209,Drug_177,EMA
417,Drug_182,EMA
164,Drug_352,EMA
108,Drug_440,EMA
69,Drug_432,EMA
296,Drug_242,FDA
230,Drug_356,FDA
51,Drug_456,FDA
7,Drug_302,EMA
198,Drug_27,EMA
120,Drug_8,EMA
475,Drug_298,EMA
170,Drug_327,EMA
436,Drug_369,FDA
476,Drug_254,EMA
222,Drug_182,EMA
289,Drug_298,EMA
20,Drug_167,FDA
79,Drug_466,FDA
306,Drug_316,EMA
46,Drug_53,FDA
205,Drug_293,EMA
308,Drug_394,EMA
416,Drug_443,FDA
234,Drug_337,FDA
413,Drug_419,FDA
65,Drug_348,FDA
124,Drug_81,FDA
74,Drug_451,EMA
275,Drug_313,EMA
275,Drug_275,EMA
206,Drug_42,EMA
104,Drug_294,FDA
63,Drug_3,EMA
197,Drug_463,FDA
132,Drug_108,FDA
52,Drug_353,EMA
68,Drug_7,FDA
362,Drug_347,EMA
171,Drug_2,FDA
249,Drug_107,EMA
450,Drug_431,EMA
86,Drug_159,FDA
181,Drug_384,FDA
26,Drug_152,EMA
228,Drug_358,FDA
296,Drug_252,FDA
407,Drug_415,EMA
444,Drug_225,EMA
334,Drug_330,EMA
83,Drug_36,EMA
281,Drug_73,EMA
277,Drug_340,EMA
423,Drug_107,FDA
409,Drug_304,FDA
298,Drug_82,FDA
225,Drug_367,FDA
263,Drug_91,EMA
361,Drug_288,FDA
34,Drug_309,FDA
493,Drug_186,FDA
383,Drug_270,FDA
102,Drug_258,FDA
367,Drug_143,EMA
11,Drug_463,FDA
137,Drug_199,EMA
274,Drug_71,EMA
324,Drug_458,FDA
280,Drug_102,FDA
194,Drug_225,EMA
404,Drug_500,FDA
84,Drug_16,EMA
317,Drug_290,FDA
377,Drug_252,EMA
60,Drug_6,EMA
82,Drug_119,EMA
497,Drug_351,FDA
476,Drug_251,FDA
34,Drug_28,FDA
61,Drug_461,FDA
223,Drug_69,EMA
169,Drug_492,FDA
67,Drug_137,EMA
273,Drug_498,EMA
342,Drug_192,EMA
345,Drug_452,FDA
319,Drug_277,FDA
170,Drug_398,EMA
247,Drug_329,EMA
412,Drug_100,FDA
192,Drug_478,FDA
225,Drug_498,EMA
465,Drug_476,FDA
67,Drug_6,FDA
130,Drug_74,EMA
285,Drug_372,FDA
128,Drug_472,FDA
78,Drug_388,FDA
402,Drug_31,FDA
458,Drug_375,EMA
149,Drug_148,EMA
307,Drug_410,EMA
12,Drug_44,EMA
464,Drug_240,FDA
391,Drug_311,FDA
4,Drug_169,FDA
60,Drug_142,EMA
276,Drug_371,EMA
353,Drug_5,FDA
84,Drug_456,FDA
315,Drug_314,FDA
117,Drug_8,FDA
118,Drug_375,EMA
213,Drug_186,EMA
447,Drug_416,EMA
302,Drug_499,FDA
492,Drug_130,EMA
451,Drug_395,FDA
450,Drug_372,EMA
166,Drug_375,EMA
406,Drug_180,FDA
434,Drug_7,EMA
91,Drug_379,EMA
473,Drug_119,EMA
499,Drug_361,FDA
67,Drug_120,EMA
393,Drug_407,FDA
315,Drug_319,FDA
72,Drug_136,FDA
457,Drug_145,FDA
486,Drug_257,EMA
188,Drug_198,EMA
33,Drug_364,FDA
18,Drug_345,EMA
310,Drug_289,FDA
418,Drug_98,FDA
165,Drug_452,FDA
59,Drug_426,EMA
186,Drug_187,EMA
199,Drug_134,EMA
80,Drug_110,EMA
263,Drug_402,EMA
297,Drug_453,FDA
481,Drug_12,FDA
13,Drug_204,EMA
370,Drug_16,FDA
339,Drug_442,EMA
82,Drug_210,EMA
198,Drug_269,EMA
67,Drug_276,FDA
10,Drug_16,EMA
63,Drug_81,EMA
34,Drug_403,FDA
263,Drug_99,EMA
203,Drug_45,FDA
275,Drug_497,EMA
236,Drug_43,EMA
104,Drug_246,EMA
452,Drug_375,FDA
283,Drug_75,FDA
419,Drug_405,FDA
121,Drug_362,EMA
134,Drug_447,EMA
15,Drug_376,EMA
67,Drug_446,EMA
285,Drug_105,FDA
6,Drug_26,FDA
461,Drug_80,EMA
449,Drug_199,EMA
285,Drug_178,FDA
402,Drug_161,FDA
372,Drug_42,EMA
333,Drug_385,FDA
267,Drug_475,FDA
462,Drug_208,FDA
85,Drug_323,EMA
194,Drug_190,FDA
374,Drug_198,FDA
368,Drug_75,FDA
366,Drug_396,FDA
307,Drug_68,FDA
289,Drug_43,FDA
229,Drug_30,FDA
255,Drug_82,FDA
495,Drug_495,FDA
168,Drug_151,FDA
335,Drug_107,EMA
82,Drug_365,FDA
303,Drug_475,EMA
279,Drug_156,FDA
153,Drug_71,FDA
385,Drug_352,FDA
396,Drug_284,FDA
179,Drug_348,FDA
50,Drug_276,FDA
365,Drug_48,EMA
64,Drug_119,EMA
186,Drug_484,FDA
421,Drug_188,FDA
476,Drug_2,EMA
459,Drug_302,FDA
359,Drug_360,EMA
285,Drug_461,FDA
132,Drug_221,EMA
188,Drug_335,FDA
111,Drug_311,EMA
243,Drug_68,FDA
114,Drug_46,EMA
47,Drug_157,EMA
405,Drug_336,FDA
71,Drug_205,EMA
345,Drug_267,FDA
232,Drug_417,EMA
248,Drug_477,FDA
49,Drug_167,EMA
425,Drug_45,FDA
239,Drug_102,FDA
287,Drug_21,FDA
156,Drug_252,EMA
222,Drug_127,FDA
258,Drug_27,FDA
228,Drug_33,EMA
142,Drug_52,FDA
96,Drug_469,EMA
92,Drug_392,FDA
383,Drug_383,EMA
391,Drug_499,FDA
436,Drug_276,EMA
84,Drug_311,EMA
413,Drug_500,FDA
470,Drug_403,EMA
493,Drug_301,EMA
51,Drug_161,FDA
239,Drug_164,EMA
119,Drug_409,EMA
477,Drug_298,EMA
34,Drug_448,FDA
46,Drug_449,FDA
430,Drug_462,EMA
353,Drug_403,FDA
430,Drug_499,EMA
149,Drug_191,FDA
15,Drug_361,FDA
51,Drug_476,EMA
46,Drug_467,EMA
87,Drug_155,EMA
200,Drug_221,FDA
343,Drug_251,FDA
388,Drug_69,FDA
110,Drug_188,EMA
288,Drug_353,FDA
277,Drug_2,FDA
177,Drug_348,EMA
331,Drug_227,EMA
363,Drug_213,FDA
31,Drug_8,EMA
400,Drug_236,EMA
153,Drug_18,EMA
70,Drug_456,FDA
475,Drug_411,EMA
144,Drug_366,EMA
453,Drug_185,FDA
64,Drug_246,FDA
372,Drug_14,EMA
209,Drug_259,FDA
473,Drug_480,EMA
92,Drug_74,EMA
161,Drug_435,EMA
67,Drug_192,FDA
89,Drug_139,EMA
34,Drug_173,EMA
147,Drug_146,EMA
241,Drug_98,FDA
323,Drug_417,EMA
451,Drug_275,FDA
35,Drug_280,EMA
41,Drug_222,EMA
313,Drug_302,EMA
112,Drug_180,EMA
15,Drug_347,EMA
338,Drug_396,FDA
180,Drug_124,FDA
184,Drug_262,EMA
189,Drug_480,FDA
152,Drug_439,EMA
160,Drug_438,EMA
331,Drug_397,EMA
217,Drug_8,FDA
134,Drug_488,EMA
414,Drug_310,FDA
200,Drug_498,FDA
367,Drug_89,EMA
334,Drug_395,EMA
153,Drug_316,FDA
174,Drug_194,FDA
135,Drug_412,EMA
419,Drug_453,FDA
465,Drug_435,FDA
468,Drug_82,FDA
287,Drug_358,FDA
378,Drug_45,FDA
412,Drug_464,FDA
231,Drug_51,FDA
228,Drug_49,FDA
32,Drug_366,FDA
192,Drug_25,FDA
423,Drug_159,EMA
133,Drug_466,EMA
243,Drug_54,FDA
479,Drug_468,FDA
324,Drug_107,EMA
203,Drug_52,EMA
237,Drug_20,EMA
395,Drug_472,EMA
340,Drug_214,EMA
298,Drug_209,FDA
152,Drug_245,EMA
395,Drug_302,FDA
244,Drug_158,EMA
293,Drug_184,EMA
416,Drug_332,EMA
480,Drug_319,FDA
230,Drug_44,FDA
309,Drug_189,FDA
350,Drug_208,FDA
96,Drug_152,EMA
469,Drug_236,EMA
469,Drug_167,EMA
124,Drug_248,EMA
128,Drug_246,FDA
253,Drug_156,FDA
299,Drug_293,EMA
338,Drug_439,EMA
202,Drug_389,FDA
368,Drug_129,FDA
158,Drug_107,EMA
132,Drug_350,FDA
31,Drug_151,EMA
418,Drug_67,FDA
273,Drug_251,EMA
108,Drug_449,EMA
307,Drug_374,FDA
368,Drug_127,EMA
298,Drug_2,EMA
500,Drug_461,FDA
192,Drug_359,EMA
281,Drug_480,EMA
276,Drug_474,EMA
119,Drug_349,EMA
280,Drug_90,FDA
363,Drug_94,EMA
369,Drug_143,EMA
445,Drug_368,FDA
165,Drug_187,FDA
496,Drug_121,FDA
491,Drug_85,EMA
338,Drug_174,EMA
466,Drug_133,FDA
41,Drug_95,FDA
151,Drug_128,FDA
184,Drug_237,EMA
375,Drug_204,FDA
356,Drug_145,EMA
157,Drug_367,FDA
307,Drug_332,FDA
375,Drug_119,FDA
58,Drug_81,EMA
441,Drug_460,FDA
353,Drug_227,FDA
213,Drug_76,EMA
47,Drug_125,EMA
440,Drug_280,EMA
291,Drug_241,FDA
290,Drug_177,EMA
392,Drug_406,EMA
363,Drug_218,FDA
457,Drug_361,EMA
408,Drug_72,EMA
108,Drug_275,FDA
53,Drug_362,FDA
486,Drug_145,FDA
139,Drug_35,EMA
360,Drug_102,EMA
304,Drug_472,FDA
403,Drug_234,EMA
215,Drug_434,FDA
256,Drug_193,FDA
445,Drug_104,FDA
390,Drug_261,EMA
377,Drug_400,FDA
468,Drug_322,FDA
167,Drug_449,EMA
110,Drug_131,FDA
214,Drug_468,EMA
382,Drug_134,EMA
186,Drug_54,FDA
123,Drug_408,EMA
247,Drug_425,EMA
68,Drug_364,EMA
28,Drug_187,EMA
144,Drug_291,EMA
196,Drug_32,EMA
412,Drug_450,FDA
89,Drug_5,FDA
343,Drug_249,EMA
82,Drug_63,EMA
335,Drug_396,EMA
330,Drug_76,FDA
288,Drug_232,FDA
241,Drug_386,FDA
389,Drug_180,EMA
463,Drug_149,EMA
496,Drug_126,FDA
353,Drug_90,EMA
106,Drug_10,EMA
17,Drug_468,EMA
370,Drug_38,EMA
283,Drug_118,EMA
415,Drug_157,FDA
289,Drug_443,EMA
5,Drug_378,FDA
136,Drug_444,FDA
161,Drug_262,FDA
84,Drug_304,EMA
384,Drug_373,EMA
352,Drug_262,EMA
339,Drug_204,EMA
163,Drug_282,EMA
485,Drug_117,EMA
259,Drug_253,EMA
328,Drug_273,EMA
12,Drug_262,EMA
155,Drug_118,EMA
317,Drug_215,EMA
10,Drug_36,EMA
374,Drug_497,EMA
420,Drug_295,EMA
389,Drug_429,FDA
34,Drug_299,FDA
242,Drug_346,EMA
188,Drug_124,EMA
295,Drug_254,FDA
422,Drug_24,FDA
355,Drug_358,EMA
173,Drug_365,FDA
13,Drug_194,FDA
349,Drug_473,FDA
266,Drug_253,EMA
142,Drug_248,FDA
30,Drug_437,EMA
484,Drug_189,EMA
407,Drug_112,FDA
406,Drug_378,FDA
350,Drug_447,FDA
154,Drug_376,FDA
7,Drug_374,FDA
123,Drug_116,FDA
369,Drug_251,FDA
417,Drug_131,FDA
59,Drug_442,FDA
209,Drug_354,FDA
425,Drug_434,FDA
430,Drug_213,FDA
122,Drug_260,EMA
18,Drug_366,EMA
310,Drug_383,FDA
92,Drug_208,EMA
359,Drug_169,FDA
259,Drug_41,FDA
421,Drug_441,FDA
322,Drug_289,EMA
466,Drug_433,FDA
252,Drug_425,FDA
259,Drug_412,EMA
48,Drug_53,EMA
145,Drug_234,EMA
117,Drug_27,EMA
287,Drug_106,FDA
378,Drug_219,FDA
488,Drug_49,EMA
28,Drug_13,FDA
270,Drug_303,FDA
385,Drug_238,EMA
153,Drug_109,EMA
70,Drug_277,FDA
73,Drug_454,FDA
26,Drug_347,EMA
239,Drug_294,FDA
496,Drug_497,FDA
122,Drug_300,FDA
285,Drug_329,EMA
251,Drug_28,EMA
2,Drug_77,EMA
297,Drug_171,EMA
372,Drug_281,EMA
360,Drug_114,EMA
272,Drug_267,EMA
39,Drug_348,EMA
60,Drug_226,FDA
193,Drug_192,EMA
311,Drug_411,FDA
332,Drug_461,FDA
295,Drug_457,FDA
30,Drug_380,FDA
27,Drug_46,FDA
128,Drug_349,EMA
342,Drug_496,FDA
312,Drug_488,FDA
371,Drug_323,EMA
186,Drug_295,EMA
70,Drug_271,FDA
28,Drug_284,FDA
331,Drug_231,EMA
226,Drug_248,FDA
368,Drug_24,EMA
363,Drug_28,FDA
445,Drug_89,EMA
75,Drug_310,FDA
469,Drug_482,FDA
407,Drug_342,FDA
232,Drug_74,FDA
104,Drug_334,FDA
68,Drug_41,EMA
288,Drug_64,FDA
144,Drug_394,EMA
180,Drug_163,FDA
320,Drug_297,EMA
3,Drug_453,EMA
220,Drug_312,EMA
306,Drug_204,EMA
385,Drug_23,FDA
155,Drug_71,FDA
136,Drug_346,FDA
115,Drug_470,FDA
280,Drug_153,EMA
331,Drug_499,EMA
287,Drug_422,FDA
217,Drug_460,FDA
158,Drug_117,FDA
441,Drug_403,EMA
67,Drug_271,FDA
119,Drug_264,FDA
89,Drug_37,FDA
194,Drug_55,FDA
144,Drug_412,FDA
352,Drug_25,EMA
363,Drug_74,FDA
386,Drug_334,EMA
305,Drug_149,EMA
196,Drug_252,EMA
142,Drug_289,FDA
253,Drug_143,EMA
350,Drug_87,FDA
75,Drug_481,FDA
189,Drug_235,FDA
337,Drug_246,FDA
24,Drug_280,EMA
363,Drug_333,EMA
408,Drug_2,FDA
342,Drug_188,FDA
249,Drug_115,EMA
65,Drug_211,EMA
386,Drug_289,FDA
174,Drug_231,EMA
408,Drug_77,FDA
166,Drug_115,EMA
378,Drug_12,EMA
136,Drug_490,FDA
353,Drug_157,EMA
193,Drug_379,FDA
416,Drug_155,FDA
462,Drug_7,FDA
177,Drug_54,FDA
185,Drug_125,EMA
138,Drug_83,FDA
132,Drug_41,EMA
240,Drug_254,EMA
314,Drug_193,EMA
56,Drug_78,FDA
474,Drug_133,EMA
22,Drug_297,EMA
407,Drug_295,EMA
329,Drug_283,FDA
479,Drug_406,FDA
232,Drug_307,FDA
344,Drug_476,FDA
392,Drug_385,FDA
200,Drug_188,EMA
323,Drug_78,EMA
118,Drug_212,FDA
461,Drug_99,EMA
155,Drug_155,EMA
284,Drug_445,EMA
283,Drug_375,FDA
61,Drug_269,FDA
32,Drug_333,EMA
87,Drug_63,EMA
183,Drug_91,EMA
153,Drug_1,EMA
486,Drug_400,FDA
149,Drug_197,EMA
413,Drug_268,FDA
301,Drug_188,FDA
407,Drug_94,EMA
219,Drug_222,FDA
224,Drug_12,EMA
206,Drug_4,EMA
55,Drug_430,FDA
478,Drug_429,FDA
277,Drug_439,EMA
478,Drug_186,EMA
200,Drug_430,FDA
84,Drug_48,FDA
227,Drug_155,EMA
198,Drug_152,FDA
481,Drug_52,EMA
488,Drug_228,FDA
144,Drug_382,FDA
63,Drug_16,EMA
434,Drug_439,FDA
274,Drug_73,EMA
159,Drug_446,FDA
25,Drug_67,FDA
231,Drug_288,EMA
145,Drug_314,EMA
112,Drug_376,FDA
63,Drug_92,FDA
211,Drug_399,EMA
91,Drug_147,FDA
105,Drug_389,EMA
333,Drug_248,EMA
136,Drug_361,FDA
143,Drug_293,FDA
92,Drug_450,EMA
286,Drug_143,EMA
76,Drug_483,EMA
295,Drug_430,EMA
109,Drug_51,FDA
411,Drug_304,EMA
49,Drug_36,FDA
63,Drug_443,FDA
136,Drug_17,FDA
57,Drug_223,FDA
398,Drug_101,FDA
72,Drug_209,EMA
267,Drug_14,FDA
429,Drug_188,EMA
436,Drug_36,FDA
77,Drug_33,FDA
440,Drug_432,FDA
341,Drug_309,EMA
233,Drug_419,FDA
428,Drug_442,EMA
453,Drug_400,EMA
75,Drug_155,FDA
42,Drug_293,EMA
178,Drug_159,EMA
55,Drug_370,EMA
189,Drug_31,EMA
97,Drug_252,FDA
397,Drug_258,EMA
439,Drug_328,FDA
226,Drug_428,FDA
330,Drug_42,FDA
77,Drug_179,EMA
432,Drug_467,FDA
328,Drug_384,FDA
432,Drug_229,FDA
412,Drug_292,FDA
132,Drug_311,FDA
178,Drug_451,FDA
304,Drug_150,FDA
461,Drug_319,EMA
114,Drug_473,EMA
112,Drug_13,FDA
483,Drug_264,FDA
370,Drug_445,EMA
202,Drug_228,FDA
472,Drug_371,FDA
22,Drug_167,EMA
16,Drug_113,FDA
191,Drug_280,FDA
175,Drug_440,EMA
328,Drug_128,FDA
176,Drug_201,EMA
143,Drug_319,EMA
11,Drug_348,FDA
276,Drug_186,FDA
299,Drug_317,EMA
343,Drug_454,FDA
321,Drug_310,FDA
406,Drug_432,FDA
83,Drug_21,FDA
104,Drug_180,FDA
254,Drug_444,EMA
456,Drug_291,FDA
86,Drug_255,FDA
323,Drug_216,FDA
107,Drug_67,FDA
32,Drug_129,FDA
79,Drug_130,EMA
365,Drug_289,EMA
303,Drug_143,EMA
208,Drug_72,EMA
54,Drug_404,EMA
262,Drug_126,FDA
64,Drug_309,FDA
440,Drug_365,EMA
422,Drug_99,FDA
83,Drug_365,EMA
38,Drug_302,EMA
28,Drug_229,EMA
130,Drug_437,EMA
51,Drug_244,EMA
130,Drug_402,FDA
304,Drug_348,EMA
43,Drug_89,FDA
125,Drug_173,FDA
428,Drug_104,FDA
171,Drug_408,EMA
99,Drug_273,FDA
445,Drug_465,EMA
82,Drug_74,EMA
69,Drug_320,EMA
407,Drug_469,FDA
283,Drug_456,FDA
424,Drug_477,EMA
387,Drug_432,FDA
37,Drug_39,FDA
412,Drug_384,EMA
179,Drug_330,EMA
386,Drug_160,FDA
111,Drug_248,EMA
449,Drug_106,EMA
458,Drug_108,FDA
207,Drug_11,EMA
26,Drug_341,FDA
63,Drug_33,EMA
271,Drug_443,FDA
492,Drug_202,FDA
55,Drug_382,EMA
361,Drug_154,FDA
412,Drug_411,EMA
96,Drug_499,EMA
356,Drug_482,EMA
294,Drug_435,EMA
185,Drug_111,EMA
405,Drug_69,FDA
295,Drug_11,EMA
167,Drug_137,EMA
267,Drug_60,FDA
248,Drug_480,EMA
354,Drug_305,EMA
31,Drug_335,FDA
492,Drug_377,FDA
112,Drug_326,EMA
278,Drug_366,EMA
53,Drug_463,EMA
206,Drug_312,FDA
334,Drug_183,EMA
189,Drug_49,EMA
290,Drug_118,FDA
435,Drug_107,FDA
454,Drug_473,EMA
66,Drug_204,EMA
145,Drug_110,FDA
6,Drug_226,EMA
498,Drug_85,EMA
353,Drug_159,FDA
430,Drug_152,EMA
343,Drug_72,FDA
308,Drug_158,FDA
198,Drug_278,FDA
76,Drug_159,FDA
109,Drug_280,EMA
235,Drug_330,FDA
387,Drug_53,FDA
89,Drug_172,FDA
387,Drug_212,EMA
273,Drug_143,FDA
150,Drug_8,FDA
86,Drug_99,FDA
457,Drug_150,FDA
135,Drug_181,FDA
179,Drug_381,EMA
106,Drug_460,FDA
204,Drug_17,FDA
285,Drug_281,FDA
120,Drug_383,FDA
21,Drug_485,FDA
295,Drug_357,EMA
148,Drug_471,FDA
457,Drug_377,EMA
196,Drug_453,FDA
3,Drug_276,EMA
98,Drug_383,EMA
395,Drug_206,FDA
235,Drug_380,FDA
120,Drug_97,FDA
251,Drug_477,EMA
500,Drug_16,EMA
388,Drug_146,FDA
284,Drug_376,FDA
494,Drug_130,FDA
353,Drug_240,EMA
57,Drug_84,FDA
478,Drug_86,FDA
257,Drug_41,FDA
66,Drug_347,FDA
28,Drug_50,EMA
500,Drug_313,FDA
311,Drug_31,EMA
486,Drug_327,EMA
307,Drug_247,EMA
14,Drug_192,FDA
400,Drug_165,FDA
144,Drug_208,FDA
281,Drug_80,FDA
2,Drug_388,EMA
408,Drug_235,EMA
387,Drug_256,EMA
490,Drug_218,EMA
437,Drug_413,FDA
35,Drug_150,EMA
310,Drug_159,FDA
97,Drug_209,FDA
135,Drug_423,EMA
79,Drug_423,EMA
480,Drug_401,EMA
188,Drug_211,FDA
292,Drug_158,EMA
358,Drug_435,FDA
297,Drug_189,EMA
125,Drug_195,FDA
107,Drug_313,FDA
225,Drug_500,EMA
55,Drug_423,EMA
155,Drug_405,EMA
346,Drug_471,FDA
144,Drug_372,EMA
360,Drug_224,EMA
291,Drug_16,FDA
75,Drug_272,EMA
321,Drug_450,EMA
17,Drug_38,EMA
80,Drug_1,EMA
327,Drug_493,FDA
306,Drug_2,EMA
374,Drug_224,FDA
241,Drug_428,EMA
270,Drug_412,FDA
213,Drug_179,EMA
154,Drug_134,EMA
270,Drug_303,EMA
391,Drug_430,EMA
13,Drug_79,FDA
212,Drug_398,FDA
28,Drug_41,EMA
330,Drug_38,EMA
334,Drug_17,EMA
339,Drug_435,FDA
387,Drug_85,FDA
394,Drug_345,FDA
289,Drug_414,FDA
393,Drug_207,FDA
56,Drug_152,FDA
166,Drug_337,EMA
385,Drug_407,FDA
327,Drug_43,EMA
69,Drug_164,EMA
390,Drug_289,EMA
493,Drug_389,EMA
303,Drug_158,EMA
478,Drug_155,EMA
260,Drug_2,EMA
168,Drug_315,EMA
36,Drug_300,FDA
272,Drug_313,EMA
197,Drug_287,EMA
307,Drug_309,FDA
132,Drug_29,FDA
387,Drug_93,FDA
320,Drug_352,EMA
234,Drug_302,FDA
226,Drug_226,EMA
244,Drug_418,FDA
347,Drug_288,FDA
406,Drug_103,FDA
165,Drug_144,EMA
399,Drug_48,EMA
232,Drug_453,EMA
307,Drug_370,FDA
19,Drug_274,FDA
480,Drug_499,EMA
60,Drug_356,EMA
399,Drug_188,EMA
488,Drug_197,FDA
359,Drug_418,EMA
294,Drug_154,FDA
359,Drug_323,EMA
256,Drug_44,EMA
361,Drug_120,FDA
290,Drug_191,FDA
331,Drug_18,EMA
81,Drug_299,FDA
203,Drug_165,EMA
51,Drug_276,EMA
88,Drug_492,EMA
13,Drug_349,EMA
5,Drug_33,EMA
255,Drug_395,EMA
323,Drug_197,FDA
14,Drug_254,EMA
283,Drug_353,EMA
2,Drug_304,EMA
418,Drug_476,EMA
487,Drug_157,FDA
174,Drug_403,FDA
132,Drug_490,FDA
29,Drug_402,EMA
483,Drug_6,FDA
182,Drug_470,FDA
345,Drug_68,EMA
277,Drug_473,FDA
488,Drug_90,EMA
475,Drug_322,EMA
3,Drug_293,EMA
211,Drug_19,EMA
54,Drug_414,FDA
47,Drug_424,FDA
15,Drug_344,FDA
216,Drug_60,EMA
240,Drug_131,FDA
357,Drug_433,FDA
357,Drug_306,FDA
333,Drug_285,FDA
498,Drug_337,EMA
489,Drug_172,EMA
219,Drug_245,FDA
474,Drug_222,FDA
342,Drug_457,FDA
63,Drug_51,FDA
372,Drug_182,EMA
381,Drug_317,EMA
404,Drug_37,EMA
257,Drug_450,EMA
411,Drug_322,FDA
72,Drug_468,EMA
246,Drug_360,FDA
138,Drug_198,EMA
94,Drug_339,EMA
209,Drug_79,EMA
416,Drug_246,FDA
95,Drug_401,FDA
104,Drug_340,FDA
290,Drug_11,EMA
170,Drug_381,EMA
98,Drug_100,EMA
379,Drug_226,FDA
477,Drug_81,EMA
153,Drug_296,FDA
211,Drug_440,FDA
486,Drug_465,FDA
19,Drug_391,FDA
35,Drug_419,EMA
51,Drug_343,FDA
263,Drug_114,EMA
287,Drug_362,FDA
343,Drug_284,EMA
321,Drug_277,FDA
12,Drug_98,FDA
81,Drug_69,EMA
62,Drug_486,FDA
69,Drug_89,FDA
436,Drug_471,FDA
463,Drug_296,EMA
176,Drug_163,FDA
51,Drug_370,EMA
288,Drug_493,EMA
167,Drug_132,FDA
455,Drug_356,FDA
407,Drug_53,EMA
401,Drug_242,FDA
143,Drug_20,FDA
420,Drug_119,FDA
28,Drug_134,EMA
174,Drug_52,EMA
25,Drug_264,EMA
6,Drug_59,FDA
334,Drug_497,FDA
402,Drug_347,FDA
81,Drug_32,EMA
447,Drug_325,FDA
352,Drug_153,FDA
64,Drug_236,EMA
77,Drug_111,EMA
252,Drug_43,EMA
305,Drug_369,EMA
11,Drug_352,EMA
293,Drug_12,FDA
256,Drug_35,FDA
272,Drug_140,EMA
225,Drug_31,FDA
221,Drug_302,FDA
210,Drug_208,FDA
421,Drug_10,FDA
171,Drug_169,EMA
173,Drug_13,FDA
410,Drug_136,EMA
41,Drug_418,FDA
112,Drug_258,EMA
165,Drug_92,FDA
318,Drug_89,FDA
311,Drug_90,FDA
79,Drug_62,FDA
352,Drug_289,FDA
461,Drug_419,FDA
428,Drug_289,EMA
107,Drug_27,EMA
374,Drug_452,FDA
488,Drug_217,FDA
2,Drug_125,EMA
158,Drug_493,EMA
307,Drug_247,FDA
452,Drug_428,FDA
161,Drug_134,EMA
202,Drug_319,EMA
188,Drug_370,FDA
294,Drug_355,FDA
439,Drug_58,EMA
401,Drug_342,EMA
109,Drug_454,FDA
327,Drug_403,FDA
193,Drug_186,FDA
426,Drug_90,EMA
287,Drug_288,EMA
398,Drug_357,FDA
168,Drug_473,FDA
51,Drug_351,EMA
367,Drug_15,EMA
76,Drug_417,FDA
487,Drug_424,EMA
330,Drug_1,FDA
447,Drug_130,EMA
314,Drug_242,EMA
297,Drug_444,FDA
302,Drug_65,FDA
216,Drug_189,EMA
234,Drug_356,FDA
135,Drug_390,EMA
467,Drug_390,EMA
300,Drug_433,FDA
87,Drug_197,FDA
307,Drug_106,FDA
263,Drug_191,EMA
282,Drug_176,FDA
362,Drug_152,FDA
120,Drug_161,EMA
281,Drug_69,EMA
188,Drug_226,EMA
264,Drug_154,FDA
385,Drug_498,EMA
293,Drug_463,EMA
182,Drug_121,EMA
143,Drug_66,FDA
444,Drug_121,EMA
163,Drug_18,FDA
426,Drug_462,EMA
361,Drug_303,FDA
474,Drug_375,FDA
425,Drug_473,EMA
487,Drug_358,EMA
178,Drug_100,EMA
59,Drug_24,FDA
137,Drug_6,FDA
166,Drug_144,EMA
130,Drug_334,FDA
442,Drug_140,FDA
425,Drug_150,FDA
354,Drug_11,EMA
144,Drug_443,FDA
110,Drug_396,FDA
160,Drug_441,FDA
48,Drug_161,FDA
321,Drug_81,FDA
234,Drug_118,EMA
195,Drug_253,FDA
99,Drug_147,FDA
406,Drug_259,FDA
136,Drug_284,EMA
219,Drug_311,EMA
266,Drug_484,EMA
24,Drug_208,FDA
385,Drug_426,FDA
188,Drug_130,EMA
415,Drug_462,FDA
211,Drug_155,FDA
76,Drug_25,FDA
473,Drug_435,FDA
332,Drug_5,EMA
87,Drug_131,EMA
17,Drug_201,FDA
170,Drug_222,EMA
484,Drug_13,FDA
286,Drug_295,FDA
145,Drug_92,EMA
263,Drug_468,FDA
227,Drug_422,EMA
430,Drug_485,FDA
484,Drug_472,FDA
105,Drug_311,FDA
207,Drug_83,EMA
297,Drug_327,EMA
24,Drug_427,EMA
11,Drug_270,EMA
419,Drug_390,FDA
175,Drug_457,EMA
273,Drug_380,FDA
457,Drug_293,FDA
313,Drug_79,FDA
172,Drug_214,EMA
9,Drug_356,FDA
113,Drug_189,EMA
349,Drug_166,FDA
264,Drug_161,EMA
402,Drug_217,EMA
345,Drug_488,EMA
139,Drug_165,FDA
169,Drug_77,FDA
370,Drug_29,FDA
402,Drug_133,EMA
151,Drug_184,EMA
262,Drug_129,FDA
140,Drug_406,EMA
171,Drug_496,EMA
32,Drug_8,EMA
429,Drug_208,FDA
241,Drug_193,EMA
32,Drug_363,FDA
495,Drug_110,FDA
36,Drug_425,EMA
233,Drug_323,EMA
309,Drug_286,FDA
88,Drug_122,EMA
130,Drug_213,FDA
129,Drug_42,FDA
102,Drug_374,FDA
114,Drug_453,FDA
121,Drug_423,EMA
216,Drug_388,FDA
224,Drug_159,FDA
193,Drug_194,FDA
344,Drug_15,EMA
185,Drug_389,EMA
449,Drug_99,FDA
236,Drug_214,FDA
60,Drug_423,EMA
43,Drug_453,FDA
25,Drug_245,EMA
401,Drug_272,EMA
494,Drug_137,FDA
342,Drug_80,FDA
220,Drug_427,EMA
431,Drug_280,FDA
318,Drug_458,EMA
209,Drug_488,FDA
477,Drug_253,EMA
454,Drug_80,EMA
465,Drug_54,EMA
70,Drug_53,FDA
85,Drug_18,FDA
362,Drug_470,FDA
284,Drug_135,EMA
119,Drug_263,FDA
29,Drug_423,FDA
254,Drug_54,EMA
62,Drug_211,FDA
129,Drug_300,FDA
91,Drug_118,FDA
378,Drug_100,EMA
95,Drug_346,FDA
222,Drug_420,FDA
225,Drug_49,EMA
293,Drug_53,EMA
208,Drug_480,EMA
130,Drug_464,FDA
276,Drug_358,EMA
452,Drug_125,EMA
173,Drug_406,EMA
297,Drug_406,EMA
397,Drug_221,EMA
304,Drug_381,EMA
125,Drug_270,EMA
192,Drug_420,EMA
455,Drug_102,EMA
191,Drug_8,FDA
251,Drug_111,FDA
382,Drug_156,EMA
111,Drug_356,FDA
57,Drug_198,FDA
103,Drug_254,EMA
54,Drug_173,FDA
61,Drug_168,EMA
305,Drug_366,EMA
67,Drug_475,FDA
98,Drug_473,FDA
417,Drug_58,EMA
451,Drug_449,EMA
164,Drug_349,FDA
487,Drug_443,FDA
266,Drug_201,EMA
176,Drug_268,FDA
328,Drug_105,EMA
237,Drug_225,FDA
101,Drug_76,EMA
470,Drug_41,FDA
241,Drug_137,FDA
15,Drug_206,FDA
449,Drug_113,EMA
130,Drug_215,FDA
253,Drug_67,FDA
292,Drug_254,EMA
331,Drug_84,EMA
57,Drug_107,FDA
10,Drug_262,EMA
398,Drug_78,FDA
173,Drug_332,EMA
160,Drug_461,FDA
69,Drug_135,EMA
373,Drug_95,FDA
399,Drug_57,EMA
366,Drug_296,EMA
289,Drug_73,FDA
176,Drug_313,FDA
377,Drug_483,EMA
293,Drug_34,EMA
175,Drug_395,EMA
373,Drug_241,EMA
445,Drug_115,EMA
339,Drug_179,EMA
463,Drug_130,FDA
253,Drug_408,FDA
258,Drug_388,FDA
36,Drug_431,EMA
197,Drug_45,FDA
170,Drug_69,FDA
196,Drug_456,EMA
62,Drug_176,EMA
149,Drug_427,EMA
326,Drug_491,FDA
132,Drug_455,FDA
476,Drug_86,FDA
468,Drug_233,EMA
381,Drug_410,EMA
458,Drug_487,EMA
128,Drug_490,EMA
495,Drug_224,FDA
206,Drug_105,EMA
26,Drug_204,FDA
244,Drug_497,FDA
35,Drug_83,EMA
73,Drug_310,FDA
246,Drug_83,FDA
305,Drug_394,FDA
283,Drug_416,FDA
91,Drug_191,EMA
20,Drug_200,EMA
291,Drug_153,EMA
416,Drug_279,EMA
272,Drug_461,FDA
463,Drug_208,FDA
217,Drug_67,FDA
447,Drug_226,FDA
459,Drug_179,EMA
96,Drug_53,EMA
166,Drug_5,EMA
343,Drug_480,FDA
178,Drug_458,FDA
235,Drug_267,EMA
248,Drug_281,EMA
261,Drug_150,FDA
424,Drug_321,FDA
149,Drug_322,FDA
344,Drug_292,FDA
474,Drug_185,EMA
139,Drug_132,EMA
344,Drug_365,FDA
474,Drug_459,FDA
459,Drug_102,EMA
235,Drug_20,EMA
63,Drug_192,FDA
108,Drug_173,FDA
129,Drug_318,EMA
307,Drug_369,FDA
53,Drug_128,EMA
15,Drug_306,EMA
90,Drug_498,EMA
413,Drug_348,FDA
334,Drug_311,EMA
390,Drug_82,FDA
231,Drug_58,EMA
489,Drug_196,FDA
304,Drug_153,FDA
5,Drug_171,EMA
399,Drug_188,EMA
134,Drug_493,EMA
27,Drug_461,EMA
438,Drug_257,FDA
193,Drug_189,EMA
293,Drug_413,FDA
261,Drug_1,FDA
51,Drug_186,EMA
485,Drug_457,FDA
114,Drug_30,EMA
77,Drug_194,EMA
490,Drug_18,FDA
202,Drug_134,FDA
496,Drug_271,EMA
423,Drug_367,EMA
271,Drug_149,FDA
13,Drug_453,EMA
415,Drug_274,FDA
348,Drug_403,FDA
402,Drug_353,EMA
161,Drug_434,EMA
99,Drug_419,EMA
290,Drug_27,EMA
432,Drug_131,FDA
381,Drug_85,FDA
72,Drug_30,EMA
143,Drug_199,FDA
332,Drug_258,EMA
362,Drug_437,EMA
372,Drug_252,EMA
103,Drug_45,FDA
279,Drug_128,EMA
386,Drug_5,FDA
69,Drug_153,EMA
43,Drug_137,EMA
380,Drug_241,EMA
473,Drug_313,FDA
380,Drug_247,EMA
254,Drug_365,FDA
332,Drug_304,FDA
443,Drug_182,EMA
500,Drug_171,EMA
191,Drug_266,FDA
248,Drug_316,EMA
166,Drug_253,FDA
262,Drug_44,FDA
96,Drug_320,FDA
341,Drug_256,EMA
480,Drug_140,EMA
456,Drug_397,FDA
359,Drug_490,EMA
292,Drug_446,EMA
499,Drug_295,FDA
214,Drug_453,EMA
435,Drug_201,FDA
317,Drug_328,FDA
374,Drug_72,EMA
57,Drug_353,FDA
395,Drug_178,EMA
125,Drug_255,FDA
481,Drug_384,FDA
158,Drug_380,EMA
451,Drug_31,EMA
243,Drug_218,FDA
437,Drug_477,EMA
456,Drug_222,FDA
155,Drug_429,FDA
82,Drug_425,EMA
482,Drug_317,FDA
367,Drug_488,EMA
426,Drug_30,EMA
49,Drug_420,FDA
354,Drug_112,EMA
282,Drug_160,EMA
329,Drug_162,EMA
114,Drug_343,FDA
303,Drug_87,FDA
474,Drug_122,FDA
103,Drug_226,FDA
498,Drug_183,EMA
155,Drug_32,FDA
166,Drug_326,EMA
480,Drug_78,FDA
191,Drug_463,EMA
413,Drug_398,EMA
120,Drug_303,EMA
405,Drug_193,EMA
305,Drug_164,FDA
373,Drug_8,EMA
69,Drug_337,EMA
121,Drug_448,FDA
86,Drug_471,EMA
324,Drug_375,FDA
277,Drug_151,EMA
399,Drug_40,EMA
316,Drug_173,FDA
440,Drug_171,EMA
310,Drug_277,FDA
133,Drug_88,FDA
151,Drug_129,EMA
11,Drug_466,FDA
433,Drug_28,FDA
134,Drug_84,FDA
372,Drug_370,FDA
258,Drug_151,EMA
271,Drug_279,EMA
429,Drug_301,EMA
64,Drug_122,FDA
107,Drug_184,FDA
255,Drug_488,FDA
319,Drug_208,FDA
350,Drug_181,EMA
486,Drug_68,EMA
57,Drug_256,EMA
381,Drug_16,FDA
96,Drug_286,FDA
281,Drug_498,FDA
278,Drug_493,EMA
184,Drug_233,FDA
352,Drug_489,EMA
117,Drug_345,FDA
383,Drug_336,EMA
114,Drug_466,EMA
39,Drug_397,FDA
472,Drug_21,FDA
395,Drug_165,EMA
101,Drug_446,FDA
35,Drug_53,FDA
343,Drug_345,FDA
33,Drug_455,FDA
265,Drug_95,FDA
356,Drug_106,EMA
191,Drug_207,FDA
242,Drug_439,EMA
362,Drug_56,EMA
446,Drug_392,EMA
135,Drug_271,FDA
61,Drug_291,FDA
286,Drug_46,FDA
285,Drug_258,FDA
239,Drug_155,FDA
312,Drug_461,FDA
41,Drug_131,EMA
169,Drug_314,EMA
408,Drug_110,FDA
235,Drug_252,FDA
177,Drug_450,FDA
203,Drug_197,EMA
403,Drug_453,FDA
345,Drug_193,EMA
451,Drug_108,EMA
365,Drug_112,EMA
297,Drug_355,FDA
314,Drug_59,FDA
342,Drug_283,FDA
387,Drug_418,EMA
307,Drug_474,FDA
465,Drug_10,FDA
358,Drug_438,FDA
183,Drug_398,FDA
221,Drug_61,FDA
91,Drug_385,FDA
461,Drug_293,EMA
196,Drug_42,FDA
319,Drug_44,FDA
471,Drug_378,EMA
187,Drug_7,FDA
382,Drug_142,EMA
72,Drug_366,EMA
235,Drug_241,FDA
178,Drug_496,EMA
83,Drug_286,FDA
480,Drug_189,EMA
308,Drug_376,EMA
410,Drug_240,EMA
25,Drug_171,FDA
8,Drug_25,FDA
462,Drug_55,FDA
314,Drug_387,EMA
148,Drug_141,FDA
334,Drug_320,FDA
306,Drug_230,FDA
376,Drug_27,FDA
449,Drug_497,FDA
492,Drug_194,FDA
248,Drug_368,EMA
61,Drug_96,FDA
447,Drug_20,EMA
375,Drug_161,EMA
489,Drug_97,FDA
475,Drug_83,FDA
11,Drug_456,FDA
428,Drug_478,EMA
15,Drug_140,FDA
264,Drug_82,FDA
53,Drug_307,EMA
54,Drug_381,FDA
171,Drug_277,FDA
399,Drug_431,FDA
319,Drug_380,FDA
210,Drug_99,FDA
313,Drug_280,EMA
446,Drug_151,FDA
55,Drug_359,EMA
468,Drug_79,EMA
42,Drug_26,FDA
295,Drug_394,EMA
169,Drug_300,EMA
291,Drug_327,EMA
412,Drug_440,EMA
104,Drug_6,EMA
326,Drug_8,EMA
115,Drug_164,FDA
233,Drug_89,FDA
500,Drug_404,FDA
69,Drug_155,FDA
172,Drug_260,FDA
164,Drug_259,EMA
118,Drug_423,FDA
207,Drug_372,EMA
420,Drug_220,EMA
413,Drug_370,FDA
42,Drug_245,EMA
197,Drug_122,FDA
162,Drug_493,FDA
187,Drug_493,FDA
14,Drug_357,FDA
247,Drug_334,EMA
500,Drug_445,EMA
176,Drug_369,FDA
173,Drug_415,FDA
223,Drug_317,FDA
366,Drug_317,FDA
31,Drug_34,FDA
492,Drug_204,EMA
256,Drug_302,FDA
28,Drug_147,FDA
92,Drug_130,EMA
51,Drug_340,FDA
121,Drug_214,FDA
330,Drug_43,EMA
215,Drug_398,EMA
113,Drug_414,EMA
315,Drug_479,FDA
220,Drug_313,EMA
483,Drug_133,EMA
13,Drug_59,FDA
230,Drug_8,FDA
4,Drug_402,FDA
165,Drug_481,EMA
498,Drug_315,EMA
403,Drug_138,EMA
499,Drug_491,EMA
328,Drug_51,EMA
406,Drug_296,FDA
215,Drug_444,EMA
92,Drug_34,FDA
439,Drug_8,EMA
492,Drug_474,EMA
466,Drug_46,FDA
122,Drug_382,EMA
391,Drug_102,EMA
48,Drug_184,EMA
316,Drug_312,EMA
274,Drug_432,EMA
336,Drug_311,EMA
125,Drug_217,FDA
381,Drug_230,FDA
421,Drug_377,EMA
348,Drug_28,FDA
487,Drug_398,EMA
484,Drug_305,EMA
392,Drug_81,FDA
124,Drug_427,EMA
158,Drug_454,FDA
414,Drug_30,FDA
492,Drug_151,EMA
83,Drug_466,FDA
7,Drug_132,FDA
400,Drug_172,EMA
452,Drug_210,EMA
263,Drug_135,EMA
295,Drug_423,EMA
470,Drug_132,FDA
57,Drug_25,FDA
470,Drug_67,FDA
145,Drug_382,FDA
368,Drug_152,FDA
361,Drug_423,EMA
121,Drug_176,EMA
375,Drug_413,EMA
271,Drug_224,EMA
104,Drug_466,EMA
398,Drug_30,EMA
500,Drug_183,FDA
360,Drug_411,FDA
102,Drug_173,EMA
375,Drug_215,EMA
183,Drug_442,EMA
100,Drug_248,EMA
324,Drug_78,FDA
86,Drug_371,FDA
164,Drug_153,EMA
228,Drug_170,EMA
453,Drug_463,FDA
287,Drug_51,EMA
26,Drug_389,EMA
248,Drug_340,FDA
40,Drug_203,FDA
47,Drug_120,EMA
318,Drug_246,FDA
476,Drug_71,FDA
448,Drug_117,EMA
456,Drug_296,FDA
68,Drug_78,EMA
397,Drug_349,FDA
51,Drug_400,EMA
372,Drug_118,FDA
72,Drug_77,FDA
75,Drug_352,EMA
489,Drug_148,FDA
52,Drug_298,FDA
489,Drug_280,EMA
261,Drug_28,EMA
427,Drug_219,EMA
178,Drug_251,EMA
275,Drug_474,FDA
350,Drug_459,EMA
193,Drug_145,EMA
282,Drug_246,FDA
216,Drug_262,FDA
310,Drug_63,EMA
389,Drug_476,EMA
437,Drug_372,FDA
198,Drug_259,FDA
174,Drug_10,EMA
359,Drug_128,FDA
269,Drug_99,EMA
280,Drug_19,FDA
376,Drug_368,FDA
316,Drug_226,FDA
420,Drug_500,FDA
49,Drug_11,EMA
362,Drug_305,FDA
363,Drug_303,EMA
123,Drug_252,EMA
241,Drug_81,EMA
494,Drug_51,FDA
175,Drug_366,EMA
316,Drug_187,EMA
21,Drug_343,EMA
412,Drug_404,FDA
207,Drug_268,FDA
37,Drug_361,EMA
320,Drug_302,FDA
359,Drug_312,EMA
339,Drug_218,FDA
303,Drug_212,FDA
152,Drug_379,FDA
297,Drug_460,FDA
14,Drug_378,FDA
306,Drug_455,FDA
440,Drug_91,EMA
300,Drug_15,EMA
188,Drug_465,EMA
233,Drug_179,EMA
68,Drug_318,EMA
216,Drug_81,FDA
412,Drug_133,EMA
92,Drug_71,EMA
62,Drug_403,FDA
92,Drug_251,EMA
319,Drug_371,FDA
8,Drug_81,FDA
351,Drug_218,EMA
300,Drug_484,EMA
407,Drug_444,EMA
394,Drug_418,EMA
94,Drug_298,FDA
24,Drug_376,EMA
456,Drug_449,EMA
219,Drug_63,EMA
105,Drug_489,FDA
418,Drug_256,EMA
366,Drug_447,EMA
451,Drug_47,FDA
34,Drug_46,FDA
391,Drug_288,EMA
352,Drug_179,EMA
204,Drug_42,EMA
270,Drug_103,EMA
310,Drug_31,EMA
336,Drug_312,FDA
80,Drug_344,EMA
499,Drug_199,EMA
152,Drug_216,EMA
379,Drug_199,FDA
76,Drug_91,FDA
118,Drug_160,EMA
166,Drug_147,FDA
471,Drug_65,EMA
345,Drug_223,FDA
32,Drug_294,EMA
219,Drug_67,EMA
364,Drug_295,FDA
402,Drug_185,FDA
390,Drug_20,FDA
482,Drug_23,FDA
56,Drug_147,EMA
23,Drug_398,FDA
129,Drug_87,FDA
300,Drug_496,FDA
55,Drug_148,FDA
230,Drug_14,EMA
372,Drug_292,FDA
434,Drug_286,FDA
91,Drug_300,FDA
141,Drug_89,EMA
5,Drug_372,EMA
209,Drug_365,EMA
348,Drug_393,FDA
340,Drug_330,EMA
119,Drug_279,FDA
156,Drug_211,FDA
411,Drug_178,FDA
200,Drug_319,EMA
81,Drug_321,EMA
57,Drug_312,FDA
436,Drug_390,FDA
24,Drug_129,EMA
226,Drug_128,FDA
436,Drug_406,EMA
207,Drug_181,EMA
352,Drug_150,FDA
224,Drug_33,EMA
372,Drug_481,FDA
390,Drug_459,FDA
225,Drug_360,EMA
72,Drug_300,EMA
380,Drug_424,FDA
231,Drug_329,EMA
126,Drug_484,EMA
114,Drug_426,FDA
65,Drug_141,EMA
98,Drug_215,EMA
55,Drug_230,FDA
392,Drug_225,FDA
367,Drug_262,EMA
341,Drug_305,FDA
323,Drug_224,FDA
328,Drug_415,EMA
88,Drug_88,EMA
251,Drug_122,FDA
251,Drug_359,FDA
186,Drug_172,EMA
266,Drug_325,FDA
486,Drug_107,FDA
9,Drug_28,FDA
455,Drug_348,EMA
155,Drug_441,EMA
487,Drug_200,EMA
407,Drug_246,FDA
155,Drug_266,FDA
329,Drug_24,FDA
174,Drug_407,FDA
164,Drug_154,FDA
21,Drug_349,EMA
284,Drug_439,FDA
108,Drug_163,FDA
68,Drug_387,FDA
411,Drug_125,EMA
423,Drug_392,FDA
225,Drug_277,EMA
49,Drug_218,EMA
210,Drug_10,FDA
29,Drug_321,FDA
87,Drug_260,EMA
208,Drug_488,EMA
352,Drug_163,EMA
118,Drug_165,EMA
268,Drug_487,FDA
355,Drug_7,FDA
129,Drug_333,FDA
283,Drug_323,EMA
396,Drug_166,FDA
333,Drug_446,FDA
286,Drug_329,FDA
27,Drug_95,EMA
210,Drug_262,EMA
482,Drug_312,EMA
245,Drug_65,FDA
259,Drug_149,EMA
410,Drug_431,FDA
457,Drug_274,EMA
378,Drug_219,FDA
44,Drug_95,FDA
51,Drug_416,EMA
373,Drug_416,FDA
368,Drug_470,EMA
148,Drug_327,EMA
18,Drug_56,FDA
58,Drug_58,FDA
44,Drug_157,FDA
415,Drug_88,EMA
64,Drug_338,EMA
445,Drug_356,EMA
396,Drug_401,FDA
245,Drug_83,FDA
99,Drug_399,EMA
282,Drug_7,FDA
178,Drug_51,FDA
39,Drug_272,EMA
304,Drug_421,EMA
132,Drug_355,FDA
365,Drug_313,EMA
30,Drug_433,EMA
96,Drug_372,FDA
195,Drug_206,FDA
282,Drug_48,FDA
227,Drug_218,FDA
130,Drug_436,EMA
92,Drug_308,EMA
483,Drug_447,EMA
223,Drug_404,FDA
119,Drug_275,EMA
472,Drug_40,FDA
199,Drug_446,EMA
391,Drug_424,FDA
185,Drug_278,FDA
48,Drug_227,EMA
178,Drug_204,FDA
303,Drug_179,FDA
243,Drug_380,EMA
275,Drug_378,FDA
344,Drug_216,FDA
7,Drug_381,FDA
4,Drug_77,EMA
58,Drug_88,FDA
253,Drug_155,EMA
36,Drug_494,FDA
121,Drug_64,EMA
234,Drug_301,EMA
389,Drug_388,EMA
387,Drug_81,FDA
17,Drug_395,EMA
326,Drug_9,FDA
17,Drug_469,EMA
148,Drug_8,FDA
100,Drug_367,EMA
93,Drug_129,EMA
10,Drug_413,EMA
111,Drug_146,EMA
232,Drug_311,FDA
347,Drug_234,FDA
45,Drug_327,FDA
395,Drug_422,FDA
119,Drug_154,FDA
293,Drug_456,FDA
435,Drug_351,FDA
59,Drug_394,EMA
237,Drug_454,EMA
34,Drug_350,EMA
119,Drug_290,EMA
77,Drug_203,EMA
146,Drug_195,FDA
482,Drug_446,FDA
70,Drug_94,FDA
462,Drug_63,FDA
354,Drug_383,EMA
147,Drug_293,FDA
386,Drug_474,FDA
296,Drug_62,FDA
262,Drug_40,EMA
168,Drug_101,EMA
11,Drug_367,EMA
93,Drug_333,EMA
250,Drug_75,FDA
307,Drug_68,FDA
299,Drug_298,EMA
220,Drug_195,FDA
468,Drug_312,FDA
349,Drug_279,FDA
125,Drug_500,FDA
139,Drug_89,FDA
53,Drug_377,EMA
158,Drug_95,EMA
89,Drug_397,FDA
30,Drug_90,FDA
418,Drug_245,FDA
113,Drug_440,EMA
168,Drug_228,FDA
244,Drug_401,FDA
313,Drug_469,EMA
243,Drug_447,EMA
40,Drug_297,FDA
366,Drug_68,EMA
324,Drug_180,EMA
453,Drug_322,FDA
497,Drug_374,FDA
305,Drug_463,FDA
114,Drug_296,FDA
236,Drug_208,EMA
261,Drug_162,EMA
61,Drug_128,EMA
344,Drug_261,FDA
464,Drug_333,FDA
232,Drug_142,FDA
480,Drug_325,FDA
348,Drug_91,EMA
316,Drug_97,FDA
302,Drug_90,FDA
357,Drug_340,FDA
398,Drug_3,FDA
160,Drug_165,FDA
371,Drug_93,EMA
210,Drug_35,EMA
405,Drug_342,FDA
47,Drug_243,EMA
105,Drug_357,EMA
260,Drug_45,EMA
445,Drug_112,EMA
382,Drug_244,FDA
451,Drug_81,EMA
500,Drug_414,FDA
422,Drug_361,EMA
193,Drug_186,EMA
334,Drug_301,FDA
311,Drug_64,EMA
417,Drug_445,FDA
434,Drug_210,FDA
206,Drug_114,EMA
84,Drug_110,EMA
401,Drug_376,EMA
308,Drug_79,FDA
52,Drug_489,EMA
310,Drug_499,EMA
110,Drug_431,FDA
246,Drug_98,FDA
13,Drug_495,EMA
477,Drug_338,EMA
157,Drug_268,EMA
487,Drug_242,EMA
59,Drug_308,EMA
214,Drug_478,FDA
327,Drug_163,EMA
52,Drug_224,EMA
24,Drug_52,FDA
61,Drug_340,FDA
427,Drug_15,FDA
237,Drug_369,FDA
483,Drug_456,EMA
466,Drug_271,EMA
181,Drug_308,FDA
241,Drug_412,EMA
257,Drug_424,EMA
139,Drug_169,EMA
253,Drug_387,FDA
53,Drug_144,FDA
284,Drug_143,EMA
171,Drug_395,FDA
448,Drug_205,EMA
21,Drug_198,FDA
480,Drug_277,FDA
282,Drug_155,FDA
431,Drug_158,EMA
183,Drug_230,EMA
415,Drug_289,EMA
452,Drug_177,EMA
199,Drug_261,EMA
126,Drug_232,EMA
113,Drug_129,FDA
24,Drug_140,EMA
113,Drug_397,EMA
261,Drug_202,EMA
22,Drug_358,EMA
424,Drug_96,FDA
73,Drug_418,FDA
242,Drug_176,FDA
183,Drug_397,EMA
108,Drug_384,EMA
468,Drug_365,FDA
462,Drug_499,FDA
294,Drug_423,EMA
434,Drug_333,FDA
257,Drug_498,EMA
17,Drug_405,FDA
272,Drug_341,FDA
210,Drug_349,FDA
87,Drug_482,FDA
230,Drug_309,EMA
432,Drug_109,EMA
412,Drug_482,EMA
112,Drug_484,EMA
177,Drug_500,FDA
495,Drug_455,FDA
127,Drug_385,FDA
397,Drug_182,FDA
59,Drug_91,FDA
472,Drug_309,EMA
349,Drug_498,EMA
394,Drug_374,FDA
305,Drug_140,FDA
306,Drug_41,EMA
292,Drug_489,EMA
224,Drug_417,EMA
135,Drug_222,EMA
309,Drug_93,EMA
471,Drug_280,FDA
65,Drug_447,FDA
312,Drug_39,FDA
146,Drug_344,FDA
320,Drug_245,FDA
328,Drug_151,FDA
380,Drug_197,EMA
355,Drug_45,EMA
150,Drug_299,EMA
351,Drug_349,EMA
221,Drug_445,FDA
50,Drug_181,FDA
459,Drug_387,FDA
90,Drug_438,FDA
72,Drug_109,EMA
185,Drug_385,FDA
475,Drug_222,EMA
15,Drug_159,FDA
485,Drug_499,EMA
378,Drug_47,EMA
408,Drug_421,FDA
106,Drug_482,EMA
54,Drug_308,EMA
334,Drug_363,EMA
422,Drug_388,FDA
479,Drug_245,EMA
88,Drug_434,FDA
304,Drug_461,FDA
44,Drug_27,FDA
184,Drug_249,FDA
475,Drug_448,FDA
428,Drug_110,EMA
436,Drug_265,EMA
366,Drug_441,FDA
253,Drug_257,FDA
478,Drug_411,FDA
97,Drug_227,FDA
317,Drug_82,EMA
119,Drug_22,EMA
468,Drug_245,EMA
2,Drug_116,EMA
420,Drug_464,EMA
54,Drug_239,FDA
300,Drug_394,FDA
331,Drug_89,FDA
378,Drug_133,EMA
102,Drug_137,EMA
168,Drug_111,FDA
444,Drug_341,FDA
135,Drug_447,FDA
391,Drug_236,FDA
418,Drug_98,EMA
281,Drug_70,EMA
93,Drug_81,EMA
388,Drug_443,FDA
25,Drug_451,EMA
144,Drug_437,FDA
28,Drug_24,FDA
388,Drug_295,FDA
322,Drug_54,EMA
315,Drug_124,FDA
397,Drug_449,FDA
177,Drug_147,EMA
369,Drug_327,EMA
107,Drug_420,FDA
57,Drug_154,FDA
143,Drug_403,FDA
76,Drug_223,EMA
226,Drug_163,EMA
2,Drug_482,FDA
439,Drug_449,EMA
357,Drug_209,FDA
279,Drug_257,EMA
252,Drug_43,FDA
310,Drug_478,EMA
277,Drug_5,EMA
110,Drug_482,EMA
300,Drug_134,EMA
381,Drug_459,FDA
467,Drug_449,EMA
387,Drug_399,FDA
243,Drug_112,EMA
189,Drug_382,EMA
62,Drug_122,EMA
64,Drug_500,FDA
66,Drug_496,FDA
204,Drug_330,FDA
212,Drug_452,FDA
241,Drug_335,FDA
354,Drug_82,EMA
420,Drug_444,FDA
396,Drug_62,FDA
183,Drug_64,EMA
24,Drug_339,FDA
218,Drug_62,EMA
160,Drug_315,EMA
271,Drug_407,EMA
50,Drug_326,EMA
15,Drug_169,FDA
365,Drug_337,EMA
448,Drug_195,FDA
461,Drug_188,FDA
174,Drug_76,EMA
167,Drug_191,EMA
18,Drug_235,EMA
198,Drug_233,EMA
4,Drug_317,FDA
85,Drug_268,EMA
212,Drug_160,FDA
31,Drug_318,FDA
320,Drug_466,FDA
190,Drug_477,FDA
104,Drug_217,FDA
64,Drug_274,EMA
259,Drug_157,EMA
168,Drug_348,FDA
378,Drug_217,EMA
489,Drug_277,EMA
135,Drug_444,FDA
415,Drug_305,EMA
310,Drug_91,FDA
136,Drug_282,EMA
248,Drug_165,EMA
19,Drug_328,FDA
388,Drug_62,EMA
212,Drug_192,FDA
261,Drug_260,FDA
343,Drug_458,EMA
11,Drug_428,EMA
17,Drug_116,FDA
132,Drug_8,FDA
43,Drug_375,EMA
484,Drug_456,EMA
303,Drug_418,FDA
93,Drug_498,FDA
490,Drug_438,FDA
188,Drug_64,FDA
482,Drug_383,FDA
45,Drug_268,EMA
472,Drug_414,FDA
52,Drug_272,EMA
67,Drug_23,FDA
436,Drug_134,EMA
170,Drug_392,EMA
462,Drug_305,EMA
315,Drug_438,EMA
168,Drug_205,FDA
435,Drug_173,FDA
362,Drug_430,FDA
173,Drug_42,FDA
202,Drug_308,EMA
240,Drug_314,EMA
467,Drug_322,EMA
350,Drug_429,FDA
128,Drug_277,FDA
470,Drug_32,FDA
341,Drug_205,FDA
196,Drug_165,FDA
56,Drug_44,EMA
202,Drug_147,FDA
164,Drug_134,EMA
303,Drug_208,EMA
468,Drug_143,FDA
337,Drug_311,EMA
117,Drug_437,FDA
106,Drug_366,FDA
475,Drug_47,EMA
350,Drug_434,EMA
238,Drug_441,FDA
28,Drug_493,FDA
170,Drug_98,FDA
474,Drug_69,EMA
245,Drug_381,EMA
373,Drug_397,FDA
255,Drug_10,FDA
355,Drug_282,FDA
45,Drug_210,FDA
120,Drug_12,EMA
473,Drug_416,EMA
240,Drug_76,FDA
489,Drug_439,FDA
76,Drug_98,FDA
98,Drug_208,FDA
278,Drug_399,EMA
61,Drug_483,FDA
447,Drug_444,FDA
138,Drug_453,FDA
83,Drug_384,EMA
478,Drug_295,FDA
485,Drug_85,EMA
457,Drug_326,EMA
216,Drug_181,EMA
281,Drug_412,EMA
182,Drug_117,FDA
83,Drug_39,FDA
329,Drug_287,FDA
146,Drug_129,FDA
228,Drug_119,EMA
165,Drug_72,FDA
220,Drug_348,EMA
490,Drug_8,FDA
292,Drug_160,EMA
405,Drug_260,FDA
408,Drug_212,FDA
75,Drug_362,EMA
279,Drug_442,EMA
304,Drug_159,FDA
120,Drug_46,EMA
153,Drug_9,EMA
486,Drug_107,FDA
442,Drug_433,FDA
36,Drug_353,EMA
235,Drug_144,EMA
429,Drug_477,FDA
9,Drug_377,FDA
260,Drug_266,FDA
175,Drug_233,EMA
467,Drug_130,EMA
315,Drug_300,FDA
134,Drug_200,EMA
387,Drug_287,EMA
306,Drug_226,FDA
49,Drug_263,FDA
322,Drug_471,FDA
490,Drug_128,EMA
95,Drug_102,FDA
252,Drug_345,EMA
124,Drug_9,EMA
146,Drug_385,EMA
332,Drug_41,FDA
9,Drug_232,FDA
315,Drug_260,EMA
446,Drug_246,FDA
20,Drug_79,FDA
49,Drug_405,EMA
118,Drug_242,EMA
10,Drug_206,EMA
208,Drug_448,FDA
285,Drug_305,FDA
249,Drug_252,EMA
261,Drug_247,FDA
394,Drug_334,FDA
50,Drug_167,EMA
136,Drug_96,EMA
276,Drug_357,FDA
115,Drug_384,EMA
385,Drug_461,FDA
3,Drug_460,EMA
125,Drug_354,FDA
391,Drug_234,EMA
155,Drug_469,FDA
245,Drug_316,EMA
40,Drug_279,FDA
471,Drug_376,FDA
130,Drug_355,EMA
483,Drug_351,FDA
96,Drug_218,EMA
78,Drug_149,FDA
319,Drug_41,EMA
72,Drug_146,EMA
190,Drug_140,EMA
439,Drug_413,FDA
240,Drug_491,FDA
151,Drug_23,FDA
491,Drug_181,FDA
446,Drug_458,FDA
188,Drug_272,FDA
282,Drug_363,FDA
218,Drug_466,EMA
305,Drug_468,FDA
139,Drug_265,EMA
362,Drug_292,FDA
181,Drug_346,EMA
125,Drug_269,EMA
171,Drug_180,FDA
89,Drug_214,EMA
298,Drug_120,FDA
359,Drug_500,FDA
117,Drug_138,FDA
313,Drug_334,EMA
268,Drug_229,EMA
38,Drug_339,EMA
80,Drug_364,FDA
62,Drug_345,EMA
177,Drug_399,EMA
280,Drug_49,FDA
281,Drug_399,EMA
196,Drug_336,FDA
487,Drug_181,FDA
196,Drug_9,EMA
302,Drug_194,FDA
237,Drug_403,FDA
416,Drug_163,FDA
228,Drug_334,FDA
484,Drug_320,FDA
150,Drug_420,FDA
81,Drug_464,EMA
263,Drug_397,FDA
430,Drug_481,FDA
68,Drug_79,EMA
41,Drug_316,EMA
164,Drug_251,FDA
182,Drug_81,FDA
418,Drug_158,EMA
161,Drug_272,FDA
184,Drug_6,EMA
376,Drug_458,EMA
27,Drug_299,FDA
187,Drug_178,FDA
141,Drug_403,EMA
235,Drug_215,FDA
2,Drug_172,FDA
130,Drug_490,FDA
75,Drug_472,FDA
158,Drug_43,EMA
141,Drug_319,EMA
324,Drug_50,EMA
268,Drug_499,FDA
392,Drug_455,EMA
77,Drug_89,EMA
273,Drug_174,FDA
358,Drug_168,EMA
479,Drug_54,FDA
377,Drug_237,EMA
57,Drug_247,EMA
1,Drug_341,FDA
299,Drug_355,FDA
24,Drug_451,FDA
192,Drug_425,FDA
180,Drug_304,FDA
49,Drug_346,FDA
321,Drug_452,FDA
258,Drug_31,FDA
240,Drug_465,EMA
455,Drug_279,FDA
241,Drug_386,EMA
265,Drug_41,FDA
362,Drug_119,EMA
110,Drug_293,EMA
303,Drug_99,FDA
87,Drug_146,FDA
342,Drug_133,FDA
483,Drug_86,FDA
490,Drug_375,FDA
250,Drug_284,FDA
16,Drug_278,EMA
498,Drug_453,FDA
198,Drug_336,EMA
268,Drug_119,EMA
141,Drug_317,FDA
249,Drug_496,EMA
59,Drug_440,EMA
191,Drug_154,EMA
332,Drug_1,EMA
119,Drug_224,FDA
191,Drug_117,FDA
18,Drug_252,EMA
278,Drug_313,FDA
392,Drug_86,FDA
62,Drug_377,EMA
376,Drug_428,FDA
127,Drug_62,FDA
245,Drug_55,EMA
221,Drug_412,EMA
429,Drug_431,EMA
476,Drug_174,FDA
311,Drug_215,EMA
109,Drug_374,EMA
147,Drug_26,FDA
32,Drug_96,EMA
54,Drug_494,EMA
450,Drug_51,EMA
479,Drug_283,FDA
177,Drug_112,FDA
242,Drug_335,FDA
71,Drug_33,FDA
213,Drug_17,FDA
221,Drug_209,FDA
125,Drug_146,EMA
200,Drug_417,EMA
145,Drug_73,FDA
289,Drug_491,FDA
354,Drug_491,FDA
282,Drug_129,EMA
169,Drug_84,FDA
72,Drug_171,EMA
71,Drug_22,EMA
358,Drug_210,EMA
208,Drug_212,FDA
299,Drug_478,FDA
182,Drug_13,FDA
188,Drug_219,EMA
152,Drug_396,FDA
129,Drug_59,EMA
385,Drug_264,EMA
255,Drug_433,FDA
382,Drug_298,EMA
68,Drug_60,EMA
418,Drug_56,FDA
309,Drug_278,EMA
135,Drug_264,EMA
39,Drug_474,FDA
449,Drug_289,FDA
433,Drug_462,EMA
389,Drug_49,FDA
110,Drug_227,FDA
299,Drug_76,FDA
146,Drug_19,EMA
411,Drug_33,EMA
136,Drug_126,FDA
496,Drug_468,FDA
472,Drug_431,FDA
238,Drug_203,FDA
179,Drug_216,EMA
296,Drug_74,FDA
20,Drug_123,EMA
405,Drug_424,EMA
467,Drug_106,EMA
234,Drug_245,FDA
442,Drug_149,FDA
267,Drug_449,FDA
266,Drug_18,FDA
144,Drug_200,EMA
139,Drug_366,FDA
312,Drug_297,FDA
447,Drug_5,EMA
165,Drug_396,EMA
421,Drug_192,FDA
194,Drug_482,FDA
16,Drug_48,EMA
137,Drug_342,FDA
360,Drug_168,FDA
41,Drug_22,FDA
144,Drug_159,FDA
345,Drug_338,EMA
468,Drug_349,EMA
480,Drug_415,FDA
18,Drug_217,FDA
37,Drug_20,FDA
258,Drug_290,EMA
103,Drug_220,FDA
24,Drug_426,EMA
32,Drug_249,FDA
173,Drug_340,EMA
77,Drug_475,FDA
186,Drug_492,EMA
388,Drug_392,EMA
410,Drug_186,FDA
457,Drug_350,FDA
9,Drug_139,EMA
47,Drug_192,EMA
261,Drug_220,EMA
101,Drug_159,EMA
382,Drug_496,EMA
241,Drug_352,FDA
346,Drug_450,EMA
241,Drug_334,EMA
54,Drug_493,FDA
146,Drug_282,FDA
352,Drug_329,EMA
417,Drug_149,FDA
295,Drug_453,FDA
101,Drug_4,FDA
446,Drug_119,FDA
266,Drug_94,EMA
219,Drug_413,EMA
255,Drug_163,EMA
26,Drug_463,FDA
15,Drug_425,FDA
269,Drug_27,EMA
325,Drug_425,EMA
292,Drug_293,FDA
68,Drug_336,EMA
478,Drug_429,FDA
407,Drug_425,FDA
489,Drug_304,FDA
163,Drug_494,EMA
202,Drug_452,EMA
12,Drug_42,EMA
391,Drug_422,FDA
9,Drug_281,FDA
419,Drug_235,FDA
57,Drug_4,EMA
369,Drug_393,EMA
435,Drug_291,FDA
467,Drug_386,EMA
93,Drug_86,EMA
213,Drug_32,FDA
302,Drug_339,FDA
348,Drug_418,FDA
171,Drug_206,EMA
154,Drug_112,EMA
413,Drug_67,EMA
191,Drug_100,FDA
162,Drug_399,FDA
385,Drug_211,EMA
89,Drug_13,EMA
402,Drug_329,FDA
227,Drug_45,FDA
436,Drug_260,FDA
282,Drug_421,EMA
178,Drug_290,FDA
415,Drug_202,EMA
124,Drug_68,FDA
154,Drug_145,EMA
201,Drug_216,EMA
143,Drug_93,FDA
207,Drug_299,FDA
83,Drug_457,EMA
75,Drug_386,EMA
197,Drug_374,EMA
45,Drug_401,EMA
140,Drug_355,FDA
396,Drug_482,FDA
281,Drug_445,FDA
88,Drug_277,FDA
61,Drug_58,EMA
318,Drug_31,EMA
195,Drug_108,EMA
129,Drug_321,FDA
173,Drug_322,FDA
238,Drug_357,EMA
53,Drug_75,EMA
228,Drug_47,EMA
284,Drug_313,EMA
427,Drug_346,EMA
151,Drug_21,EMA
338,Drug_227,FDA
400,Drug_441,FDA
7,Drug_159,FDA
432,Drug_105,EMA
98,Drug_289,FDA
366,Drug_361,EMA
462,Drug_172,EMA
233,Drug_213,FDA
22,Drug_497,EMA
89,Drug_374,FDA
335,Drug_211,EMA
424,Drug_417,EMA
264,Drug_435,FDA
195,Drug_394,FDA
232,Drug_195,FDA
498,Drug_437,FDA
344,Drug_323,EMA
69,Drug_370,FDA
52,Drug_98,FDA
395,Drug_168,EMA
176,Drug_477,EMA
261,Drug_67,EMA
495,Drug_111,EMA
392,Drug_376,EMA
67,Drug_31,EMA
166,Drug_332,EMA
75,Drug_51,FDA
188,Drug_414,FDA
202,Drug_307,EMA
206,Drug_477,EMA
397,Drug_270,EMA
34,Drug_112,EMA
260,Drug_35,EMA
388,Drug_185,FDA
96,Drug_25,FDA
34,Drug_278,EMA
481,Drug_370,FDA
478,Drug_307,EMA
56,Drug_371,EMA
42,Drug_167,EMA
493,Drug_138,FDA
296,Drug_488,FDA
332,Drug_320,FDA
187,Drug_346,FDA
284,Drug_259,FDA
222,Drug_321,FDA
306,Drug_41,FDA
97,Drug_221,EMA
371,Drug_164,FDA
70,Drug_282,EMA
447,Drug_64,FDA
447,Drug_229,FDA
58,Drug_294,FDA
129,Drug_447,EMA
423,Drug_69,FDA
32,Drug_44,EMA
306,Drug_394,EMA
89,Drug_187,FDA
160,Drug_106,EMA
245,Drug_344,EMA
234,Drug_17,EMA
260,Drug_371,EMA
77,Drug_155,EMA
433,Drug_403,EMA
166,Drug_414,FDA
340,Drug_32,EMA
488,Drug_92,EMA
56,Drug_251,FDA
19,Drug_296,EMA
110,Drug_74,FDA
79,Drug_194,FDA
149,Drug_250,FDA
33,Drug_98,EMA
174,Drug_434,EMA
247,Drug_97,FDA
435,Drug_173,FDA
388,Drug_177,FDA
437,Drug_393,FDA
299,Drug_197,EMA
295,Drug_57,EMA
26,Drug_114,FDA
195,Drug_45,FDA
386,Drug_19,FDA
64,Drug_11,FDA
465,Drug_485,FDA
126,Drug_319,FDA
356,Drug_40,EMA
97,Drug_5,FDA
434,Drug_334,FDA
479,Drug_475,EMA
101,Drug_226,FDA
410,Drug_32,EMA
301,Drug_155,FDA
351,Drug_478,FDA
235,Drug_372,EMA
17,Drug_106,EMA
80,Drug_433,EMA
463,Drug_76,EMA
377,Drug_117,FDA
314,Drug_485,FDA
162,Drug_313,FDA
251,Drug_214,FDA
234,Drug_30,EMA
451,Drug_478,FDA
262,Drug_20,EMA
354,Drug_462,FDA
245,Drug_361,EMA
18,Drug_237,EMA
73,Drug_204,EMA
219,Drug_414,EMA
344,Drug_116,EMA
476,Drug_267,EMA
134,Drug_37,FDA
149,Drug_378,EMA
109,Drug_104,FDA
103,Drug_396,EMA
55,Drug_171,EMA
88,Drug_234,FDA
448,Drug_236,FDA
42,Drug_32,EMA
288,Drug_197,FDA
409,Drug_159,EMA
117,Drug_259,FDA
23,Drug_401,EMA
483,Drug_122,EMA
215,Drug_430,EMA
194,Drug_388,FDA
262,Drug_407,FDA
210,Drug_359,FDA
130,Drug_237,EMA
308,Drug_492,EMA
323,Drug_26,EMA
472,Drug_195,FDA
101,Drug_7,FDA
172,Drug_187,EMA
58,Drug_420,EMA
315,Drug_52,EMA
157,Drug_288,EMA
55,Drug_20,FDA
254,Drug_21,EMA
346,Drug_421,EMA
19,Drug_219,FDA
350,Drug_174,EMA
453,Drug_93,FDA
228,Drug_247,EMA
193,Drug_60,EMA
300,Drug_170,FDA
355,Drug_1,EMA
42,Drug_286,EMA
6,Drug_344,EMA
29,Drug_175,FDA
17,Drug_258,EMA
117,Drug_397,EMA
373,Drug_478,EMA
132,Drug_274,FDA
115,Drug_344,EMA
472,Drug_454,EMA
7,Drug_30,FDA
188,Drug_330,FDA
194,Drug_411,EMA
319,Drug_142,FDA
45,Drug_408,EMA
426,Drug_21,EMA
275,Drug_309,EMA
77,Drug_133,EMA
104,Drug_125,FDA
396,Drug_164,EMA
235,Drug_294,FDA
345,Drug_362,FDA
367,Drug_300,FDA
23,Drug_329,FDA
34,Drug_199,EMA
346,Drug_171,EMA
271,Drug_389,FDA
350,Drug_225,EMA
346,Drug_385,EMA
63,Drug_66,FDA
48,Drug_470,EMA
33,Drug_392,FDA
58,Drug_308,EMA
493,Drug_455,FDA
53,Drug_494,FDA
292,Drug_410,EMA
109,Drug_366,EMA
114,Drug_317,FDA
441,Drug_198,FDA
274,Drug_342,FDA
96,Drug_433,EMA
195,Drug_456,FDA
453,Drug_322,FDA
141,Drug_278,FDA
209,Drug_208,EMA
138,Drug_154,EMA
239,Drug_54,FDA
61,Drug_166,FDA
10,Drug_263,EMA
114,Drug_102,FDA
362,Drug_420,FDA
256,Drug_376,FDA
273,Drug_148,EMA
294,Drug_238,FDA
50,Drug_273,EMA
194,Drug_337,EMA
382,Drug_390,FDA
151,Drug_235,EMA
493,Drug_111,FDA
100,Drug_307,FDA
107,Drug_480,EMA
461,Drug_267,FDA
341,Drug_14,FDA
166,Drug_323,FDA
257,Drug_473,FDA
70,Drug_80,EMA
340,Drug_262,FDA
42,Drug_414,EMA
431,Drug_36,EMA
282,Drug_366,FDA
323,Drug_256,FDA
495,Drug_192,FDA
446,Drug_261,FDA
267,Drug_426,FDA
148,Drug_169,FDA
181,Drug_7,FDA
63,Drug_301,EMA
341,Drug_186,EMA
374,Drug_409,FDA
267,Drug_199,FDA
53,Drug_219,EMA
114,Drug_45,FDA
402,Drug_84,FDA
194,Drug_46,EMA
269,Drug_354,FDA
129,Drug_412,EMA
431,Drug_241,EMA
286,Drug_140,EMA
95,Drug_229,FDA
246,Drug_315,EMA
318,Drug_206,EMA
448,Drug_347,EMA
202,Drug_394,FDA
79,Drug_500,EMA
243,Drug_42,EMA
212,Drug_41,EMA
288,Drug_382,FDA
252,Drug_363,FDA
85,Drug_119,EMA
41,Drug_164,FDA
340,Drug_102,FDA
65,Drug_22,EMA
51,Drug_146,FDA
79,Drug_164,EMA
479,Drug_94,FDA
476,Drug_279,EMA
251,Drug_440,EMA
265,Drug_69,FDA
179,Drug_146,EMA
255,Drug_149,EMA
41,Drug_22,FDA
70,Drug_293,FDA
146,Drug_142,FDA
376,Drug_432,FDA
277,Drug_303,FDA
142,Drug_420,EMA
346,Drug_338,FDA
138,Drug_486,FDA
260,Drug_88,EMA
337,Drug_79,FDA
316,Drug_158,EMA
363,Drug_237,EMA
112,Drug_363,FDA
354,Drug_40,FDA
75,Drug_302,FDA
123,Drug_14,FDA
138,Drug_305,FDA
203,Drug_390,EMA
182,Drug_14,FDA
31,Drug_168,FDA
375,Drug_58,FDA
251,Drug_172,EMA
66,Drug_334,FDA
255,Drug_320,EMA
187,Drug_232,EMA
62,Drug_500,FDA
146,Drug_318,EMA
110,Drug_425,FDA
163,Drug_387,EMA
435,Drug_8,EMA
178,Drug_42,FDA
326,Drug_333,FDA
411,Drug_93,FDA
436,Drug_55,EMA
189,Drug_99,FDA
371,Drug_372,EMA
11,Drug_201,EMA
337,Drug_284,EMA
137,Drug_460,EMA
142,Drug_178,FDA
425,Drug_455,FDA
134,Drug_64,EMA
138,Drug_157,EMA
316,Drug_188,EMA
230,Drug_209,FDA
206,Drug_76,EMA
88,Drug_302,FDA
214,Drug_175,EMA
454,Drug_301,FDA
295,Drug_429,FDA
412,Drug_372,EMA
259,Drug_9,EMA
304,Drug_17,EMA
475,Drug_427,FDA
4,Drug_326,FDA
130,Drug_228,EMA
281,Drug_65,FDA
390,Drug_449,FDA
183,Drug_400,EMA
54,Drug_291,EMA
374,Drug_23,EMA
120,Drug_270,EMA
165,Drug_87,EMA
451,Drug_413,EMA
210,Drug_388,FDA
497,Drug_110,FDA
338,Drug_182,EMA
334,Drug_116,FDA
461,Drug_211,EMA
4,Drug_347,EMA
399,Drug_333,FDA
99,Drug_484,FDA
392,Drug_359,EMA
6,Drug_153,FDA
112,Drug_351,EMA
57,Drug_343,EMA
449,Drug_205,EMA
383,Drug_464,FDA
279,Drug_301,FDA
405,Drug_7,FDA
6,Drug_202,EMA
63,Drug_352,EMA
323,Drug_238,FDA
410,Drug_37,EMA
223,Drug_211,FDA
38,Drug_149,EMA
340,Drug_297,EMA
472,Drug_220,FDA
273,Drug_378,FDA
133,Drug_428,FDA
472,Drug_213,EMA
307,Drug_194,EMA
268,Drug_320,EMA
184,Drug_98,FDA
340,Drug_382,EMA
300,Drug_33,EMA
60,Drug_177,FDA
263,Drug_142,EMA
284,Drug_462,EMA
282,Drug_108,EMA
316,Drug_48,EMA
40,Drug_107,FDA
91,Drug_51,FDA
22,Drug_396,FDA
314,Drug_45,FDA
488,Drug_43,FDA
474,Drug_182,EMA
353,Drug_332,EMA
301,Drug_493,EMA
465,Drug_374,EMA
417,Drug_290,FDA
238,Drug_352,EMA
266,Drug_45,FDA
28,Drug_144,FDA
452,Drug_301,EMA
197,Drug_227,EMA
331,Drug_360,FDA
21,Drug_181,FDA
369,Drug_180,FDA
424,Drug_247,FDA
157,Drug_87,FDA
19,Drug_169,EMA
35,Drug_31,EMA
143,Drug_219,FDA
164,Drug_41,EMA
217,Drug_332,EMA
470,Drug_338,EMA
229,Drug_92,EMA
228,Drug_94,FDA
418,Drug_147,EMA
196,Drug_179,EMA
286,Drug_343,EMA
343,Drug_85,EMA
486,Drug_296,FDA
332,Drug_159,FDA
470,Drug_72,FDA
127,Drug_83,FDA
364,Drug_365,EMA
193,Drug_193,EMA
200,Drug_75,EMA
329,Drug_4,FDA
354,Drug_40,FDA
480,Drug_148,EMA
150,Drug_330,EMA
120,Drug_209,EMA
18,Drug_188,EMA
389,Drug_253,FDA
149,Drug_61,FDA
14,Drug_250,FDA
109,Drug_142,EMA
101,Drug_39,FDA
190,Drug_106,FDA
195,Drug_58,EMA
439,Drug_199,FDA
168,Drug_244,EMA
404,Drug_24,EMA
375,Drug_447,FDA
304,Drug_73,FDA
18,Drug_261,FDA
467,Drug_246,FDA
317,Drug_13,EMA
102,Drug_454,FDA
162,Drug_363,EMA
304,Drug_267,FDA
225,Drug_319,EMA
118,Drug_369,EMA
315,Drug_214,FDA
415,Drug_442,EMA
166,Drug_320,FDA
495,Drug_480,FDA
425,Drug_68,FDA
229,Drug_478,EMA
122,Drug_157,EMA
399,Drug_496,FDA
481,Drug_55,FDA
486,Drug_375,EMA
416,Drug_76,EMA
383,Drug_124,EMA
133,Drug_272,EMA
294,Drug_96,EMA
171,Drug_166,EMA
261,Drug_299,EMA
415,Drug_397,FDA
317,Drug_404,EMA
289,Drug_397,FDA
401,Drug_301,EMA
338,Drug_139,EMA
316,Drug_355,EMA
320,Drug_182,FDA
480,Drug_6,FDA
250,Drug_23,FDA
231,Drug_285,EMA
437,Drug_289,FDA
486,Drug_258,FDA
275,Drug_387,FDA
128,Drug_97,EMA
383,Drug_62,FDA
428,Drug_61,EMA
463,Drug_159,EMA
92,Drug_333,EMA
255,Drug_132,EMA
388,Drug_160,FDA
294,Drug_162,FDA
361,Drug_321,EMA
103,Drug_234,FDA
79,Drug_8,EMA
353,Drug_30,EMA
42,Drug_424,EMA
142,Drug_407,FDA
323,Drug_475,EMA
76,Drug_219,EMA
111,Drug_229,FDA
490,Drug_18,EMA
148,Drug_407,EMA
39,Drug_101,FDA
176,Drug_324,EMA
475,Drug_9,FDA
30,Drug_232,EMA
393,Drug_57,EMA
154,Drug_197,EMA
234,Drug_102,EMA
118,Drug_306,FDA
493,Drug_127,FDA
377,Drug_21,FDA
375,Drug_75,FDA
345,Drug_357,EMA
309,Drug_466,EMA
211,Drug_295,EMA
486,Drug_469,FDA
481,Drug_177,EMA
164,Drug_189,FDA
163,Drug_414,EMA
297,Drug_166,EMA
88,Drug_120,FDA
32,Drug_8,EMA
102,Drug_373,FDA
226,Drug_255,FDA
350,Drug_463,EMA
7,Drug_73,FDA
26,Drug_10,FDA
257,Drug_352,FDA
232,Drug_74,FDA
349,Drug_424,FDA
391,Drug_311,EMA
471,Drug_364,FDA
212,Drug_67,FDA
497,Drug_451,FDA
183,Drug_292,EMA
90,Drug_51,EMA
189,Drug_293,EMA
337,Drug_242,FDA
186,Drug_297,EMA
310,Drug_328,FDA
136,Drug_36,FDA
303,Drug_321,FDA
102,Drug_435,EMA
499,Drug_409,FDA
331,Drug_408,EMA
345,Drug_491,EMA
500,Drug_17,EMA
262,Drug_341,EMA
203,Drug_425,FDA
277,Drug_23,EMA
273,Drug_456,FDA
336,Drug_21,EMA
118,Drug_83,EMA
345,Drug_8,EMA
265,Drug_134,FDA
147,Drug_450,FDA
303,Drug_160,FDA
37,Drug_329,EMA
317,Drug_360,EMA
353,Drug_452,EMA
195,Drug_488,EMA
104,Drug_309,EMA
350,Drug_120,FDA
228,Drug_387,FDA
356,Drug_433,FDA
448,Drug_208,EMA
151,Drug_345,FDA
263,Drug_117,FDA
441,Drug_159,FDA
461,Drug_95,EMA
375,Drug_295,FDA
24,Drug_302,FDA
60,Drug_311,FDA
42,Drug_296,FDA
299,Drug_180,EMA
464,Drug_140,FDA
89,Drug_436,EMA
321,Drug_85,EMA
25,Drug_317,FDA
357,Drug_414,FDA
148,Drug_316,EMA
335,Drug_443,FDA
346,Drug_237,EMA
467,Drug_282,EMA
277,Drug_344,FDA
240,Drug_439,EMA
290,Drug_29,EMA
237,Drug_247,FDA
57,Drug_377,FDA
227,Drug_426,FDA
105,Drug_384,EMA
76,Drug_2,EMA
272,Drug_390,EMA
336,Drug_306,EMA
453,Drug_468,FDA
131,Drug_162,FDA
162,Drug_360,FDA
119,Drug_284,EMA
402,Drug_132,FDA
373,Drug_455,FDA
119,Drug_489,FDA
145,Drug_412,EMA
20,Drug_29,EMA
324,Drug_385,FDA
469,Drug_347,FDA
370,Drug_102,FDA
475,Drug_324,FDA
296,Drug_416,FDA
411,Drug_303,EMA
297,Drug_268,EMA
85,Drug_371,EMA
477,Drug_168,FDA
375,Drug_193,EMA
390,Drug_426,EMA
148,Drug_28,EMA
436,Drug_113,EMA
162,Drug_148,FDA
68,Drug_187,FDA
474,Drug_490,EMA
27,Drug_244,EMA
185,Drug_114,FDA
321,Drug_181,FDA
409,Drug_326,EMA
308,Drug_164,FDA
420,Drug_139,EMA
237,Drug_439,EMA
387,Drug_42,EMA
90,Drug_302,FDA
408,Drug_494,EMA
299,Drug_109,FDA
202,Drug_222,FDA
283,Drug_83,FDA
382,Drug_313,EMA
3,Drug_286,FDA
246,Drug_321,EMA
54,Drug_34,FDA
175,Drug_406,EMA
51,Drug_373,FDA
176,Drug_302,EMA
107,Drug_103,FDA
183,Drug_100,FDA
380,Drug_310,FDA
195,Drug_417,EMA
23,Drug_339,EMA
98,Drug_65,FDA
370,Drug_497,EMA
10,Drug_329,FDA
392,Drug_158,FDA
380,Drug_151,EMA
201,Drug_179,FDA
496,Drug_275,EMA
410,Drug_68,EMA
362,Drug_489,FDA
241,Drug_200,FDA
70,Drug_422,FDA
161,Drug_192,EMA
284,Drug_209,FDA
374,Drug_285,FDA
476,Drug_108,EMA
287,Drug_451,EMA
76,Drug_13,EMA
208,Drug_321,FDA
249,Drug_76,EMA
325,Drug_110,EMA
458,Drug_236,FDA
18,Drug_348,EMA
369,Drug_86,EMA
475,Drug_237,EMA
59,Drug_382,FDA
31,Drug_3,EMA
167,Drug_312,EMA
460,Drug_433,EMA
337,Drug_39,FDA
198,Drug_143,FDA
148,Drug_125,EMA
38,Drug_171,FDA
153,Drug_399,FDA
10,Drug_350,EMA
409,Drug_280,FDA
62,Drug_43,FDA
372,Drug_142,FDA
172,Drug_357,EMA
406,Drug_447,EMA
381,Drug_458,EMA
100,Drug_322,EMA
326,Drug_93,FDA
488,Drug_87,FDA
151,Drug_338,EMA
493,Drug_453,FDA
199,Drug_34,FDA
108,Drug_209,EMA
464,Drug_132,EMA
498,Drug_169,FDA
21,Drug_491,EMA
431,Drug_181,EMA
494,Drug_139,EMA
177,Drug_88,FDA
397,Drug_216,EMA
187,Drug_439,EMA
234,Drug_393,EMA
388,Drug_455,EMA
174,Drug_191,EMA
244,Drug_304,EMA
168,Drug_113,FDA
450,Drug_308,FDA
298,Drug_416,FDA
314,Drug_489,EMA
19,Drug_53,EMA
243,Drug_402,FDA
293,Drug_200,EMA
99,Drug_285,FDA
350,Drug_493,FDA
192,Drug_191,FDA
13,Drug_394,FDA
347,Drug_400,FDA
423,Drug_354,EMA
471,Drug_162,EMA
181,Drug_452,EMA
187,Drug_88,EMA
375,Drug_175,EMA
361,Drug_431,EMA
354,Drug_182,FDA
85,Drug_466,EMA
64,Drug_215,FDA
459,Drug_331,EMA
332,Drug_438,FDA
183,Drug_175,EMA
389,Drug_227,EMA
498,Drug_258,EMA
478,Drug_52,EMA
35,Drug_49,FDA
164,Drug_454,EMA
141,Drug_313,FDA
386,Drug_441,EMA
304,Drug_318,EMA
170,Drug_296,FDA
52,Drug_428,EMA
340,Drug_238,FDA
218,Drug_267,EMA
135,Drug_132,FDA
249,Drug_272,EMA
228,Drug_230,EMA
314,Drug_115,FDA
408,Drug_414,EMA
62,Drug_363,EMA
153,Drug_40,FDA
428,Drug_219,FDA
258,Drug_415,EMA
434,Drug_250,EMA
323,Drug_127,EMA
85,Drug_441,FDA
119,Drug_44,FDA
243,Drug_194,FDA
454,Drug_87,FDA
466,Drug_368,FDA
85,Drug_352,EMA
121,Drug_309,FDA
54,Drug_10,EMA
386,Drug_334,EMA
57,Drug_62,FDA
155,Drug_72,FDA
106,Drug_382,FDA
36,Drug_21,FDA
463,Drug_314,FDA
47,Drug_2,EMA
26,Drug_47,FDA
179,Drug_183,FDA
461,Drug_365,EMA
78,Drug_313,FDA
302,Drug_160,EMA
33,Drug_410,EMA
475,Drug_445,EMA
405,Drug_38,EMA
276,Drug_375,EMA
203,Drug_148,EMA
340,Drug_417,FDA
111,Drug_108,EMA
128,Drug_234,EMA
69,Drug_442,EMA
265,Drug_68,FDA
238,Drug_456,FDA
474,Drug_436,FDA
84,Drug_17,EMA
169,Drug_445,EMA
120,Drug_440,FDA
241,Drug_391,EMA
16,Drug_439,FDA
140,Drug_10,FDA
101,Drug_246,EMA
396,Drug_50,FDA
137,Drug_312,EMA
250,Drug_269,EMA
396,Drug_254,EMA
4,Drug_153,EMA
415,Drug_239,FDA
17,Drug_441,FDA
252,Drug_14,FDA
165,Drug_76,EMA
401,Drug_135,FDA
64,Drug_187,FDA
191,Drug_237,EMA
130,Drug_432,EMA
436,Drug_283,EMA
126,Drug_371,FDA
197,Drug_455,EMA
96,Drug_406,FDA
473,Drug_212,EMA
251,Drug_18,EMA
429,Drug_74,FDA
100,Drug_473,EMA
113,Drug_149,EMA
498,Drug_35,FDA
206,Drug_331,FDA
115,Drug_465,FDA
482,Drug_380,EMA
395,Drug_244,EMA
117,Drug_73,FDA
222,Drug_493,EMA
229,Drug_500,EMA
366,Drug_62,FDA
494,Drug_233,EMA
98,Drug_307,EMA
461,Drug_63,EMA
325,Drug_216,FDA
393,Drug_418,EMA
52,Drug_18,FDA
169,Drug_297,FDA
420,Drug_428,EMA
224,Drug_65,FDA
123,Drug_174,EMA
103,Drug_19,EMA
389,Drug_241,EMA
423,Drug_308,FDA
147,Drug_104,FDA
265,Drug_314,FDA
39,Drug_330,EMA
182,Drug_385,EMA
64,Drug_96,FDA
269,Drug_416,EMA
366,Drug_496,EMA
123,Drug_361,FDA
293,Drug_300,EMA
255,Drug_115,FDA
416,Drug_220,EMA
251,Drug_105,FDA
426,Drug_210,FDA
238,Drug_447,EMA
236,Drug_425,FDA
56,Drug_485,FDA
7,Drug_356,EMA
55,Drug_494,FDA
171,Drug_350,FDA
408,Drug_178,EMA
37,Drug_255,FDA
120,Drug_344,FDA
5,Drug_106,FDA
443,Drug_185,EMA
422,Drug_41,EMA
234,Drug_122,FDA
479,Drug_293,FDA
399,Drug_433,FDA
236,Drug_213,EMA
400,Drug_85,EMA
72,Drug_337,FDA
399,Drug_480,EMA
120,Drug_24,FDA
290,Drug_380,FDA
145,Drug_80,FDA
364,Drug_332,FDA
91,Drug_161,EMA
204,Drug_438,FDA
474,Drug_493,EMA
122,Drug_125,FDA
7,Drug_54,FDA
289,Drug_288,EMA
494,Drug_423,EMA
152,Drug_340,FDA
140,Drug_144,FDA
382,Drug_129,EMA
270,Drug_422,FDA
411,Drug_19,FDA
302,Drug_83,FDA
361,Drug_176,FDA
3,Drug_154,FDA
393,Drug_461,FDA
319,Drug_426,FDA
499,Drug_12,EMA
364,Drug_433,EMA
162,Drug_88,EMA
425,Drug_283,EMA
95,Drug_228,EMA
150,Drug_283,EMA
375,Drug_110,FDA
18,Drug_27,FDA
426,Drug_97,EMA
476,Drug_90,FDA
74,Drug_243,EMA
75,Drug_79,EMA
429,Drug_196,EMA
224,Drug_423,FDA
238,Drug_232,FDA
47,Drug_340,EMA
331,Drug_493,FDA
6,Drug_495,EMA
42,Drug_399,FDA
318,Drug_107,EMA
306,Drug_11,FDA
6,Drug_332,FDA
37,Drug_328,EMA
450,Drug_342,EMA
82,Drug_137,EMA
7,Drug_448,FDA
18,Drug_412,FDA
78,Drug_5,FDA
301,Drug_240,EMA
436,Drug_310,EMA
293,Drug_451,EMA
378,Drug_461,EMA
272,Drug_433,EMA
269,Drug_81,FDA
190,Drug_316,FDA
372,Drug_64,FDA
339,Drug_387,EMA
74,Drug_383,EMA
289,Drug_317,FDA
409,Drug_278,EMA
207,Drug_387,FDA
398,Drug_261,FDA
403,Drug_498,EMA
211,Drug_464,FDA
436,Drug_159,EMA
98,Drug_317,EMA
452,Drug_248,FDA
99,Drug_259,EMA
71,Drug_210,EMA
132,Drug_226,EMA
424,Drug_219,EMA
13,Drug_421,FDA
168,Drug_472,FDA
251,Drug_49,FDA
109,Drug_437,EMA
386,Drug_189,EMA
116,Drug_410,FDA
400,Drug_214,FDA
338,Drug_264,FDA
389,Drug_448,FDA
332,Drug_464,EMA
231,Drug_366,EMA
234,Drug_473,EMA
80,Drug_168,FDA
192,Drug_92,EMA
381,Drug_324,FDA
84,Drug_467,FDA
66,Drug_193,EMA
303,Drug_86,FDA
367,Drug_307,EMA
145,Drug_283,EMA
454,Drug_334,EMA
5,Drug_42,EMA
395,Drug_178,FDA
385,Drug_333,EMA
126,Drug_261,FDA
326,Drug_332,FDA
193,Drug_437,EMA
382,Drug_318,EMA
286,Drug_123,FDA
192,Drug_436,FDA
375,Drug_290,EMA
91,Drug_77,FDA
270,Drug_408,FDA
355,Drug_60,FDA
306,Drug_394,FDA
31,Drug_42,FDA
365,Drug_215,FDA
349,Drug_424,FDA
112,Drug_434,EMA
308,Drug_266,EMA
149,Drug_130,EMA
241,Drug_405,EMA
248,Drug_161,FDA
375,Drug_339,EMA
325,Drug_14,FDA
277,Drug_408,FDA
422,Drug_326,FDA
407,Drug_480,EMA
58,Drug_231,FDA
292,Drug_280,EMA
151,Drug_158,EMA
305,Drug_315,EMA
215,Drug_4,FDA
361,Drug_427,FDA
98,Drug_246,EMA
340,Drug_298,EMA
94,Drug_327,EMA
23,Drug_400,EMA
226,Drug_354,FDA
293,Drug_120,EMA
310,Drug_272,EMA
62,Drug_16,FDA
486,Drug_337,EMA
31,Drug_60,FDA
435,Drug_127,EMA
418,Drug_273,EMA
378,Drug_453,FDA
424,Drug_51,EMA
87,Drug_22,FDA
52,Drug_66,FDA
308,Drug_11,FDA
158,Drug_420,EMA
421,Drug_191,FDA
51,Drug_494,EMA
35,Drug_88,FDA
43,Drug_162,EMA
10,Drug_474,FDA
373,Drug_272,EMA
304,Drug_430,EMA
137,Drug_463,EMA
156,Drug_438,EMA
220,Drug_141,EMA
87,Drug_461,FDA
374,Drug_151,EMA
281,Drug_187,EMA
428,Drug_215,EMA
300,Drug_236,EMA
373,Drug_125,FDA
424,Drug_155,FDA
219,Drug_59,EMA
379,Drug_190,EMA
208,Drug_117,EMA
333,Drug_394,FDA
340,Drug_141,FDA
120,Drug_216,EMA
192,Drug_82,EMA
351,Drug_235,FDA
498,Drug_305,EMA
114,Drug_428,EMA
383,Drug_116,FDA
71,Drug_265,FDA
125,Drug_207,EMA
89,Drug_228,FDA
320,Drug_41,EMA
104,Drug_367,EMA
409,Drug_43,EMA
122,Drug_148,EMA
5,Drug_61,FDA
500,Drug_371,FDA
352,Drug_469,EMA
137,Drug_88,FDA
249,Drug_497,FDA
188,Drug_480,EMA
109,Drug_49,FDA
450,Drug_237,FDA
197,Drug_421,FDA
399,Drug_336,EMA
33,Drug_421,FDA
166,Drug_408,EMA
218,Drug_146,EMA
28,Drug_410,FDA
119,Drug_234,FDA
77,Drug_216,EMA
470,Drug_340,FDA
395,Drug_496,EMA
98,Drug_131,EMA
389,Drug_196,EMA
445,Drug_4,FDA
243,Drug_395,FDA
493,Drug_61,FDA
14,Drug_221,FDA
453,Drug_382,EMA
274,Drug_146,EMA
57,Drug_116,FDA
91,Drug_341,FDA
173,Drug_154,EMA
360,Drug_145,FDA
492,Drug_468,EMA
316,Drug_390,FDA
448,Drug_54,FDA
270,Drug_103,FDA
351,Drug_51,FDA
199,Drug_11,FDA
405,Drug_10,EMA
482,Drug_138,FDA
431,Drug_25,EMA
267,Drug_247,EMA
292,Drug_496,FDA
280,Drug_13,FDA
310,Drug_233,FDA
439,Drug_277,FDA
370,Drug_371,EMA
151,Drug_364,FDA
397,Drug_41,FDA
450,Drug_495,FDA
49,Drug_426,FDA
39,Drug_167,EMA
226,Drug_64,FDA
143,Drug_261,FDA
46,Drug_87,EMA
135,Drug_359,EMA
141,Drug_277,FDA
129,Drug_351,FDA
256,Drug_372,FDA
399,Drug_103,FDA
25,Drug_20,FDA
418,Drug_377,EMA
360,Drug_179,EMA
173,Drug_425,EMA
345,Drug_163,EMA
328,Drug_434,EMA
484,Drug_372,EMA
241,Drug_221,EMA
24,Drug_111,FDA
466,Drug_214,FDA
500,Drug_136,FDA
377,Drug_293,EMA
174,Drug_338,EMA
96,Drug_291,EMA
338,Drug_214,FDA
155,Drug_105,FDA
370,Drug_194,FDA
37,Drug_471,FDA
199,Drug_460,EMA
178,Drug_87,EMA
463,Drug_168,FDA
314,Drug_56,EMA
145,Drug_469,FDA
484,Drug_144,FDA
318,Drug_377,FDA
61,Drug_68,FDA
43,Drug_324,EMA
465,Drug_250,EMA
22,Drug_464,EMA
164,Drug_51,FDA
309,Drug_143,EMA
376,Drug_296,EMA
53,Drug_165,EMA
463,Drug_214,FDA
255,Drug_253,FDA
436,Drug_164,FDA
2,Drug_453,FDA
394,Drug_298,FDA
291,Drug_233,FDA
443,Drug_92,FDA
480,Drug_315,FDA
201,Drug_443,FDA
206,Drug_456,EMA
460,Drug_210,EMA
309,Drug_232,FDA
222,Drug_403,EMA
449,Drug_175,FDA
258,Drug_29,FDA
450,Drug_467,FDA
251,Drug_423,FDA
379,Drug_384,FDA
155,Drug_399,FDA
435,Drug_407,EMA
160,Drug_204,EMA
179,Drug_310,EMA
227,Drug_162,FDA
458,Drug_137,EMA
426,Drug_124,FDA
377,Drug_39,FDA
239,Drug_212,EMA
451,Drug_363,FDA
253,Drug_19,EMA
16,Drug_329,EMA
273,Drug_85,EMA
393,Drug_232,FDA
380,Drug_302,EMA
417,Drug_199,FDA
374,Drug_71,FDA
111,Drug_94,FDA
199,Drug_389,FDA
384,Drug_233,FDA
273,Drug_438,EMA
174,Drug_36,FDA
110,Drug_277,FDA
30,Drug_346,FDA
160,Drug_144,FDA
397,Drug_294,FDA
117,Drug_1,FDA
432,Drug_478,EMA
60,Drug_466,EMA
460,Drug_204,FDA
149,Drug_208,EMA
456,Drug_64,EMA
402,Drug_441,FDA
478,Drug_400,FDA
443,Drug_196,EMA
38,Drug_412,EMA
472,Drug_450,EMA
129,Drug_52,EMA
381,Drug_82,FDA
241,Drug_286,EMA
241,Drug_222,EMA
32,Drug_149,EMA
243,Drug_51,EMA
184,Drug_417,FDA
166,Drug_394,FDA
369,Drug_101,EMA
195,Drug_427,EMA
293,Drug_75,FDA
262,Drug_25,FDA
304,Drug_103,FDA
420,Drug_187,EMA
441,Drug_254,EMA
274,Drug_494,FDA
459,Drug_393,EMA
394,Drug_218,EMA
269,Drug_176,FDA
88,Drug_336,EMA
149,Drug_355,EMA
231,Drug_128,FDA
413,Drug_494,EMA
11,Drug_453,FDA
235,Drug_205,EMA
72,Drug_103,FDA
301,Drug_135,EMA
261,Drug_157,EMA
299,Drug_351,EMA
325,Drug_110,EMA
300,Drug_397,EMA
22,Drug_292,EMA
224,Drug_86,FDA
120,Drug_238,FDA
323,Drug_20,FDA
50,Drug_68,FDA
270,Drug_85,EMA
344,Drug_432,EMA
3,Drug_352,EMA
431,Drug_178,FDA
94,Drug_359,FDA
404,Drug_336,FDA
481,Drug_73,EMA
428,Drug_70,EMA
229,Drug_391,EMA
58,Drug_325,FDA
102,Drug_393,FDA
108,Drug_385,FDA
330,Drug_295,FDA
320,Drug_208,FDA
138,Drug_41,EMA
164,Drug_233,EMA
104,Drug_71,EMA
460,Drug_65,FDA
58,Drug_51,FDA
101,Drug_341,EMA
238,Drug_345,EMA
42,Drug_363,FDA
241,Drug_228,FDA
441,Drug_303,FDA
21,Drug_9,FDA
147,Drug_315,EMA
467,Drug_405,EMA
457,Drug_103,EMA
211,Drug_497,FDA
202,Drug_64,EMA
311,Drug_481,EMA
47,Drug_449,FDA
110,Drug_385,EMA
388,Drug_95,EMA
55,Drug_297,EMA
229,Drug_475,EMA
195,Drug_61,EMA
257,Drug_168,EMA
252,Drug_387,EMA
360,Drug_103,EMA
191,Drug_306,EMA
193,Drug_40,EMA
353,Drug_260,EMA
345,Drug_316,EMA
172,Drug_408,FDA
205,Drug_23,FDA
72,Drug_415,EMA
367,Drug_430,EMA
236,Drug_496,FDA
439,Drug_119,EMA
204,Drug_93,FDA
117,Drug_33,EMA
2,Drug_39,EMA
426,Drug_256,EMA
151,Drug_279,FDA
176,Drug_388,EMA
99,Drug_498,EMA
191,Drug_403,EMA
45,Drug_282,EMA
283,Drug_107,FDA
436,Drug_225,FDA
112,Drug_27,EMA
427,Drug_276,FDA
355,Drug_238,EMA
332,Drug_443,FDA
23,Drug_147,EMA
281,Drug_95,EMA
303,Drug_192,FDA
246,Drug_234,EMA
402,Drug_2,EMA
384,Drug_117,EMA
269,Drug_491,EMA
245,Drug_387,FDA
211,Drug_444,EMA
214,Drug_158,EMA
151,Drug_52,FDA
123,Drug_177,FDA
399,Drug_488,FDA
290,Drug_187,FDA
168,Drug_94,EMA
465,Drug_7,EMA
423,Drug_366,FDA
179,Drug_279,EMA
35,Drug_220,FDA
370,Drug_317,EMA
151,Drug_146,FDA
415,Drug_193,FDA
472,Drug_335,EMA
38,Drug_102,EMA
17,Drug_164,EMA
193,Drug_23,FDA
107,Drug_313,EMA
444,Drug_227,FDA
155,Drug_196,FDA
350,Drug_476,EMA
218,Drug_311,FDA
57,Drug_211,FDA
56,Drug_101,FDA
455,Drug_402,FDA
117,Drug_415,FDA
417,Drug_130,FDA
284,Drug_48,EMA
87,Drug_356,EMA
344,Drug_327,FDA
252,Drug_379,EMA
35,Drug_351,FDA
164,Drug_188,EMA
485,Drug_65,EMA
175,Drug_135,EMA
319,Drug_2,EMA
337,Drug_279,FDA
196,Drug_195,FDA
289,Drug_339,FDA
182,Drug_464,FDA
22,Drug_391,EMA
241,Drug_256,FDA
242,Drug_315,FDA
285,Drug_214,EMA
205,Drug_491,FDA
408,Drug_62,EMA
7,Drug_231,EMA
495,Drug_429,FDA
15,Drug_231,FDA
204,Drug_208,FDA
243,Drug_411,FDA
337,Drug_311,FDA
309,Drug_80,EMA
175,Drug_352,EMA
364,Drug_23,EMA
250,Drug_481,FDA
158,Drug_330,FDA
56,Drug_240,EMA
317,Drug_392,EMA
375,Drug_204,EMA
12,Drug_359,EMA
472,Drug_306,FDA
499,Drug_455,EMA
230,Drug_465,EMA
483,Drug_239,FDA
483,Drug_307,EMA
200,Drug_40,FDA
213,Drug_112,EMA
362,Drug_201,FDA
109,Drug_75,FDA
468,Drug_200,EMA
498,Drug_240,EMA
155,Drug_399,FDA
168,Drug_274,FDA
301,Drug_142,EMA
211,Drug_190,FDA
106,Drug_39,EMA
259,Drug_471,EMA
378,Drug_249,FDA
232,Drug_434,EMA
9,Drug_26,FDA
151,Drug_472,FDA
331,Drug_497,EMA
176,Drug_244,FDA
199,Drug_486,FDA
61,Drug_61,EMA
81,Drug_366,EMA
436,Drug_468,FDA
291,Drug_484,EMA
62,Drug_139,FDA
116,Drug_219,EMA
219,Drug_219,FDA
324,Drug_423,FDA
376,Drug_80,EMA
208,Drug_154,EMA
364,Drug_106,FDA
268,Drug_166,FDA
213,Drug_90,EMA
141,Drug_395,EMA
224,Drug_332,FDA
169,Drug_39,EMA
67,Drug_272,EMA
35,Drug_227,EMA
142,Drug_98,FDA
160,Drug_334,EMA
373,Drug_191,EMA
215,Drug_52,FDA
305,Drug_419,FDA
142,Drug_65,EMA
319,Drug_88,FDA
296,Drug_207,EMA
428,Drug_95,FDA
368,Drug_89,EMA
11,Drug_100,FDA
404,Drug_58,FDA
152,Drug_116,FDA
272,Drug_68,FDA
392,Drug_268,FDA
220,Drug_223,FDA
239,Drug_376,FDA
479,Drug_193,FDA
29,Drug_148,FDA
10,Drug_63,EMA
97,Drug_476,FDA
428,Drug_237,EMA
496,Drug_326,FDA
281,Drug_232,EMA
337,Drug_318,EMA
77,Drug_461,FDA
26,Drug_335,EMA
262,Drug_165,FDA
434,Drug_424,FDA
19,Drug_128,FDA
338,Drug_304,FDA
240,Drug_228,EMA
270,Drug_130,FDA
154,Drug_313,FDA
265,Drug_425,FDA
362,Drug_129,FDA
43,Drug_336,FDA
106,Drug_465,EMA
234,Drug_500,FDA
227,Drug_326,EMA
221,Drug_434,EMA
231,Drug_366,FDA
261,Drug_497,FDA
53,Drug_143,EMA
336,Drug_275,FDA
214,Drug_217,FDA
154,Drug_27,EMA
110,Drug_8,FDA
22,Drug_380,FDA
150,Drug_47,EMA
40,Drug_234,EMA
478,Drug_65,FDA
159,Drug_394,FDA
106,Drug_411,EMA
349,Drug_294,EMA
101,Drug_162,EMA
132,Drug_311,EMA
460,Drug_61,EMA
483,Drug_366,EMA
363,Drug_52,EMA
426,Drug_240,FDA
490,Drug_65,EMA
182,Drug_229,EMA
93,Drug_126,EMA
60,Drug_281,FDA
398,Drug_156,FDA
271,Drug_301,EMA
64,Drug_82,FDA
286,Drug_61,FDA
281,Drug_108,FDA
439,Drug_361,EMA
418,Drug_177,EMA
449,Drug_97,FDA
362,Drug_97,FDA
148,Drug_109,EMA
57,Drug_11,FDA
158,Drug_221,EMA
209,Drug_69,FDA
121,Drug_189,EMA
7,Drug_308,FDA
426,Drug_133,FDA
476,Drug_151,EMA
143,Drug_78,EMA
271,Drug_259,EMA
395,Drug_369,FDA
15,Drug_10,EMA
324,Drug_119,EMA
111,Drug_140,FDA
255,Drug_271,FDA
301,Drug_229,EMA
310,Drug_78,FDA
429,Drug_162,EMA
269,Drug_49,EMA
126,Drug_277,FDA
50,Drug_134,FDA
265,Drug_138,EMA
146,Drug_476,FDA
486,Drug_240,FDA
446,Drug_320,EMA
298,Drug_177,FDA
433,Drug_311,FDA
227,Drug_386,FDA
335,Drug_379,EMA
240,Drug_312,EMA
489,Drug_290,FDA
173,Drug_49,EMA
315,Drug_122,FDA
8,Drug_342,FDA
252,Drug_329,FDA
476,Drug_419,EMA
103,Drug_17,FDA
251,Drug_233,FDA
348,Drug_378,FDA
371,Drug_311,EMA
205,Drug_182,EMA
55,Drug_457,EMA
311,Drug_396,FDA
415,Drug_194,EMA
150,Drug_451,FDA
226,Drug_394,EMA
303,Drug_90,EMA
196,Drug_52,EMA
415,Drug_398,FDA
81,Drug_374,EMA
385,Drug_394,FDA
47,Drug_299,EMA
431,Drug_126,FDA
230,Drug_380,EMA
187,Drug_232,EMA
349,Drug_179,EMA
81,Drug_407,EMA
431,Drug_260,EMA
232,Drug_5,FDA
189,Drug_134,FDA
72,Drug_140,EMA
429,Drug_406,FDA
116,Drug_397,EMA
443,Drug_239,FDA
409,Drug_394,FDA
473,Drug_26,FDA
116,Drug_176,EMA
402,Drug_240,FDA
439,Drug_492,FDA
73,Drug_321,FDA
349,Drug_83,FDA
165,Drug_437,EMA
152,Drug_218,FDA
380,Drug_369,FDA
219,Drug_37,FDA
96,Drug_104,EMA
295,Drug_14,FDA
215,Drug_473,EMA
401,Drug_371,FDA
53,Drug_337,FDA
197,Drug_498,EMA
79,Drug_365,FDA
430,Drug_493,EMA
3,Drug_238,EMA
336,Drug_96,EMA
96,Drug_443,EMA
151,Drug_74,EMA
441,Drug_388,EMA
273,Drug_60,EMA
487,Drug_90,FDA
64,Drug_139,EMA
166,Drug_143,EMA
57,Drug_154,FDA
217,Drug_49,FDA
67,Drug_319,FDA
178,Drug_16,FDA
192,Drug_344,EMA
30,Drug_349,FDA
103,Drug_41,EMA
374,Drug_199,EMA
189,Drug_89,EMA
128,Drug_427,FDA
176,Drug_417,EMA
294,Drug_193,FDA
222,Drug_209,EMA
112,Drug_222,EMA
337,Drug_126,EMA
230,Drug_180,EMA
10,Drug_240,EMA
183,Drug_330,EMA
123,Drug_291,EMA
345,Drug_473,EMA
157,Drug_358,EMA
207,Drug_478,FDA
431,Drug_218,FDA
87,Drug_95,EMA
428,Drug_364,EMA
316,Drug_474,FDA
88,Drug_191,FDA
273,Drug_370,EMA
128,Drug_457,EMA
109,Drug_223,FDA
250,Drug_377,EMA
282,Drug_233,EMA
372,Drug_237,FDA
328,Drug_155,FDA
132,Drug_172,FDA
66,Drug_453,EMA
378,Drug_217,FDA
332,Drug_300,EMA
384,Drug_445,EMA
360,Drug_275,EMA
394,Drug_500,EMA
228,Drug_99,EMA
99,Drug_421,FDA
292,Drug_180,EMA
319,Drug_122,FDA
450,Drug_485,EMA
178,Drug_51,FDA
466,Drug_357,EMA
191,Drug_225,FDA
231,Drug_268,FDA
408,Drug_22,FDA
441,Drug_289,FDA
279,Drug_14,EMA
300,Drug_429,EMA
95,Drug_362,EMA
302,Drug_5,EMA
77,Drug_321,EMA
223,Drug_72,EMA
470,Drug_226,FDA
5,Drug_492,FDA
258,Drug_318,FDA
148,Drug_277,EMA
164,Drug_180,EMA
104,Drug_13,EMA
107,Drug_219,FDA
364,Drug_105,EMA
309,Drug_354,FDA
357,Drug_39,EMA
237,Drug_295,FDA
224,Drug_59,EMA
147,Drug_278,EMA
315,Drug_333,FDA
24,Drug_331,EMA
260,Drug_372,FDA
113,Drug_180,FDA
59,Drug_308,FDA
444,Drug_262,EMA
29,Drug_42,EMA
154,Drug_221,FDA
55,Drug_299,EMA
415,Drug_136,FDA
70,Drug_216,FDA
333,Drug_168,EMA
473,Drug_200,FDA
204,Drug_269,EMA
306,Drug_171,FDA
284,Drug_268,EMA
130,Drug_13,EMA
5,Drug_431,FDA
401,Drug_176,FDA
480,Drug_184,EMA
34,Drug_346,FDA
266,Drug_49,FDA
392,Drug_268,EMA
392,Drug_69,EMA
336,Drug_284,EMA
115,Drug_493,EMA
437,Drug_137,FDA
218,Drug_413,EMA
229,Drug_123,FDA
101,Drug_149,FDA
152,Drug_31,EMA
59,Drug_146,FDA
208,Drug_61,FDA
35,Drug_290,FDA
322,Drug_182,EMA
372,Drug_463,FDA
334,Drug_172,EMA
355,Drug_484,FDA
470,Drug_341,FDA
33,Drug_348,EMA
81,Drug_309,EMA
445,Drug_14,EMA
244,Drug_32,EMA
346,Drug_270,EMA
439,Drug_316,FDA
355,Drug_182,EMA
111,Drug_78,FDA
267,Drug_259,FDA
309,Drug_64,EMA
329,Drug_67,EMA
13,Drug_439,FDA
277,Drug_262,FDA
284,Drug_234,FDA
243,Drug_110,FDA
86,Drug_64,FDA
366,Drug_106,FDA
81,Drug_12,FDA
13,Drug_120,EMA
245,Drug_27,EMA
16,Drug_167,FDA
32,Drug_459,FDA
308,Drug_114,FDA
186,Drug_323,EMA
346,Drug_455,EMA
242,Drug_355,EMA
13,Drug_172,FDA
415,Drug_493,EMA
31,Drug_98,FDA
312,Drug_99,FDA
179,Drug_352,FDA
162,Drug_394,FDA
177,Drug_91,FDA
382,Drug_363,FDA
263,Drug_340,EMA
458,Drug_62,EMA
277,Drug_5,EMA
288,Drug_463,FDA
452,Drug_489,FDA
216,Drug_47,EMA
237,Drug_42,FDA
141,Drug_65,FDA
57,Drug_4,EMA
475,Drug_130,FDA
228,Drug_86,EMA
457,Drug_82,FDA
418,Drug_293,EMA
466,Drug_408,FDA
278,Drug_160,FDA
380,Drug_341,EMA
273,Drug_375,FDA
465,Drug_322,EMA
450,Drug_195,FDA
315,Drug_157,EMA
120,Drug_426,FDA
203,Drug_146,EMA
425,Drug_165,EMA
341,Drug_365,FDA
338,Drug_287,EMA
30,Drug_444,FDA
10,Drug_462,EMA
288,Drug_64,EMA
171,Drug_274,EMA
262,Drug_52,EMA
46,Drug_386,FDA
331,Drug_199,EMA
136,Drug_330,FDA
401,Drug_80,EMA
8,Drug_273,FDA
378,Drug_294,FDA
109,Drug_172,EMA
20,Drug_36,FDA
275,Drug_129,FDA
397,Drug_333,FDA
212,Drug_421,EMA
341,Drug_432,FDA
282,Drug_324,EMA
363,Drug_156,EMA
392,Drug_430,FDA
453,Drug_172,FDA
9,Drug_474,FDA
201,Drug_397,FDA
474,Drug_78,EMA
13,Drug_28,EMA
30,Drug_388,FDA
95,Drug_469,FDA
434,Drug_128,FDA
78,Drug_435,FDA
361,Drug_201,EMA
421,Drug_487,EMA
419,Drug_24,EMA
161,Drug_344,FDA
85,Drug_335,FDA
496,Drug_314,EMA
36,Drug_45,FDA
57,Drug_237,FDA
492,Drug_186,FDA
379,Drug_220,EMA
483,Drug_286,EMA
495,Drug_500,EMA
430,Drug_37,EMA
426,Drug_456,EMA
375,Drug_120,FDA
203,Drug_182,EMA
99,Drug_115,FDA
328,Drug_122,FDA
364,Drug_2,EMA
369,Drug_355,EMA
392,Drug_455,EMA
470,Drug_244,EMA
14,Drug_409,EMA
432,Drug_287,FDA
146,Drug_285,FDA
272,Drug_279,FDA
314,Drug_437,FDA
497,Drug_240,EMA
46,Drug_408,EMA
477,Drug_61,EMA
151,Drug_132,EMA
486,Drug_40,FDA
406,Drug_60,FDA
40,Drug_88,FDA
451,Drug_234,EMA
249,Drug_176,EMA
274,Drug_486,EMA
234,Drug_111,FDA
191,Drug_380,EMA
250,Drug_118,FDA
333,Drug_68,EMA
479,Drug_339,EMA
61,Drug_133,EMA
203,Drug_281,FDA
102,Drug_243,FDA
172,Drug_49,FDA
233,Drug_45,EMA
285,Drug_132,FDA
372,Drug_136,EMA
38,Drug_274,FDA
313,Drug_407,FDA
281,Drug_296,FDA
12,Drug_179,EMA
485,Drug_73,EMA
210,Drug_375,EMA
359,Drug_296,EMA
71,Drug_437,EMA
10,Drug_423,EMA
369,Drug_433,FDA
196,Drug_98,FDA
104,Drug_1,FDA
220,Drug_25,EMA
426,Drug_241,FDA
131,Drug_102,EMA
89,Drug_460,FDA
212,Drug_65,EMA
94,Drug_251,EMA
435,Drug_156,FDA
381,Drug_446,EMA
453,Drug_398,FDA
480,Drug_155,EMA
249,Drug_309,EMA
188,Drug_153,EMA
2,Drug_208,EMA
200,Drug_152,EMA
473,Drug_384,EMA
368,Drug_207,EMA
280,Drug_391,FDA
135,Drug_450,EMA
296,Drug_170,EMA
30,Drug_23,EMA
63,Drug_360,EMA
419,Drug_244,EMA
82,Drug_470,EMA
282,Drug_382,FDA
374,Drug_226,EMA
427,Drug_365,FDA
114,Drug_79,EMA
426,Drug_266,EMA
343,Drug_62,EMA
79,Drug_496,FDA
403,Drug_168,FDA
394,Drug_426,EMA
209,Drug_122,FDA
352,Drug_340,EMA
141,Drug_482,FDA
111,Drug_239,EMA
382,Drug_474,EMA
334,Drug_460,EMA
329,Drug_305,EMA
282,Drug_145,FDA
142,Drug_63,FDA
377,Drug_279,EMA
64,Drug_410,EMA
111,Drug_330,EMA
448,Drug_71,EMA
265,Drug_480,EMA
193,Drug_231,EMA
235,Drug_198,EMA
81,Drug_283,EMA
280,Drug_424,FDA
5,Drug_354,FDA
361,Drug_241,EMA
463,Drug_98,FDA
164,Drug_102,FDA
490,Drug_38,EMA
87,Drug_7,EMA
100,Drug_232,EMA
334,Drug_137,EMA
381,Drug_159,EMA
468,Drug_294,EMA
389,Drug_279,EMA
59,Drug_355,EMA
42,Drug_355,EMA
86,Drug_427,FDA
241,Drug_21,FDA
100,Drug_207,EMA
344,Drug_454,FDA
355,Drug_169,EMA
94,Drug_365,EMA
257,Drug_211,EMA
334,Drug_266,EMA
54,Drug_235,FDA
294,Drug_214,EMA
315,Drug_4,EMA
138,Drug_499,EMA
320,Drug_491,FDA
100,Drug_492,FDA
55,Drug_436,FDA
77,Drug_208,FDA
205,Drug_300,EMA
70,Drug_272,EMA
404,Drug_371,FDA
282,Drug_98,EMA
170,Drug_26,FDA
458,Drug_61,EMA
46,Drug_365,EMA
96,Drug_393,FDA
184,Drug_238,FDA
259,Drug_494,FDA
443,Drug_487,FDA
285,Drug_316,FDA
219,Drug_486,FDA
48,Drug_420,EMA
180,Drug_349,EMA
275,Drug_237,FDA
454,Drug_46,EMA
300,Drug_442,EMA
12,Drug_52,EMA
312,Drug_437,FDA
326,Drug_324,EMA
425,Drug_434,EMA
474,Drug_58,EMA
96,Drug_161,EMA
386,Drug_207,FDA
195,Drug_448,FDA
429,Drug_384,EMA
230,Drug_472,EMA
283,Drug_167,FDA
278,Drug_457,FDA
369,Drug_84,EMA
174,Drug_454,FDA
499,Drug_429,EMA
239,Drug_448,FDA
153,Drug_80,EMA
181,Drug_28,FDA
283,Drug_224,FDA
136,Drug_267,EMA
200,Drug_492,EMA
421,Drug_485,FDA
185,Drug_297,EMA
493,Drug_404,FDA
128,Drug_66,FDA
200,Drug_472,EMA
288,Drug_360,EMA
396,Drug_25,EMA
427,Drug_20,EMA
291,Drug_276,EMA
150,Drug_203,EMA
34,Drug_66,EMA
423,Drug_154,EMA
293,Drug_342,EMA
250,Drug_473,EMA
455,Drug_274,EMA
40,Drug_129,EMA
126,Drug_264,FDA
132,Drug_275,FDA
21,Drug_333,EMA
215,Drug_479,EMA
160,Drug_226,FDA
169,Drug_10,FDA
414,Drug_99,FDA
138,Drug_357,EMA
438,Drug_198,EMA
401,Drug_187,EMA
313,Drug_282,EMA
34,Drug_133,FDA
407,Drug_96,FDA
364,Drug_206,EMA
87,Drug_391,FDA
377,Drug_398,EMA
81,Drug_320,FDA
71,Drug_336,EMA
286,Drug_353,FDA
394,Drug_255,FDA
239,Drug_231,EMA
320,Drug_280,FDA
229,Drug_47,EMA
87,Drug_152,EMA
255,Drug_278,EMA
268,Drug_434,FDA
153,Drug_75,FDA
206,Drug_26,EMA
167,Drug_58,EMA
203,Drug_490,EMA
290,Drug_170,FDA
490,Drug_127,EMA
404,Drug_363,FDA
444,Drug_462,FDA
469,Drug_22,EMA
161,Drug_87,EMA
451,Drug_411,FDA
348,Drug_300,FDA
194,Drug_277,FDA
132,Drug_215,EMA
464,Drug_137,EMA
95,Drug_435,FDA
244,Drug_389,FDA
270,Drug_367,FDA
281,Drug_184,FDA
370,Drug_272,EMA
32,Drug_71,EMA
22,Drug_48,EMA
263,Drug_36,EMA
307,Drug_443,FDA
45,Drug_435,FDA
81,Drug_105,EMA
477,Drug_360,EMA
149,Drug_287,EMA
307,Drug_284,EMA
492,Drug_115,EMA
39,Drug_289,EMA
201,Drug_301,EMA
490,Drug_407,EMA
453,Drug_146,EMA
433,Drug_322,EMA
190,Drug_320,EMA
499,Drug_165,EMA
141,Drug_355,FDA
20,Drug_448,FDA
259,Drug_405,FDA
452,Drug_282,FDA
96,Drug_193,EMA
37,Drug_397,FDA
405,Drug_189,EMA
141,Drug_343,EMA
26,Drug_171,EMA
72,Drug_435,EMA
212,Drug_428,EMA
16,Drug_195,FDA
322,Drug_137,FDA
428,Drug_206,EMA
314,Drug_122,FDA
112,Drug_357,EMA
344,Drug_352,EMA
290,Drug_65,FDA
183,Drug_66,FDA
483,Drug_59,FDA
268,Drug_248,EMA
336,Drug_139,FDA
313,Drug_282,FDA
249,Drug_196,EMA
91,Drug_226,FDA
239,Drug_396,EMA
74,Drug_144,EMA
115,Drug_260,EMA
81,Drug_207,EMA
319,Drug_301,FDA
25,Drug_285,EMA
250,Drug_9,EMA
229,Drug_335,FDA
376,Drug_437,EMA
327,Drug_211,FDA
70,Drug_185,FDA
222,Drug_373,EMA
202,Drug_52,FDA
198,Drug_246,FDA
491,Drug_162,FDA
295,Drug_421,EMA
170,Drug_300,EMA
395,Drug_226,FDA
408,Drug_482,FDA
113,Drug_481,FDA
298,Drug_165,EMA
64,Drug_482,EMA
95,Drug_151,EMA
223,Drug_410,FDA
230,Drug_473,FDA
315,Drug_178,EMA
378,Drug_72,EMA
88,Drug_423,FDA
460,Drug_454,FDA
10,Drug_245,FDA
240,Drug_398,FDA
94,Drug_183,EMA
320,Drug_494,FDA
181,Drug_28,FDA
415,Drug_123,FDA
230,Drug_141,EMA
411,Drug_89,EMA
215,Drug_449,EMA
447,Drug_169,FDA
250,Drug_391,EMA
71,Drug_408,FDA
217,Drug_65,FDA
366,Drug_362,EMA
286,Drug_414,FDA
427,Drug_355,FDA
100,Drug_222,EMA
102,Drug_386,FDA
372,Drug_473,FDA
153,Drug_419,FDA
268,Drug_345,EMA
19,Drug_168,FDA
155,Drug_258,FDA
130,Drug_10,EMA
106,Drug_332,FDA
304,Drug_285,EMA
307,Drug_386,EMA
40,Drug_425,FDA
35,Drug_74,EMA
134,Drug_68,FDA
249,Drug_202,EMA
286,Drug_171,FDA
251,Drug_341,EMA
398,Drug_336,EMA
421,Drug_396,EMA
103,Drug_26,EMA
239,Drug_384,EMA
491,Drug_174,FDA
165,Drug_392,EMA
283,Drug_131,EMA
177,Drug_240,FDA
472,Drug_334,FDA
341,Drug_356,EMA
388,Drug_302,FDA
376,Drug_397,EMA
394,Drug_353,EMA
297,Drug_225,FDA
99,Drug_189,FDA
443,Drug_179,EMA
161,Drug_291,EMA
305,Drug_71,FDA
345,Drug_312,EMA
148,Drug_334,FDA
260,Drug_316,FDA
344,Drug_396,FDA
153,Drug_377,FDA
112,Drug_361,FDA
247,Drug_310,EMA
364,Drug_300,EMA
108,Drug_248,FDA
113,Drug_79,EMA
122,Drug_454,EMA
427,Drug_106,FDA
67,Drug_274,EMA
455,Drug_124,EMA
291,Drug_310,FDA
260,Drug_482,FDA
493,Drug_179,FDA
66,Drug_200,FDA
7,Drug_487,FDA
254,Drug_257,FDA
390,Drug_240,EMA
139,Drug_159,FDA
87,Drug_137,EMA
212,Drug_144,EMA
479,Drug_184,EMA
20,Drug_184,FDA
15,Drug_220,FDA
95,Drug_84,FDA
461,Drug_23,EMA
138,Drug_294,FDA
345,Drug_448,EMA
289,Drug_456,EMA
108,Drug_198,EMA
494,Drug_84,FDA
286,Drug_191,EMA
96,Drug_201,EMA
410,Drug_413,EMA
208,Drug_211,FDA
36,Drug_189,FDA
374,Drug_345,FDA
452,Drug_422,FDA
379,Drug_62,FDA
486,Drug_47,EMA
20,Drug_205,EMA
456,Drug_469,EMA
79,Drug_443,FDA
133,Drug_195,FDA
7,Drug_123,FDA
237,Drug_487,EMA
364,Drug_211,FDA
465,Drug_482,EMA
398,Drug_235,EMA
326,Drug_57,EMA
328,Drug_37,EMA
304,Drug_378,EMA
306,Drug_367,EMA
88,Drug_409,EMA
46,Drug_185,FDA
272,Drug_32,FDA
66,Drug_85,EMA
20,Drug_162,FDA
261,Drug_112,FDA
77,Drug_354,EMA
385,Drug_346,FDA
186,Drug_331,EMA
95,Drug_196,FDA
100,Drug_469,EMA
182,Drug_271,FDA
379,Drug_298,FDA
244,Drug_125,EMA
323,Drug_56,EMA
387,Drug_313,FDA
294,Drug_194,EMA
366,Drug_372,EMA
280,Drug_129,EMA
190,Drug_244,FDA
389,Drug_395,EMA
498,Drug_393,FDA
365,Drug_452,EMA
145,Drug_223,FDA
173,Drug_48,EMA
213,Drug_464,EMA
234,Drug_260,FDA
426,Drug_170,EMA
156,Drug_42,EMA
32,Drug_400,FDA
323,Drug_269,FDA
35,Drug_240,FDA
369,Drug_29,FDA
33,Drug_92,FDA
70,Drug_488,FDA
344,Drug_478,EMA
124,Drug_217,EMA
160,Drug_414,EMA
55,Drug_337,FDA
168,Drug_128,FDA
395,Drug_434,FDA
443,Drug_93,FDA
498,Drug_489,FDA
450,Drug_430,EMA
326,Drug_370,FDA
130,Drug_296,EMA
91,Drug_181,FDA
196,Drug_236,FDA
267,Drug_132,EMA
198,Drug_264,FDA
428,Drug_211,FDA
424,Drug_454,FDA
273,Drug_365,EMA
50,Drug_63,FDA
441,Drug_171,EMA
266,Drug_19,EMA
270,Drug_451,EMA
9,Drug_15,EMA
437,Drug_499,EMA
470,Drug_357,FDA
146,Drug_370,EMA
50,Drug_153,FDA
277,Drug_393,EMA
477,Drug_307,FDA
406,Drug_130,FDA
54,Drug_170,EMA
82,Drug_156,EMA
160,Drug_353,FDA
357,Drug_184,EMA
481,Drug_111,FDA
146,Drug_48,FDA
376,Drug_376,EMA
175,Drug_448,FDA
209,Drug_185,EMA
239,Drug_443,EMA
499,Drug_6,EMA
348,Drug_186,FDA
420,Drug_142,EMA
77,Drug_88,EMA
418,Drug_432,FDA
55,Drug_202,EMA
438,Drug_376,EMA
389,Drug_68,FDA
207,Drug_59,EMA
236,Drug_150,EMA
349,Drug_173,FDA
97,Drug_417,EMA
93,Drug_293,FDA
116,Drug_314,FDA
48,Drug_414,EMA
466,Drug_348,EMA
417,Drug_378,FDA
175,Drug_395,EMA
431,Drug_179,FDA
173,Drug_80,FDA
140,Drug_59,FDA
480,Drug_483,FDA
47,Drug_219,EMA
71,Drug_43,FDA
61,Drug_366,FDA
246,Drug_418,EMA
219,Drug_323,EMA
236,Drug_7,FDA
86,Drug_375,FDA
227,Drug_384,FDA
394,Drug_326,EMA
245,Drug_86,FDA
447,Drug_58,FDA
105,Drug_251,EMA
53,Drug_184,FDA
35,Drug_453,EMA
490,Drug_227,FDA
61,Drug_162,EMA
39,Drug_134,FDA
469,Drug_96,EMA
443,Drug_20,FDA
37,Drug_316,FDA
426,Drug_116,FDA
325,Drug_349,EMA
216,Drug_6,FDA
159,Drug_493,FDA
215,Drug_437,EMA
78,Drug_247,FDA
276,Drug_207,FDA
183,Drug_417,FDA
480,Drug_408,FDA
309,Drug_241,FDA
10,Drug_390,FDA
305,Drug_429,FDA
93,Drug_149,EMA
254,Drug_313,EMA
327,Drug_474,FDA
123,Drug_277,FDA
370,Drug_337,EMA
39,Drug_359,EMA
293,Drug_12,FDA
463,Drug_251,EMA
357,Drug_120,EMA
188,Drug_96,FDA
341,Drug_470,EMA
271,Drug_339,EMA
328,Drug_152,EMA
213,Drug_143,EMA
471,Drug_37,FDA
63,Drug_155,EMA
178,Drug_217,FDA
452,Drug_428,FDA
269,Drug_470,FDA
236,Drug_358,EMA
165,Drug_429,FDA
326,Drug_476,EMA
443,Drug_301,FDA
449,Drug_341,EMA
461,Drug_233,EMA
468,Drug_219,FDA
235,Drug_247,FDA
492,Drug_329,FDA
397,Drug_322,FDA
333,Drug_19,EMA
113,Drug_477,EMA
3,Drug_151,EMA
100,Drug_159,FDA
499,Drug_426,FDA
457,Drug_93,FDA
192,Drug_73,FDA
439,Drug_77,EMA
208,Drug_473,FDA
6,Drug_188,EMA
33,Drug_394,FDA
109,Drug_484,FDA
416,Drug_372,EMA
429,Drug_117,FDA
112,Drug_444,EMA
9,Drug_144,FDA
404,Drug_56,EMA
411,Drug_50,FDA
389,Drug_373,EMA
73,Drug_474,FDA
147,Drug_282,EMA
340,Drug_161,FDA
499,Drug_330,FDA
3,Drug_144,FDA
131,Drug_180,FDA
235,Drug_301,FDA
212,Drug_157,EMA
361,Drug_39,FDA
450,Drug_236,EMA
356,Drug_202,FDA
316,Drug_150,FDA
116,Drug_358,EMA
110,Drug_138,FDA
201,Drug_368,EMA
108,Drug_363,FDA
65,Drug_31,EMA
213,Drug_124,FDA
250,Drug_228,FDA
182,Drug_472,FDA
427,Drug_85,EMA
492,Drug_498,EMA
182,Drug_62,FDA
425,Drug_487,EMA
220,Drug_25,EMA
367,Drug_261,FDA
101,Drug_374,EMA
239,Drug_189,FDA
168,Drug_462,FDA
389,Drug_50,FDA
179,Drug_199,EMA
380,Drug_417,FDA
305,Drug_6,EMA
387,Drug_457,EMA
46,Drug_98,EMA
95,Drug_454,FDA
403,Drug_319,FDA
64,Drug_456,FDA
92,Drug_247,EMA
113,Drug_62,EMA
172,Drug_2,FDA
125,Drug_93,FDA
374,Drug_475,EMA
208,Drug_48,EMA
314,Drug_12,EMA
145,Drug_482,EMA
298,Drug_183,EMA
87,Drug_370,EMA
128,Drug_64,EMA
105,Drug_316,EMA
192,Drug_52,EMA
342,Drug_325,EMA
282,Drug_181,FDA
108,Drug_146,FDA
29,Drug_191,FDA
334,Drug_13,EMA
299,Drug_175,FDA
320,Drug_152,EMA
212,Drug_225,EMA
365,Drug_306,EMA
14,Drug_436,FDA
165,Drug_119,FDA
132,Drug_219,FDA
499,Drug_265,FDA
68,Drug_202,FDA
165,Drug_278,EMA
268,Drug_90,EMA
178,Drug_119,EMA
425,Drug_83,EMA
72,Drug_59,EMA
440,Drug_440,EMA
356,Drug_318,EMA
456,Drug_330,FDA
457,Drug_274,EMA
136,Drug_195,FDA
382,Drug_154,FDA
238,Drug_339,EMA
454,Drug_444,EMA
178,Drug_415,FDA
468,Drug_258,FDA
314,Drug_430,FDA
231,Drug_473,FDA
202,Drug_298,EMA
13,Drug_352,FDA
238,Drug_40,FDA
142,Drug_218,EMA
153,Drug_413,FDA
239,Drug_214,EMA
399,Drug_292,EMA
138,Drug_248,EMA
275,Drug_333,EMA
418,Drug_493,EMA
351,Drug_360,FDA
137,Drug_186,FDA
209,Drug_62,FDA
441,Drug_169,FDA
404,Drug_328,EMA
32,Drug_260,FDA
350,Drug_209,FDA
292,Drug_197,FDA
404,Drug_351,EMA
310,Drug_331,EMA
15,Drug_26,FDA
201,Drug_48,EMA
419,Drug_18,FDA
138,Drug_239,FDA
488,Drug_247,EMA
284,Drug_297,EMA
294,Drug_441,EMA
25,Drug_456,EMA
15,Drug_166,EMA
72,Drug_317,EMA
339,Drug_408,EMA
39,Drug_365,EMA
29,Drug_175,FDA
199,Drug_48,EMA
179,Drug_385,EMA
474,Drug_257,EMA
458,Drug_460,FDA
56,Drug_421,FDA
197,Drug_277,EMA
257,Drug_51,FDA
421,Drug_138,EMA
450,Drug_327,EMA
24,Drug_15,FDA
246,Drug_284,EMA
17,Drug_307,EMA
266,Drug_480,FDA
40,Drug_135,EMA
345,Drug_70,EMA
197,Drug_75,FDA
443,Drug_67,EMA
335,Drug_373,EMA
120,Drug_281,EMA
32,Drug_177,EMA
104,Drug_268,FDA
431,Drug_411,EMA
29,Drug_97,EMA
131,Drug_252,EMA
234,Drug_179,FDA
360,Drug_58,FDA
231,Drug_267,EMA
407,Drug_328,EMA
195,Drug_199,FDA
74,Drug_402,FDA
426,Drug_363,FDA
391,Drug_480,FDA
37,Drug_46,EMA
144,Drug_21,FDA
211,Drug_23,EMA
227,Drug_470,EMA
297,Drug_126,FDA
105,Drug_48,FDA
189,Drug_101,EMA
133,Drug_453,FDA
356,Drug_100,EMA
231,Drug_466,EMA
9,Drug_395,EMA
359,Drug_420,FDA
303,Drug_193,EMA
235,Drug_362,FDA
450,Drug_237,EMA
500,Drug_340,EMA
300,Drug_41,EMA
447,Drug_476,FDA
491,Drug_70,EMA
220,Drug_363,FDA
54,Drug_205,EMA
27,Drug_30,EMA
309,Drug_198,EMA
344,Drug_458,EMA
286,Drug_489,FDA
105,Drug_37,EMA
450,Drug_327,EMA
300,Drug_267,EMA
196,Drug_50,FDA
477,Drug_368,FDA
402,Drug_110,EMA
55,Drug_125,FDA
225,Drug_400,FDA
147,Drug_191,EMA
214,Drug_457,EMA
476,Drug_229,FDA
480,Drug_483,EMA
294,Drug_235,FDA
357,Drug_436,FDA
41,Drug_316,FDA
172,Drug_100,FDA
20,Drug_196,FDA
370,Drug_397,FDA
193,Drug_329,EMA
210,Drug_74,FDA
260,Drug_17,EMA
327,Drug_367,FDA
385,Drug_9,EMA
443,Drug_392,FDA
96,Drug_179,FDA
106,Drug_496,FDA
424,Drug_54,EMA
150,Drug_359,FDA
63,Drug_136,EMA
1,Drug_7,EMA
430,Drug_92,FDA
324,Drug_91,EMA
430,Drug_312,EMA
102,Drug_115,FDA
286,Drug_43,FDA
438,Drug_298,FDA
95,Drug_173,EMA
411,Drug_337,EMA
212,Drug_277,FDA
101,Drug_471,EMA
243,Drug_35,FDA
23,Drug_489,EMA
10,Drug_191,FDA
247,Drug_411,FDA
329,Drug_184,FDA
482,Drug_11,FDA
349,Drug_173,EMA
60,Drug_442,EMA
63,Drug_307,FDA
202,Drug_301,FDA
66,Drug_280,EMA
219,Drug_433,FDA
423,Drug_477,FDA
229,Drug_214,EMA
425,Drug_180,FDA
491,Drug_101,EMA
457,Drug_411,EMA
309,Drug_7,FDA
312,Drug_83,FDA
449,Drug_202,EMA
420,Drug_181,FDA
294,Drug_263,EMA
159,Drug_377,EMA
286,Drug_22,FDA
309,Drug_224,EMA
148,Drug_9,FDA
27,Drug_59,EMA
358,Drug_401,EMA
270,Drug_189,FDA
101,Drug_68,FDA
60,Drug_45,EMA
4,Drug_139,FDA
493,Drug_384,EMA
195,Drug_268,EMA
347,Drug_330,EMA
392,Drug_456,FDA
150,Drug_151,EMA
294,Drug_50,EMA
206,Drug_154,FDA
450,Drug_130,FDA
21,Drug_346,EMA
383,Drug_130,FDA
408,Drug_303,EMA
16,Drug_431,FDA
495,Drug_328,EMA
144,Drug_277,FDA
63,Drug_127,FDA
474,Drug_141,EMA
322,Drug_99,EMA
148,Drug_298,FDA
93,Drug_395,FDA
174,Drug_49,FDA
485,Drug_119,EMA
24,Drug_86,FDA
232,Drug_386,EMA
232,Drug_98,FDA
116,Drug_458,FDA
455,Drug_113,EMA
170,Drug_331,EMA
216,Drug_272,EMA
174,Drug_120,EMA
167,Drug_488,FDA
333,Drug_246,FDA
11,Drug_145,EMA
218,Drug_193,EMA
338,Drug_340,FDA
28,Drug_69,FDA
99,Drug_443,FDA
132,Drug_188,FDA
111,Drug_494,FDA
437,Drug_114,FDA
266,Drug_341,EMA
370,Drug_337,FDA
123,Drug_294,EMA
214,Drug_149,FDA
390,Drug_462,FDA
465,Drug_131,EMA
138,Drug_223,EMA
384,Drug_443,FDA
160,Drug_458,EMA
67,Drug_421,EMA
255,Drug_5,FDA
68,Drug_12,EMA
317,Drug_398,EMA
359,Drug_491,FDA
147,Drug_381,EMA
161,Drug_250,FDA
284,Drug_374,FDA
232,Drug_141,EMA
87,Drug_355,EMA
417,Drug_208,FDA
489,Drug_31,EMA
79,Drug_353,EMA
3,Drug_232,FDA
406,Drug_240,FDA
274,Drug_295,EMA
489,Drug_424,FDA
370,Drug_58,FDA
163,Drug_223,EMA
408,Drug_48,FDA
174,Drug_326,FDA
155,Drug_282,EMA
238,Drug_7,FDA
135,Drug_90,EMA
237,Drug_50,FDA
201,Drug_246,FDA
251,Drug_3,EMA
336,Drug_339,EMA
289,Drug_336,FDA
258,Drug_361,EMA
60,Drug_138,EMA
327,Drug_116,FDA
57,Drug_398,FDA
121,Drug_223,EMA
149,Drug_481,FDA
408,Drug_335,FDA
433,Drug_244,EMA
303,Drug_404,EMA
487,Drug_224,EMA
36,Drug_149,EMA
186,Drug_337,FDA
457,Drug_139,EMA
423,Drug_186,EMA
485,Drug_171,FDA
196,Drug_216,FDA
370,Drug_125,FDA
300,Drug_203,EMA
213,Drug_69,EMA
498,Drug_326,FDA
298,Drug_428,EMA
230,Drug_343,EMA
493,Drug_400,FDA
35,Drug_442,EMA
85,Drug_357,FDA
171,Drug_186,FDA
485,Drug_396,EMA
110,Drug_154,EMA
267,Drug_204,FDA
318,Drug_317,EMA
273,Drug_244,EMA
400,Drug_340,EMA
169,Drug_3,FDA
156,Drug_158,EMA
27,Drug_226,EMA
86,Drug_169,EMA
58,Drug_499,FDA
331,Drug_354,FDA
53,Drug_308,FDA
222,Drug_391,FDA
111,Drug_79,EMA
212,Drug_40,FDA
170,Drug_169,FDA
187,Drug_203,FDA
344,Drug_495,FDA
64,Drug_136,FDA
466,Drug_397,EMA
271,Drug_234,EMA
469,Drug_378,EMA
146,Drug_184,EMA
329,Drug_300,FDA
405,Drug_4,FDA
179,Drug_405,FDA
63,Drug_382,EMA
324,Drug_312,EMA
228,Drug_154,EMA
66,Drug_117,FDA
482,Drug_243,EMA
198,Drug_207,EMA
220,Drug_468,FDA
54,Drug_417,FDA
375,Drug_378,EMA
271,Drug_43,EMA
219,Drug_447,FDA
79,Drug_251,FDA
256,Drug_75,FDA
484,Drug_351,FDA
253,Drug_293,FDA
49,Drug_233,FDA
390,Drug_78,FDA
156,Drug_135,EMA
349,Drug_423,FDA
191,Drug_112,FDA
154,Drug_148,FDA
56,Drug_165,FDA
301,Drug_233,EMA
252,Drug_426,EMA
499,Drug_399,EMA
390,Drug_74,EMA
26,Drug_207,FDA
450,Drug_261,FDA
402,Drug_159,EMA
456,Drug_110,FDA
232,Drug_167,FDA
304,Drug_440,EMA
420,Drug_374,FDA
148,Drug_214,FDA
385,Drug_192,EMA
489,Drug_368,EMA
106,Drug_499,EMA
326,Drug_417,FDA
257,Drug_378,FDA
52,Drug_55,FDA
123,Drug_334,FDA
261,Drug_160,EMA
285,Drug_336,EMA
394,Drug_332,FDA
12,Drug_481,EMA
256,Drug_285,EMA
63,Drug_245,FDA
469,Drug_169,EMA
390,Drug_177,FDA
99,Drug_375,FDA
317,Drug_167,EMA
292,Drug_255,FDA
247,Drug_112,FDA
143,Drug_155,FDA
274,Drug_445,EMA
294,Drug_64,FDA
104,Drug_325,EMA
430,Drug_83,FDA
201,Drug_368,FDA
455,Drug_127,FDA
253,Drug_370,EMA
35,Drug_371,FDA
10,Drug_363,FDA
91,Drug_433,EMA
319,Drug_313,FDA
324,Drug_67,EMA
420,Drug_3,EMA
430,Drug_321,FDA
189,Drug_8,FDA
284,Drug_298,FDA
406,Drug_185,EMA
387,Drug_457,FDA
425,Drug_372,FDA
293,Drug_190,FDA
456,Drug_290,EMA
278,Drug_424,FDA
470,Drug_258,FDA
399,Drug_384,EMA
223,Drug_170,EMA
109,Drug_270,EMA
15,Drug_295,EMA
481,Drug_3,FDA
216,Drug_473,FDA
40,Drug_143,EMA
94,Drug_317,EMA
359,Drug_401,FDA
357,Drug_466,FDA
316,Drug_17,EMA
182,Drug_333,EMA
214,Drug_254,EMA
431,Drug_269,EMA
65,Drug_85,FDA
25,Drug_390,FDA
142,Drug_174,FDA
325,Drug_51,EMA
464,Drug_36,EMA
350,Drug_382,EMA
206,Drug_464,FDA
500,Drug_386,FDA
49,Drug_162,EMA
407,Drug_82,FDA
470,Drug_378,FDA
411,Drug_388,EMA
285,Drug_212,FDA
409,Drug_444,EMA
281,Drug_356,FDA
379,Drug_476,FDA
122,Drug_17,FDA
356,Drug_344,FDA
114,Drug_471,EMA
106,Drug_139,EMA
416,Drug_380,EMA
98,Drug_281,FDA
486,Drug_6,EMA
194,Drug_211,FDA
239,Drug_140,FDA
160,Drug_167,FDA
303,Drug_445,EMA
340,Drug_275,FDA
70,Drug_7,FDA
129,Drug_26,EMA
33,Drug_14,EMA
223,Drug_411,FDA
440,Drug_324,EMA
371,Drug_36,FDA
35,Drug_55,FDA
461,Drug_15,FDA
139,Drug_108,FDA
71,Drug_115,EMA
393,Drug_456,FDA
225,Drug_64,FDA
310,Drug_430,EMA
302,Drug_211,FDA
75,Drug_251,FDA
323,Drug_351,EMA
26,Drug_332,EMA
458,Drug_39,EMA
358,Drug_343,FDA
392,Drug_186,FDA
480,Drug_97,EMA
124,Drug_44,EMA
433,Drug_38,EMA
497,Drug_247,EMA
411,Drug_105,FDA
301,Drug_438,FDA
383,Drug_397,EMA
196,Drug_51,EMA
450,Drug_257,EMA
19,Drug_146,FDA
319,Drug_142,EMA
308,Drug_342,FDA
426,Drug_306,FDA
210,Drug_455,FDA
285,Drug_185,EMA
24,Drug_315,EMA
442,Drug_397,FDA
470,Drug_342,EMA
178,Drug_83,FDA
63,Drug_87,FDA
7,Drug_149,EMA
180,Drug_433,EMA
418,Drug_382,EMA
295,Drug_296,FDA
175,Drug_104,FDA
314,Drug_75,FDA
314,Drug_303,FDA
224,Drug_118,EMA
493,Drug_484,FDA
98,Drug_216,EMA
444,Drug_337,EMA
82,Drug_17,EMA
409,Drug_475,EMA
246,Drug_438,FDA
330,Drug_72,EMA
200,Drug_276,FDA
163,Drug_358,EMA
382,Drug_445,FDA
403,Drug_203,FDA
230,Drug_101,EMA
27,Drug_47,FDA
89,Drug_423,FDA
40,Drug_311,FDA
233,Drug_312,EMA
4,Drug_263,FDA
28,Drug_183,EMA
385,Drug_74,FDA
373,Drug_167,FDA
12,Drug_334,FDA
498,Drug_496,FDA
87,Drug_268,EMA
259,Drug_253,EMA
74,Drug_380,EMA
256,Drug_217,FDA
268,Drug_424,EMA
245,Drug_268,FDA
279,Drug_27,FDA
390,Drug_319,EMA
304,Drug_66,EMA
405,Drug_417,FDA
479,Drug_43,FDA
415,Drug_335,FDA
157,Drug_235,EMA
60,Drug_415,FDA
423,Drug_27,EMA
237,Drug_355,EMA
454,Drug_403,EMA
150,Drug_444,FDA
410,Drug_484,EMA
198,Drug_374,EMA
91,Drug_113,FDA
496,Drug_247,FDA
184,Drug_301,EMA
438,Drug_397,EMA
270,Drug_449,EMA
461,Drug_484,FDA
307,Drug_214,EMA
191,Drug_402,FDA
251,Drug_169,FDA
145,Drug_126,FDA
353,Drug_74,EMA
139,Drug_262,EMA
242,Drug_431,EMA
281,Drug_166,EMA
305,Drug_264,FDA
474,Drug_329,FDA
491,Drug_390,EMA
147,Drug_311,EMA
206,Drug_284,EMA
188,Drug_271,FDA
404,Drug_129,FDA
5,Drug_56,EMA
78,Drug_89,EMA
183,Drug_382,FDA
61,Drug_494,FDA
405,Drug_182,EMA
386,Drug_346,FDA
9,Drug_352,EMA
356,Drug_10,FDA
188,Drug_367,EMA
11,Drug_208,EMA
448,Drug_382,FDA
56,Drug_452,EMA
300,Drug_259,EMA
297,Drug_22,EMA
206,Drug_355,EMA
293,Drug_315,EMA
172,Drug_112,EMA
4,Drug_319,FDA
16,Drug_120,EMA
409,Drug_411,EMA
141,Drug_11,EMA
205,Drug_149,EMA
170,Drug_274,EMA
291,Drug_405,FDA
400,Drug_398,FDA
1,Drug_26,EMA
418,Drug_283,FDA
378,Drug_410,EMA
12,Drug_312,FDA
34,Drug_186,EMA
242,Drug_203,EMA
271,Drug_414,EMA
350,Drug_418,FDA
347,Drug_151,FDA
250,Drug_292,EMA
36,Drug_223,FDA
395,Drug_483,FDA
436,Drug_437,EMA
303,Drug_142,FDA
218,Drug_185,EMA
206,Drug_10,EMA
369,Drug_414,FDA
277,Drug_432,FDA
429,Drug_73,FDA
128,Drug_97,FDA
129,Drug_282,EMA
21,Drug_113,EMA
38,Drug_352,FDA
25,Drug_484,FDA
122,Drug_365,EMA
280,Drug_377,EMA
94,Drug_490,EMA
146,Drug_313,EMA
167,Drug_487,EMA
9,Drug_486,EMA
190,Drug_244,EMA
201,Drug_408,EMA
427,Drug_44,FDA
290,Drug_129,FDA
256,Drug_411,EMA
381,Drug_185,FDA
488,Drug_106,FDA
343,Drug_320,EMA
460,Drug_151,FDA
48,Drug_196,EMA
203,Drug_108,EMA
115,Drug_251,FDA
128,Drug_489,EMA
56,Drug_112,FDA
259,Drug_21,EMA
347,Drug_19,EMA
1,Drug_83,FDA
303,Drug_136,FDA
440,Drug_40,FDA
312,Drug_13,FDA
113,Drug_320,EMA
168,Drug_339,EMA
418,Drug_492,EMA
463,Drug_363,EMA
301,Drug_68,EMA
162,Drug_130,FDA
277,Drug_377,EMA
324,Drug_342,EMA
315,Drug_300,FDA
371,Drug_2,EMA
226,Drug_480,FDA
145,Drug_420,EMA
120,Drug_83,EMA
28,Drug_318,FDA
393,Drug_14,EMA
258,Drug_231,EMA
298,Drug_180,EMA
354,Drug_408,FDA
386,Drug_457,FDA
313,Drug_98,FDA
308,Drug_476,EMA
454,Drug_398,FDA
411,Drug_299,EMA
35,Drug_334,EMA
227,Drug_105,FDA
42,Drug_403,EMA
362,Drug_351,FDA
361,Drug_72,EMA
273,Drug_32,EMA
320,Drug_101,EMA
80,Drug_152,EMA
213,Drug_68,FDA
302,Drug_326,FDA
125,Drug_240,EMA
296,Drug_371,FDA
142,Drug_96,EMA
353,Drug_84,FDA
250,Drug_83,FDA
492,Drug_69,FDA
190,Drug_409,FDA
395,Drug_414,FDA
409,Drug_26,FDA
495,Drug_263,FDA
211,Drug_251,EMA
25,Drug_225,EMA
135,Drug_131,EMA
113,Drug_45,EMA
21,Drug_215,FDA
429,Drug_196,EMA
343,Drug_33,FDA
420,Drug_21,EMA
92,Drug_276,EMA
365,Drug_453,EMA
487,Drug_456,EMA
5,Drug_232,EMA
454,Drug_266,EMA
6,Drug_496,FDA
411,Drug_173,FDA
12,Drug_345,FDA
78,Drug_30,FDA
117,Drug_130,FDA
485,Drug_403,FDA
378,Drug_232,EMA
294,Drug_488,FDA
136,Drug_265,FDA
57,Drug_210,EMA
211,Drug_382,FDA
320,Drug_457,EMA
389,Drug_149,FDA
139,Drug_89,FDA
92,Drug_233,FDA
248,Drug_447,FDA
365,Drug_105,FDA
31,Drug_153,EMA
184,Drug_340,EMA
304,Drug_128,FDA
183,Drug_376,FDA
289,Drug_447,EMA
159,Drug_245,EMA
332,Drug_206,FDA
318,Drug_193,FDA
499,Drug_7,FDA
169,Drug_170,FDA
372,Drug_299,FDA
352,Drug_16,EMA
65,Drug_331,EMA
491,Drug_101,EMA
363,Drug_26,EMA
486,Drug_205,FDA
142,Drug_225,EMA
3,Drug_155,FDA
328,Drug_448,FDA
131,Drug_107,FDA
108,Drug_374,FDA
237,Drug_254,FDA
326,Drug_149,EMA
267,Drug_54,EMA
148,Drug_470,EMA
27,Drug_175,EMA
230,Drug_15,EMA
339,Drug_199,EMA
474,Drug_231,FDA
272,Drug_3,EMA
124,Drug_136,FDA
36,Drug_224,EMA
454,Drug_8,FDA
210,Drug_229,FDA
389,Drug_425,EMA
242,Drug_356,EMA
197,Drug_390,EMA
438,Drug_410,FDA
71,Drug_268,EMA
209,Drug_87,FDA
418,Drug_106,EMA
219,Drug_413,FDA
385,Drug_447,EMA
470,Drug_334,FDA
333,Drug_275,FDA
259,Drug_128,FDA
294,Drug_488,EMA
339,Drug_168,FDA
74,Drug_152,FDA
46,Drug_497,FDA
33,Drug_436,FDA
333,Drug_324,EMA
344,Drug_453,FDA
45,Drug_192,EMA
37,Drug_283,FDA
302,Drug_122,FDA
500,Drug_471,FDA
467,Drug_151,FDA
253,Drug_332,FDA
250,Drug_270,EMA
454,Drug_340,EMA
476,Drug_273,FDA
448,Drug_422,FDA
182,Drug_359,FDA
346,Drug_465,EMA
471,Drug_297,FDA
59,Drug_100,FDA
305,Drug_277,EMA
71,Drug_93,EMA
352,Drug_435,FDA
167,Drug_446,EMA
25,Drug_319,EMA
241,Drug_106,EMA
122,Drug_33,EMA
390,Drug_211,EMA
57,Drug_293,FDA
111,Drug_481,FDA
37,Drug_101,FDA
489,Drug_263,EMA
376,Drug_153,FDA
123,Drug_455,FDA
97,Drug_363,EMA
466,Drug_183,EMA
199,Drug_354,FDA
386,Drug_348,FDA
27,Drug_432,EMA
436,Drug_438,FDA
128,Drug_1,FDA
457,Drug_178,EMA
151,Drug_434,FDA
111,Drug_219,EMA
31,Drug_287,EMA
352,Drug_127,FDA
232,Drug_498,EMA
211,Drug_306,FDA
77,Drug_304,FDA
398,Drug_413,EMA
490,Drug_132,FDA
127,Drug_451,FDA
149,Drug_138,EMA
95,Drug_182,EMA
456,Drug_17,FDA
421,Drug_28,EMA
90,Drug_84,EMA
327,Drug_32,EMA
93,Drug_364,EMA
140,Drug_280,FDA
422,Drug_162,EMA
401,Drug_257,EMA
94,Drug_174,FDA
385,Drug_348,FDA
409,Drug_171,EMA
255,Drug_468,FDA
499,Drug_434,FDA
11,Drug_368,EMA
492,Drug_246,FDA
460,Drug_452,EMA
299,Drug_415,FDA
138,Drug_50,FDA
95,Drug_232,EMA
289,Drug_107,EMA
294,Drug_315,FDA
442,Drug_143,FDA
220,Drug_327,FDA
143,Drug_321,EMA
8,Drug_273,EMA
169,Drug_122,EMA
151,Drug_342,FDA
170,Drug_328,EMA
430,Drug_255,FDA
323,Drug_120,FDA
28,Drug_15,EMA
249,Drug_412,FDA
430,Drug_485,FDA
321,Drug_310,FDA
463,Drug_277,EMA
205,Drug_443,FDA
479,Drug_26,FDA
81,Drug_100,FDA
297,Drug_245,FDA
241,Drug_74,EMA
374,Drug_259,EMA
300,Drug_457,EMA
432,Drug_334,EMA
498,Drug_307,FDA
108,Drug_103,EMA
368,Drug_93,EMA
492,Drug_500,FDA
451,Drug_210,FDA
238,Drug_126,FDA
188,Drug_68,EMA
53,Drug_56,EMA
458,Drug_345,EMA
79,Drug_424,EMA
107,Drug_272,FDA
311,Drug_467,EMA
121,Drug_472,EMA
477,Drug_414,EMA
267,Drug_112,EMA
421,Drug_141,EMA
258,Drug_367,FDA
262,Drug_7,EMA
388,Drug_170,FDA
211,Drug_380,EMA
229,Drug_271,FDA
420,Drug_441,FDA
424,Drug_422,FDA
255,Drug_497,FDA
452,Drug_58,EMA
331,Drug_448,EMA
430,Drug_462,FDA
299,Drug_460,FDA
323,Drug_405,FDA
407,Drug_434,FDA
144,Drug_247,EMA
88,Drug_7,EMA
432,Drug_206,EMA
40,Drug_499,FDA
116,Drug_153,FDA
4,Drug_487,EMA
129,Drug_280,EMA
4,Drug_339,FDA
135,Drug_232,EMA
129,Drug_413,EMA
154,Drug_365,FDA
234,Drug_338,FDA
147,Drug_200,EMA
216,Drug_45,EMA
263,Drug_309,EMA
262,Drug_496,EMA
77,Drug_14,FDA
35,Drug_443,FDA
303,Drug_411,EMA
48,Drug_387,FDA
245,Drug_184,FDA
474,Drug_496,FDA
374,Drug_172,EMA
168,Drug_261,EMA
136,Drug_344,FDA
198,Drug_113,EMA
78,Drug_432,EMA
339,Drug_43,FDA
370,Drug_15,FDA
463,Drug_283,FDA
22,Drug_59,FDA
366,Drug_480,FDA
36,Drug_43,FDA
158,Drug_479,EMA
425,Drug_389,FDA
136,Drug_163,EMA
104,Drug_1,FDA
279,Drug_190,FDA
249,Drug_262,FDA
489,Drug_214,EMA
340,Drug_368,FDA
251,Drug_86,EMA
101,Drug_147,FDA
491,Drug_192,FDA
34,Drug_469,EMA
124,Drug_196,FDA
57,Drug_263,EMA
72,Drug_229,FDA
8,Drug_236,FDA
55,Drug_468,FDA
9,Drug_244,EMA
370,Drug_210,FDA
63,Drug_347,FDA
432,Drug_51,FDA
235,Drug_208,EMA
63,Drug_236,FDA
282,Drug_27,FDA
103,Drug_360,EMA
232,Drug_211,FDA
92,Drug_116,FDA
53,Drug_217,EMA
347,Drug_140,EMA
326,Drug_37,EMA
127,Drug_436,EMA
101,Drug_204,FDA
458,Drug_435,FDA
161,Drug_325,FDA
415,Drug_248,FDA
217,Drug_50,EMA
176,Drug_367,FDA
392,Drug_78,FDA
392,Drug_49,FDA
104,Drug_403,EMA
138,Drug_180,FDA
478,Drug_261,EMA
350,Drug_295,FDA
13,Drug_234,EMA
267,Drug_470,FDA
457,Drug_20,FDA
315,Drug_3,EMA
345,Drug_401,EMA
106,Drug_424,EMA
75,Drug_420,FDA
273,Drug_58,EMA
392,Drug_40,FDA
185,Drug_200,EMA
76,Drug_395,FDA
33,Drug_276,FDA
344,Drug_318,EMA
90,Drug_76,EMA
29,Drug_202,EMA
14,Drug_447,FDA
485,Drug_291,EMA
161,Drug_345,FDA
486,Drug_305,EMA
171,Drug_133,EMA
485,Drug_232,FDA
217,Drug_280,FDA
349,Drug_378,FDA
392,Drug_279,FDA
340,Drug_136,EMA
202,Drug_117,EMA
393,Drug_382,EMA
68,Drug_17,EMA
45,Drug_46,EMA
465,Drug_34,FDA
107,Drug_499,FDA
129,Drug_16,EMA
33,Drug_234,FDA
481,Drug_199,EMA
310,Drug_191,FDA
349,Drug_381,FDA
206,Drug_309,FDA
282,Drug_131,FDA
79,Drug_164,FDA
54,Drug_78,FDA
377,Drug_2,EMA
11,Drug_390,FDA
294,Drug_278,FDA
150,Drug_382,FDA
105,Drug_299,FDA
278,Drug_301,FDA
209,Drug_454,FDA
43,Drug_313,FDA
328,Drug_151,EMA
177,Drug_455,FDA
340,Drug_264,EMA
115,Drug_184,FDA
266,Drug_454,EMA
286,Drug_212,EMA
34,Drug_399,EMA
44,Drug_133,EMA
91,Drug_277,FDA
421,Drug_201,FDA
454,Drug_414,FDA
171,Drug_133,FDA
82,Drug_232,FDA
417,Drug_286,FDA
330,Drug_418,EMA
470,Drug_66,EMA
446,Drug_446,FDA
499,Drug_220,FDA
400,Drug_425,EMA
287,Drug_403,FDA
289,Drug_393,FDA
11,Drug_481,EMA
186,Drug_462,EMA
457,Drug_280,EMA
334,Drug_189,EMA
323,Drug_344,EMA
151,Drug_421,EMA
77,Drug_365,FDA
441,Drug_185,EMA
66,Drug_127,EMA
212,Drug_243,EMA
129,Drug_118,FDA
267,Drug_232,EMA
323,Drug_306,EMA
463,Drug_297,FDA
435,Drug_314,EMA
263,Drug_222,EMA
495,Drug_94,EMA
242,Drug_155,FDA
71,Drug_301,EMA
246,Drug_181,EMA
329,Drug_354,FDA
470,Drug_329,FDA
180,Drug_468,FDA
54,Drug_323,FDA
204,Drug_395,FDA
191,Drug_253,EMA
65,Drug_21,FDA
198,Drug_179,EMA
472,Drug_13,EMA
173,Drug_107,FDA
91,Drug_357,FDA
367,Drug_468,FDA
227,Drug_499,EMA
63,Drug_417,FDA
399,Drug_69,EMA
181,Drug_412,FDA
121,Drug_407,EMA
358,Drug_108,EMA
8,Drug_468,EMA
93,Drug_494,EMA
451,Drug_307,EMA
8,Drug_83,EMA
222,Drug_93,EMA
86,Drug_180,FDA
189,Drug_157,EMA
247,Drug_355,EMA
72,Drug_197,FDA
254,Drug_86,EMA
269,Drug_171,FDA
287,Drug_454,EMA
32,Drug_495,FDA
415,Drug_243,FDA
116,Drug_496,EMA
322,Drug_257,FDA
466,Drug_242,FDA
24,Drug_460,EMA
35,Drug_359,FDA
92,Drug_256,FDA
408,Drug_417,FDA
162,Drug_136,FDA
162,Drug_365,EMA
244,Drug_279,EMA
130,Drug_96,FDA
474,Drug_259,EMA
357,Drug_236,FDA
408,Drug_89,EMA
329,Drug_337,FDA
276,Drug_294,EMA
263,Drug_268,FDA
264,Drug_321,FDA
63,Drug_409,EMA
430,Drug_336,FDA
32,Drug_332,FDA
297,Drug_462,FDA
324,Drug_466,EMA
141,Drug_60,FDA
239,Drug_164,EMA
198,Drug_470,FDA
346,Drug_418,EMA
457,Drug_472,EMA
388,Drug_342,FDA
18,Drug_473,EMA
376,Drug_188,EMA
397,Drug_53,EMA
350,Drug_30,EMA
463,Drug_293,FDA
348,Drug_500,FDA
336,Drug_422,EMA
466,Drug_259,FDA
55,Drug_451,FDA
78,Drug_174,FDA
432,Drug_123,FDA
216,Drug_455,FDA
276,Drug_307,EMA
5,Drug_363,EMA
76,Drug_86,FDA
200,Drug_383,FDA
86,Drug_347,EMA
288,Drug_225,EMA
354,Drug_478,EMA
457,Drug_53,FDA
187,Drug_310,FDA
338,Drug_228,FDA
496,Drug_277,FDA
246,Drug_145,EMA
366,Drug_175,EMA
205,Drug_318,EMA
435,Drug_460,FDA
351,Drug_27,FDA
198,Drug_20,FDA
310,Drug_75,EMA
500,Drug_211,FDA
270,Drug_287,FDA
174,Drug_190,EMA
153,Drug_198,EMA
257,Drug_13,FDA
419,Drug_306,EMA
393,Drug_193,FDA
109,Drug_374,EMA
168,Drug_40,FDA
125,Drug_340,FDA
356,Drug_464,EMA
155,Drug_51,FDA
264,Drug_352,EMA
406,Drug_177,EMA
139,Drug_316,FDA
250,Drug_471,FDA
114,Drug_499,FDA
452,Drug_299,FDA
266,Drug_433,FDA
268,Drug_203,FDA
153,Drug_291,FDA
168,Drug_363,FDA
49,Drug_446,EMA
215,Drug_80,FDA
135,Drug_47,FDA
294,Drug_465,EMA
170,Drug_236,FDA
184,Drug_20,EMA
73,Drug_137,EMA
341,Drug_303,EMA
358,Drug_429,FDA
111,Drug_400,FDA
312,Drug_265,EMA
493,Drug_135,EMA
410,Drug_57,EMA
3,Drug_68,EMA
29,Drug_413,FDA
491,Drug_284,FDA
414,Drug_298,FDA
122,Drug_49,EMA
393,Drug_73,EMA
256,Drug_276,EMA
161,Drug_332,EMA
294,Drug_111,EMA
494,Drug_340,FDA
415,Drug_33,EMA
14,Drug_331,FDA
364,Drug_239,EMA
180,Drug_82,EMA
257,Drug_238,EMA
47,Drug_347,FDA
247,Drug_53,EMA
289,Drug_129,EMA
169,Drug_266,EMA
131,Drug_121,EMA
277,Drug_430,EMA
65,Drug_34,FDA
67,Drug_1,FDA
320,Drug_84,FDA
472,Drug_480,FDA
96,Drug_3,FDA
430,Drug_93,FDA
274,Drug_266,EMA
150,Drug_268,FDA
10,Drug_273,EMA
323,Drug_152,FDA
486,Drug_96,FDA
331,Drug_177,FDA
306,Drug_441,EMA
482,Drug_289,EMA
191,Drug_61,FDA
365,Drug_51,FDA
156,Drug_214,EMA
151,Drug_362,FDA
360,Drug_301,FDA
399,Drug_270,FDA
289,Drug_318,EMA
480,Drug_38,FDA
35,Drug_390,FDA
398,Drug_342,FDA
208,Drug_45,FDA
395,Drug_99,EMA
343,Drug_127,FDA
49,Drug_346,FDA
13,Drug_34,FDA
182,Drug_119,EMA
47,Drug_152,EMA
158,Drug_439,EMA
88,Drug_6,FDA
372,Drug_403,FDA
235,Drug_254,EMA
500,Drug_491,EMA
98,Drug_71,EMA
441,Drug_195,FDA
451,Drug_471,FDA
267,Drug_109,EMA
64,Drug_357,FDA
6,Drug_105,FDA
117,Drug_38,FDA
278,Drug_44,FDA
247,Drug_228,EMA
223,Drug_412,FDA
98,Drug_351,EMA
26,Drug_308,FDA
363,Drug_32,FDA
178,Drug_129,EMA
153,Drug_483,FDA
60,Drug_394,FDA
84,Drug_94,FDA
459,Drug_209,FDA
358,Drug_88,FDA
3,Drug_184,EMA
320,Drug_188,FDA
336,Drug_6,EMA
357,Drug_236,FDA
219,Drug_113,EMA
74,Drug_353,FDA
420,Drug_210,EMA
74,Drug_118,EMA
168,Drug_55,EMA
471,Drug_227,EMA
42,Drug_494,FDA
461,Drug_369,EMA
411,Drug_14,EMA
320,Drug_181,FDA
404,Drug_293,EMA
390,Drug_239,FDA
202,Drug_386,EMA
205,Drug_247,FDA
77,Drug_411,FDA
245,Drug_251,FDA
269,Drug_174,EMA
49,Drug_265,FDA
187,Drug_275,EMA
15,Drug_485,FDA
357,Drug_424,EMA
49,Drug_122,FDA
207,Drug_184,FDA
433,Drug_187,EMA
51,Drug_66,FDA
313,Drug_213,EMA
137,Drug_96,FDA
272,Drug_399,FDA
273,Drug_179,FDA
156,Drug_292,EMA
361,Drug_81,FDA
339,Drug_212,EMA
401,Drug_385,EMA
286,Drug_451,EMA
60,Drug_26,EMA
154,Drug_329,EMA
323,Drug_391,EMA
33,Drug_317,FDA
315,Drug_264,EMA
352,Drug_403,FDA
419,Drug_197,EMA
120,Drug_466,EMA
91,Drug_388,FDA
476,Drug_331,EMA
30,Drug_111,EMA
497,Drug_279,EMA
78,Drug_285,EMA
32,Drug_207,FDA
376,Drug_314,EMA
24,Drug_453,EMA
478,Drug_198,EMA
464,Drug_223,FDA
98,Drug_144,EMA
300,Drug_266,EMA
368,Drug_375,EMA
212,Drug_51,EMA
405,Drug_261,FDA
357,Drug_278,FDA
16,Drug_6,EMA
160,Drug_96,EMA
155,Drug_420,EMA
329,Drug_254,FDA
17,Drug_261,EMA
317,Drug_429,EMA
72,Drug_287,FDA
141,Drug_174,FDA
415,Drug_329,EMA
246,Drug_78,EMA
146,Drug_342,FDA
275,Drug_157,FDA
306,Drug_338,EMA
477,Drug_497,EMA
358,Drug_339,FDA
185,Drug_42,FDA
207,Drug_406,EMA
40,Drug_364,EMA
274,Drug_142,EMA
271,Drug_169,FDA
190,Drug_230,EMA
396,Drug_416,FDA
97,Drug_391,EMA
100,Drug_52,EMA
359,Drug_91,FDA
446,Drug_214,EMA
340,Drug_119,FDA
400,Drug_268,FDA
303,Drug_283,FDA
181,Drug_114,EMA
481,Drug_499,FDA
62,Drug_77,FDA
134,Drug_100,EMA
94,Drug_107,EMA
464,Drug_352,EMA
227,Drug_285,EMA
52,Drug_191,EMA
4,Drug_127,EMA
369,Drug_309,EMA
153,Drug_118,EMA
250,Drug_269,FDA
376,Drug_36,FDA
31,Drug_429,FDA
242,Drug_51,FDA
211,Drug_159,FDA
118,Drug_161,EMA
43,Drug_7,EMA
43,Drug_265,EMA
52,Drug_56,FDA
30,Drug_258,FDA
52,Drug_140,FDA
284,Drug_393,EMA
415,Drug_404,FDA
388,Drug_363,FDA
470,Drug_483,FDA
159,Drug_376,EMA
115,Drug_335,FDA
318,Drug_40,FDA
477,Drug_418,EMA
352,Drug_86,FDA
23,Drug_87,FDA
76,Drug_14,EMA
450,Drug_196,EMA
354,Drug_63,FDA
38,Drug_7,FDA
217,Drug_211,EMA
412,Drug_348,FDA
12,Drug_327,EMA
487,Drug_121,EMA
401,Drug_217,FDA
173,Drug_337,EMA
252,Drug_456,FDA
49,Drug_215,EMA
392,Drug_256,FDA
355,Drug_407,EMA
283,Drug_453,FDA
119,Drug_499,EMA
459,Drug_228,FDA
491,Drug_315,FDA
386,Drug_189,FDA
408,Drug_209,EMA
68,Drug_170,FDA
392,Drug_93,EMA
478,Drug_256,FDA
33,Drug_162,FDA
269,Drug_409,FDA
142,Drug_474,FDA
72,Drug_370,FDA
386,Drug_214,FDA
86,Drug_65,FDA
404,Drug_34,FDA
95,Drug_38,FDA
111,Drug_294,EMA
150,Drug_212,EMA
92,Drug_435,FDA
116,Drug_243,FDA
364,Drug_71,FDA
498,Drug_239,EMA
56,Drug_333,EMA
422,Drug_114,FDA
125,Drug_300,FDA
244,Drug_169,EMA
114,Drug_102,EMA
366,Drug_468,FDA
15,Drug_55,EMA
396,Drug_238,EMA
396,Drug_361,FDA
239,Drug_149,FDA
387,Drug_370,FDA
425,Drug_410,EMA
34,Drug_243,EMA
30,Drug_413,EMA
129,Drug_49,EMA
447,Drug_350,FDA
38,Drug_263,EMA
213,Drug_284,EMA
320,Drug_317,FDA
285,Drug_258,FDA
457,Drug_353,FDA
48,Drug_248,EMA
344,Drug_25,EMA
138,Drug_466,FDA
129,Drug_83,FDA
252,Drug_317,FDA
44,Drug_440,FDA
366,Drug_491,EMA
392,Drug_443,FDA
371,Drug_60,EMA
416,Drug_115,EMA
27,Drug_119,FDA
140,Drug_79,EMA
245,Drug_166,EMA
390,Drug_322,EMA
3,Drug_455,FDA
458,Drug_394,EMA
186,Drug_161,FDA
172,Drug_173,FDA
433,Drug_19,FDA
186,Drug_46,FDA
116,Drug_400,EMA
434,Drug_191,FDA
10,Drug_82,FDA
145,Drug_459,FDA
72,Drug_57,FDA
342,Drug_291,FDA
489,Drug_227,FDA
332,Drug_72,EMA
199,Drug_9,EMA
231,Drug_206,FDA
496,Drug_499,EMA
186,Drug_431,FDA
83,Drug_49,EMA
210,Drug_425,FDA
399,Drug_373,EMA
326,Drug_284,EMA
411,Drug_38,FDA
241,Drug_492,EMA
188,Drug_412,FDA
89,Drug_429,FDA
186,Drug_7,EMA
137,Drug_52,FDA
465,Drug_212,EMA
74,Drug_280,FDA
241,Drug_471,EMA
29,Drug_78,EMA
322,Drug_27,FDA
469,Drug_293,EMA
45,Drug_237,FDA
262,Drug_361,FDA
184,Drug_178,FDA
34,Drug_403,FDA
477,Drug_76,EMA
456,Drug_289,FDA
318,Drug_344,FDA
294,Drug_189,FDA
459,Drug_254,FDA
422,Drug_304,FDA
259,Drug_308,FDA
448,Drug_51,EMA
350,Drug_305,FDA
495,Drug_80,FDA
203,Drug_33,FDA
430,Drug_264,EMA
133,Drug_41,FDA
4,Drug_95,EMA
212,Drug_188,EMA
97,Drug_130,FDA
14,Drug_239,FDA
72,Drug_165,FDA
131,Drug_426,FDA
42,Drug_280,EMA
65,Drug_354,EMA
121,Drug_313,FDA
371,Drug_144,EMA
188,Drug_175,EMA
119,Drug_110,FDA
232,Drug_249,EMA
249,Drug_122,FDA
367,Drug_374,EMA
360,Drug_195,EMA
173,Drug_331,FDA
296,Drug_40,FDA
280,Drug_265,FDA
85,Drug_159,FDA
363,Drug_485,EMA
448,Drug_111,FDA
299,Drug_176,EMA
416,Drug_377,EMA
431,Drug_112,FDA
498,Drug_371,EMA
459,Drug_300,EMA
383,Drug_286,FDA
436,Drug_359,FDA
239,Drug_275,FDA
257,Drug_97,FDA
386,Drug_204,FDA
458,Drug_219,FDA
149,Drug_348,EMA
2,Drug_399,FDA
399,Drug_182,FDA
75,Drug_425,FDA
141,Drug_152,FDA
422,Drug_146,EMA
496,Drug_45,FDA
93,Drug_116,EMA
8,Drug_111,FDA
345,Drug_258,FDA
318,Drug_425,FDA
218,Drug_433,EMA
92,Drug_462,EMA
79,Drug_1,EMA
429,Drug_25,EMA
463,Drug_35,FDA
161,Drug_263,FDA
333,Drug_373,FDA
70,Drug_228,FDA
379,Drug_325,FDA
371,Drug_261,FDA
44,Drug_10,EMA
66,Drug_276,EMA
301,Drug_194,FDA
270,Drug_265,FDA
206,Drug_335,EMA
264,Drug_345,EMA
378,Drug_431,FDA
108,Drug_420,FDA
334,Drug_288,EMA
192,Drug_64,FDA
204,Drug_176,EMA
346,Drug_294,EMA
188,Drug_460,FDA
269,Drug_57,EMA
34,Drug_392,EMA
406,Drug_308,FDA
104,Drug_217,FDA
41,Drug_292,FDA
420,Drug_174,FDA
57,Drug_334,EMA
276,Drug_252,EMA
174,Drug_37,EMA
63,Drug_63,EMA
48,Drug_387,EMA
386,Drug_107,EMA
379,Drug_477,EMA
348,Drug_316,EMA
488,Drug_79,FDA
490,Drug_123,EMA
228,Drug_83,EMA
338,Drug_300,EMA
414,Drug_439,EMA
428,Drug_386,FDA
454,Drug_387,EMA
34,Drug_433,EMA
313,Drug_391,EMA
334,Drug_192,FDA
362,Drug_85,EMA
255,Drug_268,FDA
395,Drug_20,FDA
423,Drug_111,EMA
284,Drug_350,EMA
435,Drug_100,FDA
405,Drug_476,EMA
394,Drug_84,EMA
426,Drug_131,EMA
356,Drug_402,EMA
87,Drug_182,EMA
94,Drug_493,EMA
351,Drug_296,EMA
295,Drug_375,EMA
378,Drug_31,EMA
332,Drug_307,EMA
415,Drug_296,FDA
191,Drug_395,FDA
145,Drug_133,FDA
445,Drug_494,EMA
309,Drug_245,EMA
264,Drug_389,EMA
185,Drug_197,EMA
267,Drug_391,FDA
340,Drug_145,FDA
103,Drug_20,FDA
412,Drug_212,EMA
176,Drug_448,FDA
225,Drug_141,EMA
158,Drug_70,FDA
449,Drug_105,EMA
302,Drug_409,FDA
403,Drug_433,EMA
326,Drug_266,FDA
337,Drug_278,FDA
247,Drug_169,EMA
43,Drug_226,FDA
290,Drug_443,EMA
320,Drug_61,EMA
353,Drug_97,FDA
407,Drug_118,EMA
106,Drug_398,EMA
255,Drug_254,EMA
175,Drug_145,FDA
492,Drug_440,EMA
150,Drug_345,FDA
207,Drug_326,FDA
258,Drug_79,EMA
461,Drug_355,EMA
156,Drug_394,FDA
218,Drug_217,FDA
325,Drug_485,EMA
379,Drug_267,EMA
273,Drug_134,EMA
261,Drug_159,FDA
217,Drug_17,FDA
215,Drug_390,FDA
465,Drug_425,FDA
413,Drug_20,FDA
453,Drug_139,FDA
101,Drug_238,FDA
458,Drug_76,EMA
127,Drug_137,FDA
299,Drug_486,FDA
444,Drug_143,EMA
384,Drug_227,FDA
189,Drug_339,EMA
352,Drug_107,EMA
186,Drug_368,FDA
202,Drug_136,EMA
125,Drug_206,EMA
159,Drug_435,FDA
337,Drug_433,FDA
334,Drug_27,FDA
153,Drug_276,EMA
11,Drug_142,FDA
467,Drug_114,FDA
82,Drug_87,FDA
181,Drug_261,FDA
177,Drug_228,FDA
94,Drug_123,FDA
12,Drug_463,FDA
426,Drug_367,EMA
1,Drug_170,EMA
457,Drug_43,EMA
106,Drug_75,EMA
313,Drug_429,EMA
369,Drug_426,EMA
443,Drug_232,EMA
194,Drug_153,EMA
298,Drug_85,FDA
500,Drug_154,EMA
82,Drug_58,EMA
491,Drug_127,EMA
259,Drug_231,FDA
395,Drug_279,FDA
327,Drug_427,FDA
118,Drug_466,FDA
176,Drug_319,FDA
254,Drug_382,EMA
354,Drug_30,FDA
115,Drug_470,FDA
43,Drug_267,EMA
130,Drug_278,FDA
254,Drug_40,EMA
170,Drug_67,FDA
283,Drug_278,EMA
200,Drug_152,EMA
437,Drug_42,FDA
26,Drug_416,EMA
313,Drug_90,FDA
62,Drug_139,FDA
241,Drug_312,EMA
163,Drug_32,EMA
155,Drug_6,FDA
335,Drug_240,EMA
91,Drug_42,FDA
61,Drug_326,EMA
443,Drug_244,EMA
388,Drug_414,FDA
424,Drug_81,EMA
115,Drug_379,EMA
414,Drug_247,FDA
147,Drug_92,EMA
211,Drug_333,EMA
297,Drug_358,EMA
279,Drug_131,FDA
56,Drug_41,EMA
334,Drug_345,FDA
328,Drug_228,FDA
130,Drug_486,EMA
362,Drug_211,FDA
334,Drug_179,EMA
277,Drug_164,FDA
16,Drug_344,FDA
35,Drug_428,FDA
194,Drug_90,EMA
390,Drug_370,EMA
59,Drug_429,EMA
125,Drug_229,EMA
297,Drug_398,EMA
236,Drug_475,FDA
96,Drug_71,FDA
414,Drug_426,EMA
442,Drug_355,EMA
468,Drug_273,FDA
100,Drug_114,FDA
123,Drug_147,FDA
95,Drug_150,EMA
92,Drug_336,EMA
236,Drug_380,EMA
351,Drug_9,EMA
403,Drug_13,EMA
347,Drug_246,EMA
181,Drug_312,EMA
324,Drug_384,FDA
257,Drug_150,FDA
458,Drug_335,EMA
309,Drug_76,FDA
319,Drug_76,EMA
157,Drug_52,FDA
220,Drug_151,FDA
330,Drug_357,FDA
163,Drug_355,FDA
358,Drug_158,EMA
154,Drug_40,EMA
392,Drug_6,FDA
413,Drug_498,EMA
331,Drug_254,EMA
132,Drug_68,EMA
456,Drug_461,FDA
409,Drug_468,EMA
441,Drug_315,FDA
459,Drug_367,FDA
380,Drug_26,EMA
170,Drug_146,EMA
145,Drug_25,EMA
102,Drug_271,EMA
396,Drug_235,EMA
199,Drug_228,EMA
67,Drug_290,EMA
423,Drug_188,FDA
429,Drug_198,FDA
414,Drug_25,FDA
439,Drug_116,EMA
349,Drug_421,FDA
223,Drug_91,FDA
127,Drug_301,FDA
417,Drug_472,EMA
303,Drug_328,EMA
356,Drug_37,FDA
179,Drug_72,EMA
391,Drug_36,EMA
397,Drug_142,FDA
135,Drug_296,EMA
103,Drug_341,EMA
41,Drug_175,EMA
20,Drug_63,EMA
232,Drug_266,FDA
272,Drug_172,FDA
152,Drug_377,FDA
256,Drug_109,EMA
85,Drug_395,FDA
461,Drug_430,EMA
414,Drug_122,FDA
492,Drug_81,EMA
7,Drug_188,EMA
203,Drug_21,EMA
361,Drug_470,FDA
103,Drug_158,EMA
220,Drug_71,EMA
159,Drug_336,EMA
96,Drug_182,EMA
189,Drug_398,FDA
448,Drug_139,EMA
395,Drug_142,FDA
214,Drug_120,EMA
453,Drug_114,FDA
287,Drug_378,FDA
408,Drug_23,EMA
92,Drug_94,FDA
193,Drug_281,FDA
293,Drug_11,FDA
201,Drug_437,FDA
28,Drug_54,EMA
14,Drug_304,FDA
141,Drug_488,EMA
131,Drug_175,EMA
1,Drug_230,FDA
155,Drug_137,FDA
194,Drug_309,FDA
152,Drug_446,FDA
296,Drug_464,EMA
116,Drug_288,FDA
80,Drug_81,EMA
471,Drug_189,EMA
123,Drug_129,EMA
392,Drug_321,FDA
472,Drug_64,FDA
186,Drug_9,EMA
424,Drug_370,EMA
73,Drug_327,FDA
360,Drug_158,EMA
368,Drug_322,FDA
107,Drug_376,EMA
95,Drug_344,FDA
252,Drug_208,FDA
42,Drug_89,FDA
183,Drug_176,FDA
5,Drug_195,FDA
450,Drug_466,EMA
280,Drug_177,EMA
169,Drug_287,EMA
5,Drug_42,EMA
217,Drug_6,FDA
27,Drug_2,EMA
211,Drug_107,EMA
400,Drug_59,FDA
486,Drug_443,FDA
146,Drug_184,FDA
300,Drug_372,EMA
178,Drug_7,FDA
291,Drug_372,EMA
171,Drug_109,EMA
140,Drug_135,EMA
387,Drug_487,EMA
162,Drug_283,FDA
110,Drug_456,EMA
407,Drug_320,FDA
137,Drug_207,FDA
34,Drug_420,EMA
236,Drug_96,FDA
274,Drug_104,FDA
105,Drug_85,EMA
372,Drug_190,FDA
458,Drug_423,EMA
16,Drug_141,FDA
218,Drug_175,FDA
319,Drug_204,EMA
34,Drug_89,EMA
256,Drug_180,EMA
4,Drug_209,EMA
395,Drug_193,EMA
446,Drug_289,EMA
283,Drug_404,EMA
9,Drug_383,EMA
6,Drug_298,FDA
492,Drug_434,FDA
492,Drug_413,EMA
275,Drug_196,EMA
163,Drug_477,FDA
216,Drug_500,FDA
326,Drug_431,FDA
16,Drug_230,EMA
102,Drug_86,EMA
129,Drug_482,EMA
264,Drug_305,EMA
312,Drug_400,EMA
108,Drug_78,FDA
169,Drug_487,FDA
347,Drug_399,FDA
334,Drug_2,EMA
471,Drug_75,FDA
278,Drug_367,FDA
41,Drug_468,FDA
162,Drug_481,FDA
152,Drug_468,FDA
231,Drug_103,FDA
104,Drug_1,EMA
415,Drug_257,FDA
47,Drug_32,FDA
372,Drug_228,FDA
12,Drug_430,FDA
401,Drug_32,EMA
109,Drug_265,FDA
222,Drug_104,EMA
3,Drug_47,EMA
178,Drug_3,EMA
230,Drug_267,FDA
335,Drug_262,EMA
363,Drug_337,EMA
98,Drug_332,FDA
133,Drug_405,EMA
65,Drug_100,FDA
34,Drug_135,FDA
30,Drug_66,EMA
223,Drug_429,EMA
83,Drug_303,EMA
317,Drug_304,EMA
228,Drug_82,FDA
154,Drug_273,EMA
31,Drug_474,FDA
490,Drug_33,FDA
233,Drug_304,EMA
45,Drug_292,FDA
24,Drug_285,EMA
315,Drug_451,FDA
143,Drug_120,FDA
350,Drug_19,EMA
383,Drug_369,FDA
246,Drug_283,EMA
45,Drug_72,FDA
356,Drug_374,EMA
220,Drug_13,EMA
161,Drug_159,EMA
238,Drug_21,EMA
77,Drug_430,FDA
268,Drug_76,EMA
186,Drug_281,FDA
165,Drug_204,FDA
237,Drug_70,FDA
147,Drug_405,EMA
464,Drug_490,EMA
188,Drug_265,FDA
204,Drug_120,EMA
230,Drug_205,EMA
359,Drug_340,EMA
383,Drug_233,EMA
190,Drug_250,EMA
21,Drug_37,EMA
293,Drug_38,EMA
461,Drug_57,EMA
427,Drug_372,FDA
293,Drug_46,EMA
354,Drug_260,EMA
366,Drug_307,EMA
75,Drug_56,EMA
340,Drug_80,FDA
157,Drug_89,FDA
374,Drug_255,EMA
399,Drug_291,EMA
236,Drug_304,EMA
206,Drug_83,EMA
154,Drug_157,EMA
45,Drug_434,EMA
498,Drug_193,FDA
47,Drug_334,EMA
253,Drug_171,EMA
118,Drug_223,EMA
90,Drug_103,FDA
409,Drug_400,EMA
246,Drug_176,EMA
231,Drug_488,EMA
46,Drug_463,FDA
216,Drug_56,FDA
403,Drug_324,EMA
355,Drug_466,EMA
165,Drug_243,EMA
305,Drug_308,EMA
326,Drug_492,FDA
271,Drug_484,EMA
15,Drug_363,FDA
425,Drug_348,FDA
307,Drug_358,FDA
22,Drug_5,EMA
148,Drug_494,FDA
222,Drug_320,FDA
187,Drug_234,EMA
392,Drug_339,FDA
221,Drug_264,FDA
441,Drug_275,FDA
248,Drug_239,FDA
242,Drug_202,EMA
396,Drug_490,EMA
269,Drug_330,FDA
464,Drug_443,EMA
320,Drug_165,EMA
5,Drug_202,EMA
35,Drug_268,EMA
82,Drug_178,EMA
326,Drug_70,FDA
154,Drug_229,EMA
187,Drug_348,FDA
456,Drug_310,EMA
121,Drug_423,EMA
79,Drug_45,FDA
336,Drug_420,EMA
304,Drug_157,FDA
136,Drug_104,EMA
265,Drug_173,FDA
339,Drug_141,FDA
13,Drug_469,EMA
216,Drug_333,FDA
483,Drug_94,FDA
303,Drug_339,EMA
42,Drug_29,FDA
379,Drug_266,EMA
361,Drug_138,FDA
218,Drug_268,EMA
465,Drug_228,EMA
317,Drug_404,EMA
16,Drug_369,FDA
265,Drug_129,EMA
490,Drug_370,FDA
335,Drug_178,EMA
166,Drug_42,FDA
430,Drug_310,FDA
413,Drug_488,FDA
115,Drug_90,FDA
391,Drug_26,FDA
210,Drug_339,EMA
222,Drug_79,EMA
54,Drug_375,EMA
309,Drug_460,FDA
497,Drug_262,FDA
32,Drug_280,FDA
285,Drug_378,EMA
310,Drug_195,EMA
353,Drug_7,EMA
238,Drug_458,EMA
453,Drug_36,FDA
177,Drug_75,EMA
326,Drug_219,EMA
338,Drug_63,EMA
13,Drug_128,FDA
463,Drug_4,FDA
19,Drug_497,EMA
438,Drug_207,EMA
116,Drug_301,FDA
340,Drug_166,FDA
38,Drug_160,EMA
97,Drug_443,EMA
282,Drug_267,FDA
343,Drug_208,EMA
327,Drug_318,FDA
353,Drug_445,FDA
365,Drug_98,EMA
236,Drug_197,EMA
1,Drug_305,EMA
248,Drug_262,EMA
364,Drug_114,FDA
182,Drug_394,EMA
94,Drug_411,EMA
437,Drug_355,FDA
41,Drug_250,EMA
2,Drug_274,EMA
236,Drug_289,EMA
438,Drug_351,EMA
415,Drug_130,FDA
159,Drug_426,EMA
250,Drug_363,EMA
105,Drug_320,FDA
283,Drug_142,EMA
462,Drug_160,EMA
271,Drug_209,FDA
53,Drug_17,EMA
290,Drug_374,FDA
194,Drug_308,FDA
485,Drug_1,EMA
79,Drug_40,EMA
368,Drug_92,FDA
191,Drug_310,FDA
320,Drug_480,EMA
419,Drug_350,FDA
374,Drug_335,FDA
35,Drug_161,EMA
114,Drug_302,FDA
426,Drug_401,FDA
144,Drug_93,EMA
148,Drug_487,FDA
117,Drug_29,FDA
320,Drug_102,FDA
233,Drug_483,EMA
150,Drug_96,EMA
131,Drug_348,EMA
107,Drug_37,EMA
492,Drug_165,FDA
68,Drug_263,EMA
195,Drug_121,FDA
329,Drug_234,EMA
410,Drug_36,FDA
268,Drug_335,FDA
376,Drug_107,EMA
56,Drug_39,EMA
379,Drug_68,EMA
44,Drug_251,FDA
100,Drug_275,EMA
413,Drug_334,EMA
103,Drug_284,FDA
322,Drug_314,FDA
142,Drug_79,EMA
334,Drug_29,EMA
333,Drug_457,EMA
172,Drug_334,EMA
73,Drug_448,EMA
422,Drug_311,FDA
132,Drug_276,FDA
446,Drug_34,EMA
466,Drug_43,EMA
277,Drug_218,FDA
46,Drug_406,EMA
282,Drug_143,EMA
459,Drug_56,FDA
89,Drug_110,EMA
146,Drug_371,EMA
473,Drug_83,FDA
197,Drug_146,FDA
30,Drug_487,FDA
8,Drug_230,FDA
279,Drug_238,EMA
404,Drug_182,FDA
499,Drug_159,FDA
135,Drug_173,FDA
139,Drug_414,EMA
194,Drug_202,EMA
241,Drug_319,FDA
16,Drug_233,FDA
212,Drug_296,FDA
483,Drug_219,FDA
481,Drug_171,EMA
182,Drug_61,FDA
127,Drug_79,EMA
302,Drug_69,FDA
318,Drug_241,EMA
154,Drug_279,FDA
210,Drug_146,EMA
126,Drug_303,FDA
401,Drug_148,EMA
189,Drug_413,EMA
413,Drug_159,EMA
103,Drug_340,EMA
319,Drug_183,FDA
433,Drug_244,EMA
162,Drug_272,EMA
196,Drug_351,EMA
471,Drug_16,FDA
381,Drug_299,EMA
76,Drug_241,EMA
374,Drug_295,EMA
310,Drug_460,EMA
8,Drug_487,FDA
49,Drug_215,EMA
249,Drug_341,EMA
371,Drug_255,FDA
242,Drug_387,EMA
36,Drug_183,EMA
356,Drug_47,FDA
353,Drug_334,EMA
232,Drug_121,FDA
195,Drug_181,EMA
303,Drug_419,EMA
16,Drug_403,FDA
315,Drug_36,EMA
427,Drug_411,FDA
422,Drug_44,EMA
480,Drug_303,FDA
343,Drug_209,EMA
427,Drug_251,EMA
176,Drug_123,EMA
335,Drug_88,FDA
272,Drug_114,EMA
422,Drug_15,FDA
150,Drug_379,EMA
333,Drug_388,FDA
202,Drug_248,FDA
429,Drug_76,EMA
453,Drug_305,FDA
305,Drug_116,FDA
232,Drug_357,FDA
373,Drug_178,FDA
114,Drug_449,FDA
68,Drug_403,EMA
319,Drug_18,FDA
24,Drug_267,FDA
464,Drug_105,EMA
266,Drug_102,EMA
420,Drug_14,FDA
449,Drug_106,FDA
132,Drug_437,EMA
55,Drug_341,EMA
35,Drug_138,FDA
181,Drug_402,FDA
143,Drug_345,FDA
312,Drug_423,FDA
489,Drug_130,FDA
143,Drug_283,EMA
25,Drug_211,EMA
383,Drug_250,EMA
350,Drug_14,EMA
112,Drug_316,EMA
345,Drug_210,FDA
97,Drug_373,FDA
288,Drug_37,EMA
418,Drug_65,EMA
457,Drug_284,FDA
472,Drug_375,EMA
356,Drug_471,FDA
436,Drug_174,FDA
379,Drug_354,FDA
288,Drug_462,FDA
455,Drug_352,FDA
281,Drug_179,FDA
199,Drug_200,EMA
246,Drug_265,FDA
19,Drug_124,EMA
355,Drug_250,FDA
290,Drug_344,FDA
380,Drug_119,FDA
160,Drug_337,EMA
46,Drug_368,EMA
180,Drug_187,FDA
45,Drug_127,EMA
25,Drug_49,FDA
423,Drug_207,EMA
343,Drug_119,EMA
190,Drug_232,FDA
179,Drug_269,FDA
11,Drug_83,FDA
389,Drug_175,FDA
139,Drug_260,FDA
197,Drug_139,FDA
332,Drug_169,EMA
23,Drug_462,EMA
398,Drug_350,FDA
64,Drug_255,EMA
337,Drug_13,EMA
79,Drug_470,EMA
398,Drug_341,EMA
23,Drug_16,FDA
281,Drug_293,EMA
432,Drug_72,EMA
14,Drug_102,EMA
184,Drug_75,FDA
332,Drug_330,EMA
126,Drug_409,FDA
133,Drug_174,FDA
309,Drug_350,FDA
276,Drug_395,FDA
231,Drug_318,FDA
6,Drug_484,EMA
109,Drug_8,EMA
481,Drug_171,EMA
277,Drug_339,FDA
343,Drug_190,FDA
469,Drug_127,EMA
449,Drug_162,EMA
321,Drug_191,EMA
374,Drug_107,EMA
149,Drug_203,FDA
317,Drug_406,FDA
1,Drug_115,FDA
192,Drug_182,EMA
24,Drug_148,EMA
357,Drug_110,FDA
498,Drug_470,EMA
400,Drug_181,EMA
230,Drug_45,EMA
403,Drug_323,EMA
435,Drug_412,EMA
33,Drug_282,EMA
7,Drug_457,EMA
334,Drug_46,EMA
136,Drug_160,EMA
75,Drug_377,FDA
56,Drug_247,FDA
96,Drug_323,EMA
256,Drug_307,EMA
86,Drug_94,FDA
2,Drug_167,FDA
143,Drug_393,EMA
352,Drug_275,FDA
445,Drug_215,EMA
263,Drug_78,FDA
108,Drug_221,FDA
129,Drug_251,EMA
90,Drug_257,FDA
453,Drug_93,EMA
170,Drug_497,EMA
372,Drug_266,EMA
25,Drug_309,EMA
249,Drug_292,FDA
408,Drug_228,FDA
2,Drug_98,EMA
40,Drug_56,FDA
313,Drug_500,EMA
392,Drug_51,FDA
462,Drug_481,EMA
2,Drug_140,FDA
17,Drug_307,EMA
397,Drug_146,FDA
265,Drug_104,FDA
404,Drug_316,FDA
369,Drug_476,EMA
220,Drug_188,FDA
4,Drug_129,EMA
139,Drug_466,FDA
476,Drug_243,FDA
307,Drug_84,FDA
129,Drug_473,FDA
378,Drug_491,EMA
233,Drug_456,FDA
370,Drug_165,FDA
185,Drug_147,EMA
258,Drug_474,EMA
386,Drug_48,FDA
140,Drug_361,EMA
469,Drug_50,FDA
375,Drug_492,EMA
185,Drug_80,FDA
14,Drug_409,EMA
392,Drug_262,FDA
152,Drug_484,FDA
139,Drug_170,EMA
355,Drug_293,EMA
156,Drug_88,FDA
412,Drug_167,EMA
153,Drug_432,FDA
344,Drug_155,EMA
406,Drug_278,FDA
191,Drug_215,EMA
375,Drug_45,EMA
452,Drug_381,FDA
230,Drug_252,FDA
148,Drug_398,EMA
17,Drug_178,FDA
452,Drug_331,FDA
151,Drug_420,FDA
481,Drug_57,EMA
471,Drug_270,FDA
18,Drug_142,FDA
175,Drug_172,EMA
294,Drug_371,EMA
404,Drug_326,EMA
315,Drug_141,FDA
359,Drug_236,FDA
384,Drug_260,FDA
304,Drug_495,EMA
164,Drug_442,EMA
103,Drug_400,FDA
126,Drug_180,FDA
96,Drug_48,FDA
38,Drug_369,FDA
242,Drug_352,FDA
313,Drug_77,EMA
301,Drug_480,EMA
355,Drug_456,FDA
209,Drug_223,EMA
180,Drug_174,EMA
124,Drug_384,FDA
42,Drug_51,FDA
126,Drug_330,FDA
360,Drug_145,FDA
2,Drug_389,EMA
46,Drug_361,EMA
422,Drug_422,EMA
393,Drug_404,EMA
283,Drug_71,FDA
140,Drug_284,EMA
314,Drug_365,EMA
72,Drug_20,EMA
482,Drug_476,FDA
11,Drug_52,FDA
97,Drug_249,FDA
500,Drug_385,EMA
449,Drug_460,FDA
20,Drug_263,FDA
156,Drug_476,EMA
413,Drug_204,EMA
272,Drug_132,FDA
86,Drug_124,EMA
44,Drug_221,FDA
311,Drug_52,FDA
76,Drug_50,FDA
208,Drug_268,EMA
371,Drug_430,FDA
128,Drug_142,EMA
164,Drug_77,FDA
43,Drug_273,FDA
84,Drug_134,EMA
329,Drug_452,EMA
276,Drug_496,FDA
404,Drug_3,EMA
464,Drug_449,EMA
456,Drug_185,FDA
112,Drug_109,FDA
17,Drug_159,EMA
254,Drug_108,FDA
301,Drug_278,EMA
116,Drug_494,FDA
260,Drug_355,FDA
147,Drug_68,EMA
214,Drug_156,EMA
15,Drug_289,EMA
137,Drug_140,FDA
41,Drug_64,FDA
374,Drug_304,FDA
101,Drug_440,FDA
377,Drug_314,FDA
343,Drug_494,EMA
237,Drug_355,EMA
457,Drug_448,FDA
251,Drug_262,EMA
359,Drug_172,EMA
168,Drug_74,FDA
80,Drug_349,EMA
170,Drug_443,FDA
382,Drug_402,EMA
45,Drug_275,FDA
348,Drug_410,FDA
36,Drug_372,EMA
320,Drug_51,EMA
279,Drug_453,FDA
487,Drug_181,EMA
23,Drug_365,EMA
130,Drug_10,FDA
498,Drug_265,EMA
121,Drug_298,EMA
138,Drug_297,EMA
309,Drug_67,EMA
478,Drug_128,EMA
295,Drug_487,EMA
301,Drug_7,EMA
80,Drug_351,EMA
431,Drug_124,EMA
402,Drug_192,FDA
370,Drug_193,EMA
388,Drug_371,FDA
271,Drug_444,EMA
342,Drug_325,FDA
440,Drug_249,EMA
417,Drug_1,FDA
118,Drug_70,FDA
334,Drug_378,EMA
424,Drug_190,EMA
229,Drug_235,EMA
199,Drug_247,EMA
38,Drug_322,FDA
85,Drug_291,FDA
315,Drug_458,FDA
60,Drug_38,EMA
403,Drug_237,EMA
305,Drug_27,FDA
336,Drug_380,FDA
43,Drug_490,EMA
334,Drug_431,EMA
406,Drug_467,FDA
356,Drug_318,FDA
223,Drug_257,FDA
102,Drug_371,EMA
35,Drug_363,EMA
254,Drug_24,FDA
222,Drug_285,EMA
82,Drug_479,EMA
470,Drug_378,FDA
83,Drug_249,FDA
431,Drug_235,FDA
298,Drug_245,EMA
234,Drug_168,FDA
225,Drug_199,EMA
150,Drug_18,FDA
336,Drug_399,FDA
15,Drug_191,EMA
66,Drug_232,EMA
309,Drug_431,FDA
463,Drug_40,EMA
477,Drug_95,EMA
447,Drug_413,EMA
326,Drug_160,FDA
278,Drug_197,EMA
133,Drug_429,FDA
405,Drug_1,EMA
338,Drug_333,EMA
206,Drug_416,FDA
1,Drug_380,EMA
137,Drug_15,EMA
362,Drug_204,FDA
299,Drug_107,FDA
231,Drug_423,EMA
22,Drug_268,FDA
284,Drug_337,FDA
336,Drug_249,EMA
414,Drug_96,EMA
203,Drug_184,FDA
87,Drug_24,FDA
299,Drug_145,EMA
308,Drug_390,FDA
110,Drug_488,FDA
57,Drug_193,EMA
466,Drug_345,EMA
245,Drug_433,FDA
342,Drug_50,EMA
48,Drug_414,FDA
84,Drug_9,EMA
395,Drug_209,FDA
129,Drug_312,FDA
486,Drug_369,FDA
244,Drug_147,EMA
472,Drug_122,EMA
479,Drug_48,FDA
283,Drug_81,EMA
353,Drug_200,FDA
406,Drug_230,EMA
34,Drug_338,FDA
449,Drug_217,EMA
9,Drug_305,EMA
457,Drug_409,EMA
35,Drug_469,FDA
197,Drug_216,FDA
87,Drug_321,EMA
248,Drug_451,FDA
60,Drug_106,EMA
268,Drug_479,EMA
125,Drug_418,FDA
31,Drug_13,FDA
397,Drug_134,FDA
40,Drug_496,FDA
44,Drug_17,EMA
294,Drug_473,FDA
74,Drug_160,FDA
104,Drug_232,FDA
387,Drug_6,EMA
333,Drug_263,FDA
309,Drug_370,EMA
199,Drug_308,EMA
251,Drug_268,FDA
256,Drug_188,FDA
194,Drug_455,EMA
61,Drug_78,FDA
58,Drug_448,EMA
292,Drug_279,FDA
432,Drug_163,EMA
477,Drug_134,FDA
117,Drug_76,EMA
259,Drug_379,FDA
200,Drug_258,FDA
448,Drug_87,FDA
182,Drug_165,EMA
455,Drug_427,EMA
482,Drug_175,FDA
332,Drug_302,FDA
76,Drug_292,EMA
138,Drug_98,FDA
421,Drug_483,EMA
325,Drug_372,EMA
94,Drug_334,EMA
318,Drug_220,EMA
346,Drug_261,FDA
397,Drug_354,EMA
290,Drug_499,FDA
34,Drug_97,FDA
481,Drug_336,EMA
284,Drug_403,FDA
212,Drug_378,EMA
495,Drug_184,FDA
407,Drug_448,EMA
283,Drug_11,FDA
499,Drug_46,EMA
257,Drug_301,FDA
366,Drug_400,EMA
196,Drug_207,FDA
408,Drug_42,FDA
439,Drug_301,FDA
391,Drug_13,FDA
160,Drug_181,EMA
317,Drug_412,FDA
445,Drug_439,FDA
303,Drug_89,EMA
477,Drug_352,EMA
499,Drug_265,EMA
290,Drug_276,FDA
425,Drug_6,EMA
210,Drug_282,EMA
367,Drug_181,EMA
312,Drug_186,FDA
128,Drug_178,FDA
394,Drug_365,EMA
304,Drug_331,FDA
73,Drug_234,FDA
321,Drug_82,FDA
179,Drug_273,FDA
192,Drug_335,EMA
61,Drug_220,FDA
292,Drug_231,FDA
481,Drug_251,FDA
84,Drug_104,EMA
479,Drug_179,FDA
136,Drug_139,FDA
386,Drug_210,EMA
368,Drug_108,FDA
136,Drug_307,FDA
54,Drug_109,FDA
42,Drug_79,FDA
407,Drug_46,EMA
108,Drug_36,FDA
78,Drug_38,EMA
7,Drug_431,EMA
201,Drug_60,EMA
404,Drug_4,FDA
94,Drug_29,FDA
481,Drug_330,EMA
143,Drug_248,FDA
38,Drug_241,FDA
312,Drug_445,FDA
472,Drug_257,EMA
457,Drug_483,FDA
343,Drug_469,EMA
487,Drug_94,EMA
322,Drug_454,FDA
2,Drug_234,FDA
41,Drug_14,FDA
429,Drug_208,EMA
363,Drug_369,EMA
366,Drug_31,EMA
37,Drug_42,FDA
113,Drug_184,EMA
376,Drug_305,FDA
196,Drug_275,EMA
201,Drug_444,FDA
85,Drug_316,EMA
209,Drug_200,FDA
435,Drug_148,EMA
224,Drug_226,FDA
306,Drug_77,EMA
164,Drug_192,EMA
204,Drug_289,FDA
28,Drug_432,FDA
221,Drug_82,EMA
161,Drug_58,EMA
324,Drug_353,FDA
218,Drug_454,EMA
183,Drug_171,EMA
239,Drug_309,FDA
130,Drug_152,FDA
94,Drug_399,FDA
430,Drug_191,FDA
461,Drug_190,FDA
206,Drug_373,EMA
279,Drug_98,FDA
399,Drug_203,EMA
175,Drug_352,EMA
327,Drug_115,FDA
497,Drug_489,FDA
278,Drug_172,FDA
133,Drug_287,FDA
217,Drug_204,FDA
97,Drug_69,EMA
108,Drug_399,FDA
10,Drug_171,EMA
42,Drug_434,EMA
500,Drug_62,FDA
160,Drug_360,FDA
146,Drug_256,EMA
230,Drug_303,EMA
204,Drug_335,FDA
120,Drug_347,EMA
117,Drug_384,FDA
490,Drug_380,EMA
343,Drug_406,EMA
308,Drug_335,EMA
493,Drug_381,FDA
456,Drug_60,EMA
163,Drug_62,EMA
310,Drug_130,EMA
170,Drug_282,FDA
417,Drug_23,FDA
262,Drug_36,FDA
202,Drug_452,FDA
207,Drug_169,EMA
26,Drug_299,FDA
58,Drug_365,FDA
177,Drug_228,FDA
456,Drug_171,EMA
495,Drug_333,FDA
163,Drug_338,EMA
67,Drug_146,FDA
364,Drug_70,FDA
259,Drug_295,EMA
360,Drug_250,EMA
32,Drug_50,FDA
392,Drug_246,EMA
438,Drug_333,EMA
238,Drug_301,EMA
181,Drug_325,EMA
247,Drug_352,EMA
166,Drug_340,FDA
469,Drug_480,FDA
172,Drug_260,FDA
235,Drug_331,EMA
86,Drug_67,EMA
489,Drug_415,FDA
150,Drug_221,EMA
480,Drug_13,EMA
220,Drug_59,FDA
172,Drug_291,FDA
376,Drug_180,EMA
147,Drug_244,EMA
360,Drug_383,FDA
437,Drug_315,FDA
494,Drug_58,EMA
208,Drug_202,EMA
230,Drug_200,EMA
363,Drug_399,EMA
331,Drug_201,FDA
152,Drug_410,EMA
90,Drug_155,FDA
353,Drug_313,FDA
470,Drug_211,FDA
196,Drug_444,EMA
43,Drug_139,EMA
305,Drug_338,EMA
153,Drug_139,FDA
301,Drug_431,EMA
148,Drug_16,FDA
359,Drug_303,EMA
336,Drug_200,FDA
382,Drug_230,FDA
123,Drug_15,FDA
92,Drug_412,EMA
314,Drug_271,FDA
49,Drug_469,FDA
343,Drug_336,FDA
395,Drug_17,EMA
160,Drug_168,FDA
249,Drug_331,FDA
387,Drug_247,EMA
131,Drug_434,FDA
292,Drug_351,FDA
102,Drug_21,EMA
78,Drug_103,EMA
205,Drug_14,FDA
494,Drug_303,FDA
23,Drug_40,FDA
8,Drug_426,EMA
188,Drug_373,FDA
295,Drug_170,FDA
295,Drug_24,FDA
326,Drug_377,FDA
58,Drug_115,EMA
481,Drug_172,FDA
434,Drug_63,FDA
221,Drug_300,EMA
446,Drug_168,FDA
276,Drug_238,EMA
80,Drug_397,EMA
313,Drug_296,FDA
220,Drug_199,FDA
423,Drug_57,FDA
114,Drug_171,EMA
279,Drug_459,EMA
247,Drug_302,FDA
212,Drug_20,FDA
69,Drug_484,EMA
361,Drug_115,EMA
60,Drug_397,FDA
191,Drug_19,FDA
168,Drug_218,FDA
86,Drug_77,EMA
179,Drug_163,EMA
260,Drug_370,FDA
276,Drug_122,EMA
296,Drug_365,FDA
480,Drug_478,EMA
375,Drug_406,EMA
491,Drug_20,EMA
27,Drug_308,FDA
389,Drug_39,FDA
324,Drug_253,EMA
216,Drug_154,FDA
329,Drug_264,FDA
215,Drug_60,FDA
235,Drug_190,EMA
20,Drug_368,EMA
443,Drug_74,EMA
493,Drug_32,EMA
274,Drug_415,EMA
418,Drug_445,FDA
266,Drug_28,FDA
197,Drug_62,FDA
433,Drug_187,EMA
24,Drug_320,EMA
493,Drug_407,FDA
191,Drug_7,FDA
406,Drug_455,EMA
277,Drug_57,EMA
369,Drug_95,FDA
400,Drug_5,FDA
220,Drug_428,FDA
431,Drug_33,EMA
404,Drug_282,FDA
486,Drug_83,FDA
237,Drug_417,EMA
327,Drug_172,FDA
187,Drug_361,FDA
303,Drug_125,FDA
182,Drug_78,EMA
481,Drug_368,EMA
395,Drug_353,FDA
98,Drug_222,EMA
318,Drug_168,EMA
276,Drug_225,EMA
272,Drug_32,EMA
426,Drug_442,EMA
330,Drug_15,FDA
269,Drug_61,FDA
178,Drug_294,EMA
380,Drug_112,FDA
225,Drug_50,FDA
243,Drug_467,EMA
495,Drug_398,FDA
355,Drug_226,FDA
441,Drug_186,FDA
411,Drug_459,FDA
216,Drug_22,EMA
467,Drug_123,FDA
282,Drug_337,EMA
450,Drug_139,FDA
477,Drug_233,FDA
217,Drug_306,EMA
393,Drug_247,EMA
424,Drug_424,FDA
432,Drug_449,FDA
198,Drug_293,EMA
124,Drug_430,EMA
226,Drug_19,FDA
59,Drug_214,FDA
174,Drug_323,FDA
273,Drug_167,FDA
251,Drug_443,FDA
182,Drug_299,EMA
139,Drug_495,FDA
241,Drug_446,EMA
255,Drug_126,EMA
123,Drug_174,FDA
205,Drug_366,FDA
37,Drug_38,FDA
257,Drug_394,FDA
138,Drug_387,FDA
463,Drug_92,EMA
357,Drug_167,EMA
212,Drug_274,FDA
221,Drug_152,EMA
233,Drug_153,EMA
69,Drug_268,FDA
479,Drug_199,EMA
263,Drug_301,EMA
143,Drug_209,EMA
142,Drug_327,EMA
458,Drug_54,EMA
67,Drug_263,FDA
468,Drug_318,EMA
327,Drug_98,EMA
414,Drug_271,FDA
26,Drug_38,FDA
335,Drug_330,FDA
333,Drug_312,EMA
426,Drug_150,EMA
475,Drug_267,EMA
167,Drug_497,FDA
37,Drug_234,EMA
199,Drug_344,FDA
52,Drug_201,EMA
236,Drug_57,EMA
278,Drug_331,EMA
151,Drug_383,FDA
308,Drug_243,FDA
375,Drug_273,EMA
203,Drug_227,FDA
328,Drug_32,FDA
464,Drug_236,EMA
51,Drug_144,FDA
465,Drug_388,EMA
335,Drug_254,EMA
243,Drug_482,FDA
284,Drug_231,EMA
10,Drug_87,FDA
82,Drug_68,FDA
452,Drug_318,FDA
62,Drug_163,FDA
482,Drug_206,EMA
362,Drug_274,FDA
461,Drug_385,EMA
232,Drug_241,EMA
475,Drug_269,EMA
346,Drug_51,EMA
188,Drug_442,FDA
55,Drug_187,FDA
382,Drug_296,EMA
152,Drug_222,FDA
327,Drug_19,FDA
1,Drug_28,EMA
218,Drug_469,EMA
213,Drug_186,EMA
404,Drug_468,FDA
23,Drug_116,FDA
103,Drug_182,FDA
194,Drug_237,FDA
154,Drug_276,EMA
47,Drug_351,EMA
428,Drug_53,FDA
353,Drug_19,EMA
329,Drug_419,EMA
37,Drug_175,FDA
360,Drug_444,EMA
257,Drug_172,FDA
207,Drug_495,FDA
360,Drug_105,EMA
31,Drug_158,FDA
348,Drug_407,EMA
207,Drug_380,FDA
211,Drug_5,FDA
89,Drug_174,EMA
374,Drug_422,FDA
302,Drug_17,FDA
122,Drug_334,EMA
148,Drug_21,EMA
29,Drug_344,FDA
405,Drug_402,FDA
27,Drug_222,EMA
142,Drug_297,EMA
279,Drug_327,EMA
476,Drug_326,FDA
27,Drug_385,FDA
78,Drug_316,FDA
274,Drug_242,EMA
47,Drug_171,FDA
296,Drug_72,FDA
285,Drug_428,EMA
404,Drug_243,EMA
341,Drug_51,FDA
300,Drug_451,EMA
493,Drug_140,EMA
65,Drug_319,EMA
390,Drug_185,FDA
128,Drug_407,FDA
469,Drug_427,FDA
160,Drug_488,EMA
248,Drug_498,FDA
405,Drug_86,EMA
464,Drug_97,EMA
309,Drug_376,FDA
483,Drug_387,EMA
437,Drug_290,EMA
111,Drug_166,FDA
406,Drug_347,EMA
445,Drug_96,FDA
56,Drug_385,EMA
476,Drug_47,EMA
39,Drug_83,FDA
329,Drug_300,FDA
163,Drug_153,EMA
52,Drug_108,EMA
460,Drug_224,EMA
427,Drug_289,EMA
326,Drug_355,FDA
326,Drug_145,EMA
382,Drug_473,FDA
314,Drug_26,FDA
25,Drug_446,EMA
111,Drug_476,FDA
220,Drug_452,EMA
323,Drug_49,EMA
179,Drug_88,FDA
338,Drug_103,EMA
244,Drug_136,EMA
456,Drug_116,EMA
75,Drug_178,EMA
265,Drug_444,EMA
38,Drug_63,FDA
435,Drug_318,FDA
53,Drug_125,EMA
94,Drug_351,EMA
67,Drug_82,EMA
268,Drug_93,FDA
245,Drug_357,FDA
24,Drug_412,FDA
485,Drug_428,FDA
181,Drug_429,FDA
297,Drug_45,FDA
394,Drug_338,EMA
67,Drug_283,FDA
31,Drug_124,FDA
170,Drug_18,FDA
117,Drug_428,FDA
315,Drug_351,EMA
464,Drug_412,FDA
195,Drug_25,FDA
336,Drug_74,EMA
255,Drug_424,FDA
273,Drug_465,FDA
54,Drug_8,EMA
2,Drug_429,FDA
9,Drug_246,FDA
483,Drug_345,EMA
499,Drug_38,EMA
426,Drug_75,FDA
124,Drug_144,EMA
492,Drug_308,EMA
103,Drug_67,EMA
54,Drug_421,EMA
120,Drug_393,EMA
493,Drug_27,FDA
360,Drug_162,FDA
406,Drug_485,FDA
320,Drug_20,EMA
475,Drug_136,EMA
312,Drug_462,EMA
240,Drug_153,EMA
319,Drug_299,EMA
241,Drug_164,EMA
18,Drug_190,EMA
303,Drug_354,FDA
469,Drug_325,EMA
223,Drug_433,FDA
388,Drug_377,FDA
104,Drug_332,FDA
396,Drug_146,FDA
178,Drug_152,EMA
404,Drug_192,EMA
119,Drug_32,EMA
390,Drug_316,EMA
320,Drug_424,FDA
239,Drug_145,EMA
66,Drug_141,FDA
197,Drug_397,FDA
100,Drug_118,FDA
390,Drug_277,FDA
324,Drug_358,FDA
316,Drug_379,FDA
425,Drug_368,EMA
456,Drug_36,EMA
147,Drug_3,EMA
292,Drug_218,EMA
48,Drug_341,FDA
3,Drug_264,EMA
258,Drug_78,EMA
458,Drug_117,FDA
432,Drug_187,EMA
309,Drug_112,EMA
97,Drug_220,EMA
70,Drug_295,FDA
99,Drug_373,EMA
371,Drug_298,FDA
57,Drug_406,FDA
140,Drug_9,FDA
360,Drug_391,FDA
134,Drug_209,FDA
444,Drug_102,EMA
413,Drug_61,FDA
408,Drug_485,EMA
229,Drug_461,FDA
257,Drug_133,EMA
463,Drug_147,FDA
138,Drug_89,FDA
207,Drug_155,EMA
467,Drug_119,FDA
460,Drug_317,EMA
348,Drug_65,FDA
254,Drug_339,EMA
123,Drug_353,EMA
117,Drug_69,EMA
132,Drug_213,FDA
442,Drug_311,FDA
33,Drug_121,EMA
284,Drug_272,FDA
391,Drug_209,EMA
237,Drug_402,EMA
92,Drug_279,FDA
468,Drug_387,FDA
224,Drug_122,FDA
8,Drug_214,EMA
38,Drug_399,EMA
358,Drug_314,FDA
248,Drug_19,EMA
382,Drug_84,EMA
124,Drug_253,EMA
94,Drug_255,FDA
377,Drug_418,FDA
245,Drug_114,FDA
200,Drug_327,EMA
209,Drug_306,EMA
52,Drug_315,EMA
119,Drug_112,EMA
459,Drug_5,EMA
94,Drug_484,EMA
493,Drug_97,EMA
1,Drug_283,EMA
305,Drug_482,FDA
315,Drug_411,EMA
159,Drug_434,EMA
115,Drug_65,FDA
307,Drug_40,FDA
161,Drug_415,EMA
196,Drug_113,FDA
299,Drug_291,EMA
299,Drug_198,EMA
352,Drug_483,EMA
420,Drug_85,FDA
319,Drug_179,FDA
226,Drug_474,EMA
7,Drug_244,FDA
108,Drug_132,FDA
173,Drug_71,EMA
239,Drug_29,EMA
199,Drug_342,EMA
349,Drug_467,EMA
415,Drug_315,FDA
146,Drug_218,FDA
324,Drug_273,FDA
322,Drug_385,EMA
422,Drug_13,EMA
123,Drug_403,FDA
367,Drug_173,EMA
271,Drug_450,EMA
64,Drug_130,FDA
10,Drug_225,FDA
421,Drug_417,FDA
298,Drug_390,FDA
210,Drug_418,EMA
473,Drug_73,EMA
226,Drug_163,FDA
50,Drug_380,FDA
288,Drug_452,FDA
85,Drug_470,EMA
254,Drug_309,EMA
433,Drug_432,EMA
110,Drug_109,FDA
404,Drug_412,FDA
403,Drug_261,EMA
134,Drug_361,EMA
220,Drug_397,EMA
59,Drug_359,EMA
150,Drug_134,FDA
431,Drug_201,EMA
270,Drug_334,EMA
159,Drug_133,FDA
336,Drug_26,EMA
72,Drug_60,FDA
452,Drug_174,EMA
498,Drug_448,FDA
253,Drug_6,FDA
50,Drug_155,FDA
6,Drug_327,FDA
28,Drug_337,FDA
400,Drug_154,FDA
136,Drug_237,FDA
489,Drug_117,FDA
220,Drug_120,FDA
56,Drug_425,EMA
44,Drug_160,EMA
310,Drug_394,FDA
58,Drug_153,EMA
130,Drug_46,FDA
158,Drug_355,EMA
20,Drug_104,EMA
48,Drug_374,EMA
343,Drug_105,EMA
158,Drug_273,FDA
374,Drug_416,EMA
128,Drug_343,FDA
274,Drug_22,EMA
162,Drug_410,FDA
359,Drug_407,EMA
478,Drug_41,FDA
184,Drug_283,EMA
175,Drug_462,EMA
336,Drug_423,FDA
492,Drug_75,EMA
183,Drug_3,EMA
334,Drug_170,EMA
343,Drug_141,FDA
282,Drug_93,FDA
236,Drug_319,EMA
171,Drug_171,EMA
359,Drug_269,FDA
58,Drug_316,FDA
41,Drug_452,FDA
24,Drug_497,FDA
406,Drug_91,FDA
208,Drug_193,FDA
73,Drug_303,EMA
59,Drug_244,FDA
366,Drug_204,FDA
163,Drug_12,FDA
445,Drug_417,EMA
367,Drug_351,EMA
61,Drug_310,EMA
464,Drug_72,FDA
304,Drug_239,FDA
198,Drug_58,FDA
174,Drug_229,FDA
467,Drug_275,FDA
242,Drug_79,FDA
484,Drug_265,FDA
307,Drug_172,EMA
407,Drug_30,EMA
237,Drug_64,FDA
323,Drug_175,FDA
128,Drug_149,EMA
488,Drug_229,EMA
441,Drug_437,EMA
498,Drug_82,EMA
278,Drug_262,EMA
355,Drug_404,FDA
110,Drug_194,FDA
165,Drug_334,EMA
424,Drug_7,EMA
135,Drug_226,FDA
227,Drug_183,FDA
469,Drug_248,EMA
492,Drug_68,FDA
175,Drug_149,EMA
84,Drug_256,EMA
472,Drug_216,EMA
412,Drug_339,EMA
187,Drug_167,FDA
29,Drug_134,EMA
397,Drug_124,FDA
167,Drug_86,FDA
451,Drug_51,FDA
26,Drug_386,EMA
318,Drug_353,EMA
261,Drug_244,EMA
152,Drug_140,FDA
174,Drug_368,EMA
117,Drug_414,FDA
66,Drug_50,EMA
85,Drug_177,EMA
458,Drug_15,FDA
478,Drug_360,FDA
72,Drug_263,EMA
201,Drug_362,EMA
490,Drug_52,FDA
372,Drug_357,FDA
313,Drug_431,EMA
468,Drug_283,FDA
108,Drug_82,EMA
372,Drug_209,FDA
428,Drug_269,EMA
369,Drug_482,FDA
193,Drug_214,EMA
171,Drug_450,EMA
52,Drug_332,FDA
485,Drug_37,FDA
436,Drug_482,EMA
294,Drug_80,EMA
217,Drug_86,EMA
426,Drug_247,EMA
204,Drug_387,FDA
122,Drug_104,EMA
17,Drug_400,EMA
125,Drug_105,FDA
442,Drug_29,EMA
327,Drug_473,FDA
298,Drug_13,FDA
342,Drug_271,FDA
1,Drug_196,FDA
398,Drug_122,FDA
56,Drug_89,FDA
143,Drug_23,EMA
376,Drug_364,EMA
440,Drug_362,EMA
18,Drug_83,FDA
499,Drug_72,FDA
367,Drug_252,EMA
227,Drug_359,EMA
46,Drug_338,FDA
224,Drug_82,EMA
359,Drug_383,EMA
10,Drug_387,FDA
107,Drug_89,FDA
314,Drug_481,EMA
5,Drug_372,FDA
50,Drug_390,EMA
215,Drug_152,EMA
496,Drug_458,EMA
186,Drug_226,FDA
179,Drug_310,EMA
322,Drug_373,FDA
248,Drug_102,EMA
281,Drug_196,EMA
156,Drug_91,EMA
411,Drug_143,FDA
28,Drug_292,FDA
100,Drug_91,EMA
345,Drug_211,FDA
369,Drug_90,FDA
249,Drug_447,FDA
231,Drug_62,EMA
49,Drug_498,EMA
44,Drug_348,FDA
151,Drug_207,FDA
485,Drug_145,EMA
201,Drug_119,EMA
383,Drug_382,FDA
173,Drug_211,EMA
310,Drug_53,EMA
294,Drug_479,EMA
89,Drug_240,EMA
242,Drug_200,EMA
362,Drug_153,EMA
417,Drug_18,EMA
8,Drug_354,EMA
210,Drug_109,FDA
416,Drug_345,FDA
350,Drug_176,EMA
63,Drug_494,EMA
400,Drug_195,FDA
421,Drug_121,EMA
361,Drug_462,EMA
200,Drug_3,EMA
264,Drug_463,EMA
294,Drug_444,FDA
235,Drug_368,EMA
293,Drug_410,EMA
278,Drug_224,EMA
53,Drug_21,EMA
390,Drug_12,EMA
150,Drug_5,FDA
455,Drug_97,EMA
313,Drug_331,EMA
150,Drug_44,FDA
80,Drug_385,EMA
95,Drug_234,EMA
327,Drug_357,FDA
454,Drug_73,FDA
369,Drug_130,FDA
126,Drug_340,FDA
226,Drug_437,EMA
239,Drug_369,FDA
146,Drug_76,FDA
304,Drug_397,FDA
215,Drug_75,FDA
278,Drug_267,FDA
117,Drug_264,FDA
206,Drug_222,FDA
44,Drug_293,FDA
239,Drug_263,EMA
40,Drug_32,FDA
430,Drug_4,EMA
495,Drug_321,FDA
233,Drug_281,FDA
308,Drug_210,EMA
292,Drug_90,EMA
12,Drug_195,EMA
316,Drug_363,EMA
74,Drug_342,FDA
101,Drug_23,FDA
452,Drug_209,FDA
386,Drug_157,FDA
132,Drug_342,EMA
352,Drug_78,FDA
486,Drug_89,EMA
350,Drug_104,EMA
421,Drug_307,EMA
345,Drug_482,EMA
300,Drug_202,FDA
166,Drug_473,FDA
70,Drug_74,FDA
20,Drug_95,FDA
463,Drug_408,FDA
365,Drug_241,EMA
413,Drug_74,FDA
457,Drug_35,FDA
22,Drug_454,FDA
46,Drug_195,EMA
362,Drug_147,FDA
185,Drug_94,EMA
331,Drug_200,FDA
170,Drug_114,EMA
158,Drug_212,FDA
240,Drug_109,EMA
361,Drug_344,EMA
41,Drug_155,EMA
34,Drug_178,EMA
328,Drug_420,FDA
45,Drug_384,EMA
266,Drug_132,FDA
486,Drug_98,EMA
373,Drug_298,FDA
184,Drug_419,FDA
187,Drug_376,FDA
403,Drug_168,EMA
119,Drug_109,EMA
312,Drug_223,EMA
25,Drug_161,EMA
287,Drug_2,EMA
99,Drug_326,EMA
437,Drug_290,FDA
115,Drug_307,FDA
260,Drug_179,FDA
160,Drug_416,FDA
259,Drug_468,FDA
122,Drug_478,FDA
248,Drug_69,FDA
240,Drug_195,EMA
76,Drug_433,FDA
374,Drug_36,EMA
90,Drug_120,FDA
500,Drug_51,EMA
94,Drug_207,EMA
217,Drug_269,EMA
418,Drug_295,EMA
376,Drug_327,FDA
415,Drug_19,FDA
432,Drug_332,FDA
16,Drug_270,FDA
172,Drug_329,EMA
363,Drug_206,EMA
309,Drug_472,EMA
379,Drug_492,EMA
306,Drug_207,FDA
18,Drug_387,FDA
436,Drug_199,FDA
114,Drug_202,FDA
499,Drug_235,FDA
406,Drug_434,EMA
366,Drug_163,FDA
130,Drug_190,FDA
297,Drug_302,FDA
95,Drug_94,FDA
374,Drug_171,EMA
125,Drug_241,EMA
411,Drug_26,EMA
396,Drug_172,EMA
148,Drug_134,EMA
353,Drug_23,EMA
20,Drug_496,EMA
498,Drug_50,EMA
115,Drug_491,EMA
3,Drug_217,FDA
480,Drug_407,FDA
452,Drug_375,EMA
279,Drug_58,EMA
146,Drug_119,EMA
249,Drug_486,EMA
292,Drug_283,EMA
350,Drug_474,EMA
242,Drug_322,EMA
44,Drug_500,FDA
458,Drug_196,EMA
355,Drug_462,EMA
72,Drug_91,FDA
280,Drug_481,EMA
299,Drug_338,EMA
114,Drug_424,EMA
83,Drug_281,EMA
410,Drug_496,EMA
416,Drug_88,FDA
477,Drug_129,EMA
372,Drug_106,FDA
140,Drug_237,FDA
295,Drug_213,EMA
369,Drug_359,EMA
60,Drug_358,EMA
400,Drug_372,EMA
155,Drug_494,EMA
499,Drug_333,FDA
242,Drug_425,EMA
166,Drug_258,FDA
111,Drug_466,FDA
439,Drug_469,FDA
54,Drug_285,FDA
213,Drug_312,FDA
175,Drug_472,FDA
278,Drug_345,EMA
324,Drug_129,EMA
451,Drug_491,FDA
251,Drug_376,EMA
368,Drug_313,EMA
82,Drug_436,FDA
49,Drug_213,EMA
232,Drug_125,EMA
292,Drug_379,EMA
252,Drug_156,FDA
326,Drug_22,EMA
41,Drug_117,EMA
74,Drug_409,FDA
31,Drug_171,EMA
454,Drug_171,FDA
75,Drug_167,FDA
157,Drug_172,FDA
473,Drug_325,EMA
427,Drug_204,FDA
312,Drug_456,EMA
340,Drug_471,EMA
273,Drug_491,FDA
236,Drug_375,FDA
484,Drug_107,EMA
477,Drug_304,FDA
412,Drug_216,EMA
235,Drug_171,EMA
67,Drug_211,FDA
39,Drug_321,FDA
426,Drug_86,EMA
374,Drug_153,EMA
355,Drug_74,EMA
231,Drug_303,FDA
439,Drug_406,EMA
147,Drug_40,FDA
458,Drug_43,FDA
324,Drug_363,FDA
408,Drug_310,FDA
211,Drug_130,EMA
250,Drug_252,EMA
159,Drug_336,EMA
81,Drug_30,FDA
105,Drug_257,EMA
162,Drug_96,EMA
302,Drug_145,FDA
377,Drug_6,FDA
346,Drug_443,FDA
125,Drug_316,EMA
216,Drug_217,FDA
245,Drug_100,EMA
494,Drug_52,FDA
439,Drug_451,EMA
23,Drug_393,EMA
92,Drug_370,FDA
87,Drug_403,EMA
92,Drug_3,FDA
361,Drug_408,FDA
73,Drug_165,EMA
155,Drug_496,FDA
290,Drug_485,FDA
97,Drug_431,FDA
279,Drug_18,FDA
14,Drug_144,FDA
114,Drug_184,FDA
95,Drug_85,FDA
185,Drug_342,FDA
387,Drug_495,EMA
419,Drug_142,EMA
11,Drug_435,FDA
63,Drug_153,FDA
366,Drug_32,EMA
246,Drug_486,EMA
65,Drug_480,FDA
367,Drug_71,FDA
181,Drug_290,FDA
262,Drug_336,EMA
118,Drug_69,EMA
135,Drug_83,EMA
499,Drug_331,FDA
457,Drug_331,FDA
244,Drug_121,FDA
344,Drug_234,EMA
429,Drug_486,FDA
97,Drug_110,EMA
275,Drug_209,FDA
194,Drug_301,EMA
44,Drug_199,FDA
289,Drug_16,FDA
248,Drug_452,EMA
196,Drug_388,FDA
210,Drug_271,EMA
317,Drug_466,EMA
173,Drug_192,FDA
454,Drug_406,EMA
249,Drug_448,EMA
273,Drug_268,EMA
167,Drug_333,EMA
146,Drug_84,FDA
237,Drug_418,FDA
37,Drug_369,FDA
444,Drug_28,EMA
303,Drug_152,EMA
102,Drug_59,EMA
134,Drug_447,FDA
120,Drug_494,FDA
168,Drug_111,FDA
69,Drug_398,FDA
477,Drug_43,EMA
78,Drug_478,EMA
160,Drug_322,FDA
370,Drug_16,FDA
283,Drug_215,EMA
427,Drug_499,FDA
443,Drug_188,FDA
319,Drug_250,FDA
79,Drug_1,EMA
340,Drug_106,EMA
422,Drug_376,FDA
135,Drug_167,EMA
293,Drug_40,EMA
490,Drug_139,EMA
174,Drug_471,EMA
89,Drug_393,FDA
67,Drug_289,EMA
322,Drug_215,FDA
142,Drug_203,EMA
33,Drug_31,EMA
234,Drug_339,FDA
435,Drug_253,FDA
218,Drug_170,EMA
92,Drug_342,EMA
312,Drug_136,EMA
36,Drug_289,FDA
476,Drug_30,EMA
433,Drug_493,FDA
184,Drug_311,EMA
116,Drug_163,EMA
237,Drug_484,FDA
487,Drug_232,EMA
240,Drug_195,EMA
227,Drug_202,EMA
96,Drug_259,EMA
430,Drug_480,FDA
297,Drug_495,EMA
174,Drug_3,FDA
234,Drug_316,FDA
257,Drug_499,EMA
387,Drug_128,EMA
410,Drug_49,FDA
228,Drug_474,EMA
128,Drug_475,FDA
458,Drug_13,EMA
330,Drug_250,EMA
442,Drug_335,EMA
421,Drug_199,EMA
242,Drug_311,EMA
240,Drug_100,EMA
474,Drug_70,EMA
348,Drug_299,FDA
205,Drug_184,EMA
272,Drug_344,FDA
214,Drug_138,FDA
200,Drug_479,FDA
108,Drug_445,FDA
452,Drug_310,EMA
387,Drug_77,EMA
159,Drug_462,EMA
354,Drug_77,EMA
243,Drug_8,EMA
278,Drug_353,FDA
438,Drug_15,FDA
349,Drug_322,FDA
17,Drug_235,EMA
61,Drug_426,FDA
410,Drug_313,FDA
70,Drug_378,EMA
23,Drug_129,EMA
229,Drug_240,FDA
250,Drug_398,EMA
455,Drug_372,FDA
63,Drug_225,EMA
147,Drug_25,FDA
212,Drug_383,FDA
439,Drug_276,FDA
20,Drug_82,EMA
120,Drug_433,FDA
59,Drug_405,EMA
266,Drug_241,FDA
70,Drug_46,EMA
317,Drug_256,EMA
120,Drug_419,FDA
130,Drug_153,FDA
349,Drug_446,EMA
282,Drug_91,FDA
434,Drug_29,EMA
40,Drug_41,EMA
428,Drug_97,FDA
193,Drug_166,FDA
463,Drug_219,EMA
77,Drug_382,FDA
86,Drug_72,EMA
463,Drug_161,FDA
475,Drug_490,EMA
406,Drug_266,FDA
469,Drug_147,EMA
268,Drug_244,EMA
232,Drug_288,EMA
475,Drug_340,EMA
83,Drug_136,FDA
466,Drug_92,FDA
298,Drug_293,EMA
121,Drug_356,EMA
42,Drug_233,EMA
284,Drug_149,EMA
427,Drug_464,EMA
448,Drug_236,EMA
206,Drug_416,FDA
454,Drug_320,FDA
430,Drug_123,EMA
115,Drug_311,EMA
79,Drug_334,FDA
102,Drug_4,FDA
390,Drug_304,FDA
206,Drug_214,EMA
145,Drug_441,FDA
149,Drug_422,EMA
286,Drug_228,EMA
437,Drug_74,FDA
5,Drug_210,FDA
445,Drug_453,FDA
471,Drug_221,FDA
462,Drug_478,FDA
388,Drug_294,FDA
148,Drug_42,FDA
409,Drug_122,FDA
338,Drug_244,FDA
119,Drug_82,FDA
174,Drug_37,FDA
218,Drug_8,EMA
471,Drug_5,FDA
362,Drug_237,FDA
290,Drug_276,EMA
276,Drug_38,EMA
374,Drug_472,FDA
231,Drug_319,FDA
417,Drug_16,FDA
183,Drug_463,FDA
168,Drug_12,FDA
57,Drug_245,EMA
45,Drug_109,EMA
349,Drug_104,FDA
272,Drug_107,EMA
194,Drug_34,EMA
152,Drug_146,FDA
274,Drug_167,FDA
156,Drug_58,EMA
13,Drug_242,EMA
167,Drug_448,FDA
96,Drug_176,EMA
353,Drug_196,FDA
204,Drug_346,EMA
282,Drug_219,EMA
178,Drug_396,EMA
374,Drug_359,FDA
373,Drug_210,FDA
175,Drug_62,EMA
454,Drug_50,FDA
482,Drug_344,FDA
172,Drug_98,FDA
127,Drug_322,FDA
290,Drug_191,FDA
475,Drug_309,FDA
49,Drug_478,FDA
257,Drug_152,FDA
125,Drug_341,EMA
127,Drug_220,EMA
55,Drug_376,FDA
370,Drug_500,EMA
486,Drug_125,FDA
167,Drug_214,EMA
245,Drug_210,FDA
13,Drug_216,FDA
188,Drug_399,FDA
350,Drug_229,FDA
368,Drug_304,EMA
226,Drug_187,EMA
260,Drug_496,EMA
186,Drug_177,FDA
53,Drug_419,FDA
34,Drug_246,FDA
103,Drug_4,EMA
294,Drug_1,FDA
236,Drug_466,FDA
225,Drug_337,EMA
264,Drug_367,EMA
329,Drug_151,FDA
461,Drug_321,FDA
124,Drug_132,FDA
462,Drug_122,EMA
34,Drug_1,EMA
154,Drug_8,EMA
16,Drug_343,EMA
487,Drug_18,EMA
498,Drug_348,FDA
286,Drug_334,EMA
79,Drug_82,EMA
227,Drug_57,FDA
154,Drug_378,EMA
66,Drug_180,FDA
130,Drug_458,EMA
486,Drug_241,EMA
296,Drug_3,EMA
122,Drug_110,FDA
271,Drug_428,FDA
359,Drug_15,FDA
430,Drug_419,FDA
81,Drug_147,EMA
46,Drug_371,FDA
265,Drug_464,FDA
13,Drug_44,FDA
273,Drug_478,EMA
82,Drug_237,EMA
184,Drug_221,EMA
2,Drug_120,EMA
151,Drug_467,FDA
412,Drug_82,EMA
396,Drug_258,EMA
154,Drug_433,EMA
80,Drug_469,EMA
427,Drug_114,FDA
404,Drug_130,FDA
189,Drug_467,FDA
320,Drug_180,FDA
459,Drug_466,EMA
253,Drug_312,EMA
90,Drug_64,EMA
378,Drug_425,EMA
457,Drug_301,FDA
16,Drug_393,FDA
384,Drug_395,FDA
333,Drug_343,EMA
230,Drug_14,FDA
405,Drug_330,EMA
55,Drug_161,EMA
471,Drug_302,FDA
430,Drug_195,FDA
131,Drug_166,EMA
409,Drug_337,EMA
157,Drug_105,FDA
40,Drug_462,EMA
199,Drug_279,EMA
463,Drug_192,EMA
40,Drug_315,FDA
3,Drug_219,FDA
220,Drug_101,FDA
284,Drug_288,FDA
174,Drug_280,FDA
76,Drug_460,EMA
296,Drug_382,FDA
80,Drug_191,EMA
166,Drug_8,FDA
22,Drug_145,FDA
212,Drug_167,FDA
327,Drug_189,FDA
44,Drug_296,EMA
125,Drug_268,EMA
343,Drug_232,EMA
90,Drug_47,EMA
21,Drug_469,FDA
189,Drug_339,EMA
405,Drug_384,FDA
158,Drug_140,EMA
450,Drug_303,FDA
313,Drug_212,EMA
425,Drug_159,FDA
204,Drug_322,FDA
479,Drug_489,EMA
236,Drug_236,EMA
373,Drug_460,FDA
157,Drug_416,EMA
496,Drug_249,EMA
480,Drug_489,FDA
382,Drug_500,EMA
461,Drug_168,FDA
247,Drug_72,EMA
88,Drug_466,EMA
399,Drug_131,EMA
123,Drug_3,FDA
132,Drug_289,EMA
466,Drug_147,FDA
329,Drug_38,FDA
476,Drug_367,FDA
255,Drug_367,EMA
78,Drug_498,EMA
278,Drug_267,FDA
17,Drug_255,FDA
15,Drug_134,EMA
110,Drug_305,EMA
407,Drug_418,EMA
88,Drug_439,FDA
330,Drug_219,FDA
132,Drug_68,FDA
117,Drug_73,EMA
480,Drug_401,EMA
35,Drug_291,EMA
328,Drug_372,FDA
249,Drug_75,EMA
85,Drug_52,EMA
385,Drug_70,FDA
61,Drug_233,FDA
194,Drug_265,FDA
252,Drug_229,EMA
176,Drug_128,EMA
291,Drug_258,FDA
75,Drug_467,EMA
170,Drug_297,EMA
51,Drug_166,FDA
403,Drug_243,FDA
385,Drug_282,EMA
252,Drug_21,EMA
407,Drug_491,EMA
384,Drug_217,EMA
69,Drug_242,EMA
81,Drug_303,EMA
240,Drug_258,EMA
239,Drug_310,EMA
216,Drug_57,FDA
421,Drug_23,EMA
22,Drug_93,FDA
177,Drug_62,FDA
50,Drug_212,FDA
416,Drug_379,FDA
167,Drug_243,FDA
63,Drug_70,EMA
422,Drug_216,EMA
46,Drug_370,FDA
134,Drug_354,EMA
378,Drug_114,EMA
389,Drug_457,EMA
320,Drug_142,FDA
115,Drug_411,EMA
144,Drug_151,FDA
395,Drug_404,EMA
4,Drug_72,FDA
236,Drug_284,FDA
148,Drug_96,EMA
164,Drug_201,FDA
82,Drug_41,EMA
299,Drug_96,FDA
251,Drug_473,FDA
481,Drug_419,EMA
170,Drug_83,EMA
56,Drug_207,FDA
235,Drug_406,FDA
332,Drug_480,FDA
220,Drug_244,EMA
328,Drug_296,EMA
389,Drug_225,EMA
242,Drug_358,EMA
91,Drug_82,FDA
433,Drug_129,EMA
459,Drug_270,FDA
239,Drug_467,FDA
445,Drug_472,EMA
455,Drug_279,EMA
129,Drug_282,EMA
315,Drug_371,EMA
394,Drug_267,EMA
462,Drug_362,EMA
86,Drug_126,EMA
493,Drug_201,FDA
473,Drug_375,EMA
62,Drug_281,EMA
244,Drug_486,FDA
19,Drug_42,FDA
179,Drug_332,EMA
89,Drug_287,EMA
414,Drug_126,FDA
129,Drug_221,EMA
306,Drug_219,EMA
107,Drug_88,EMA
177,Drug_7,FDA
93,Drug_427,EMA
419,Drug_470,FDA
194,Drug_299,FDA
155,Drug_365,EMA
292,Drug_79,FDA
482,Drug_391,EMA
190,Drug_468,FDA
300,Drug_363,EMA
369,Drug_321,FDA
214,Drug_209,FDA
66,Drug_2,FDA
90,Drug_29,FDA
329,Drug_348,EMA
224,Drug_80,FDA
155,Drug_280,EMA
85,Drug_149,EMA
271,Drug_314,EMA
427,Drug_441,EMA
308,Drug_372,EMA
107,Drug_58,EMA
420,Drug_149,FDA
466,Drug_455,EMA
24,Drug_80,EMA
476,Drug_383,FDA
355,Drug_108,EMA
464,Drug_431,FDA
249,Drug_318,FDA
83,Drug_420,EMA
423,Drug_382,FDA
162,Drug_146,EMA
160,Drug_13,EMA
25,Drug_8,FDA
128,Drug_97,EMA
323,Drug_385,FDA
211,Drug_391,FDA
158,Drug_316,EMA
208,Drug_398,EMA
236,Drug_309,FDA
152,Drug_23,EMA
408,Drug_249,EMA
90,Drug_269,FDA
276,Drug_447,FDA
240,Drug_282,EMA
347,Drug_494,FDA
45,Drug_95,FDA
3,Drug_147,EMA
263,Drug_314,FDA
224,Drug_266,FDA
104,Drug_166,FDA
87,Drug_359,EMA
10,Drug_105,EMA
166,Drug_14,FDA
252,Drug_128,EMA
46,Drug_363,EMA
152,Drug_219,FDA
357,Drug_53,FDA
312,Drug_483,EMA
467,Drug_360,EMA
258,Drug_428,EMA
68,Drug_169,FDA
479,Drug_348,EMA
316,Drug_471,EMA
387,Drug_192,FDA
131,Drug_167,EMA
496,Drug_276,EMA
248,Drug_418,EMA
386,Drug_345,EMA
298,Drug_126,FDA
486,Drug_435,FDA
354,Drug_95,EMA
46,Drug_23,EMA
373,Drug_208,FDA
54,Drug_401,EMA
443,Drug_179,FDA
480,Drug_281,EMA
453,Drug_349,EMA
331,Drug_83,FDA
293,Drug_18,FDA
133,Drug_221,FDA
352,Drug_221,FDA
41,Drug_153,FDA
402,Drug_265,FDA
470,Drug_275,FDA
45,Drug_455,EMA
394,Drug_325,EMA
230,Drug_330,EMA
48,Drug_90,FDA
301,Drug_451,FDA
319,Drug_330,FDA
61,Drug_224,EMA
455,Drug_275,EMA
110,Drug_76,EMA
415,Drug_35,EMA
284,Drug_298,FDA
316,Drug_397,FDA
142,Drug_145,EMA
166,Drug_74,FDA
359,Drug_480,FDA
245,Drug_22,FDA
138,Drug_407,EMA
498,Drug_481,EMA
42,Drug_412,FDA
240,Drug_458,EMA
60,Drug_199,FDA
302,Drug_464,EMA
142,Drug_174,EMA
387,Drug_189,EMA
201,Drug_315,EMA
195,Drug_494,FDA
291,Drug_481,FDA
426,Drug_329,EMA
25,Drug_61,FDA
474,Drug_54,FDA
370,Drug_413,EMA
210,Drug_203,EMA
323,Drug_378,EMA
438,Drug_455,EMA
124,Drug_82,FDA
223,Drug_424,EMA
468,Drug_497,EMA
252,Drug_335,EMA
44,Drug_74,FDA
199,Drug_10,FDA
175,Drug_306,EMA
154,Drug_85,EMA
8,Drug_140,FDA
73,Drug_406,EMA
381,Drug_360,EMA
1,Drug_278,EMA
1,Drug_58,EMA
474,Drug_272,FDA
2,Drug_200,FDA
32,Drug_51,FDA
415,Drug_347,FDA
62,Drug_328,FDA
453,Drug_249,EMA
416,Drug_8,FDA
53,Drug_130,EMA
249,Drug_147,EMA
391,Drug_439,FDA
24,Drug_191,EMA
38,Drug_203,FDA
447,Drug_80,EMA
61,Drug_234,FDA
485,Drug_396,EMA
329,Drug_434,EMA
371,Drug_85,EMA
238,Drug_25,FDA
307,Drug_109,EMA
242,Drug_345,FDA
208,Drug_481,EMA
208,Drug_304,FDA
53,Drug_438,FDA
26,Drug_150,EMA
340,Drug_309,EMA
77,Drug_98,EMA
330,Drug_69,EMA
26,Drug_336,EMA
238,Drug_266,EMA
447,Drug_101,EMA
193,Drug_451,EMA
483,Drug_48,FDA
427,Drug_194,EMA
440,Drug_456,EMA
268,Drug_349,EMA
194,Drug_185,EMA
409,Drug_405,EMA
396,Drug_387,EMA
15,Drug_152,FDA
61,Drug_341,EMA
202,Drug_394,FDA
367,Drug_75,FDA
224,Drug_347,FDA
416,Drug_320,FDA
182,Drug_299,EMA
472,Drug_164,FDA
242,Drug_192,EMA
269,Drug_482,EMA
107,Drug_103,FDA
112,Drug_109,FDA
49,Drug_249,FDA
75,Drug_83,EMA
238,Drug_246,FDA
39,Drug_97,EMA
348,Drug_365,FDA
55,Drug_448,EMA
365,Drug_381,EMA
285,Drug_154,EMA
86,Drug_263,EMA
444,Drug_262,EMA
127,Drug_309,FDA
192,Drug_19,FDA
21,Drug_253,EMA
254,Drug_32,EMA
439,Drug_120,FDA
405,Drug_486,FDA
135,Drug_18,FDA
259,Drug_128,FDA
416,Drug_317,EMA
77,Drug_125,FDA
318,Drug_303,FDA
313,Drug_212,FDA
74,Drug_48,EMA
436,Drug_249,FDA
143,Drug_206,EMA
409,Drug_76,EMA
119,Drug_266,EMA
49,Drug_173,EMA
127,Drug_17,EMA
42,Drug_367,FDA
218,Drug_188,EMA
305,Drug_215,FDA
414,Drug_204,EMA
15,Drug_78,FDA
14,Drug_409,EMA
167,Drug_20,FDA
2,Drug_497,EMA
18,Drug_319,FDA
422,Drug_270,FDA
386,Drug_303,FDA
213,Drug_371,EMA
477,Drug_47,EMA
81,Drug_148,EMA
242,Drug_150,FDA
243,Drug_90,EMA
291,Drug_243,EMA
28,Drug_407,FDA
107,Drug_427,FDA
165,Drug_303,EMA
488,Drug_121,EMA
71,Drug_135,EMA
79,Drug_155,EMA
273,Drug_97,EMA
93,Drug_152,FDA
86,Drug_5,FDA
333,Drug_383,FDA
470,Drug_458,FDA
479,Drug_20,EMA
213,Drug_169,EMA
220,Drug_29,FDA
235,Drug_214,EMA
429,Drug_195,FDA
423,Drug_129,FDA
123,Drug_172,FDA
423,Drug_344,EMA
130,Drug_271,FDA
498,Drug_34,FDA
175,Drug_14,EMA
139,Drug_165,EMA
286,Drug_309,EMA
66,Drug_109,EMA
61,Drug_381,EMA
433,Drug_456,FDA
92,Drug_339,FDA
72,Drug_193,FDA
164,Drug_475,FDA
420,Drug_83,EMA
222,Drug_375,FDA
272,Drug_326,FDA
446,Drug_138,FDA
362,Drug_439,EMA
244,Drug_208,FDA
169,Drug_321,EMA
413,Drug_445,EMA
115,Drug_164,EMA
284,Drug_220,EMA
468,Drug_308,FDA
459,Drug_252,EMA
284,Drug_441,FDA
169,Drug_292,FDA
98,Drug_499,EMA
157,Drug_386,EMA
360,Drug_75,FDA
40,Drug_93,FDA
461,Drug_229,EMA
347,Drug_394,FDA
170,Drug_86,EMA
354,Drug_169,EMA
418,Drug_273,FDA
464,Drug_471,EMA
342,Drug_178,FDA
308,Drug_92,EMA
106,Drug_473,FDA
224,Drug_336,FDA
180,Drug_483,EMA
345,Drug_231,EMA
249,Drug_312,EMA
427,Drug_291,EMA
492,Drug_442,EMA
285,Drug_51,FDA
226,Drug_123,FDA
498,Drug_231,FDA
227,Drug_281,FDA
452,Drug_241,EMA
178,Drug_347,FDA
442,Drug_437,EMA
437,Drug_323,FDA
496,Drug_178,FDA
54,Drug_455,FDA
369,Drug_321,FDA
117,Drug_371,FDA
128,Drug_434,EMA
176,Drug_467,FDA
150,Drug_211,FDA
400,Drug_152,EMA
129,Drug_442,EMA
419,Drug_376,FDA
261,Drug_122,FDA
164,Drug_132,FDA
257,Drug_397,EMA
275,Drug_112,FDA
158,Drug_381,EMA
229,Drug_158,EMA
130,Drug_95,FDA
120,Drug_344,EMA
128,Drug_147,EMA
263,Drug_142,EMA
411,Drug_275,EMA
109,Drug_292,EMA
86,Drug_63,EMA
51,Drug_432,EMA
36,Drug_345,EMA
100,Drug_187,FDA
384,Drug_400,EMA
323,Drug_139,EMA
401,Drug_97,EMA
82,Drug_44,EMA
207,Drug_402,FDA
97,Drug_413,FDA
492,Drug_443,EMA
341,Drug_106,EMA
295,Drug_68,FDA
75,Drug_407,EMA
197,Drug_355,EMA
152,Drug_459,FDA
122,Drug_50,FDA
23,Drug_443,EMA
386,Drug_45,EMA
404,Drug_49,FDA
483,Drug_295,FDA
112,Drug_268,EMA
259,Drug_257,EMA
183,Drug_286,FDA
443,Drug_17,EMA
149,Drug_10,FDA
19,Drug_356,FDA
199,Drug_354,FDA
354,Drug_407,EMA
226,Drug_250,EMA
458,Drug_218,FDA
404,Drug_488,EMA
179,Drug_118,EMA
44,Drug_309,FDA
78,Drug_495,EMA
361,Drug_435,EMA
79,Drug_84,EMA
41,Drug_106,EMA
462,Drug_499,FDA
49,Drug_238,EMA
140,Drug_480,EMA
2,Drug_337,FDA
136,Drug_33,FDA
203,Drug_126,EMA
410,Drug_212,EMA
244,Drug_330,EMA
49,Drug_214,EMA
66,Drug_223,FDA
317,Drug_68,EMA
361,Drug_401,FDA
263,Drug_134,FDA
192,Drug_240,FDA
260,Drug_134,FDA
308,Drug_395,EMA
205,Drug_16,FDA
291,Drug_272,FDA
348,Drug_72,FDA
375,Drug_404,FDA
261,Drug_140,EMA
461,Drug_296,EMA
410,Drug_240,EMA
163,Drug_18,EMA
272,Drug_310,EMA
393,Drug_472,EMA
168,Drug_353,FDA
21,Drug_174,FDA
243,Drug_455,FDA
426,Drug_81,EMA
190,Drug_21,EMA
396,Drug_449,EMA
32,Drug_437,EMA
91,Drug_453,FDA
14,Drug_215,EMA
73,Drug_265,EMA
260,Drug_121,FDA
371,Drug_354,EMA
448,Drug_253,EMA
365,Drug_391,FDA
126,Drug_347,FDA
293,Drug_4,FDA
298,Drug_420,FDA
217,Drug_65,FDA
366,Drug_339,FDA
440,Drug_230,FDA
136,Drug_169,FDA
200,Drug_396,FDA
325,Drug_445,FDA
234,Drug_495,FDA
322,Drug_316,FDA
51,Drug_289,EMA
436,Drug_333,EMA
191,Drug_166,EMA
377,Drug_327,FDA
466,Drug_292,EMA
378,Drug_310,EMA
492,Drug_191,EMA
58,Drug_218,EMA
258,Drug_239,FDA
207,Drug_106,EMA
162,Drug_238,EMA
126,Drug_248,EMA
90,Drug_238,EMA
465,Drug_363,FDA
50,Drug_374,EMA
208,Drug_447,FDA
369,Drug_150,FDA
450,Drug_276,FDA
85,Drug_102,EMA
91,Drug_268,FDA
41,Drug_482,FDA
8,Drug_76,EMA
168,Drug_252,FDA
59,Drug_190,EMA
361,Drug_131,FDA
80,Drug_112,EMA
139,Drug_240,FDA
296,Drug_147,EMA
163,Drug_162,EMA
299,Drug_13,EMA
60,Drug_316,EMA
176,Drug_309,EMA
393,Drug_381,FDA
365,Drug_220,FDA
44,Drug_47,EMA
453,Drug_135,EMA
152,Drug_4,EMA
450,Drug_170,FDA
286,Drug_52,EMA
276,Drug_147,EMA
8,Drug_39,FDA
134,Drug_27,FDA
66,Drug_225,EMA
21,Drug_488,FDA
467,Drug_410,FDA
216,Drug_344,EMA
478,Drug_438,EMA
447,Drug_32,EMA
49,Drug_133,FDA
15,Drug_306,EMA
180,Drug_143,EMA
64,Drug_401,FDA
276,Drug_489,FDA
430,Drug_244,FDA
206,Drug_473,EMA
138,Drug_475,FDA
462,Drug_196,EMA
12,Drug_136,EMA
319,Drug_460,FDA
496,Drug_119,EMA
8,Drug_354,EMA
483,Drug_87,FDA
142,Drug_82,FDA
190,Drug_388,EMA
403,Drug_14,EMA
388,Drug_354,FDA
227,Drug_155,FDA
446,Drug_13,FDA
440,Drug_93,EMA
87,Drug_102,EMA
162,Drug_42,FDA
263,Drug_383,FDA
64,Drug_165,EMA
364,Drug_318,EMA
332,Drug_207,EMA
422,Drug_73,EMA
481,Drug_391,EMA
108,Drug_225,FDA
48,Drug_322,EMA
41,Drug_111,EMA
130,Drug_458,EMA
442,Drug_168,EMA
161,Drug_19,EMA
356,Drug_165,FDA
461,Drug_96,EMA
154,Drug_96,FDA
363,Drug_339,FDA
168,Drug_499,FDA
92,Drug_9,FDA
254,Drug_2,FDA
301,Drug_134,EMA
286,Drug_465,FDA
303,Drug_362,EMA
449,Drug_443,FDA
261,Drug_6,FDA
388,Drug_249,EMA
384,Drug_6,EMA
61,Drug_51,EMA
157,Drug_283,EMA
372,Drug_102,FDA
398,Drug_182,EMA
390,Drug_130,EMA
287,Drug_134,EMA
433,Drug_335,FDA
76,Drug_119,EMA
101,Drug_335,FDA
290,Drug_344,EMA
216,Drug_308,EMA
361,Drug_242,FDA
365,Drug_183,FDA
451,Drug_412,EMA
217,Drug_247,FDA
2,Drug_465,FDA
413,Drug_60,FDA
413,Drug_69,FDA
280,Drug_388,FDA
56,Drug_111,EMA
457,Drug_75,FDA
467,Drug_200,FDA
72,Drug_445,FDA
43,Drug_100,EMA
456,Drug_9,FDA
222,Drug_424,EMA
114,Drug_473,FDA
79,Drug_429,FDA
260,Drug_453,EMA
194,Drug_286,FDA
232,Drug_416,EMA
439,Drug_348,FDA
90,Drug_479,EMA
387,Drug_355,EMA
375,Drug_57,EMA
260,Drug_394,FDA
202,Drug_257,FDA
116,Drug_118,EMA
323,Drug_88,FDA
36,Drug_81,FDA
121,Drug_42,FDA
183,Drug_190,EMA
336,Drug_7,FDA
91,Drug_329,FDA
365,Drug_343,EMA
155,Drug_285,EMA
293,Drug_466,EMA
6,Drug_454,EMA
133,Drug_119,FDA
305,Drug_320,EMA
185,Drug_90,EMA
459,Drug_471,FDA
155,Drug_468,FDA
462,Drug_327,FDA
132,Drug_92,EMA
410,Drug_30,EMA
277,Drug_143,FDA
382,Drug_4,EMA
334,Drug_438,EMA
114,Drug_181,FDA
349,Drug_239,EMA
251,Drug_359,EMA
310,Drug_87,EMA
256,Drug_422,FDA
337,Drug_458,FDA
44,Drug_345,FDA
209,Drug_483,EMA
321,Drug_278,EMA
19,Drug_290,EMA
110,Drug_421,EMA
26,Drug_71,FDA
374,Drug_226,FDA
77,Drug_42,FDA
82,Drug_93,EMA
25,Drug_157,EMA
460,Drug_435,FDA
469,Drug_120,EMA
309,Drug_5,EMA
408,Drug_88,FDA
131,Drug_454,FDA
94,Drug_111,EMA
168,Drug_481,FDA
280,Drug_474,FDA
334,Drug_325,EMA
320,Drug_236,FDA
135,Drug_277,EMA
102,Drug_171,FDA
29,Drug_23,EMA
134,Drug_330,FDA
140,Drug_226,EMA
1,Drug_394,EMA
153,Drug_428,FDA
261,Drug_306,EMA
174,Drug_146,EMA
460,Drug_456,EMA
241,Drug_433,FDA
275,Drug_271,FDA
307,Drug_38,FDA
68,Drug_154,FDA
79,Drug_183,EMA
116,Drug_104,FDA
314,Drug_54,FDA
197,Drug_172,FDA
433,Drug_165,FDA
227,Drug_145,EMA
19,Drug_143,EMA
418,Drug_125,EMA
437,Drug_355,FDA
71,Drug_82,EMA
109,Drug_382,FDA
405,Drug_280,EMA
461,Drug_319,EMA
237,Drug_205,FDA
390,Drug_211,EMA
455,Drug_272,EMA
276,Drug_263,FDA
70,Drug_471,FDA
203,Drug_357,FDA
92,Drug_416,EMA
437,Drug_65,FDA
330,Drug_80,FDA
472,Drug_8,FDA
66,Drug_445,FDA
496,Drug_160,FDA
319,Drug_295,FDA
160,Drug_110,FDA
363,Drug_16,EMA
423,Drug_144,EMA
297,Drug_169,EMA
363,Drug_1,EMA
432,Drug_261,EMA
482,Drug_246,FDA
49,Drug_186,FDA
233,Drug_247,EMA
95,Drug_470,EMA
96,Drug_395,FDA
355,Drug_21,EMA
51,Drug_148,FDA
113,Drug_199,EMA
132,Drug_365,EMA
424,Drug_472,FDA
500,Drug_456,FDA
20,Drug_145,EMA
209,Drug_480,EMA
222,Drug_429,FDA
329,Drug_373,EMA
278,Drug_487,FDA
193,Drug_359,FDA
55,Drug_51,FDA
444,Drug_484,EMA
352,Drug_300,EMA
420,Drug_107,EMA
100,Drug_288,FDA
310,Drug_25,EMA
403,Drug_146,FDA
349,Drug_103,FDA
298,Drug_471,FDA
467,Drug_15,FDA
395,Drug_207,FDA
320,Drug_445,FDA
333,Drug_290,EMA
427,Drug_206,FDA
411,Drug_22,EMA
261,Drug_238,EMA
429,Drug_49,FDA
159,Drug_119,EMA
188,Drug_141,EMA
84,Drug_444,EMA
241,Drug_30,EMA
407,Drug_310,EMA
388,Drug_141,FDA
232,Drug_86,FDA
412,Drug_256,FDA
222,Drug_334,EMA
485,Drug_493,EMA
466,Drug_489,FDA
137,Drug_122,FDA
233,Drug_298,FDA
58,Drug_275,EMA
2,Drug_231,EMA
81,Drug_362,FDA
244,Drug_427,FDA
386,Drug_11,FDA
280,Drug_326,EMA
391,Drug_273,FDA
423,Drug_180,EMA
226,Drug_93,FDA
189,Drug_379,EMA
83,Drug_196,FDA
241,Drug_297,FDA
113,Drug_47,FDA
408,Drug_450,EMA
93,Drug_475,FDA
23,Drug_218,FDA
121,Drug_316,FDA
474,Drug_281,EMA
2,Drug_249,FDA
243,Drug_409,FDA
246,Drug_99,EMA
47,Drug_389,FDA
50,Drug_371,EMA
79,Drug_42,FDA
1,Drug_228,FDA
147,Drug_357,EMA
431,Drug_90,EMA
209,Drug_138,EMA
290,Drug_363,EMA
121,Drug_103,FDA
139,Drug_315,EMA
140,Drug_98,EMA
315,Drug_400,FDA
351,Drug_26,EMA
161,Drug_437,EMA
406,Drug_259,FDA
105,Drug_101,EMA
219,Drug_172,FDA
444,Drug_42,FDA
128,Drug_2,EMA
47,Drug_208,EMA
168,Drug_178,FDA
83,Drug_201,FDA
85,Drug_252,FDA
260,Drug_450,FDA
3,Drug_253,FDA
437,Drug_134,FDA
79,Drug_75,EMA
294,Drug_66,EMA
80,Drug_155,EMA
335,Drug_370,EMA
351,Drug_329,FDA
375,Drug_407,EMA
23,Drug_479,EMA
291,Drug_94,FDA
112,Drug_166,EMA
309,Drug_165,FDA
267,Drug_1,FDA
52,Drug_452,FDA
32,Drug_65,FDA
1,Drug_463,FDA
5,Drug_472,FDA
268,Drug_332,FDA
356,Drug_178,FDA
130,Drug_441,EMA
72,Drug_110,EMA
277,Drug_58,FDA
265,Drug_4,EMA
275,Drug_385,FDA
200,Drug_85,FDA
409,Drug_118,FDA
60,Drug_61,EMA
453,Drug_456,EMA
288,Drug_25,FDA
155,Drug_418,EMA
119,Drug_500,EMA
170,Drug_216,EMA
101,Drug_115,FDA
356,Drug_230,EMA
344,Drug_210,FDA
16,Drug_447,EMA
406,Drug_203,EMA
397,Drug_311,FDA
411,Drug_113,FDA
115,Drug_176,EMA
96,Drug_349,FDA
209,Drug_33,EMA
6,Drug_72,FDA
130,Drug_426,FDA
495,Drug_376,EMA
84,Drug_344,FDA
431,Drug_450,EMA
176,Drug_462,EMA
500,Drug_276,EMA
273,Drug_397,EMA
368,Drug_179,EMA
210,Drug_389,FDA
207,Drug_341,EMA
18,Drug_174,FDA
10,Drug_133,FDA
214,Drug_31,EMA
304,Drug_158,EMA
46,Drug_489,FDA
373,Drug_131,FDA
125,Drug_98,EMA
388,Drug_96,EMA
302,Drug_6,FDA
406,Drug_389,FDA
480,Drug_76,EMA
439,Drug_248,EMA
183,Drug_203,EMA
197,Drug_6,FDA
118,Drug_406,EMA
383,Drug_460,EMA
113,Drug_483,FDA
454,Drug_35,EMA
288,Drug_285,EMA
391,Drug_23,EMA
499,Drug_220,FDA
381,Drug_60,FDA
310,Drug_452,FDA
311,Drug_119,EMA
492,Drug_133,EMA
185,Drug_413,FDA
418,Drug_408,EMA
60,Drug_184,EMA
93,Drug_498,FDA
312,Drug_98,FDA
103,Drug_95,EMA
404,Drug_437,EMA
19,Drug_258,FDA
451,Drug_353,FDA
311,Drug_397,EMA
324,Drug_60,FDA
456,Drug_144,EMA
443,Drug_80,EMA
418,Drug_183,FDA
89,Drug_233,EMA
258,Drug_257,EMA
478,Drug_480,EMA
437,Drug_381,FDA
213,Drug_482,FDA
385,Drug_13,FDA
397,Drug_30,FDA
209,Drug_203,FDA
342,Drug_406,EMA
395,Drug_68,FDA
184,Drug_301,FDA
389,Drug_305,FDA
73,Drug_433,EMA
384,Drug_323,FDA
231,Drug_119,EMA
500,Drug_440,FDA
38,Drug_472,EMA
417,Drug_389,EMA
425,Drug_263,FDA
378,Drug_8,EMA
280,Drug_447,EMA
128,Drug_110,FDA
490,Drug_97,EMA
40,Drug_242,EMA
404,Drug_378,EMA
83,Drug_290,EMA
25,Drug_52,FDA
309,Drug_100,FDA
471,Drug_136,FDA
355,Drug_415,EMA
324,Drug_188,FDA
283,Drug_50,FDA
228,Drug_350,FDA
259,Drug_201,EMA
365,Drug_23,FDA
259,Drug_387,EMA
287,Drug_122,EMA
17,Drug_148,FDA
77,Drug_288,EMA
176,Drug_306,EMA
204,Drug_327,FDA
397,Drug_462,EMA
220,Drug_161,FDA
280,Drug_131,EMA
122,Drug_110,EMA
256,Drug_374,FDA
499,Drug_85,EMA
387,Drug_69,EMA
344,Drug_24,FDA
11,Drug_269,FDA
1,Drug_336,FDA
131,Drug_324,FDA
466,Drug_247,FDA
114,Drug_115,FDA
458,Drug_79,FDA
436,Drug_248,FDA
103,Drug_212,FDA
28,Drug_46,FDA
388,Drug_26,EMA
411,Drug_366,EMA
269,Drug_164,EMA
100,Drug_120,FDA
220,Drug_231,FDA
307,Drug_420,FDA
497,Drug_276,FDA
168,Drug_195,EMA
370,Drug_148,EMA
450,Drug_124,EMA
151,Drug_309,FDA
321,Drug_56,EMA
11,Drug_49,EMA
473,Drug_335,EMA
133,Drug_135,FDA
214,Drug_362,EMA
459,Drug_102,FDA
229,Drug_257,EMA
59,Drug_259,FDA
305,Drug_34,EMA
379,Drug_222,FDA
154,Drug_23,EMA
109,Drug_452,EMA
76,Drug_320,FDA
492,Drug_295,EMA
40,Drug_74,FDA
307,Drug_466,EMA
477,Drug_14,EMA
469,Drug_196,FDA
199,Drug_477,EMA
181,Drug_196,FDA
463,Drug_475,EMA
159,Drug_218,EMA
376,Drug_46,FDA
371,Drug_274,EMA
357,Drug_215,FDA
341,Drug_286,FDA
385,Drug_274,EMA
378,Drug_220,EMA
305,Drug_480,EMA
244,Drug_352,FDA
102,Drug_149,EMA
448,Drug_460,EMA
10,Drug_376,FDA
110,Drug_214,FDA
20,Drug_393,EMA
492,Drug_419,FDA
107,Drug_389,EMA
442,Drug_191,EMA
244,Drug_210,EMA
443,Drug_371,EMA
88,Drug_357,FDA
435,Drug_311,EMA
131,Drug_190,EMA
121,Drug_206,EMA
402,Drug_36,FDA
52,Drug_494,FDA
405,Drug_474,EMA
62,Drug_414,EMA
400,Drug_290,EMA
375,Drug_159,FDA
74,Drug_493,FDA
84,Drug_154,EMA
209,Drug_200,FDA
470,Drug_490,FDA
24,Drug_365,EMA
447,Drug_177,EMA
151,Drug_107,EMA
149,Drug_2,FDA
145,Drug_121,FDA
102,Drug_111,FDA
200,Drug_12,FDA
447,Drug_393,EMA
479,Drug_43,EMA
94,Drug_465,EMA
230,Drug_107,FDA
68,Drug_82,EMA
230,Drug_178,FDA
156,Drug_334,EMA
302,Drug_392,EMA
444,Drug_33,FDA
182,Drug_52,FDA
382,Drug_103,EMA
107,Drug_257,FDA
384,Drug_456,FDA
56,Drug_254,EMA
370,Drug_164,EMA
475,Drug_433,EMA
382,Drug_486,FDA
334,Drug_213,EMA
480,Drug_221,FDA
435,Drug_225,EMA
294,Drug_243,FDA
175,Drug_2,EMA
421,Drug_437,FDA
256,Drug_468,FDA
47,Drug_215,FDA
251,Drug_300,EMA
134,Drug_251,EMA
290,Drug_152,EMA
242,Drug_320,EMA
180,Drug_125,EMA
29,Drug_364,FDA
266,Drug_403,EMA
171,Drug_333,FDA
322,Drug_86,EMA
175,Drug_420,FDA
229,Drug_253,EMA
425,Drug_495,FDA
409,Drug_336,EMA
311,Drug_274,FDA
369,Drug_325,EMA
391,Drug_139,EMA
469,Drug_172,FDA
369,Drug_31,EMA
424,Drug_398,EMA
272,Drug_119,EMA
26,Drug_407,FDA
121,Drug_358,FDA
397,Drug_202,EMA
48,Drug_321,FDA
372,Drug_156,EMA
361,Drug_98,EMA
98,Drug_166,EMA
144,Drug_350,EMA
156,Drug_250,FDA
464,Drug_337,EMA
94,Drug_430,EMA
449,Drug_331,FDA
240,Drug_99,FDA
280,Drug_141,FDA
91,Drug_143,EMA
311,Drug_13,FDA
32,Drug_234,FDA
89,Drug_37,EMA
470,Drug_370,EMA
364,Drug_88,FDA
129,Drug_373,EMA
330,Drug_208,FDA
140,Drug_404,EMA
35,Drug_422,EMA
101,Drug_412,FDA
185,Drug_137,FDA
443,Drug_31,EMA
212,Drug_288,EMA
428,Drug_90,EMA
320,Drug_229,EMA
377,Drug_219,FDA
145,Drug_323,EMA
106,Drug_107,EMA
284,Drug_8,EMA
282,Drug_472,FDA
111,Drug_95,FDA
416,Drug_196,FDA
110,Drug_410,FDA
267,Drug_15,FDA
307,Drug_352,EMA
449,Drug_382,EMA
415,Drug_281,FDA
441,Drug_104,FDA
148,Drug_119,FDA
455,Drug_203,FDA
311,Drug_55,FDA
263,Drug_404,FDA
204,Drug_287,EMA
223,Drug_307,EMA
86,Drug_186,FDA
348,Drug_270,FDA
6,Drug_63,EMA
189,Drug_127,FDA
453,Drug_21,FDA
473,Drug_376,FDA
236,Drug_422,EMA
296,Drug_16,FDA
345,Drug_25,EMA
68,Drug_67,EMA
193,Drug_188,EMA
230,Drug_495,EMA
312,Drug_58,EMA
493,Drug_126,FDA
204,Drug_74,EMA
390,Drug_84,FDA
181,Drug_402,FDA
316,Drug_331,FDA
448,Drug_198,FDA
153,Drug_345,FDA
327,Drug_127,FDA
82,Drug_419,FDA
409,Drug_299,EMA
364,Drug_221,FDA
411,Drug_308,FDA
444,Drug_134,EMA
174,Drug_393,EMA
402,Drug_293,FDA
263,Drug_247,EMA
166,Drug_453,EMA
319,Drug_200,EMA
248,Drug_91,FDA
372,Drug_188,FDA
422,Drug_196,EMA
250,Drug_207,FDA
429,Drug_98,FDA
158,Drug_190,EMA
473,Drug_364,FDA
442,Drug_201,EMA
344,Drug_448,EMA
487,Drug_233,EMA
370,Drug_363,EMA
286,Drug_161,FDA
134,Drug_351,FDA
38,Drug_63,FDA
352,Drug_8,FDA
498,Drug_385,EMA
161,Drug_51,EMA
308,Drug_146,EMA
107,Drug_406,FDA
382,Drug_117,FDA
198,Drug_401,FDA
401,Drug_245,EMA
297,Drug_427,EMA
68,Drug_21,FDA
397,Drug_103,FDA
194,Drug_493,FDA
138,Drug_104,EMA
152,Drug_211,EMA
328,Drug_13,EMA
107,Drug_164,FDA
227,Drug_181,EMA
221,Drug_74,FDA
390,Drug_216,FDA
428,Drug_261,FDA
309,Drug_334,EMA
330,Drug_298,EMA
241,Drug_307,FDA
17,Drug_18,FDA
381,Drug_147,EMA
375,Drug_440,FDA
494,Drug_50,EMA
282,Drug_448,FDA
415,Drug_191,FDA
12,Drug_301,FDA
491,Drug_360,FDA
469,Drug_228,EMA
267,Drug_358,FDA
484,Drug_420,FDA
30,Drug_224,EMA
317,Drug_82,EMA
475,Drug_63,FDA
299,Drug_491,FDA
230,Drug_169,EMA
367,Drug_46,FDA
193,Drug_483,EMA
256,Drug_282,EMA
157,Drug_288,FDA
263,Drug_39,EMA
107,Drug_254,FDA
16,Drug_139,FDA
242,Drug_294,EMA
479,Drug_96,FDA
133,Drug_167,FDA
340,Drug_163,FDA
192,Drug_378,EMA
44,Drug_97,EMA
463,Drug_477,EMA
3,Drug_308,EMA
182,Drug_256,EMA
460,Drug_453,EMA
437,Drug_275,EMA
372,Drug_110,FDA
300,Drug_173,FDA
262,Drug_255,FDA
212,Drug_94,FDA
391,Drug_472,EMA
240,Drug_38,FDA
76,Drug_95,EMA
195,Drug_202,EMA
421,Drug_90,EMA
46,Drug_33,EMA
334,Drug_474,FDA
135,Drug_442,EMA
367,Drug_442,EMA
471,Drug_448,EMA
153,Drug_92,FDA
332,Drug_457,FDA
338,Drug_420,FDA
228,Drug_459,FDA
7,Drug_3,EMA
480,Drug_64,EMA
59,Drug_290,FDA
389,Drug_416,EMA
141,Drug_81,EMA
333,Drug_478,FDA
219,Drug_27,FDA
19,Drug_316,EMA
301,Drug_161,EMA
291,Drug_380,EMA
152,Drug_410,EMA
392,Drug_38,EMA
394,Drug_478,EMA
222,Drug_420,EMA
449,Drug_77,FDA
426,Drug_378,EMA
240,Drug_189,EMA
454,Drug_267,EMA
11,Drug_199,EMA
264,Drug_185,EMA
411,Drug_474,EMA
210,Drug_82,FDA
211,Drug_197,FDA
405,Drug_214,EMA
308,Drug_28,FDA
11,Drug_44,EMA
81,Drug_337,FDA
482,Drug_235,EMA
54,Drug_483,EMA
138,Drug_415,FDA
459,Drug_496,FDA
378,Drug_45,FDA
51,Drug_84,FDA
470,Drug_331,FDA
199,Drug_74,EMA
473,Drug_163,FDA
136,Drug_487,FDA
377,Drug_128,FDA
54,Drug_306,FDA
332,Drug_213,FDA
14,Drug_106,FDA
463,Drug_397,EMA
444,Drug_24,FDA
98,Drug_106,EMA
196,Drug_137,FDA
299,Drug_24,EMA
204,Drug_369,EMA
53,Drug_271,FDA
65,Drug_219,EMA
401,Drug_421,EMA
488,Drug_46,FDA
104,Drug_21,EMA
105,Drug_14,FDA
430,Drug_176,FDA
200,Drug_2,EMA
16,Drug_471,EMA
44,Drug_205,FDA
481,Drug_401,EMA
260,Drug_47,FDA
277,Drug_287,EMA
475,Drug_451,EMA
297,Drug_108,FDA
488,Drug_177,FDA
430,Drug_298,FDA
390,Drug_463,EMA
338,Drug_52,FDA
36,Drug_34,EMA
443,Drug_402,EMA
454,Drug_205,FDA
46,Drug_221,FDA
449,Drug_42,EMA
97,Drug_116,FDA
256,Drug_340,FDA
194,Drug_370,FDA
497,Drug_105,FDA
114,Drug_52,FDA
262,Drug_432,FDA
169,Drug_96,FDA
312,Drug_388,FDA
419,Drug_363,EMA
429,Drug_294,FDA
35,Drug_353,EMA
104,Drug_453,EMA
418,Drug_205,EMA
415,Drug_326,FDA
210,Drug_227,FDA
469,Drug_278,FDA
126,Drug_199,EMA
452,Drug_169,EMA
270,Drug_409,FDA
76,Drug_463,FDA
460,Drug_355,EMA
374,Drug_204,FDA
247,Drug_257,EMA
6,Drug_215,EMA
22,Drug_269,FDA
92,Drug_298,FDA
459,Drug_409,EMA
170,Drug_38,FDA
356,Drug_4,FDA
462,Drug_13,EMA
357,Drug_8,EMA
274,Drug_43,EMA
40,Drug_70,FDA
16,Drug_52,EMA
268,Drug_28,FDA
261,Drug_101,FDA
451,Drug_213,EMA
183,Drug_229,FDA
78,Drug_113,FDA
420,Drug_294,FDA
421,Drug_490,EMA
418,Drug_104,FDA
137,Drug_130,FDA
116,Drug_279,EMA
394,Drug_458,FDA
461,Drug_208,FDA
56,Drug_193,EMA
259,Drug_300,FDA
150,Drug_62,EMA
178,Drug_330,EMA
223,Drug_152,EMA
412,Drug_68,FDA
163,Drug_444,FDA
111,Drug_236,FDA
41,Drug_462,FDA
195,Drug_45,EMA
491,Drug_43,EMA
11,Drug_324,EMA
387,Drug_136,FDA
142,Drug_280,FDA
391,Drug_348,EMA
472,Drug_20,FDA
323,Drug_495,EMA
359,Drug_243,EMA
12,Drug_34,FDA
140,Drug_94,EMA
212,Drug_490,FDA
143,Drug_141,FDA
481,Drug_205,EMA
286,Drug_301,FDA
436,Drug_494,FDA
198,Drug_408,FDA
220,Drug_238,EMA
366,Drug_298,FDA
163,Drug_201,EMA
374,Drug_431,FDA
73,Drug_121,FDA
327,Drug_146,EMA
482,Drug_7,EMA
378,Drug_310,FDA
453,Drug_479,FDA
228,Drug_424,FDA
98,Drug_470,FDA
266,Drug_155,EMA
410,Drug_150,EMA
274,Drug_194,EMA
471,Drug_439,FDA
402,Drug_457,EMA
46,Drug_210,EMA
48,Drug_7,FDA
363,Drug_233,FDA
236,Drug_452,EMA
259,Drug_313,EMA
47,Drug_317,EMA
292,Drug_334,FDA
419,Drug_113,FDA
368,Drug_18,FDA
89,Drug_437,FDA
479,Drug_6,FDA
221,Drug_499,FDA
323,Drug_465,EMA
319,Drug_200,EMA
299,Drug_217,EMA
331,Drug_335,EMA
293,Drug_252,FDA
364,Drug_444,EMA
435,Drug_390,FDA
15,Drug_119,FDA
140,Drug_86,EMA
291,Drug_102,FDA
112,Drug_477,EMA
419,Drug_310,FDA
26,Drug_181,FDA
59,Drug_178,EMA
453,Drug_96,EMA
395,Drug_186,FDA
112,Drug_172,FDA
408,Drug_154,FDA
426,Drug_477,EMA
229,Drug_217,FDA
438,Drug_459,FDA
408,Drug_314,FDA
366,Drug_14,FDA
131,Drug_89,FDA
434,Drug_86,FDA
109,Drug_331,EMA
279,Drug_485,EMA
57,Drug_20,FDA
238,Drug_329,FDA
150,Drug_8,FDA
3,Drug_285,EMA
244,Drug_422,EMA
135,Drug_282,EMA
120,Drug_441,EMA
366,Drug_18,EMA
155,Drug_360,EMA
444,Drug_493,EMA
328,Drug_176,EMA
164,Drug_385,EMA
439,Drug_392,EMA
443,Drug_325,FDA
499,Drug_136,FDA
232,Drug_452,EMA
337,Drug_451,FDA
293,Drug_231,FDA
323,Drug_204,EMA
202,Drug_67,FDA
227,Drug_179,EMA
202,Drug_185,FDA
115,Drug_434,EMA
6,Drug_367,FDA
424,Drug_489,FDA
425,Drug_129,EMA
87,Drug_419,FDA
480,Drug_351,EMA
250,Drug_400,EMA
273,Drug_209,FDA
128,Drug_427,FDA
238,Drug_30,FDA
316,Drug_189,FDA
60,Drug_36,FDA
221,Drug_198,EMA
435,Drug_137,FDA
384,Drug_51,EMA
7,Drug_52,EMA
101,Drug_448,FDA
489,Drug_300,FDA
492,Drug_263,EMA
409,Drug_147,EMA
406,Drug_439,FDA
241,Drug_225,EMA
160,Drug_156,EMA
320,Drug_220,FDA
229,Drug_496,EMA
59,Drug_307,EMA
402,Drug_500,EMA
389,Drug_383,EMA
267,Drug_201,FDA
45,Drug_54,EMA
342,Drug_473,EMA
10,Drug_431,EMA
310,Drug_355,FDA
254,Drug_333,FDA
464,Drug_92,FDA
276,Drug_137,EMA
435,Drug_280,FDA
4,Drug_414,EMA
185,Drug_149,EMA
78,Drug_425,FDA
237,Drug_131,EMA
13,Drug_48,FDA
212,Drug_428,EMA
248,Drug_24,EMA
331,Drug_465,FDA
125,Drug_311,EMA
480,Drug_339,FDA
378,Drug_382,EMA
252,Drug_218,EMA
463,Drug_361,FDA
14,Drug_380,FDA
130,Drug_425,FDA
266,Drug_316,FDA
92,Drug_144,FDA
38,Drug_133,EMA
287,Drug_391,EMA
443,Drug_474,EMA
370,Drug_489,FDA
191,Drug_369,FDA
143,Drug_174,EMA
331,Drug_483,FDA
361,Drug_373,EMA
205,Drug_206,EMA
276,Drug_466,FDA
255,Drug_436,FDA
115,Drug_194,FDA
379,Drug_332,EMA
158,Drug_214,FDA
113,Drug_254,EMA
363,Drug_195,FDA
429,Drug_289,FDA
458,Drug_202,EMA
427,Drug_18,FDA
280,Drug_411,EMA
11,Drug_486,FDA
145,Drug_274,FDA
104,Drug_405,EMA
289,Drug_214,EMA
131,Drug_145,EMA
338,Drug_324,EMA
200,Drug_327,EMA
295,Drug_275,FDA
485,Drug_369,EMA
378,Drug_193,FDA
26,Drug_337,EMA
49,Drug_237,EMA
325,Drug_26,FDA
66,Drug_216,FDA
419,Drug_221,EMA
68,Drug_101,EMA
73,Drug_255,FDA
219,Drug_452,EMA
84,Drug_354,EMA
77,Drug_228,EMA
365,Drug_71,EMA
39,Drug_397,FDA
166,Drug_228,FDA
432,Drug_448,FDA
157,Drug_270,EMA
94,Drug_344,EMA
356,Drug_73,EMA
95,Drug_279,FDA
397,Drug_418,EMA
247,Drug_50,FDA
143,Drug_254,FDA
315,Drug_493,EMA
191,Drug_265,FDA
44,Drug_160,EMA
363,Drug_195,FDA
408,Drug_329,EMA
185,Drug_114,EMA
135,Drug_209,FDA
397,Drug_196,EMA
465,Drug_56,EMA
413,Drug_170,FDA
201,Drug_104,EMA
333,Drug_433,FDA
187,Drug_131,FDA
376,Drug_263,FDA
227,Drug_426,EMA
251,Drug_380,EMA
94,Drug_213,FDA
95,Drug_119,FDA
72,Drug_442,EMA
245,Drug_15,EMA
281,Drug_420,FDA
429,Drug_313,FDA
336,Drug_175,EMA
430,Drug_137,FDA
216,Drug_216,FDA
321,Drug_352,FDA
468,Drug_311,FDA
167,Drug_183,FDA
285,Drug_474,EMA
5,Drug_136,EMA
75,Drug_445,EMA
28,Drug_81,FDA
389,Drug_16,FDA
311,Drug_231,FDA
301,Drug_369,FDA
58,Drug_255,FDA
318,Drug_358,EMA
245,Drug_226,FDA
301,Drug_73,FDA
245,Drug_321,EMA
391,Drug_246,EMA
39,Drug_17,EMA
3,Drug_156,EMA
120,Drug_68,FDA
221,Drug_331,EMA
249,Drug_124,FDA
283,Drug_357,EMA
277,Drug_347,FDA
188,Drug_146,EMA
463,Drug_251,FDA
220,Drug_140,EMA
164,Drug_240,EMA
161,Drug_405,EMA
155,Drug_384,EMA
131,Drug_418,FDA
480,Drug_360,FDA
472,Drug_454,FDA
459,Drug_195,EMA
138,Drug_203,FDA
377,Drug_213,FDA
23,Drug_337,EMA
428,Drug_492,EMA
114,Drug_351,FDA
417,Drug_222,EMA
143,Drug_22,EMA
21,Drug_84,FDA
115,Drug_435,EMA
142,Drug_198,FDA
324,Drug_445,FDA
184,Drug_459,FDA
274,Drug_335,EMA
265,Drug_248,EMA
17,Drug_259,EMA
498,Drug_326,EMA
93,Drug_492,EMA
153,Drug_50,FDA
214,Drug_442,EMA
164,Drug_366,FDA
299,Drug_160,FDA
296,Drug_40,FDA
250,Drug_249,EMA
249,Drug_83,EMA
100,Drug_275,EMA
357,Drug_15,FDA
280,Drug_194,EMA
492,Drug_484,FDA
441,Drug_141,EMA
291,Drug_254,FDA
492,Drug_238,FDA
117,Drug_444,FDA
340,Drug_160,FDA
395,Drug_97,FDA
168,Drug_63,FDA
338,Drug_38,FDA
86,Drug_213,EMA
357,Drug_185,FDA
54,Drug_146,FDA
242,Drug_25,EMA
229,Drug_286,EMA
250,Drug_333,FDA
210,Drug_10,FDA
227,Drug_298,EMA
487,Drug_390,FDA
344,Drug_266,EMA
449,Drug_78,FDA
352,Drug_46,FDA
209,Drug_256,FDA
142,Drug_283,FDA
406,Drug_108,FDA
365,Drug_144,FDA
231,Drug_116,FDA
383,Drug_289,FDA
265,Drug_260,FDA
331,Drug_397,EMA
435,Drug_392,EMA
328,Drug_47,FDA
99,Drug_392,EMA
393,Drug_103,EMA
183,Drug_299,FDA
409,Drug_275,EMA
249,Drug_440,FDA
193,Drug_127,EMA
301,Drug_179,EMA
329,Drug_309,FDA
116,Drug_84,FDA
10,Drug_498,FDA
104,Drug_63,FDA
369,Drug_83,EMA
464,Drug_316,FDA
155,Drug_150,FDA
60,Drug_205,FDA
383,Drug_313,EMA
233,Drug_255,FDA
214,Drug_134,FDA
405,Drug_420,FDA
313,Drug_189,EMA
210,Drug_308,FDA
456,Drug_399,FDA
174,Drug_82,FDA
467,Drug_306,FDA
484,Drug_30,EMA
219,Drug_53,FDA
357,Drug_349,EMA
133,Drug_207,FDA
375,Drug_211,FDA
235,Drug_1,EMA
244,Drug_256,FDA
97,Drug_350,FDA
448,Drug_115,FDA
212,Drug_155,EMA
1,Drug_423,EMA
69,Drug_62,EMA
472,Drug_439,FDA
302,Drug_87,EMA
268,Drug_100,EMA
324,Drug_383,EMA
494,Drug_251,FDA
414,Drug_19,EMA
431,Drug_105,EMA
226,Drug_384,FDA
60,Drug_369,FDA
354,Drug_134,FDA
65,Drug_105,FDA
29,Drug_147,FDA
263,Drug_430,FDA
119,Drug_332,FDA
380,Drug_361,FDA
118,Drug_347,EMA
294,Drug_174,FDA
369,Drug_273,EMA
426,Drug_403,EMA
23,Drug_445,FDA
118,Drug_129,FDA
209,Drug_450,FDA
81,Drug_364,EMA
463,Drug_426,FDA
359,Drug_498,FDA
324,Drug_462,FDA
198,Drug_297,EMA
316,Drug_314,EMA
150,Drug_337,FDA
426,Drug_439,FDA
60,Drug_6,EMA
70,Drug_122,FDA
38,Drug_73,FDA
208,Drug_424,FDA
48,Drug_438,FDA
455,Drug_425,EMA
281,Drug_161,FDA
13,Drug_173,EMA
200,Drug_66,FDA
418,Drug_220,FDA
406,Drug_382,EMA
131,Drug_54,FDA
250,Drug_329,EMA
319,Drug_270,EMA
349,Drug_388,FDA
61,Drug_454,FDA
332,Drug_315,EMA
454,Drug_83,FDA
465,Drug_77,FDA
242,Drug_201,FDA
357,Drug_298,FDA
197,Drug_336,FDA
199,Drug_56,EMA
328,Drug_312,FDA
307,Drug_258,FDA
383,Drug_72,EMA
278,Drug_387,FDA
387,Drug_389,EMA
27,Drug_341,EMA
179,Drug_394,EMA
383,Drug_89,EMA
326,Drug_71,FDA
247,Drug_400,EMA
344,Drug_25,EMA
490,Drug_467,FDA
274,Drug_38,EMA
457,Drug_291,FDA
444,Drug_386,FDA
489,Drug_273,EMA
132,Drug_30,EMA
477,Drug_426,FDA
450,Drug_44,FDA
364,Drug_121,FDA
373,Drug_69,EMA
381,Drug_382,EMA
47,Drug_446,EMA
306,Drug_260,FDA
388,Drug_191,EMA
101,Drug_313,FDA
82,Drug_184,EMA
87,Drug_217,FDA
439,Drug_322,EMA
259,Drug_243,FDA
314,Drug_365,EMA
92,Drug_372,EMA
264,Drug_382,FDA
249,Drug_137,EMA
360,Drug_125,FDA
181,Drug_431,EMA
345,Drug_277,FDA
406,Drug_152,EMA
95,Drug_17,EMA
120,Drug_271,FDA
419,Drug_242,EMA
443,Drug_424,FDA
79,Drug_245,FDA
357,Drug_142,FDA
449,Drug_45,FDA
55,Drug_263,FDA
455,Drug_185,EMA
464,Drug_354,EMA
405,Drug_246,FDA
401,Drug_334,FDA
105,Drug_96,FDA
237,Drug_240,FDA
337,Drug_253,EMA
485,Drug_146,FDA
309,Drug_208,FDA
313,Drug_376,EMA
50,Drug_485,EMA
146,Drug_95,FDA
321,Drug_68,EMA
43,Drug_252,FDA
199,Drug_154,FDA
259,Drug_77,FDA
340,Drug_332,EMA
463,Drug_498,EMA
113,Drug_93,FDA
421,Drug_230,FDA
464,Drug_69,FDA
160,Drug_112,FDA
417,Drug_71,EMA
229,Drug_476,FDA
90,Drug_118,EMA
346,Drug_126,FDA
54,Drug_489,EMA
107,Drug_402,FDA
396,Drug_386,EMA
8,Drug_361,FDA
316,Drug_165,FDA
205,Drug_59,EMA
426,Drug_56,FDA
261,Drug_264,FDA
77,Drug_201,FDA
404,Drug_27,FDA
75,Drug_271,FDA
113,Drug_260,FDA
131,Drug_44,FDA
130,Drug_390,EMA
18,Drug_283,FDA
79,Drug_236,EMA
156,Drug_81,FDA
225,Drug_91,FDA
24,Drug_147,FDA
392,Drug_396,FDA
347,Drug_135,FDA
332,Drug_339,FDA
259,Drug_155,EMA
10,Drug_213,EMA
221,Drug_202,FDA
336,Drug_65,EMA
373,Drug_134,FDA
265,Drug_139,FDA
22,Drug_324,FDA
453,Drug_127,FDA
190,Drug_262,EMA
249,Drug_182,EMA
229,Drug_341,EMA
211,Drug_356,EMA
182,Drug_492,FDA
139,Drug_146,EMA
223,Drug_109,FDA
20,Drug_249,EMA
243,Drug_240,FDA
117,Drug_63,EMA
8,Drug_479,EMA
68,Drug_486,EMA
165,Drug_129,FDA
71,Drug_438,EMA
421,Drug_407,EMA
359,Drug_22,EMA
102,Drug_272,FDA
402,Drug_126,FDA
62,Drug_161,EMA
379,Drug_78,FDA
418,Drug_314,EMA
87,Drug_283,EMA
448,Drug_206,EMA
373,Drug_130,FDA
247,Drug_262,FDA
360,Drug_474,FDA
250,Drug_189,FDA
309,Drug_185,FDA
70,Drug_228,FDA
375,Drug_228,FDA
474,Drug_239,FDA
258,Drug_167,FDA
479,Drug_295,FDA
22,Drug_274,FDA
352,Drug_413,FDA
485,Drug_174,FDA
195,Drug_406,FDA
27,Drug_296,FDA
358,Drug_3,FDA
181,Drug_352,EMA
39,Drug_89,EMA
183,Drug_232,EMA
452,Drug_392,FDA
49,Drug_147,EMA
32,Drug_287,FDA
216,Drug_164,FDA
184,Drug_42,EMA
46,Drug_234,EMA
323,Drug_2,EMA
345,Drug_226,EMA
149,Drug_157,EMA
396,Drug_409,FDA
327,Drug_244,FDA
39,Drug_356,FDA
352,Drug_399,EMA
82,Drug_193,EMA
432,Drug_453,EMA
140,Drug_258,EMA
130,Drug_431,EMA
271,Drug_420,FDA
52,Drug_336,EMA
323,Drug_213,FDA
343,Drug_411,FDA
316,Drug_58,FDA
360,Drug_46,EMA
262,Drug_107,FDA
291,Drug_174,FDA
6,Drug_26,FDA
1,Drug_383,EMA
279,Drug_16,FDA
388,Drug_161,EMA
219,Drug_25,FDA
431,Drug_378,FDA
18,Drug_327,EMA
118,Drug_259,EMA
48,Drug_259,FDA
340,Drug_42,FDA
308,Drug_374,FDA
44,Drug_465,FDA
223,Drug_286,FDA
422,Drug_312,FDA
325,Drug_83,FDA
431,Drug_81,FDA
193,Drug_450,FDA
14,Drug_382,FDA
50,Drug_496,FDA
182,Drug_114,EMA
477,Drug_274,EMA
355,Drug_137,FDA
368,Drug_146,FDA
118,Drug_43,FDA
432,Drug_212,FDA
240,Drug_450,FDA
151,Drug_289,EMA
130,Drug_231,EMA
106,Drug_459,FDA
157,Drug_125,FDA
18,Drug_448,EMA
4,Drug_35,EMA
19,Drug_376,EMA
179,Drug_247,EMA
316,Drug_38,EMA
429,Drug_451,EMA
408,Drug_320,EMA
114,Drug_289,EMA
150,Drug_30,FDA
34,Drug_76,FDA
479,Drug_15,EMA
204,Drug_399,EMA
470,Drug_441,EMA
382,Drug_360,EMA
103,Drug_350,EMA
362,Drug_358,FDA
103,Drug_483,EMA
293,Drug_311,FDA
55,Drug_432,FDA
481,Drug_94,FDA
449,Drug_344,EMA
124,Drug_342,EMA
222,Drug_342,FDA
114,Drug_483,FDA
177,Drug_119,EMA
442,Drug_234,EMA
458,Drug_93,FDA
178,Drug_212,FDA
343,Drug_326,FDA
438,Drug_103,EMA
345,Drug_445,EMA
460,Drug_255,EMA
412,Drug_132,FDA
287,Drug_345,FDA
231,Drug_234,EMA
402,Drug_162,EMA
87,Drug_300,FDA
165,Drug_413,FDA
131,Drug_87,FDA
333,Drug_127,EMA
264,Drug_377,FDA
106,Drug_298,EMA
439,Drug_27,FDA
247,Drug_460,FDA
187,Drug_393,FDA
197,Drug_9,EMA
209,Drug_378,EMA
72,Drug_291,FDA
93,Drug_421,FDA
423,Drug_336,EMA
61,Drug_1,EMA
46,Drug_324,EMA
497,Drug_359,EMA
449,Drug_290,EMA
450,Drug_95,FDA
243,Drug_46,FDA
445,Drug_441,EMA
490,Drug_207,FDA
150,Drug_321,EMA
84,Drug_441,FDA
28,Drug_234,FDA
198,Drug_366,EMA
352,Drug_237,FDA
114,Drug_357,EMA
342,Drug_88,EMA
146,Drug_92,EMA
392,Drug_339,EMA
411,Drug_331,EMA
82,Drug_89,FDA
53,Drug_13,FDA
51,Drug_2,FDA
174,Drug_107,EMA
77,Drug_313,EMA
332,Drug_317,FDA
113,Drug_111,EMA
3,Drug_221,EMA
478,Drug_409,EMA
428,Drug_259,EMA
248,Drug_196,EMA
185,Drug_33,EMA
112,Drug_32,EMA
273,Drug_179,FDA
353,Drug_156,FDA
261,Drug_98,FDA
363,Drug_493,EMA
183,Drug_199,EMA
319,Drug_286,EMA
202,Drug_318,EMA
63,Drug_394,FDA
404,Drug_345,FDA
195,Drug_235,FDA
155,Drug_354,EMA
500,Drug_442,EMA
6,Drug_493,FDA
26,Drug_291,EMA
483,Drug_426,EMA
411,Drug_288,EMA
485,Drug_420,EMA
412,Drug_320,FDA
297,Drug_185,EMA
280,Drug_223,EMA
24,Drug_184,FDA
305,Drug_364,EMA
4,Drug_53,EMA
153,Drug_420,FDA
429,Drug_385,FDA
62,Drug_479,EMA
243,Drug_433,FDA
110,Drug_149,EMA
79,Drug_269,EMA
84,Drug_299,EMA
127,Drug_143,EMA
201,Drug_235,FDA
193,Drug_370,FDA
106,Drug_47,EMA
89,Drug_159,EMA
207,Drug_456,EMA
255,Drug_467,FDA
398,Drug_338,FDA
258,Drug_5,EMA
500,Drug_346,FDA
22,Drug_337,EMA
465,Drug_120,EMA
44,Drug_478,EMA
485,Drug_425,EMA
117,Drug_492,EMA
36,Drug_70,FDA
359,Drug_25,EMA
410,Drug_398,EMA
390,Drug_430,EMA
395,Drug_68,FDA
126,Drug_55,FDA
370,Drug_182,EMA
21,Drug_172,FDA
166,Drug_454,FDA
405,Drug_487,FDA
163,Drug_148,FDA
355,Drug_47,EMA
266,Drug_458,FDA
271,Drug_428,EMA
289,Drug_265,FDA
344,Drug_335,FDA
70,Drug_472,FDA
375,Drug_38,EMA
250,Drug_76,EMA
486,Drug_322,EMA
286,Drug_423,FDA
110,Drug_446,FDA
181,Drug_211,FDA
203,Drug_468,EMA
78,Drug_49,FDA
176,Drug_26,EMA
388,Drug_2,EMA
242,Drug_130,FDA
84,Drug_69,EMA
460,Drug_346,FDA
447,Drug_120,EMA
438,Drug_158,FDA
10,Drug_303,EMA
325,Drug_47,EMA
290,Drug_121,EMA
319,Drug_489,EMA
103,Drug_116,EMA
335,Drug_304,FDA
161,Drug_496,EMA
1,Drug_100,EMA
247,Drug_60,FDA
306,Drug_222,FDA
318,Drug_385,FDA
156,Drug_398,FDA
484,Drug_145,FDA
84,Drug_36,FDA
279,Drug_228,EMA
264,Drug_208,EMA
181,Drug_125,EMA
270,Drug_147,EMA
384,Drug_209,FDA
357,Drug_235,EMA
384,Drug_301,FDA
430,Drug_242,FDA
71,Drug_276,FDA
27,Drug_74,EMA
235,Drug_177,FDA
335,Drug_498,FDA
230,Drug_112,FDA
187,Drug_335,EMA
273,Drug_197,EMA
39,Drug_127,EMA
332,Drug_141,EMA
87,Drug_305,FDA
292,Drug_33,EMA
493,Drug_90,FDA
127,Drug_146,FDA
286,Drug_449,FDA
102,Drug_500,FDA
350,Drug_62,FDA
3,Drug_213,EMA
251,Drug_464,EMA
269,Drug_374,EMA
307,Drug_353,EMA
1,Drug_416,FDA
249,Drug_422,EMA
296,Drug_321,EMA
270,Drug_360,EMA
180,Drug_336,EMA
93,Drug_372,EMA
120,Drug_459,FDA
108,Drug_91,FDA
410,Drug_29,EMA
35,Drug_277,EMA
328,Drug_373,FDA
67,Drug_41,EMA
456,Drug_447,EMA
353,Drug_198,FDA
34,Drug_470,EMA
300,Drug_65,FDA
131,Drug_239,EMA
103,Drug_342,EMA
167,Drug_374,FDA
244,Drug_414,EMA
402,Drug_44,FDA
319,Drug_180,EMA
410,Drug_137,EMA
93,Drug_268,FDA
213,Drug_49,FDA
84,Drug_221,EMA
372,Drug_26,FDA
410,Drug_72,FDA
357,Drug_150,FDA
362,Drug_280,FDA
407,Drug_458,FDA
136,Drug_465,EMA
105,Drug_82,FDA
266,Drug_195,FDA
260,Drug_180,FDA
417,Drug_138,EMA
371,Drug_334,EMA
60,Drug_73,EMA
37,Drug_267,EMA
344,Drug_124,EMA
101,Drug_449,EMA
224,Drug_397,EMA
303,Drug_416,FDA
201,Drug_86,EMA
185,Drug_358,EMA
120,Drug_329,EMA
406,Drug_186,EMA
244,Drug_117,EMA
308,Drug_149,EMA
270,Drug_490,EMA
236,Drug_155,FDA
61,Drug_226,FDA
353,Drug_133,FDA
221,Drug_412,EMA
198,Drug_473,FDA
83,Drug_337,EMA
454,Drug_167,EMA
121,Drug_56,EMA
206,Drug_443,FDA
287,Drug_151,EMA
293,Drug_108,FDA
348,Drug_177,EMA
154,Drug_207,FDA
36,Drug_76,FDA
298,Drug_163,FDA
449,Drug_196,FDA
21,Drug_373,FDA
342,Drug_345,EMA
68,Drug_431,FDA
46,Drug_197,FDA
498,Drug_228,FDA
273,Drug_401,EMA
456,Drug_373,EMA
388,Drug_197,FDA
495,Drug_274,FDA
37,Drug_137,EMA
51,Drug_166,EMA
244,Drug_192,EMA
337,Drug_452,EMA
17,Drug_212,FDA
187,Drug_494,FDA
54,Drug_380,EMA
180,Drug_320,FDA
305,Drug_9,EMA
408,Drug_59,EMA
237,Drug_393,EMA
236,Drug_379,FDA
137,Drug_390,EMA
318,Drug_207,FDA
401,Drug_265,FDA
27,Drug_78,FDA
430,Drug_153,FDA
495,Drug_395,EMA
392,Drug_87,EMA
475,Drug_369,FDA
225,Drug_260,FDA
256,Drug_215,FDA
299,Drug_168,FDA
25,Drug_338,FDA
471,Drug_111,EMA
122,Drug_456,FDA
474,Drug_58,FDA
365,Drug_34,EMA
104,Drug_389,EMA
138,Drug_39,EMA
256,Drug_446,EMA
203,Drug_419,EMA
51,Drug_333,FDA
144,Drug_389,EMA
430,Drug_156,FDA
93,Drug_226,EMA
14,Drug_419,FDA
156,Drug_13,FDA
497,Drug_260,FDA
234,Drug_101,FDA
342,Drug_114,FDA
22,Drug_461,EMA
145,Drug_131,FDA
165,Drug_164,EMA
392,Drug_432,EMA
389,Drug_238,EMA
259,Drug_302,EMA
335,Drug_36,FDA
207,Drug_254,EMA
39,Drug_482,FDA
239,Drug_443,FDA
357,Drug_250,EMA
407,Drug_371,EMA
134,Drug_292,FDA
239,Drug_470,EMA
462,Drug_247,EMA
322,Drug_60,FDA
368,Drug_133,EMA
65,Drug_366,FDA
356,Drug_396,EMA
448,Drug_178,EMA
99,Drug_375,FDA
93,Drug_243,FDA
353,Drug_213,FDA
245,Drug_478,EMA
401,Drug_286,FDA
224,Drug_458,FDA
20,Drug_206,FDA
408,Drug_65,FDA
446,Drug_85,FDA
452,Drug_70,EMA
399,Drug_308,FDA
162,Drug_50,EMA
314,Drug_188,EMA
22,Drug_471,FDA
349,Drug_218,EMA
480,Drug_203,EMA
426,Drug_282,EMA
151,Drug_267,EMA
319,Drug_479,FDA
276,Drug_304,FDA
62,Drug_407,FDA
373,Drug_122,FDA
276,Drug_294,FDA
225,Drug_350,FDA
99,Drug_370,EMA
57,Drug_426,EMA
321,Drug_461,EMA
102,Drug_278,EMA
19,Drug_402,FDA
184,Drug_257,EMA
153,Drug_254,EMA
27,Drug_321,EMA
155,Drug_438,EMA
236,Drug_92,FDA
355,Drug_355,EMA
100,Drug_70,FDA
17,Drug_113,FDA
23,Drug_42,EMA
346,Drug_87,FDA
395,Drug_128,EMA
96,Drug_337,EMA
451,Drug_214,EMA
18,Drug_17,EMA
53,Drug_42,FDA
148,Drug_137,EMA
367,Drug_447,EMA
197,Drug_60,FDA
487,Drug_461,EMA
261,Drug_348,EMA
447,Drug_112,FDA
73,Drug_2,FDA
416,Drug_76,FDA
89,Drug_10,EMA
142,Drug_130,FDA
286,Drug_177,FDA
469,Drug_401,EMA
432,Drug_348,EMA
137,Drug_173,FDA
23,Drug_281,EMA
430,Drug_492,FDA
477,Drug_62,FDA
376,Drug_374,FDA
106,Drug_272,FDA
238,Drug_351,FDA
450,Drug_486,EMA
421,Drug_493,EMA
247,Drug_336,FDA
377,Drug_406,FDA
215,Drug_77,EMA
446,Drug_258,FDA
58,Drug_171,FDA
174,Drug_30,EMA
42,Drug_387,FDA
321,Drug_383,FDA
35,Drug_403,FDA
475,Drug_354,EMA
143,Drug_180,EMA
179,Drug_127,FDA
328,Drug_485,EMA
247,Drug_275,FDA
432,Drug_404,FDA
33,Drug_405,FDA
364,Drug_294,FDA
313,Drug_71,EMA
139,Drug_443,FDA
227,Drug_436,FDA
340,Drug_124,EMA
29,Drug_40,EMA
477,Drug_182,EMA
475,Drug_221,FDA
464,Drug_386,EMA
210,Drug_413,EMA
390,Drug_142,FDA
114,Drug_470,EMA
453,Drug_312,FDA
191,Drug_51,EMA
472,Drug_232,EMA
146,Drug_345,EMA
396,Drug_299,EMA
483,Drug_217,FDA
94,Drug_466,FDA
425,Drug_490,FDA
417,Drug_381,EMA
50,Drug_412,EMA
31,Drug_210,FDA
321,Drug_345,FDA
28,Drug_425,EMA
310,Drug_50,EMA
497,Drug_30,EMA
435,Drug_51,EMA
239,Drug_72,FDA
294,Drug_470,FDA
468,Drug_481,FDA
488,Drug_425,FDA
273,Drug_376,EMA
337,Drug_96,FDA
457,Drug_447,FDA
381,Drug_311,EMA
10,Drug_175,EMA
29,Drug_102,EMA
303,Drug_427,FDA
131,Drug_444,EMA
358,Drug_103,EMA
200,Drug_372,EMA
197,Drug_94,EMA
328,Drug_219,EMA
45,Drug_272,FDA
288,Drug_335,EMA
25,Drug_456,FDA
305,Drug_39,FDA
280,Drug_215,FDA
468,Drug_182,EMA
31,Drug_138,EMA
73,Drug_443,EMA
483,Drug_40,FDA
323,Drug_412,EMA
374,Drug_117,FDA
131,Drug_337,EMA
175,Drug_206,FDA
146,Drug_444,FDA
419,Drug_26,FDA
266,Drug_158,EMA
376,Drug_93,EMA
412,Drug_395,EMA
20,Drug_128,EMA
262,Drug_145,EMA
217,Drug_147,EMA
281,Drug_487,FDA
64,Drug_97,EMA
153,Drug_483,FDA
320,Drug_432,EMA
213,Drug_74,FDA
4,Drug_63,FDA
308,Drug_284,EMA
365,Drug_400,EMA
321,Drug_79,FDA
209,Drug_325,FDA
66,Drug_208,EMA
225,Drug_248,FDA
175,Drug_365,FDA
164,Drug_298,EMA
337,Drug_93,FDA
322,Drug_380,EMA
489,Drug_441,FDA
400,Drug_195,EMA
273,Drug_104,EMA
28,Drug_136,FDA
132,Drug_179,EMA
80,Drug_16,EMA
67,Drug_319,FDA
48,Drug_481,FDA
333,Drug_448,FDA
336,Drug_308,EMA
65,Drug_296,EMA
143,Drug_50,EMA
484,Drug_377,EMA
339,Drug_444,FDA
412,Drug_96,FDA
239,Drug_145,FDA
3,Drug_398,FDA
228,Drug_140,FDA
4,Drug_86,EMA
191,Drug_248,FDA
146,Drug_24,FDA
499,Drug_338,FDA
118,Drug_174,FDA
206,Drug_466,FDA
355,Drug_361,FDA
88,Drug_498,FDA
300,Drug_234,FDA
104,Drug_478,EMA
157,Drug_32,EMA
339,Drug_76,EMA
20,Drug_467,EMA
476,Drug_239,FDA
431,Drug_114,FDA
324,Drug_261,FDA
65,Drug_268,FDA
396,Drug_45,EMA
86,Drug_325,EMA
263,Drug_355,EMA
147,Drug_126,EMA
102,Drug_94,EMA
409,Drug_117,EMA
161,Drug_364,EMA
477,Drug_180,FDA
33,Drug_373,EMA
25,Drug_6,EMA
90,Drug_217,EMA
383,Drug_66,EMA
149,Drug_243,EMA
344,Drug_232,FDA
435,Drug_166,FDA
421,Drug_362,EMA
40,Drug_346,FDA
338,Drug_29,FDA
77,Drug_220,FDA
67,Drug_480,EMA
275,Drug_420,FDA
361,Drug_471,FDA
414,Drug_270,EMA
182,Drug_186,EMA
197,Drug_139,FDA
399,Drug_158,EMA
180,Drug_12,EMA
170,Drug_499,FDA
102,Drug_31,FDA
209,Drug_221,FDA
37,Drug_411,EMA
46,Drug_61,FDA
359,Drug_7,EMA
418,Drug_83,FDA
200,Drug_165,FDA
184,Drug_497,FDA
402,Drug_435,FDA
428,Drug_294,EMA
302,Drug_120,EMA
209,Drug_383,FDA
499,Drug_109,EMA
255,Drug_423,FDA
102,Drug_296,FDA
179,Drug_354,EMA
432,Drug_76,EMA
378,Drug_122,FDA
179,Drug_54,FDA
370,Drug_253,EMA
193,Drug_43,EMA
431,Drug_341,EMA
134,Drug_403,EMA
465,Drug_348,EMA
124,Drug_213,FDA
275,Drug_210,EMA
13,Drug_17,FDA
398,Drug_303,FDA
145,Drug_15,FDA
3,Drug_38,EMA
346,Drug_254,FDA
360,Drug_286,EMA
304,Drug_474,EMA
401,Drug_56,EMA
37,Drug_157,EMA
94,Drug_401,FDA
206,Drug_226,EMA
463,Drug_425,FDA
133,Drug_129,FDA
50,Drug_20,FDA
202,Drug_436,EMA
135,Drug_87,FDA
448,Drug_201,EMA
97,Drug_365,EMA
271,Drug_177,FDA
158,Drug_49,EMA
29,Drug_433,FDA
149,Drug_148,EMA
99,Drug_321,FDA
326,Drug_222,EMA
371,Drug_133,EMA
78,Drug_16,EMA
290,Drug_278,FDA
106,Drug_256,FDA
56,Drug_95,EMA
481,Drug_461,EMA
299,Drug_68,EMA
336,Drug_324,FDA
492,Drug_426,FDA
132,Drug_74,EMA
192,Drug_283,EMA
440,Drug_90,FDA
36,Drug_132,EMA
116,Drug_498,FDA
391,Drug_279,FDA
100,Drug_351,FDA
299,Drug_476,FDA
69,Drug_223,FDA
215,Drug_330,EMA
329,Drug_314,FDA
349,Drug_21,FDA
415,Drug_291,FDA
113,Drug_168,FDA
26,Drug_137,FDA
397,Drug_363,FDA
427,Drug_403,EMA
311,Drug_470,FDA
371,Drug_331,EMA
94,Drug_190,FDA
327,Drug_148,EMA
288,Drug_476,EMA
233,Drug_354,EMA
63,Drug_364,EMA
107,Drug_219,EMA
51,Drug_161,FDA
385,Drug_323,FDA
416,Drug_112,FDA
229,Drug_365,FDA
119,Drug_434,EMA
24,Drug_129,EMA
214,Drug_345,FDA
463,Drug_371,FDA
17,Drug_200,FDA
424,Drug_247,EMA
30,Drug_402,EMA
126,Drug_103,EMA
383,Drug_2,EMA
27,Drug_39,EMA
55,Drug_410,FDA
300,Drug_466,EMA
457,Drug_86,FDA
78,Drug_106,EMA
303,Drug_413,EMA
403,Drug_350,FDA
378,Drug_172,FDA
413,Drug_91,FDA
73,Drug_228,EMA
221,Drug_99,FDA
47,Drug_170,FDA
67,Drug_212,EMA
215,Drug_49,EMA
357,Drug_434,FDA
241,Drug_470,EMA
47,Drug_300,EMA
309,Drug_224,EMA
122,Drug_321,FDA
86,Drug_183,EMA
447,Drug_59,EMA
495,Drug_497,EMA
232,Drug_40,FDA
49,Drug_460,EMA
282,Drug_424,EMA
277,Drug_145,FDA
242,Drug_414,EMA
207,Drug_159,FDA
467,Drug_267,EMA
317,Drug_458,EMA
268,Drug_255,EMA
123,Drug_344,EMA
291,Drug_316,FDA
165,Drug_192,FDA
421,Drug_457,EMA
213,Drug_455,FDA
207,Drug_185,EMA
156,Drug_431,EMA
237,Drug_284,FDA
44,Drug_120,FDA
9,Drug_446,FDA
438,Drug_90,EMA
294,Drug_436,FDA
321,Drug_445,FDA
480,Drug_94,FDA
32,Drug_256,FDA
280,Drug_287,EMA
157,Drug_500,FDA
23,Drug_451,FDA
29,Drug_114,FDA
496,Drug_133,EMA
403,Drug_202,FDA
212,Drug_7,EMA
388,Drug_450,EMA
322,Drug_156,FDA
80,Drug_157,EMA
386,Drug_351,EMA
409,Drug_29,FDA
278,Drug_171,EMA
49,Drug_376,EMA
