trial_id,outcome,adverse_effect,cost_usd
3166,Ongoing,Severe,5773.43
5120,Ongoing,None,6388.33
8265,Success,Mild,23783.88
2510,Failure,Severe,36783.06
13124,Success,Severe,42512.17
3578,Failure,None,39182.34
2922,Success,Mild,15798.25
2291,Failure,Mild,7489.44
844,Failure,None,16262.8
4230,Ongoing,None,40845.54
11641,Failure,Severe,42336.61
1877,Failure,None,45688.81
13571,Success,Mild,49202.8
9759,Success,None,39458.93
10754,Failure,Severe,22096.41
6470,Success,Severe,8415.3
4972,Ongoing,Mild,3691.3
13811,Success,Mild,9368.43
14608,Ongoing,Mild,24331.17
1447,Ongoing,Severe,10225.4
8860,Ongoing,Severe,14045.28
13036,Ongoing,Mild,5634.6
2322,Failure,Severe,24146.96
7368,Ongoing,Severe,19014.9
2325,Ongoing,Severe,23328.86
11890,Failure,Mild,44087.46
4283,Ongoing,Severe,25660.93
7623,Success,Severe,36320.78
13186,Failure,Severe,38668.3
10065,Ongoing,Severe,31586.21
13139,Success,Mild,14123.25
11415,Ongoing,None,31854.29
9977,Failure,Severe,43455.74
8376,Success,Mild,21716.22
14803,Failure,Severe,32798.77
4416,Success,Severe,22844.88
10816,Success,None,7965.94
4086,Ongoing,Mild,32639.86
8473,Failure,Severe,44731.23
2508,Success,Severe,43609.25
12607,Ongoing,Mild,37485.44
2995,Success,Mild,30527.59
12356,Success,None,41512.27
8041,Failure,None,35573.32
10510,Success,None,29086.43
2491,Failure,Severe,42971.61
8197,Ongoing,Mild,8747.73
7205,Ongoing,None,7224.96
4551,Failure,Mild,11417.38
10972,Failure,None,40370.45
869,Ongoing,Mild,36448.37
13999,Success,Mild,45291.92
8490,Success,Severe,11253.46
4267,Success,None,47286.37
14666,Ongoing,None,12954.37
1989,Success,Severe,1638.36
2141,Failure,Severe,40235.59
5086,Success,Mild,6544.48
3974,Success,None,13492.26
1807,Success,Severe,36309.38
6856,Failure,Severe,12375.01
5123,Failure,Mild,5240.1
9555,Failure,Severe,27994.62
9943,Failure,Severe,13132.35
14561,Failure,None,23706.27
5805,Ongoing,Severe,6180.8
7190,Success,Mild,26180.37
5401,Failure,None,10090.43
4814,Success,Severe,21400.71
6354,Success,Severe,10799.58
2118,Success,Mild,48106.64
1518,Failure,Severe,41569.43
296,Failure,None,9378.28
3284,Ongoing,Mild,5876.82
11719,Success,None,15483.46
7440,Ongoing,None,9012.23
8140,Failure,None,3486.88
13210,Success,Mild,38479.93
9042,Ongoing,Mild,43107.64
7616,Ongoing,Severe,34765.11
12009,Failure,Severe,36103.8
8529,Ongoing,None,27018.59
6597,Failure,Mild,22080.05
10777,Success,Mild,11548.09
7802,Ongoing,Mild,38981.87
8853,Success,Mild,25076.72
12826,Failure,Mild,2230.86
799,Ongoing,Mild,44601.83
8888,Success,Severe,38252.76
11195,Failure,Mild,22127.89
13086,Failure,Mild,46778.59
11980,Failure,Mild,49649.58
13741,Failure,None,26556.75
7969,Success,Severe,20609.24
9608,Ongoing,Mild,4932.72
2451,Success,None,42744.06
76,Success,None,44637.35
9075,Ongoing,Severe,11320.24
11926,Failure,None,42175.37
3018,Ongoing,None,2181.52
2464,Failure,Severe,3521.35
8305,Success,None,10184.99
8434,Success,Severe,13352.2
11683,Ongoing,Severe,12278.39
4518,Success,None,24074.78
2052,Ongoing,None,7660.04
939,Failure,Severe,29429.03
4140,Failure,None,4411.8
9601,Ongoing,None,10868.9
4977,Ongoing,Severe,48949.27
9893,Ongoing,Severe,49860.87
6269,Ongoing,None,28987.46
8347,Success,Mild,40398.54
5895,Ongoing,None,33605.22
6828,Success,None,27722.81
11677,Success,None,5919.14
6316,Failure,Severe,44207.34
4260,Failure,Severe,13591.68
1974,Success,None,32475.92
11659,Ongoing,Severe,20094.75
12730,Ongoing,Mild,23045.61
3578,Failure,None,1177.74
5429,Success,Mild,46944.31
8642,Ongoing,Mild,37505.59
12464,Ongoing,Severe,1695.04
5177,Failure,None,33463.7
10327,Success,None,46193.73
9693,Success,None,3648.17
8649,Ongoing,Mild,15707.19
8066,Success,Mild,32697.38
9356,Failure,None,16683.54
3344,Failure,Mild,12140.92
9502,Ongoing,None,21350.15
5015,Ongoing,Severe,49200.72
13294,Failure,Severe,23345.8
5169,Ongoing,None,26497.83
6772,Failure,Mild,39508.28
14866,Ongoing,None,3404.93
130,Ongoing,None,44695.48
7560,Success,Mild,49947.25
1658,Success,None,44995.05
5804,Success,None,13143.48
14361,Success,Mild,20419.28
10279,Failure,Severe,33492.49
1758,Ongoing,Mild,14471.54
12669,Success,Severe,45253.16
4724,Ongoing,None,5085.59
14510,Ongoing,Mild,28677.52
9996,Success,Mild,27448.46
13934,Success,Severe,24361.38
13889,Success,Mild,1469.99
5101,Failure,Mild,8482.41
10840,Failure,None,19371.66
14231,Failure,Mild,17809.42
4972,Success,Mild,10787.84
3801,Ongoing,Mild,35984.72
14752,Failure,Mild,30297.65
13288,Success,Mild,28284.08
14532,Ongoing,Mild,1708.98
10293,Success,Severe,14439.45
12874,Success,Mild,32618.37
13142,Success,Severe,46039.9
2148,Success,Mild,46174.67
6979,Failure,Severe,25872.88
726,Ongoing,Severe,23385.58
2035,Failure,Severe,48549.42
14037,Success,None,26042.51
14939,Success,None,5589.13
3166,Ongoing,Severe,24288.19
11320,Success,Severe,48146.26
4183,Failure,Severe,16768.49
348,Failure,Mild,32123.02
5546,Success,None,38268.41
9064,Failure,Mild,14073.37
7417,Failure,Severe,40483.12
7600,Success,Severe,14478.1
13389,Ongoing,Severe,3572.51
6652,Success,Mild,1211.52
5533,Failure,Severe,40988.94
345,Failure,Severe,20438.84
11884,Success,Mild,38042.8
639,Ongoing,Severe,32842.29
11907,Ongoing,None,34810.67
2339,Ongoing,Mild,42238.27
4441,Failure,Mild,13494.96
14114,Ongoing,Mild,47669.83
13686,Ongoing,Severe,23558.76
185,Ongoing,None,35680.66
4408,Success,Severe,28356.22
11603,Failure,Severe,15216.73
8806,Failure,None,27867.36
4170,Failure,Severe,39923.07
2750,Ongoing,Severe,3196.64
14707,Success,None,31352.85
6989,Success,None,27584.05
10927,Failure,None,41776.18
524,Ongoing,None,31690.56
9397,Failure,None,11796.36
14489,Ongoing,Severe,36579.75
12488,Success,Mild,18317.1
7021,Failure,Mild,22902.5
8529,Ongoing,Severe,42711.46
14470,Success,None,23729.08
1114,Success,Severe,32678.39
8883,Failure,Mild,39427.2
7943,Success,Severe,25595.57
5486,Ongoing,Severe,46335.47
4721,Failure,None,4722.51
13455,Failure,Mild,24285.47
11018,Ongoing,Mild,9875.53
2335,Failure,Severe,7218.71
771,Failure,Mild,48231.63
677,Ongoing,None,4364.85
3963,Success,Severe,5117.47
10461,Ongoing,None,20364.51
2241,Failure,Mild,28327.77
9802,Failure,Severe,28596.15
5864,Ongoing,Severe,1778.2
2103,Success,Severe,6155.93
10380,Success,Mild,31531.45
980,Failure,Severe,46059.98
6311,Failure,None,26257.26
3224,Ongoing,None,44193.95
12489,Ongoing,None,5494.28
1352,Failure,Mild,40199.38
246,Failure,None,35504.04
13065,Success,None,46231.35
5567,Failure,Mild,32799.48
11757,Success,Mild,21987.71
6775,Success,Severe,43333.83
8437,Ongoing,None,40413.31
13672,Ongoing,Mild,39584.78
12731,Ongoing,None,18090.82
7615,Ongoing,None,1184.87
12210,Ongoing,Severe,8685.99
513,Failure,Severe,27922.67
3765,Failure,Severe,19502.0
11795,Failure,None,13465.59
5079,Failure,Mild,21677.69
6745,Failure,Severe,8792.65
13694,Ongoing,Severe,15398.45
5187,Ongoing,Severe,43979.29
8183,Ongoing,Severe,38475.19
2605,Failure,Severe,17627.63
14100,Ongoing,Mild,26204.91
11722,Success,None,13362.24
1880,Success,Severe,12762.94
14901,Success,Mild,13060.51
13957,Ongoing,Mild,25854.08
2072,Failure,None,3432.79
6824,Ongoing,Mild,29555.92
6807,Failure,Mild,48392.11
3172,Failure,None,49609.15
12415,Failure,Mild,3623.42
5459,Success,Mild,20192.2
5244,Success,None,27240.77
4738,Failure,None,28407.77
14316,Success,Mild,9482.48
11123,Ongoing,Severe,35895.42
11484,Success,None,9782.5
4988,Failure,Mild,37604.38
419,Ongoing,Severe,25495.16
10545,Ongoing,None,41555.8
4302,Failure,None,24228.27
12725,Failure,None,22034.65
9754,Success,Severe,34062.84
5694,Success,Severe,46425.04
6820,Failure,Mild,42242.22
10748,Success,Severe,19259.52
4574,Failure,Mild,33519.16
8569,Ongoing,Mild,12148.45
9459,Ongoing,Severe,49639.22
14497,Success,None,43718.28
13472,Failure,None,23204.68
999,Success,None,30523.13
1699,Ongoing,Severe,28026.51
1288,Ongoing,Mild,1299.31
9826,Success,Severe,25931.15
9579,Failure,None,34684.91
2645,Failure,Severe,33186.14
2043,Ongoing,Severe,24023.6
12425,Success,Severe,36142.48
8529,Ongoing,Mild,49949.66
8203,Ongoing,Severe,16229.9
9098,Failure,Mild,40822.34
4168,Ongoing,Mild,8177.24
10220,Success,Severe,41179.0
936,Success,None,6733.34
11879,Failure,Mild,36169.58
10654,Failure,Severe,25571.95
14132,Ongoing,Severe,9909.22
9614,Success,None,4798.69
13440,Failure,Mild,29813.83
7659,Ongoing,None,17688.61
13749,Success,None,44454.57
10638,Failure,Mild,20677.07
7218,Success,Severe,20574.72
36,Failure,None,23488.15
411,Failure,None,6424.81
4745,Ongoing,None,25497.71
4273,Success,None,42913.41
1695,Failure,None,42325.78
8524,Success,None,40684.51
1355,Success,None,31029.07
5037,Failure,None,22865.93
479,Failure,Severe,11902.24
8379,Ongoing,Mild,39545.49
7339,Failure,Mild,14056.11
1263,Failure,None,17954.77
1518,Failure,Mild,39139.0
8201,Success,Mild,30455.82
6715,Ongoing,Mild,35432.11
13594,Success,Severe,3340.3
6950,Success,None,42920.55
13927,Ongoing,None,23019.07
5920,Success,None,27408.77
6441,Ongoing,Severe,13874.28
336,Success,Mild,2064.81
8514,Ongoing,Mild,45528.79
9483,Success,Mild,42491.84
4715,Failure,None,34483.98
6540,Ongoing,Mild,43153.86
7306,Ongoing,Severe,6512.83
442,Ongoing,Mild,47110.93
11460,Success,Mild,27344.13
10659,Failure,None,43165.14
4067,Success,Mild,13693.79
7877,Ongoing,Mild,3122.79
14190,Success,Severe,16990.8
11322,Success,Mild,44002.45
8344,Ongoing,Mild,46371.5
5720,Ongoing,None,18474.64
11357,Ongoing,Mild,26353.64
4387,Success,Severe,44661.1
11237,Failure,None,13275.14
13094,Success,Severe,25516.91
12169,Success,None,35740.89
4678,Success,None,24737.59
13674,Failure,Severe,33429.33
4984,Failure,Severe,27739.13
5640,Failure,Severe,27186.56
13787,Success,Mild,4448.67
8530,Failure,Mild,20253.07
9975,Success,Mild,34027.88
2980,Failure,Severe,43961.8
824,Success,Mild,17427.05
3901,Failure,Severe,34543.27
4935,Failure,Mild,47087.06
14883,Ongoing,Mild,14128.68
4544,Success,None,14509.16
13194,Failure,Severe,5772.66
14798,Ongoing,None,10407.7
11306,Success,Mild,17597.5
3411,Success,Mild,3158.59
12712,Success,Severe,17253.07
12279,Ongoing,Mild,38949.33
7441,Success,Mild,12702.71
3212,Ongoing,Mild,22141.69
7781,Ongoing,None,9629.49
13234,Failure,Severe,15638.07
6670,Success,None,27665.56
6351,Success,Severe,20615.4
8620,Success,None,38551.51
1806,Ongoing,Severe,27367.81
12833,Success,Mild,11210.84
1604,Ongoing,Severe,44241.85
10985,Failure,Severe,48219.52
4897,Failure,None,11191.69
962,Failure,Severe,34196.05
2846,Ongoing,Severe,44497.52
10022,Failure,Mild,7568.65
8640,Success,Severe,49968.36
8039,Failure,Severe,6852.7
6918,Ongoing,Severe,8021.47
3742,Success,None,10162.75
4690,Ongoing,Severe,38764.25
10550,Ongoing,Severe,40653.09
5541,Failure,Severe,7695.42
10308,Ongoing,Severe,5791.87
3729,Ongoing,None,27066.97
9342,Ongoing,Severe,6712.27
11981,Ongoing,Severe,38076.47
3495,Success,None,24653.93
4919,Ongoing,Mild,39327.34
8252,Failure,Severe,44550.85
2198,Failure,None,20716.66
7084,Failure,None,41204.96
9930,Success,Mild,48972.85
7672,Success,Severe,20712.0
12906,Success,Severe,49384.72
940,Ongoing,None,46076.02
10830,Failure,None,31601.35
8720,Failure,Mild,3363.6
59,Success,None,20923.2
14324,Failure,Mild,15547.11
309,Success,Severe,20622.67
3107,Failure,None,21092.49
10064,Ongoing,Severe,23248.86
2685,Failure,None,22055.38
10292,Failure,None,12819.14
12007,Success,Severe,34921.79
3992,Failure,None,21180.53
1325,Failure,Severe,28768.57
6917,Failure,None,38242.8
7915,Failure,Severe,45225.12
10592,Ongoing,Mild,35160.81
9662,Success,None,31802.59
8099,Ongoing,None,2183.66
5664,Ongoing,Mild,46967.36
12654,Failure,Mild,18902.14
10384,Failure,Mild,37194.56
4957,Failure,Mild,15257.55
8769,Failure,Mild,9952.22
11033,Ongoing,Mild,43024.91
4893,Success,Mild,23502.8
9025,Failure,None,43986.38
12465,Ongoing,None,18010.87
6342,Failure,Severe,42441.2
5479,Ongoing,Severe,41637.98
8617,Failure,None,7081.29
1131,Failure,None,44060.25
4735,Success,Mild,4431.01
2336,Success,Mild,46042.18
2682,Failure,Severe,29728.33
8200,Ongoing,None,9319.45
9061,Success,Severe,22539.4
11013,Failure,None,3240.64
7535,Failure,Severe,26248.35
453,Failure,Mild,31551.23
9424,Failure,Mild,33992.73
10401,Failure,Severe,20033.97
1233,Ongoing,Severe,39293.78
11351,Failure,Mild,38813.56
12579,Success,Severe,44236.65
5452,Ongoing,Mild,45886.6
10122,Ongoing,Mild,22348.03
5563,Ongoing,None,19373.82
14054,Failure,Mild,31519.75
11528,Success,Severe,5532.38
12769,Failure,None,13509.36
7398,Failure,None,1921.97
7355,Success,None,28226.32
173,Ongoing,None,38018.55
6368,Success,None,2301.45
7002,Success,None,41389.85
1768,Failure,None,14033.77
13662,Ongoing,None,36782.98
6143,Failure,Severe,6909.17
8682,Success,None,20331.18
7346,Failure,Mild,19719.13
839,Success,Severe,2373.43
444,Success,Mild,43563.05
1754,Failure,Severe,35120.83
10240,Success,Mild,23561.83
8093,Ongoing,Mild,30139.3
11571,Ongoing,Severe,7852.76
14406,Failure,Mild,15958.72
5985,Ongoing,Mild,1017.53
6014,Success,Mild,15294.07
5816,Ongoing,None,12419.86
7766,Success,None,29089.93
14312,Ongoing,Mild,29571.1
7347,Failure,Mild,28956.41
8506,Success,Mild,45730.2
9669,Success,Mild,35186.55
13054,Failure,Severe,38078.11
6183,Ongoing,Severe,17020.64
158,Failure,Mild,17757.27
479,Ongoing,Severe,38789.96
12310,Success,None,9260.02
11747,Success,Mild,49732.25
3477,Success,Severe,3734.68
10038,Ongoing,Severe,34396.2
13964,Failure,Mild,19442.27
1042,Failure,Severe,40825.6
13841,Failure,Mild,14258.4
6333,Success,None,10713.34
8915,Ongoing,Severe,4756.84
11781,Ongoing,None,37648.19
11166,Ongoing,Severe,39075.72
1564,Success,Mild,4138.17
11990,Failure,None,21353.81
9333,Success,Severe,2788.38
11728,Success,Severe,44521.81
10966,Failure,Severe,6506.42
10463,Success,None,28193.14
12085,Success,None,46929.55
5952,Ongoing,Mild,28447.56
7145,Success,Mild,22146.77
4863,Success,Severe,38583.52
9917,Success,Mild,28575.05
8538,Failure,None,27009.15
10689,Ongoing,Mild,30988.22
7688,Ongoing,None,43483.42
14176,Success,None,20416.45
2942,Ongoing,Mild,9664.77
13016,Success,None,2532.15
5006,Failure,None,12804.1
302,Success,Severe,49112.45
6038,Failure,None,11957.49
14246,Success,Mild,37358.44
8582,Success,None,13276.63
2702,Success,Severe,10129.06
4942,Ongoing,Severe,23766.53
10489,Failure,Severe,39989.44
508,Ongoing,None,24120.4
7957,Success,Mild,14534.26
6024,Ongoing,Mild,47089.8
8383,Failure,Mild,14131.39
11949,Ongoing,Mild,8447.49
1450,Failure,Mild,15838.63
11627,Success,None,5443.9
13155,Success,None,41264.89
12343,Ongoing,Severe,18089.56
12249,Success,Mild,39480.11
14519,Failure,Mild,31540.44
5990,Ongoing,None,27825.69
674,Success,Severe,7303.52
12564,Failure,Severe,16663.37
2239,Ongoing,Severe,29423.99
2764,Success,Mild,44529.38
1240,Success,Severe,25254.36
3712,Ongoing,Mild,25451.06
5545,Ongoing,None,49915.98
14871,Ongoing,Severe,42181.46
4534,Ongoing,Severe,37666.29
14691,Failure,None,1986.3
6935,Ongoing,Severe,18105.17
6232,Success,None,22713.65
1519,Success,Severe,3922.0
188,Success,None,24369.94
9682,Failure,Severe,35277.89
13882,Success,Severe,33957.24
8616,Ongoing,None,30669.36
12841,Success,None,16083.31
4516,Success,Mild,32394.71
4960,Failure,None,31439.54
2492,Failure,Severe,17924.51
11157,Ongoing,None,25925.1
37,Failure,Severe,2319.75
13569,Failure,Mild,35410.3
7561,Failure,Severe,22916.97
7931,Ongoing,Mild,9651.06
6330,Success,Mild,41901.57
5641,Success,None,7399.26
14364,Failure,None,16973.23
14132,Success,Severe,19122.76
3670,Failure,None,47878.73
11058,Success,None,34930.72
4433,Success,Mild,15045.38
10416,Ongoing,Mild,24206.51
10452,Failure,Mild,43085.47
2271,Failure,Severe,41772.09
3610,Success,None,25162.25
4028,Success,None,10476.22
10906,Ongoing,Severe,32918.68
9399,Success,None,36470.91
2641,Ongoing,Severe,11180.57
8175,Ongoing,Severe,32440.76
6705,Success,Mild,32997.99
14382,Success,Mild,32555.56
5829,Success,Severe,45781.76
433,Failure,Severe,12032.37
9991,Failure,Severe,8018.31
9043,Failure,Severe,12312.98
9451,Failure,None,11078.66
2037,Success,Severe,29659.94
5871,Ongoing,None,6912.84
3477,Ongoing,Severe,33520.68
12384,Success,Severe,26859.55
9548,Success,Severe,27124.65
5103,Success,Severe,24237.03
6275,Success,None,9940.18
8812,Success,None,10912.5
2775,Success,Mild,49620.21
9681,Failure,Severe,23314.42
14258,Ongoing,Mild,5033.89
4221,Failure,None,35174.89
1458,Ongoing,Mild,40301.35
8133,Failure,Severe,40923.45
597,Success,None,34052.42
12554,Failure,Severe,33416.3
13416,Success,Mild,45005.04
7217,Success,None,15395.06
6212,Success,Severe,31844.17
9632,Ongoing,Severe,48338.07
9249,Success,Mild,44684.37
4097,Success,Mild,13561.93
4340,Ongoing,None,8359.24
1920,Success,Mild,20023.5
2806,Ongoing,Mild,4254.8
5580,Success,Severe,26010.78
13746,Ongoing,None,46384.36
1361,Success,None,20448.78
8790,Success,None,5799.25
440,Failure,Severe,2696.71
7454,Ongoing,Severe,41051.05
3266,Ongoing,Mild,28759.66
1549,Ongoing,Mild,47585.62
11786,Failure,Mild,20939.85
2572,Failure,None,30934.45
14704,Failure,Mild,25972.1
5438,Ongoing,Severe,48018.97
7016,Failure,Mild,20122.49
5214,Success,Mild,39734.85
31,Failure,Severe,19970.62
11730,Ongoing,Mild,27476.31
1062,Failure,None,22028.66
11530,Failure,None,34516.17
14267,Failure,Severe,38951.61
978,Success,None,2973.69
11460,Failure,None,32119.13
3972,Failure,Mild,10869.71
2888,Ongoing,Severe,10071.05
11055,Failure,Mild,43777.69
14472,Success,Severe,3212.08
13460,Ongoing,Mild,41692.53
6300,Success,Severe,47890.39
2449,Ongoing,Mild,45217.21
58,Success,Severe,10229.73
14949,Failure,Mild,1860.5
6934,Failure,None,49136.82
7332,Ongoing,None,4884.2
2724,Success,None,39493.38
13560,Success,Severe,4751.94
6648,Ongoing,Mild,6477.93
7351,Failure,Severe,32648.88
7224,Failure,None,11304.69
4946,Ongoing,Mild,21292.03
381,Success,None,46873.84
3635,Success,Severe,35868.65
4458,Ongoing,Severe,4326.58
14658,Failure,Severe,32030.68
5291,Ongoing,None,2983.02
610,Ongoing,None,15509.86
6933,Failure,Mild,6437.66
14675,Success,Mild,10518.08
12148,Failure,Mild,12902.72
10411,Ongoing,Severe,16355.85
6265,Failure,None,42993.3
10030,Success,Mild,13777.31
9597,Failure,None,23136.94
5383,Ongoing,Mild,43875.01
10162,Failure,None,7302.9
14782,Success,None,19169.62
8872,Failure,Severe,26540.49
9144,Success,None,30957.27
6749,Ongoing,None,41062.87
2337,Ongoing,None,6174.58
4268,Failure,None,41249.18
11511,Failure,None,28686.09
11772,Failure,Mild,28835.32
1461,Ongoing,None,23039.81
7841,Ongoing,Severe,7044.2
9860,Success,None,16762.53
6193,Failure,Severe,44339.76
3116,Success,Severe,40239.24
6048,Success,None,35079.0
14465,Failure,None,24961.57
4190,Ongoing,Mild,32790.35
1900,Failure,Mild,1519.83
1971,Failure,Severe,33697.89
13360,Failure,Severe,32115.71
6278,Success,None,3571.78
5143,Success,None,39584.74
424,Failure,None,47775.99
6373,Failure,Mild,49916.99
13258,Ongoing,Mild,30724.12
1744,Failure,Severe,14160.72
10438,Failure,Mild,13414.68
6981,Success,Mild,39475.43
4705,Failure,Severe,41505.64
11145,Ongoing,Mild,2122.39
14715,Ongoing,Mild,17692.39
3851,Success,Severe,10398.04
10582,Success,Severe,46474.89
13510,Ongoing,None,49602.25
14485,Ongoing,Mild,42291.2
12397,Success,Mild,24873.83
7809,Ongoing,Severe,1240.87
11134,Failure,Mild,30580.35
1430,Success,Mild,8723.25
4620,Success,Mild,20980.66
7013,Ongoing,Mild,13278.78
6539,Success,Mild,49409.77
704,Ongoing,None,21530.87
2305,Ongoing,None,42548.72
8420,Success,Severe,8805.72
14894,Success,Severe,28812.34
10913,Success,Severe,3981.84
13695,Ongoing,None,4412.0
5642,Ongoing,None,5606.83
11455,Success,None,33484.25
10130,Ongoing,None,17272.13
8967,Success,None,29642.14
14389,Success,Mild,48246.92
938,Success,Mild,33828.6
4358,Ongoing,Severe,42153.04
12483,Failure,Severe,7372.14
14308,Ongoing,Severe,49997.11
10539,Failure,None,3928.21
7542,Ongoing,None,23957.74
8829,Ongoing,Mild,5418.46
9718,Failure,None,47513.02
9174,Success,Mild,30517.96
10599,Failure,Severe,2805.48
14047,Ongoing,Mild,13108.7
4735,Ongoing,None,31144.54
8764,Failure,Mild,29845.75
14194,Ongoing,Mild,44504.63
3840,Ongoing,None,49619.43
259,Failure,Mild,21465.68
369,Success,Severe,13414.06
12792,Success,None,9696.08
3556,Success,None,45782.36
14809,Success,Mild,34684.37
12856,Success,Severe,1438.73
13385,Failure,Mild,19304.04
349,Failure,Severe,44260.73
5008,Ongoing,None,45005.25
7149,Failure,Mild,13767.34
2519,Failure,Mild,34005.54
6826,Failure,Severe,15886.73
4176,Success,None,1518.06
2467,Failure,Severe,43275.77
12495,Failure,None,21426.17
12439,Success,Severe,34578.28
6768,Ongoing,None,21201.11
4315,Failure,None,12612.98
9310,Failure,Severe,20097.4
3287,Ongoing,Mild,44846.79
14902,Failure,None,48147.38
9011,Ongoing,None,47611.23
9761,Success,Mild,27461.14
11706,Ongoing,Mild,32036.39
1928,Success,Severe,40881.79
11563,Ongoing,Mild,22694.72
11723,Failure,None,27209.53
7764,Ongoing,Mild,5494.87
13100,Ongoing,Severe,27215.04
9265,Failure,Mild,18928.54
8926,Ongoing,Severe,20740.85
1887,Ongoing,Mild,2340.75
1742,Ongoing,Mild,16608.91
11734,Failure,None,35383.49
4818,Failure,Severe,37078.72
7033,Ongoing,Mild,39498.42
10381,Success,Severe,5878.97
12635,Success,Severe,43477.84
8506,Ongoing,Mild,3229.44
14391,Failure,None,41521.5
671,Failure,None,37854.3
10064,Failure,None,25563.01
14696,Ongoing,Severe,22726.28
6135,Failure,Mild,32768.9
13151,Failure,Mild,30255.28
1567,Success,None,6710.94
11905,Failure,None,13141.31
1399,Success,Mild,10069.73
9712,Failure,None,44421.73
11180,Failure,None,39459.75
3827,Success,Severe,4575.21
4655,Success,None,43646.91
2844,Ongoing,None,30276.17
9151,Failure,Severe,16562.21
5723,Success,None,16559.66
10186,Failure,Mild,14907.11
921,Success,Mild,13253.54
143,Failure,None,24738.69
13737,Success,None,35055.64
5083,Success,None,46775.78
5437,Ongoing,Mild,45683.19
14943,Failure,Severe,28054.49
13920,Failure,Severe,48739.01
13549,Ongoing,Severe,8502.01
7768,Success,Mild,21834.57
3323,Failure,Mild,29062.82
2937,Ongoing,Mild,31010.4
5565,Ongoing,None,4328.37
5783,Ongoing,Mild,28432.08
5243,Ongoing,Severe,48584.71
5838,Failure,None,39660.96
14960,Ongoing,Severe,1581.76
13496,Ongoing,Mild,15003.89
690,Failure,None,25321.05
6530,Success,Mild,5813.07
10696,Success,Mild,23399.48
8222,Ongoing,None,23348.3
6343,Ongoing,None,9933.01
10107,Success,None,17813.73
7259,Success,None,16443.89
10640,Success,Severe,42443.34
3353,Ongoing,None,49236.72
7437,Success,Mild,29365.46
3735,Success,Severe,30469.32
6089,Success,Mild,46175.95
7035,Success,None,23815.05
3488,Ongoing,None,14167.68
8313,Success,Severe,48417.61
2510,Failure,None,28192.36
10462,Failure,Severe,10428.29
9735,Failure,None,16349.6
11154,Failure,Severe,47043.14
2394,Success,None,49884.62
1885,Failure,Mild,19800.55
5809,Failure,None,2566.99
10741,Ongoing,Mild,11062.58
12990,Success,Severe,20015.97
2782,Failure,None,42473.89
5485,Failure,Mild,6010.55
13477,Failure,None,35541.2
4184,Success,Mild,30850.38
11628,Failure,None,47120.04
6123,Failure,Severe,48786.16
1677,Ongoing,None,16874.52
10258,Ongoing,Mild,26332.73
12728,Failure,None,1225.26
10281,Success,Mild,1886.0
83,Success,Mild,16937.68
2141,Ongoing,Mild,43112.21
10034,Failure,Severe,4614.13
4855,Failure,None,31971.94
14948,Success,None,32751.37
6692,Success,Severe,46335.55
6824,Success,Severe,33896.27
3485,Ongoing,Mild,37940.36
6388,Ongoing,None,7563.19
13497,Success,Mild,30190.57
14956,Ongoing,None,12324.69
4915,Success,Mild,35447.18
7081,Ongoing,Mild,39491.17
14812,Failure,None,27231.46
9218,Failure,None,5828.54
13033,Ongoing,Severe,5515.99
9884,Success,Mild,11985.76
6614,Failure,Severe,12956.28
9524,Ongoing,Mild,7249.0
7189,Failure,Severe,12195.83
725,Failure,None,11775.82
11029,Success,Mild,8876.57
12365,Failure,None,40437.53
12681,Success,Mild,16091.22
14126,Ongoing,Severe,22812.56
9061,Success,Mild,14620.42
10659,Success,Mild,20808.81
9610,Failure,Severe,49813.55
9131,Failure,None,35584.86
12563,Failure,None,9662.86
13726,Ongoing,Severe,45035.63
6662,Success,None,40479.3
14747,Ongoing,None,48528.02
13280,Failure,None,34698.67
8977,Success,None,28488.61
4836,Success,Severe,1518.91
3036,Success,Mild,33708.94
2871,Failure,None,31227.81
10426,Success,Severe,20273.68
876,Ongoing,Mild,27113.04
4600,Success,Mild,4815.57
2804,Failure,None,2005.34
14647,Failure,Severe,47994.62
1501,Failure,Mild,11288.33
12840,Failure,None,3270.24
13289,Success,None,31198.86
12892,Failure,None,41842.53
13093,Failure,Mild,3930.2
157,Failure,None,33765.57
997,Success,None,3118.52
86,Ongoing,None,1072.25
6307,Success,None,17266.03
3025,Failure,Mild,29945.44
13164,Failure,Severe,25367.2
13484,Success,None,10862.51
4181,Ongoing,None,17620.86
12583,Ongoing,Severe,12845.41
8108,Failure,None,8303.37
6635,Success,Severe,33195.82
5004,Failure,Mild,38241.17
3141,Success,Mild,37830.13
3820,Success,Mild,40916.23
13183,Success,Severe,47241.07
10573,Failure,None,43152.54
12624,Ongoing,Severe,13182.28
261,Failure,Mild,18908.95
10858,Ongoing,Mild,37540.45
5754,Failure,Mild,9876.66
749,Ongoing,Severe,19572.86
12839,Success,Severe,14023.48
11015,Success,Severe,27610.39
337,Failure,None,10403.62
11181,Failure,Mild,34924.0
315,Ongoing,Mild,31970.44
6723,Failure,Severe,11751.28
10375,Failure,Mild,25152.3
5314,Success,Mild,27717.5
8032,Failure,None,24080.04
8611,Success,Mild,19959.77
6358,Failure,Severe,17354.04
1569,Success,Mild,28330.05
6880,Ongoing,Mild,12440.75
14790,Failure,Severe,4039.67
7894,Success,Mild,28271.12
7700,Failure,Mild,9259.89
6848,Ongoing,Mild,43129.59
4642,Ongoing,None,3145.6
4987,Success,Severe,46300.57
11411,Ongoing,Severe,16870.47
2998,Failure,Severe,35565.51
6978,Ongoing,Severe,22700.36
5168,Failure,Mild,49365.7
14886,Failure,None,25511.12
11823,Failure,None,41938.94
10889,Ongoing,None,12662.1
14311,Success,Severe,47148.97
14831,Ongoing,None,20637.68
8695,Failure,Mild,6160.45
1480,Ongoing,Mild,26795.5
1878,Success,None,31118.51
209,Success,Mild,15283.89
7185,Ongoing,Mild,35923.23
8840,Ongoing,Severe,29732.44
8290,Success,None,49109.94
6277,Ongoing,None,23784.14
14330,Failure,Mild,1778.93
10170,Success,Mild,33846.37
8106,Success,Severe,22852.59
5985,Ongoing,Mild,33848.86
2531,Success,Severe,9560.15
11046,Failure,Severe,12075.03
3534,Success,Mild,35280.41
13391,Success,Severe,9253.12
5700,Success,None,33463.45
2788,Ongoing,None,43109.78
2374,Failure,Mild,38872.82
4339,Ongoing,None,22890.01
2145,Success,None,24548.32
12418,Ongoing,Severe,15944.57
3970,Success,None,6018.09
10549,Failure,Severe,39857.1
14647,Ongoing,Severe,9791.66
6861,Ongoing,Mild,36212.06
1273,Failure,None,42609.69
5514,Ongoing,None,31025.78
13585,Ongoing,Mild,12318.9
4522,Success,Mild,4373.46
14087,Failure,Severe,7779.66
7110,Ongoing,Mild,45162.18
13041,Ongoing,Severe,4554.38
7056,Success,None,28986.7
12608,Success,Severe,23746.6
5421,Ongoing,Severe,5087.0
7678,Success,Mild,39535.54
6692,Failure,Mild,2771.37
11911,Success,None,6358.37
9382,Success,None,25388.94
13525,Ongoing,Mild,24480.75
13745,Success,Severe,28599.03
7567,Failure,Mild,10784.26
9352,Ongoing,Severe,29589.82
3937,Ongoing,Severe,33258.82
3166,Success,Mild,29446.96
9418,Ongoing,None,27113.07
8938,Success,Mild,43205.66
11050,Failure,None,31386.75
3089,Failure,Mild,17970.67
2160,Failure,None,29525.13
5672,Ongoing,Mild,35213.3
280,Failure,Severe,36596.9
1129,Failure,Mild,33963.06
12024,Failure,None,13180.41
7754,Failure,None,41519.47
7401,Failure,None,49419.07
470,Success,Severe,44952.75
7902,Ongoing,None,1519.87
10799,Failure,Severe,2803.12
12259,Success,None,10855.82
3197,Success,Mild,21490.83
816,Failure,None,34143.89
101,Ongoing,None,26444.99
5329,Failure,Severe,27388.11
9648,Ongoing,Mild,43917.69
10244,Ongoing,Severe,13707.35
14778,Failure,Mild,34793.4
10209,Success,None,9370.03
3881,Ongoing,None,27739.77
5538,Success,Severe,8998.28
11413,Failure,Severe,27183.5
4712,Success,Severe,38359.78
8241,Success,Severe,43860.55
2397,Failure,Severe,45587.02
14398,Failure,Severe,32820.33
1025,Failure,Mild,41949.68
11995,Ongoing,Mild,2944.81
10760,Success,Mild,5428.02
10960,Ongoing,Severe,16276.1
5676,Ongoing,Mild,28275.48
977,Ongoing,Mild,35538.38
14456,Ongoing,None,31944.86
7590,Success,None,34077.78
3510,Success,None,39916.88
110,Ongoing,None,46551.53
4198,Failure,Mild,34648.17
10923,Failure,Mild,8545.34
11451,Success,Severe,47338.86
8531,Failure,Mild,16290.39
9738,Failure,None,22784.48
2709,Failure,Mild,42186.9
4621,Success,None,5375.09
5730,Ongoing,None,39450.51
9329,Failure,Mild,22411.32
961,Ongoing,Mild,29673.47
3205,Success,None,1161.67
9452,Failure,None,4879.18
11764,Failure,None,13536.33
11745,Ongoing,None,49225.82
8565,Ongoing,Mild,21443.45
14443,Success,Severe,37652.68
9111,Success,None,11054.97
2580,Failure,Mild,5614.81
1739,Ongoing,None,42273.27
11951,Success,Mild,23543.92
14263,Ongoing,None,2558.25
12459,Ongoing,Severe,11778.91
12248,Failure,Severe,41105.48
10226,Success,None,5181.35
2888,Success,Mild,20682.04
6983,Failure,None,18318.17
9399,Ongoing,Mild,47582.04
3215,Ongoing,Mild,36056.29
2510,Ongoing,None,5377.92
8082,Success,Severe,6846.16
7082,Ongoing,None,3245.37
9399,Ongoing,Mild,39335.14
984,Success,Severe,31660.58
7775,Failure,Severe,36703.01
7074,Failure,Severe,23358.26
7135,Ongoing,Mild,17647.04
8114,Ongoing,None,4904.09
12313,Failure,Severe,31558.1
8678,Failure,None,25074.87
14772,Success,Severe,33907.14
4744,Ongoing,Severe,46045.78
13151,Failure,None,22497.9
12361,Failure,Mild,15889.42
14137,Success,Severe,20050.06
1522,Failure,Severe,26618.84
5276,Ongoing,Severe,11238.66
41,Success,Mild,31601.4
7412,Failure,Severe,27243.42
5804,Success,None,16434.51
8215,Success,Mild,23783.7
8153,Failure,Mild,30711.73
9515,Ongoing,Mild,25087.71
10400,Ongoing,None,30510.87
7939,Failure,None,16547.58
12507,Success,Severe,9996.57
2493,Ongoing,Mild,9484.96
9502,Success,None,45083.46
3931,Failure,Severe,2152.31
2807,Failure,None,28291.97
13544,Ongoing,None,1380.44
11700,Failure,None,42894.84
2826,Success,Severe,30524.18
12147,Ongoing,Severe,39376.94
12660,Success,Severe,37800.64
1176,Success,None,42289.73
9393,Failure,Mild,17721.54
13889,Failure,Severe,30917.41
12261,Failure,None,41300.15
950,Success,Severe,3718.99
6304,Failure,Severe,39392.74
1066,Ongoing,Severe,28414.95
4211,Success,Severe,19590.88
14697,Ongoing,None,29222.39
14302,Success,Severe,4648.83
9420,Success,Mild,20148.51
12657,Ongoing,Severe,31073.38
2184,Success,None,9187.52
11584,Ongoing,None,46435.74
13933,Failure,Severe,32974.46
6705,Success,Mild,28502.45
9496,Success,Severe,30290.29
10425,Ongoing,Mild,15085.05
2073,Ongoing,None,20933.72
5416,Failure,None,19701.32
7815,Failure,Mild,49181.79
8701,Failure,Severe,43110.62
7661,Success,Severe,42316.35
5648,Success,Severe,11010.24
12787,Success,Severe,24675.27
3040,Ongoing,Severe,24328.11
7283,Failure,Severe,49470.54
3846,Failure,None,45923.46
5547,Failure,Severe,13078.58
10313,Ongoing,None,40659.76
8881,Failure,None,12995.54
666,Ongoing,None,19221.5
14731,Success,Severe,42832.98
9860,Success,Mild,15701.14
7581,Success,Severe,19582.7
12445,Success,None,4299.01
358,Ongoing,Mild,40681.42
11529,Failure,Severe,31310.74
5159,Success,None,34792.91
5836,Ongoing,None,47257.73
1621,Success,Severe,11735.33
12903,Failure,Mild,16454.79
5467,Ongoing,Severe,39480.09
5897,Ongoing,Mild,8255.81
11936,Success,None,39391.36
3535,Success,Mild,25894.3
3912,Ongoing,Mild,41203.88
11600,Ongoing,None,32388.25
13117,Success,Mild,4401.04
9318,Success,Severe,16536.11
9684,Ongoing,Severe,17695.11
9081,Ongoing,Severe,25843.29
12580,Ongoing,Mild,5259.72
8986,Failure,Mild,24114.77
8972,Ongoing,None,35134.0
12,Success,None,4051.36
2880,Success,None,25609.11
9426,Ongoing,Mild,5438.88
6213,Ongoing,Severe,38479.87
1180,Ongoing,Mild,18235.84
14046,Failure,Mild,16411.04
6166,Ongoing,Mild,36003.71
13824,Success,None,2287.13
3126,Failure,Severe,4325.03
12312,Success,Mild,49766.04
6254,Failure,None,35564.65
10053,Failure,None,27068.62
7689,Ongoing,None,43002.03
1490,Success,None,26793.05
4459,Failure,None,6562.05
13185,Ongoing,None,24530.84
12066,Ongoing,Mild,8626.08
5284,Ongoing,Mild,30901.81
11929,Ongoing,Severe,13261.28
10594,Ongoing,Severe,12513.19
10480,Success,None,19568.46
9316,Ongoing,None,12752.64
5200,Success,Severe,16967.96
10279,Ongoing,Mild,7687.26
4457,Success,Severe,8761.1
6999,Ongoing,None,37948.18
497,Ongoing,Severe,7614.23
10808,Success,Mild,22031.51
366,Failure,Mild,46227.6
1172,Success,Severe,2493.32
4045,Success,Severe,27027.54
12,Failure,None,11138.15
7156,Failure,Severe,11417.95
3217,Failure,Mild,15283.94
8060,Success,Severe,49408.92
9722,Failure,Severe,22347.07
130,Failure,None,6846.6
11164,Failure,Severe,34740.34
4594,Success,Severe,27161.72
8845,Success,Severe,22181.28
7227,Ongoing,None,43787.15
10293,Failure,Mild,33430.83
8487,Success,None,9326.52
14914,Failure,None,33756.99
2016,Ongoing,Severe,36944.14
231,Ongoing,Mild,34882.73
13661,Success,None,43828.1
10019,Success,None,36949.79
1061,Ongoing,Mild,8733.2
5414,Success,Mild,47688.64
12639,Ongoing,Severe,41780.11
10713,Success,None,43585.84
5865,Ongoing,Severe,2854.65
9976,Failure,Mild,16437.06
6056,Ongoing,Mild,26139.47
4694,Ongoing,None,35641.38
6837,Failure,Severe,35534.09
13802,Failure,Severe,7463.43
5891,Success,Mild,9304.25
8657,Ongoing,Severe,7018.96
12979,Success,Severe,47217.18
7793,Success,None,10503.19
3737,Ongoing,Mild,6573.85
12459,Failure,None,23731.97
10422,Success,None,9558.12
2495,Ongoing,Severe,37194.86
7410,Success,Mild,44411.86
7462,Success,None,14993.19
10801,Success,Severe,17422.35
11223,Success,Mild,25690.78
7981,Success,Mild,30676.46
13972,Ongoing,None,47563.85
4751,Failure,None,42837.74
6619,Ongoing,Mild,9327.25
6712,Ongoing,None,49481.82
5350,Success,Severe,10798.31
204,Success,None,15756.66
9857,Success,Severe,2907.67
271,Failure,None,38841.75
9301,Failure,None,24662.24
3702,Ongoing,Mild,17683.18
11857,Failure,Mild,23058.88
8877,Success,Mild,43144.09
883,Failure,Severe,38374.16
490,Failure,None,30634.57
11739,Ongoing,Mild,18779.38
2403,Ongoing,Mild,40110.15
3421,Ongoing,Severe,29976.76
4850,Success,Severe,37733.43
792,Success,Severe,44008.33
3768,Success,None,29387.2
751,Ongoing,Mild,7617.94
12233,Failure,Mild,34653.34
7741,Success,None,20276.4
8139,Ongoing,None,48165.2
6112,Success,Severe,37721.74
4604,Ongoing,None,8152.84
485,Failure,Severe,11865.63
13902,Ongoing,Severe,9279.1
3871,Success,None,10857.21
4813,Failure,Mild,15918.44
8232,Failure,None,2133.07
10017,Success,None,44594.41
1947,Success,Mild,29371.73
9040,Ongoing,Mild,44331.89
657,Ongoing,None,34479.53
7206,Success,Severe,23935.08
1777,Success,Mild,30829.8
11170,Failure,Mild,23087.38
112,Success,Severe,42884.17
4222,Ongoing,None,47234.73
904,Failure,Mild,44381.46
5610,Success,None,48690.72
14876,Failure,Mild,22490.57
10776,Success,None,29574.5
9731,Success,Mild,15635.98
9652,Failure,None,49144.67
3514,Failure,None,44078.18
11179,Success,Mild,24597.94
8737,Failure,Severe,26819.95
465,Success,Severe,27212.19
80,Ongoing,None,45381.62
14290,Success,Mild,38714.35
9287,Failure,Mild,9128.99
823,Success,None,40556.22
9530,Success,Severe,4622.81
3848,Ongoing,Severe,22539.18
2365,Failure,Mild,47947.54
13620,Failure,Severe,20205.41
2172,Ongoing,None,38102.97
1267,Failure,None,15427.76
13037,Ongoing,None,3629.61
6573,Failure,None,27315.76
5316,Ongoing,Severe,44065.86
4423,Ongoing,Severe,15263.83
10555,Ongoing,Severe,12132.35
10595,Ongoing,None,2702.14
11760,Failure,None,19418.22
255,Failure,Severe,46988.78
1472,Failure,Mild,31994.42
6964,Failure,Severe,49764.76
12743,Success,Mild,44873.79
2879,Failure,Mild,15854.81
10504,Ongoing,Mild,12088.97
8578,Failure,Severe,27779.45
55,Failure,None,10158.71
5367,Success,None,9270.12
3276,Ongoing,None,48623.01
11165,Failure,Mild,49947.81
2802,Failure,Mild,43450.52
10701,Failure,Severe,46866.2
12725,Failure,Severe,9197.89
2890,Success,None,6534.4
1887,Failure,Severe,21553.1
14843,Failure,Severe,38632.08
12237,Ongoing,Severe,7110.85
12315,Failure,Mild,16388.79
12448,Failure,None,3487.37
8561,Ongoing,Severe,35472.67
1265,Ongoing,None,27579.44
10607,Success,Mild,3223.35
13075,Failure,Mild,11779.91
6250,Ongoing,Mild,22510.97
381,Ongoing,Mild,15560.53
5225,Failure,Mild,1872.64
5540,Success,Severe,49267.48
4351,Failure,None,45737.1
13107,Failure,None,35634.1
12947,Success,Mild,34866.07
5464,Failure,None,33059.49
12761,Success,None,28613.11
13109,Ongoing,None,43724.66
10801,Success,Mild,11039.32
3744,Success,Mild,16220.63
7036,Success,None,23944.33
6218,Failure,None,16301.14
8256,Success,Mild,21925.85
10180,Ongoing,None,7030.68
738,Ongoing,Severe,47340.06
8931,Ongoing,Severe,1691.93
557,Success,Mild,21320.67
6421,Ongoing,Mild,15020.17
3740,Failure,Severe,30078.21
9551,Success,Severe,19501.31
9565,Ongoing,None,2999.29
1289,Success,Mild,40615.57
2633,Success,Severe,30116.2
2732,Failure,Severe,23109.26
7490,Ongoing,Severe,17748.38
4815,Success,Mild,38231.79
11282,Success,None,47661.35
14097,Ongoing,None,38796.08
4327,Ongoing,None,40566.12
2388,Failure,None,19139.14
6739,Ongoing,Severe,32929.88
3162,Failure,None,25786.32
1352,Ongoing,None,46788.03
1119,Success,Mild,2051.29
3166,Ongoing,Mild,35804.92
5495,Ongoing,None,36985.94
4787,Ongoing,None,23139.78
8195,Failure,None,30558.62
9511,Failure,Mild,19158.89
5735,Failure,Mild,17209.09
14472,Failure,Mild,47753.26
4081,Ongoing,Mild,31341.91
6561,Ongoing,None,39514.53
2866,Ongoing,Severe,39006.61
2923,Success,Mild,36624.78
4166,Failure,None,49545.94
14530,Failure,None,28788.58
64,Success,None,32996.5
10194,Ongoing,Severe,10426.49
266,Ongoing,Mild,49871.17
11187,Success,Mild,16138.0
14557,Failure,Mild,46241.27
2889,Ongoing,Severe,24073.64
5916,Success,None,25240.32
8407,Failure,None,18037.7
4814,Success,Mild,42735.09
4261,Success,None,13076.91
95,Failure,Mild,5353.47
11860,Ongoing,Severe,32063.29
1757,Ongoing,Severe,1485.72
10000,Success,None,27875.64
8593,Failure,Severe,40483.98
2995,Ongoing,Mild,26831.47
2197,Ongoing,Severe,18216.06
1797,Failure,Mild,14383.74
4302,Ongoing,Severe,11012.0
9665,Failure,Mild,30665.16
14140,Success,Mild,30274.65
2722,Ongoing,Mild,30528.43
13999,Success,Mild,36465.12
13404,Failure,Mild,12569.4
32,Ongoing,Mild,15582.77
2559,Failure,Mild,6646.53
12950,Failure,Mild,16896.33
5498,Success,Mild,15829.42
9065,Ongoing,Severe,12947.21
11173,Ongoing,Mild,45563.38
2540,Ongoing,None,41022.13
2134,Failure,Severe,9649.15
3643,Ongoing,Severe,43542.06
4588,Success,None,30912.88
3861,Ongoing,None,44091.04
13038,Ongoing,Mild,42003.53
11342,Success,Mild,28259.9
12173,Failure,None,30968.71
5743,Failure,Severe,29715.45
14520,Success,Mild,28696.14
14780,Ongoing,Severe,16807.84
7697,Failure,Mild,36930.54
12974,Success,None,26034.37
14106,Ongoing,Severe,42542.44
1641,Success,None,12849.55
3090,Failure,None,18324.79
7224,Success,None,13851.52
4754,Ongoing,Severe,19754.97
8481,Ongoing,Mild,48427.88
9532,Success,Mild,39350.13
4020,Ongoing,Mild,14671.98
1500,Success,Severe,20535.22
2356,Success,Mild,29920.41
6230,Success,Severe,7675.42
3724,Success,Severe,21602.95
12518,Ongoing,None,33901.56
9356,Ongoing,Severe,22459.35
12949,Success,Mild,46419.98
3496,Ongoing,None,29510.99
867,Ongoing,Severe,48686.78
11718,Failure,Severe,36621.97
96,Ongoing,Severe,49361.88
3148,Ongoing,Mild,39118.04
12972,Ongoing,None,48198.56
8369,Success,Severe,26671.72
12014,Ongoing,Severe,5696.8
7449,Failure,Mild,35084.2
13341,Ongoing,Mild,14197.16
12658,Success,Mild,37777.24
13410,Failure,Mild,33168.26
4558,Ongoing,Mild,42920.53
14920,Ongoing,None,11016.77
363,Ongoing,Mild,4291.03
6245,Success,None,34414.92
5709,Ongoing,Severe,40052.31
12731,Failure,None,19765.72
2295,Success,None,46942.84
3286,Failure,Severe,31655.11
5704,Success,None,16995.06
14151,Failure,None,29542.29
13191,Ongoing,Mild,7141.1
6512,Success,Mild,43976.44
13510,Failure,Severe,9991.7
7116,Failure,Mild,36806.48
323,Ongoing,Severe,13335.74
1594,Failure,None,31411.18
2782,Ongoing,None,36984.38
6258,Success,Severe,49458.08
13496,Failure,None,19635.58
2236,Success,None,13628.46
10397,Ongoing,None,28849.86
10737,Success,None,48925.72
11671,Success,Mild,28800.55
4557,Ongoing,Mild,27956.11
10037,Ongoing,Mild,34885.03
14337,Ongoing,Mild,45608.14
5356,Failure,None,28373.18
10290,Failure,None,6034.45
914,Failure,None,20117.08
12499,Ongoing,Severe,26663.59
14582,Failure,Mild,33623.37
12671,Success,Mild,47524.18
6841,Success,None,6869.62
6003,Ongoing,None,40021.57
11558,Ongoing,None,7044.23
2868,Failure,Mild,17927.87
8992,Success,Severe,33366.08
4159,Failure,None,19359.58
420,Success,None,15823.83
5129,Ongoing,Mild,11665.25
12839,Success,Severe,32560.41
6039,Ongoing,Severe,28876.35
12320,Ongoing,Severe,41139.6
9508,Ongoing,Mild,19765.45
4291,Failure,None,45880.25
17,Success,None,16412.54
10023,Failure,None,36872.69
11717,Ongoing,Mild,23764.91
9148,Success,None,44160.34
14021,Success,Mild,37235.04
11691,Success,None,30739.95
12951,Success,Severe,20951.02
11937,Success,Mild,14981.16
8640,Success,None,2084.46
1774,Ongoing,Severe,25164.44
12746,Success,Severe,31825.79
8082,Ongoing,Mild,5534.09
8272,Success,None,30036.33
13257,Failure,Severe,5501.95
7619,Ongoing,Mild,36064.62
13695,Ongoing,None,2001.69
1949,Success,Severe,30746.25
13906,Ongoing,Mild,32191.99
1686,Success,Severe,24652.46
10722,Ongoing,None,3629.54
9370,Ongoing,None,13026.41
4596,Failure,Mild,37687.48
1779,Failure,None,8793.11
3855,Ongoing,Mild,26592.39
2734,Success,Severe,22603.88
2548,Success,Severe,26486.32
4473,Success,Mild,33197.05
8228,Success,Mild,38169.12
8285,Failure,None,33371.67
14654,Success,Severe,4176.88
9222,Ongoing,Mild,46387.98
3874,Failure,Severe,23181.78
12390,Success,Severe,10796.07
4147,Success,None,36208.99
342,Failure,Severe,7169.45
1775,Ongoing,Severe,42607.36
9137,Success,Severe,7695.71
9493,Success,Mild,11507.65
13673,Ongoing,None,34737.54
3462,Success,Mild,17199.06
7259,Success,None,31651.79
3365,Success,Severe,45085.13
11702,Ongoing,Severe,15459.73
11778,Ongoing,Severe,10732.34
179,Success,Severe,2773.45
9974,Success,Severe,41997.8
14800,Ongoing,None,21403.79
11073,Failure,None,41897.77
5101,Failure,None,34417.61
5902,Failure,None,19651.39
13787,Ongoing,Severe,14788.22
9174,Ongoing,None,47855.49
13636,Ongoing,Mild,42737.62
9905,Success,Severe,39918.87
6833,Ongoing,Severe,34640.18
4250,Failure,Mild,22599.15
5638,Failure,Mild,37187.22
5729,Failure,None,48343.65
14768,Failure,Mild,25395.48
2807,Failure,Severe,29760.42
3486,Success,Mild,15856.97
7665,Failure,None,38991.65
14957,Success,None,27902.03
4593,Failure,Severe,5719.51
9628,Failure,Mild,28076.93
6575,Success,Severe,18247.94
4342,Failure,Severe,15230.38
1341,Success,None,19216.81
10602,Failure,Severe,25889.94
1931,Ongoing,Severe,48616.38
13627,Failure,Mild,12331.56
11150,Success,None,32489.95
13618,Success,Mild,35445.85
11632,Success,None,16441.31
8648,Failure,Mild,44775.83
4747,Failure,None,13413.8
12928,Success,Mild,10897.93
13067,Failure,Severe,31190.12
8609,Ongoing,Severe,6889.52
11468,Ongoing,Mild,27259.08
3172,Failure,Mild,16567.56
2449,Failure,None,39079.58
3645,Failure,Mild,11938.62
6197,Success,None,41821.68
12123,Failure,None,14111.3
3748,Failure,None,12607.61
5715,Success,Mild,33446.45
1059,Success,Severe,22750.97
12110,Success,Severe,35911.79
458,Success,Severe,48290.78
2681,Ongoing,Severe,34265.25
5334,Failure,Mild,24428.3
1304,Success,Mild,23746.33
12098,Success,None,18584.61
207,Ongoing,Severe,44660.81
5054,Ongoing,None,32839.22
11409,Success,None,48333.84
2295,Failure,Severe,27068.77
14327,Failure,Mild,6757.82
7041,Ongoing,None,37719.0
6233,Failure,Mild,2284.73
4267,Ongoing,None,37082.47
13784,Success,Severe,7495.44
11615,Ongoing,Severe,33004.16
5372,Failure,Severe,23969.78
4222,Success,Severe,22106.48
5744,Failure,Mild,28804.34
6481,Success,None,40363.57
4154,Success,Severe,44240.12
609,Ongoing,None,5899.58
5815,Failure,Severe,6341.96
13294,Success,None,45323.41
4290,Success,None,27972.67
2448,Ongoing,Severe,4801.66
10689,Failure,Mild,29600.56
12733,Success,Mild,30030.92
10785,Success,Severe,5112.7
13863,Ongoing,Severe,28760.77
2981,Failure,None,49191.3
11085,Success,Mild,2096.29
1028,Success,Mild,23707.2
2784,Ongoing,Mild,40466.73
9809,Success,Mild,13975.67
3205,Ongoing,None,38219.2
14232,Success,Mild,26079.8
1503,Ongoing,Mild,10709.31
12459,Ongoing,Mild,33703.9
14496,Ongoing,Severe,24665.15
13992,Ongoing,Mild,23811.84
792,Failure,Mild,15615.19
2636,Failure,Mild,33418.08
14528,Success,Severe,40997.14
2342,Ongoing,None,14860.8
1988,Ongoing,None,35345.91
9894,Failure,Severe,10701.86
6724,Success,None,35412.01
6616,Failure,None,14834.55
4962,Success,None,42100.96
7259,Success,Severe,5212.67
8793,Ongoing,Mild,22149.32
7679,Success,Mild,40968.11
6413,Success,Mild,6592.07
2056,Failure,Severe,27295.95
2780,Failure,None,26437.97
11283,Failure,Severe,33866.99
3203,Success,Severe,47755.18
3820,Failure,Mild,32651.63
12945,Ongoing,Severe,37793.61
6234,Ongoing,Severe,32822.29
7431,Failure,Severe,8550.67
14715,Ongoing,Mild,42475.55
13586,Failure,None,48362.96
2282,Ongoing,None,9751.16
5010,Failure,Severe,40197.75
12198,Success,None,3728.8
12868,Success,Mild,32885.04
10308,Ongoing,Severe,20248.66
12933,Ongoing,None,4028.36
8460,Success,None,49247.15
6915,Success,Severe,46713.68
13729,Success,Mild,1354.44
14270,Failure,Mild,13993.96
8272,Ongoing,None,42374.13
5341,Failure,None,11830.1
5153,Success,Mild,25171.88
9859,Failure,Severe,5431.19
9341,Ongoing,Severe,10390.27
3398,Failure,Mild,10957.84
686,Failure,None,44707.9
6229,Failure,Mild,3012.37
13772,Success,Mild,46876.98
2528,Ongoing,None,41546.61
9729,Success,Mild,37006.25
645,Success,None,48377.22
7967,Success,Mild,48193.8
11651,Failure,Severe,43753.95
2255,Success,Mild,20855.3
8991,Success,Severe,18573.79
13432,Failure,Mild,38428.57
6163,Success,None,3917.82
3741,Success,None,35466.21
13470,Failure,Severe,47583.5
13416,Failure,Mild,25654.94
4576,Success,None,30291.27
132,Success,Mild,36684.84
7096,Success,Severe,44428.59
6423,Success,Mild,46877.97
10409,Ongoing,None,41200.8
11422,Success,Severe,47807.54
12674,Failure,Mild,33965.49
5469,Failure,Mild,3592.26
11507,Failure,None,17107.22
4927,Success,Mild,20695.59
10770,Failure,Mild,31839.78
6671,Ongoing,None,13717.33
12113,Success,Severe,27644.41
9732,Success,None,19722.88
4734,Success,None,4287.39
8715,Success,Mild,25095.79
2308,Success,Severe,12766.15
10699,Success,Severe,19417.6
4442,Ongoing,Mild,10467.32
1878,Ongoing,None,44632.08
10296,Failure,None,46224.78
12350,Success,None,11361.82
11364,Failure,Mild,4297.93
1235,Failure,None,1960.47
12435,Failure,Mild,20762.24
4905,Failure,None,18828.2
9173,Ongoing,None,26360.67
1740,Success,Severe,3587.64
4305,Success,Severe,6641.08
13252,Success,Severe,39256.28
1466,Failure,None,2480.7
7869,Ongoing,None,2019.28
976,Ongoing,Mild,20222.79
13905,Failure,Severe,2540.58
3758,Ongoing,Severe,13608.75
6259,Failure,Severe,41973.42
6905,Success,Mild,35167.12
12897,Failure,None,17985.76
5190,Ongoing,Mild,45666.43
5475,Ongoing,Mild,28615.6
7664,Ongoing,None,12963.67
9637,Failure,None,6749.3
4696,Success,None,15204.89
2508,Ongoing,Severe,19901.76
5075,Ongoing,None,5583.31
11828,Ongoing,Mild,11594.94
3660,Success,None,15094.45
9407,Success,None,11865.61
4219,Success,Mild,22642.91
8962,Ongoing,Mild,26366.71
3303,Success,Severe,43763.45
11220,Failure,Mild,9146.92
5090,Ongoing,Severe,38906.55
7207,Ongoing,Severe,29496.37
5450,Failure,Severe,39263.78
5289,Failure,None,31786.37
8348,Success,None,5788.63
4161,Failure,Mild,42955.71
6088,Ongoing,Severe,29039.65
12809,Success,Severe,36678.55
1532,Failure,Severe,49314.41
1582,Success,Mild,47597.48
10462,Ongoing,None,8696.57
9380,Success,Severe,29451.25
2498,Ongoing,Severe,5413.7
921,Ongoing,None,27248.83
4191,Failure,None,17218.6
9142,Success,Severe,23825.08
2504,Success,None,1908.51
14432,Success,Severe,16925.36
4700,Ongoing,Severe,28461.06
8202,Success,None,19367.17
9715,Ongoing,Severe,41230.4
6320,Ongoing,Severe,29383.44
7650,Failure,Mild,7784.53
2067,Failure,Severe,33316.0
4823,Ongoing,Mild,6569.21
5168,Failure,Mild,49321.51
3410,Ongoing,None,45884.02
12792,Success,None,3743.86
3786,Ongoing,Mild,35923.98
6853,Ongoing,Mild,39514.96
6993,Failure,Severe,4802.01
721,Failure,Severe,5838.1
12496,Failure,Severe,22394.01
12606,Ongoing,None,13308.9
1583,Ongoing,Mild,8321.71
11997,Failure,Mild,29480.56
8596,Failure,None,21459.24
13165,Success,Severe,31840.43
7037,Ongoing,Severe,9677.23
8881,Success,None,33275.18
7192,Ongoing,Severe,7466.63
10384,Failure,None,8279.84
14457,Failure,None,27179.27
10565,Ongoing,Severe,12743.31
2113,Success,Severe,25413.09
5141,Ongoing,Severe,43827.88
723,Failure,Severe,4335.08
299,Success,None,13327.92
9641,Failure,None,9350.21
8001,Ongoing,None,41358.88
8053,Failure,None,34846.98
2310,Success,Mild,11562.11
1420,Success,Severe,27097.07
7051,Failure,Severe,41357.56
1231,Failure,Mild,17735.31
14400,Failure,Severe,33252.48
11280,Failure,None,14943.61
12241,Success,Severe,33992.13
1256,Ongoing,Severe,9536.63
14352,Success,Severe,23271.52
14790,Ongoing,None,10273.67
1750,Success,Mild,35125.81
2774,Failure,Mild,7924.88
12656,Failure,Mild,8813.09
1696,Ongoing,Mild,28647.65
12295,Failure,Severe,34109.35
10727,Failure,None,3731.42
4728,Ongoing,Severe,35500.62
2949,Success,None,31380.01
3879,Success,Mild,1814.57
1979,Failure,Severe,36112.71
10232,Ongoing,None,37733.66
1821,Ongoing,Severe,6595.83
12692,Failure,Mild,44111.43
11313,Failure,None,19848.0
7271,Ongoing,Mild,48869.47
10450,Failure,Severe,14086.46
12699,Failure,Mild,10383.72
8302,Ongoing,Severe,1607.66
261,Failure,Mild,34208.66
1415,Failure,Severe,20365.18
5145,Success,Severe,35962.5
4533,Failure,None,41299.23
13372,Failure,Mild,30301.54
8668,Failure,None,24239.4
4592,Ongoing,None,41289.03
6867,Failure,Mild,24398.04
1465,Failure,Severe,48904.82
1311,Success,None,15906.87
7130,Success,Severe,10757.51
13979,Ongoing,Severe,1521.36
4691,Failure,Severe,48701.29
3587,Failure,Mild,27372.29
10088,Ongoing,Mild,46451.83
2971,Ongoing,None,21319.92
5817,Success,None,26287.73
8165,Ongoing,Mild,12401.47
12673,Success,Severe,43340.54
10139,Success,Severe,28004.76
3547,Failure,None,15804.88
12556,Failure,None,20883.09
13114,Ongoing,Severe,24049.57
7779,Ongoing,Severe,4435.22
8478,Failure,Severe,41128.5
2177,Success,Mild,42599.72
8368,Success,Severe,12337.12
3348,Failure,Severe,15049.84
13334,Success,None,25919.78
9591,Failure,Severe,17234.22
12341,Success,Mild,41160.44
12048,Failure,Mild,41655.94
5974,Ongoing,Mild,45076.17
8968,Success,Mild,40572.89
1894,Success,Severe,23227.94
5542,Ongoing,None,33818.91
2435,Failure,Severe,29633.14
5755,Ongoing,None,3645.54
1761,Ongoing,Severe,20243.46
8330,Ongoing,Severe,33613.99
8883,Success,Severe,8839.88
11357,Success,Mild,1714.85
6743,Failure,Mild,12233.73
14820,Failure,Severe,44322.82
5060,Failure,Severe,19786.22
12322,Ongoing,None,24841.49
10788,Failure,None,19710.3
2843,Ongoing,Severe,43287.16
3108,Ongoing,Severe,6634.02
6746,Failure,Severe,16096.84
3218,Ongoing,None,6103.39
14180,Success,Severe,13238.11
5825,Failure,Mild,1342.28
2020,Failure,Severe,23678.53
415,Ongoing,None,26878.12
10356,Failure,None,23704.88
6362,Ongoing,None,27537.26
14187,Failure,Mild,2919.18
571,Failure,None,42198.45
8734,Ongoing,None,35590.85
3458,Ongoing,None,12064.49
13759,Failure,None,8369.82
8153,Ongoing,Mild,16867.61
6935,Ongoing,Severe,46305.4
6524,Failure,Mild,9010.99
10319,Failure,Mild,10505.05
12501,Success,Mild,16623.19
4751,Failure,Mild,42586.25
1724,Ongoing,Mild,4580.61
10448,Success,Severe,15055.31
1587,Ongoing,None,33441.87
12520,Success,None,13672.27
2799,Ongoing,Severe,42896.4
12342,Failure,None,9547.34
3681,Ongoing,Mild,7984.15
4228,Failure,Mild,14383.87
10219,Ongoing,Mild,3020.81
12365,Failure,Mild,5148.31
3837,Success,Mild,19166.77
13721,Failure,Mild,28585.96
6900,Ongoing,Mild,15173.1
801,Ongoing,Severe,36906.57
11141,Ongoing,None,48063.64
10389,Failure,Mild,7147.49
1496,Success,Mild,29993.81
4832,Failure,Mild,13918.37
10387,Success,None,28363.32
3734,Failure,None,3076.26
8567,Success,None,49642.02
8822,Success,None,3629.2
3677,Failure,None,13396.11
1242,Failure,Severe,35904.44
4403,Failure,None,19086.81
8118,Success,None,27243.69
4034,Ongoing,Severe,14535.17
8759,Ongoing,Mild,33233.5
10684,Success,None,1222.21
3255,Ongoing,Severe,47702.27
2221,Ongoing,Mild,39773.76
13522,Ongoing,Mild,27823.55
14935,Failure,Severe,19069.42
6802,Success,None,24766.48
6799,Failure,Severe,11811.93
11927,Failure,Severe,25926.87
3964,Success,Severe,1947.61
12783,Success,Severe,10243.01
962,Failure,Severe,22072.38
13357,Failure,Severe,28065.47
4123,Ongoing,Severe,1292.82
5101,Success,Severe,44674.73
4081,Ongoing,Severe,34170.75
13794,Success,Mild,30946.84
6372,Success,None,20125.12
14164,Success,Severe,28466.95
4856,Ongoing,Severe,9686.35
11034,Ongoing,Mild,23311.57
40,Success,None,42914.84
4735,Ongoing,Severe,31518.75
1935,Ongoing,Mild,19529.5
13907,Success,Mild,17131.7
4281,Ongoing,Severe,6540.91
13041,Success,Mild,20557.92
4414,Success,None,42597.61
10713,Failure,None,14716.75
5416,Failure,None,16975.85
11239,Success,None,21080.87
764,Success,Mild,34102.9
14033,Success,Severe,3609.15
2115,Failure,Severe,42343.63
8063,Success,Mild,6138.59
10328,Failure,Severe,31819.12
3707,Ongoing,None,48819.55
11493,Failure,Mild,24198.17
10835,Success,Severe,1614.8
5204,Success,Mild,11544.92
8703,Success,Mild,35096.16
12103,Failure,None,40420.14
70,Ongoing,Severe,38720.16
9174,Ongoing,None,16433.15
10326,Ongoing,Mild,23641.09
10820,Ongoing,None,9066.51
3554,Ongoing,Mild,44811.18
8232,Failure,Mild,46973.79
6973,Ongoing,Severe,48880.46
14872,Success,Severe,32827.77
12885,Success,Severe,42101.99
12740,Failure,None,42027.19
2847,Failure,None,24899.86
7323,Failure,Severe,10776.08
3288,Success,None,37449.01
9582,Success,Mild,28729.22
2274,Success,None,26484.06
2891,Failure,Mild,38708.48
130,Success,Severe,3955.54
11678,Ongoing,Mild,17459.54
13747,Failure,Mild,47900.67
3844,Failure,Severe,41931.12
11411,Success,Severe,2032.74
6069,Ongoing,Mild,33604.24
8361,Failure,None,31556.66
162,Ongoing,None,17415.59
272,Success,Mild,9756.58
13953,Failure,None,12730.68
3797,Success,Mild,36551.39
2106,Failure,Mild,32841.18
5313,Ongoing,Severe,37959.99
8521,Ongoing,None,23773.82
2739,Failure,None,28152.21
13225,Success,None,4086.59
12410,Success,None,37989.8
2950,Failure,None,38120.42
2128,Success,None,48377.64
9366,Success,None,6067.03
8002,Success,Mild,37767.09
9654,Success,None,41087.55
14809,Success,Mild,41869.53
9105,Failure,Severe,21512.26
13404,Ongoing,Mild,21415.14
13940,Ongoing,None,30605.57
1465,Failure,Severe,44166.58
2756,Failure,Mild,10164.2
213,Success,None,31531.99
13674,Ongoing,Severe,11596.93
11832,Ongoing,Mild,21245.19
9501,Success,Severe,32142.29
12070,Failure,Severe,11575.34
14584,Ongoing,None,27139.2
12905,Ongoing,Severe,36227.91
3179,Success,None,6778.18
8077,Ongoing,None,14479.83
14845,Ongoing,Severe,49283.78
6478,Failure,Severe,28231.26
4426,Failure,None,27261.06
12948,Failure,None,16835.74
770,Success,Mild,19610.92
4255,Success,Mild,24263.05
2254,Ongoing,Severe,49111.31
13937,Ongoing,None,34220.33
5120,Ongoing,None,23180.57
6981,Success,Severe,41690.97
304,Ongoing,Mild,21224.23
9327,Success,Mild,44016.26
2043,Ongoing,Severe,2648.05
13050,Failure,Mild,40279.43
513,Success,Mild,11858.78
4471,Failure,None,30099.28
181,Ongoing,Mild,22492.53
1671,Ongoing,Severe,4773.54
14797,Failure,Mild,42612.83
6745,Failure,Mild,43007.57
14258,Success,None,47396.07
3458,Failure,Mild,13682.8
14192,Success,Severe,6783.11
8267,Success,Mild,24471.01
13457,Ongoing,Mild,41218.98
10578,Failure,Severe,20377.77
9386,Failure,None,16589.37
9597,Failure,Mild,29967.33
13388,Ongoing,None,31123.09
2623,Ongoing,None,36700.22
10698,Ongoing,None,21216.22
616,Success,Severe,1974.18
11381,Failure,Mild,41035.64
2534,Ongoing,Mild,35134.8
1699,Failure,Severe,39648.02
6690,Ongoing,Mild,39434.51
12903,Failure,None,33969.69
5266,Ongoing,None,39564.18
12889,Failure,Severe,2290.65
1859,Failure,None,44313.27
5430,Failure,Severe,15440.39
827,Success,None,39676.35
6745,Ongoing,Severe,12945.07
14527,Success,None,33802.72
382,Failure,Mild,3837.54
13377,Failure,Severe,20533.3
13282,Ongoing,Mild,16708.06
7900,Ongoing,None,8199.7
4418,Failure,Mild,44792.56
14286,Failure,Mild,26105.11
14054,Ongoing,Mild,29252.49
7886,Failure,None,25779.75
13307,Failure,Mild,26179.45
10086,Ongoing,Severe,48391.06
7051,Failure,None,16799.19
8924,Success,Severe,38480.52
13599,Ongoing,None,37600.86
717,Failure,Severe,3641.77
7367,Ongoing,None,27948.5
1566,Success,Severe,38927.81
3639,Failure,Mild,14648.27
13927,Failure,Severe,33906.56
14833,Ongoing,Mild,8442.65
9072,Ongoing,Severe,20610.16
305,Success,Mild,13144.55
10053,Failure,None,48538.1
14774,Failure,Severe,1954.17
3297,Ongoing,None,44268.03
11662,Ongoing,Severe,34743.22
13174,Success,Mild,42595.46
2822,Success,Mild,48637.27
14081,Failure,None,21071.72
10167,Ongoing,None,4112.33
13003,Success,Mild,19124.04
14479,Ongoing,Mild,27546.01
3745,Ongoing,None,3258.23
14008,Ongoing,None,2239.08
10467,Ongoing,None,18857.28
14234,Ongoing,Severe,26381.7
8816,Ongoing,None,42712.22
14789,Ongoing,Severe,29812.2
14907,Ongoing,Mild,25221.95
4075,Failure,Severe,26230.01
1404,Success,Severe,39212.53
10742,Failure,Mild,17889.93
9748,Success,Severe,8670.18
7007,Ongoing,Mild,15914.74
12047,Success,None,34318.15
4959,Ongoing,None,45926.14
7260,Ongoing,Mild,17613.88
181,Failure,None,24294.27
6907,Ongoing,None,13757.9
9118,Failure,Severe,16894.35
3895,Success,Mild,35186.81
12604,Success,Mild,36846.01
1310,Success,Severe,10722.47
9834,Success,Severe,31980.83
5125,Success,Mild,42730.45
1513,Ongoing,None,25487.06
13810,Ongoing,Severe,37516.95
4421,Ongoing,None,4756.4
5321,Success,Mild,6258.05
9837,Ongoing,None,36578.35
2345,Success,None,33187.94
578,Ongoing,None,40210.93
224,Ongoing,None,28438.55
14421,Ongoing,Mild,23822.41
8924,Ongoing,Severe,7609.43
2292,Success,Severe,20180.06
4931,Failure,Mild,1468.18
1982,Ongoing,Mild,17056.06
3938,Success,Mild,3281.55
14755,Success,Mild,48327.35
8628,Ongoing,Severe,43299.97
10018,Failure,Mild,22347.76
4747,Ongoing,Mild,45483.08
11985,Ongoing,Mild,43310.64
10809,Failure,None,39219.38
12150,Success,Severe,11331.23
13228,Ongoing,Mild,42177.22
12938,Failure,Mild,43719.92
9362,Success,Severe,16988.16
14638,Success,Mild,7463.01
8567,Failure,Severe,41026.93
1253,Success,None,44410.15
3161,Ongoing,Severe,47251.21
8117,Failure,Mild,35005.5
4385,Success,Severe,17904.81
1077,Failure,Severe,24778.45
9913,Ongoing,None,17846.11
6815,Ongoing,Severe,49783.48
3838,Ongoing,Mild,30769.48
12474,Failure,Mild,17050.62
1549,Ongoing,Severe,8026.18
13397,Success,None,42899.99
1365,Ongoing,Mild,12193.14
5443,Failure,None,27263.4
7095,Ongoing,Severe,3766.99
1082,Failure,None,18835.38
10554,Success,None,38266.6
14733,Success,None,33838.6
4648,Failure,None,18119.8
5106,Failure,Severe,28827.23
6298,Ongoing,Mild,4150.22
11048,Success,None,7055.34
6133,Failure,None,43260.01
7965,Ongoing,Severe,43456.82
11303,Success,Mild,16865.17
13165,Success,Mild,39119.24
5449,Ongoing,None,40651.69
3797,Ongoing,Mild,47305.91
2245,Success,Mild,16921.34
3608,Failure,Mild,20547.84
10122,Failure,Severe,8833.41
6992,Ongoing,Severe,6970.51
6595,Failure,Mild,9064.77
14331,Ongoing,Severe,35331.61
4247,Failure,None,18884.48
14071,Failure,Severe,11828.63
4350,Ongoing,Mild,4436.02
8470,Failure,Mild,12971.3
1237,Ongoing,Severe,29873.4
11807,Success,Severe,14026.57
12276,Success,None,23158.13
12040,Ongoing,Mild,22932.4
5565,Ongoing,Mild,18939.79
10191,Failure,Severe,4976.76
14945,Ongoing,Mild,1355.22
11330,Failure,Mild,8950.82
12372,Success,Mild,39495.39
3774,Failure,Mild,29981.5
4295,Failure,None,17972.16
1959,Ongoing,None,21281.82
11678,Failure,None,48317.77
2957,Ongoing,Mild,25349.49
1233,Ongoing,Mild,21648.17
4892,Ongoing,Severe,11991.22
1064,Failure,Severe,4717.43
7922,Success,Mild,13711.86
2076,Ongoing,None,35952.31
11978,Failure,None,37107.61
10663,Success,Mild,4031.26
6260,Failure,Severe,1043.01
14733,Ongoing,None,4939.6
3518,Failure,None,28569.82
1412,Failure,Severe,7697.42
10399,Success,Mild,2070.14
3024,Ongoing,Severe,25537.44
3708,Ongoing,Mild,13440.69
3102,Ongoing,Severe,10054.51
4084,Failure,Mild,27488.61
525,Success,Severe,21815.16
14561,Failure,Severe,10528.1
925,Success,Mild,27242.95
451,Success,Severe,47108.47
10150,Failure,None,32960.69
1258,Success,Severe,3466.76
6268,Ongoing,Mild,23787.64
11235,Success,Severe,26918.49
1486,Ongoing,Mild,46610.62
11873,Success,Mild,19339.87
9447,Success,None,43249.57
8695,Success,None,18953.2
6102,Success,Mild,49098.01
12466,Ongoing,Severe,40411.49
13198,Failure,None,1661.24
3941,Success,Mild,24114.06
1981,Failure,Severe,5865.2
3320,Ongoing,None,14606.45
14823,Ongoing,None,7603.25
5681,Success,None,4786.33
11053,Failure,Severe,5671.52
12689,Failure,None,31991.07
9750,Success,Mild,45682.45
12042,Ongoing,Severe,5244.86
9833,Failure,Severe,9818.39
14025,Failure,None,41012.82
6611,Failure,Mild,14606.63
1820,Ongoing,Severe,41172.46
383,Ongoing,Mild,34993.77
9900,Ongoing,None,5053.45
870,Failure,Mild,43145.69
7819,Ongoing,None,21674.15
5613,Ongoing,Mild,4413.91
9688,Success,None,11755.85
1557,Failure,Severe,46936.98
8203,Success,Severe,14264.94
12284,Success,Severe,23040.05
7740,Failure,None,25520.32
10055,Failure,Mild,25941.27
142,Success,Mild,13596.61
9447,Failure,Mild,13016.19
4925,Ongoing,Mild,49067.91
2977,Success,Mild,45173.47
9703,Ongoing,None,44372.41
682,Success,None,16484.01
10062,Ongoing,Severe,7257.55
11988,Ongoing,Mild,4432.27
2671,Success,None,19563.47
11246,Ongoing,Severe,3663.22
14127,Failure,Severe,26361.67
9960,Success,Mild,2695.86
5487,Success,Severe,29826.13
14114,Success,Mild,31550.33
11717,Failure,Severe,4661.6
8029,Ongoing,None,45215.57
13091,Failure,Severe,48274.02
1607,Ongoing,None,4968.65
9004,Ongoing,None,7442.41
4509,Failure,Severe,17413.0
1824,Ongoing,None,30704.87
2550,Ongoing,Mild,49647.99
6092,Success,Severe,14984.64
4293,Failure,Mild,10197.75
4394,Failure,Severe,46643.03
3512,Ongoing,None,29869.42
443,Ongoing,Severe,7434.22
710,Ongoing,Mild,4573.96
6434,Failure,None,34537.54
9565,Ongoing,None,45764.71
1238,Success,Severe,27036.44
5352,Ongoing,None,1204.41
12365,Success,Mild,9113.94
11556,Ongoing,Severe,32076.66
10139,Success,None,28060.83
3491,Success,Mild,30993.1
2559,Failure,Severe,22022.76
7977,Success,Severe,41529.1
5713,Success,Severe,1421.04
1498,Ongoing,Mild,38558.26
1744,Ongoing,None,29769.67
1768,Failure,Severe,13916.04
774,Ongoing,Mild,43885.62
12683,Success,Mild,19754.77
12884,Failure,Mild,27530.92
10082,Failure,None,37162.27
11674,Success,Mild,14266.02
12822,Ongoing,Mild,41253.67
6693,Success,Severe,35583.86
3089,Ongoing,Mild,9292.04
8720,Ongoing,Severe,36968.93
9777,Ongoing,None,27454.02
4687,Success,Mild,5807.05
32,Failure,Severe,40124.67
13045,Ongoing,Severe,44660.29
14960,Failure,None,24009.03
9916,Ongoing,Severe,15007.59
9105,Failure,None,26761.5
12873,Ongoing,None,10045.77
1151,Ongoing,Mild,40073.16
9823,Failure,None,37154.24
9900,Success,Severe,23789.49
10597,Success,None,5743.5
7944,Failure,Mild,30708.03
12220,Failure,Mild,43816.09
12890,Ongoing,Severe,36626.95
13772,Ongoing,Mild,3105.34
7515,Ongoing,Mild,19002.59
13613,Success,None,42063.16
6857,Success,Severe,20397.09
4830,Failure,Mild,40513.01
9270,Ongoing,None,45970.56
5154,Success,Mild,37110.84
9050,Success,None,29650.79
4288,Failure,None,44358.74
13006,Failure,None,31015.96
14513,Ongoing,Severe,19660.61
9280,Success,Mild,43619.31
4342,Success,Mild,23014.9
5674,Failure,Severe,41090.33
6315,Ongoing,None,34818.07
14199,Failure,Mild,14298.5
13554,Success,Mild,12566.93
8906,Ongoing,Severe,6862.22
11156,Success,Severe,6497.83
7648,Failure,None,40972.73
1758,Failure,Mild,42862.54
13422,Success,Mild,15773.5
2298,Failure,Severe,27921.83
11096,Success,Mild,49354.93
8387,Success,Mild,39585.07
14289,Failure,Mild,26252.62
9207,Success,Mild,5210.7
1017,Failure,None,45342.38
14760,Success,None,6004.38
14531,Failure,Severe,35395.54
2900,Success,None,44838.28
6493,Success,Mild,35055.61
8049,Failure,None,47919.08
2212,Ongoing,None,24358.28
11327,Success,Severe,35397.12
1595,Failure,Severe,37752.66
10516,Ongoing,Mild,12954.11
7880,Success,Mild,29819.64
10861,Failure,None,10943.44
3074,Ongoing,None,16923.14
11500,Success,None,4078.39
4848,Success,Severe,8571.99
2254,Ongoing,Severe,26921.85
13739,Success,Severe,49297.4
7687,Ongoing,Severe,46870.47
4453,Failure,Severe,5467.52
10312,Ongoing,Severe,32994.04
3950,Success,Mild,32698.5
5324,Ongoing,Severe,46877.75
10583,Ongoing,Mild,11579.68
2237,Success,Mild,14042.34
3514,Ongoing,None,30956.78
10723,Success,Mild,23853.65
13691,Success,Severe,12364.78
8103,Success,Mild,6185.98
12345,Failure,Mild,21695.76
11933,Ongoing,Mild,40357.86
14089,Ongoing,None,30909.14
4698,Failure,Severe,46968.25
42,Failure,Severe,46788.2
7297,Ongoing,None,7265.43
10066,Failure,Severe,16692.62
6770,Ongoing,None,19699.71
13520,Ongoing,Mild,36730.99
13672,Success,Mild,31733.22
2324,Failure,None,3270.26
9711,Ongoing,Mild,4875.23
5926,Failure,Mild,10051.75
2129,Success,Mild,6680.06
5993,Failure,None,7057.43
8709,Failure,Mild,40747.06
6616,Failure,None,40045.75
6676,Failure,Severe,43925.62
10866,Failure,Mild,2092.76
8582,Failure,Severe,42370.06
3319,Success,Mild,1109.44
13829,Failure,None,8289.55
12610,Success,Mild,27194.26
11849,Failure,Mild,41388.12
4879,Failure,Severe,32904.47
2683,Success,None,36760.44
12887,Success,Mild,28061.27
660,Ongoing,Mild,40538.55
10983,Ongoing,Severe,37641.69
6960,Failure,None,18934.79
8915,Failure,Severe,23926.0
9489,Success,None,27642.66
13395,Ongoing,None,16195.81
8155,Ongoing,None,26141.03
13486,Success,None,1097.58
833,Failure,Severe,5709.03
215,Success,Mild,13368.69
1636,Success,None,10290.75
2083,Ongoing,Mild,36382.63
2188,Ongoing,Severe,23700.26
11151,Success,None,34976.54
14158,Failure,Mild,45203.97
7714,Success,None,3615.65
14746,Ongoing,Severe,6947.55
1506,Ongoing,Severe,35812.12
1437,Success,Severe,25938.52
6252,Failure,Severe,34449.2
5593,Failure,Severe,3726.13
7948,Ongoing,Severe,36715.43
9336,Success,Severe,24932.78
3323,Failure,Severe,1751.53
4383,Success,None,49918.25
9612,Failure,None,9829.76
4516,Success,Severe,9185.01
5367,Success,None,18806.8
12682,Ongoing,Mild,31756.89
11950,Ongoing,Severe,45142.1
4969,Failure,None,10459.14
11845,Ongoing,None,36254.65
5264,Failure,None,31484.78
3506,Ongoing,None,5603.93
4516,Ongoing,Severe,27014.77
10658,Ongoing,Mild,39163.64
6471,Failure,Severe,9250.25
8214,Ongoing,None,40213.01
13968,Success,Severe,49629.88
9080,Ongoing,Mild,16189.08
11240,Failure,Mild,7180.76
12502,Ongoing,Severe,38599.96
7974,Failure,Mild,12914.37
4875,Ongoing,None,12638.51
2573,Ongoing,Mild,4778.49
1735,Failure,None,14105.67
10624,Failure,Severe,41573.06
13512,Failure,Severe,45651.27
294,Ongoing,Mild,33667.32
11429,Success,Mild,18616.93
6349,Success,None,42416.78
9751,Success,Severe,16465.56
4373,Success,None,31437.81
10144,Ongoing,Severe,5292.86
11737,Ongoing,Severe,9000.22
9087,Failure,None,2832.15
8285,Failure,Mild,23185.42
6625,Success,Mild,39920.39
3147,Success,Severe,14730.44
4026,Success,Mild,42461.01
1066,Failure,Severe,22000.62
416,Failure,None,31683.56
4303,Success,Severe,5396.79
11904,Success,Mild,17067.66
11798,Success,Mild,6588.0
8904,Failure,Severe,46178.14
9439,Ongoing,None,3643.56
186,Failure,Severe,17745.28
6910,Success,Mild,26071.18
8521,Failure,None,12130.23
12960,Failure,Mild,13341.74
4451,Success,Severe,43572.8
8642,Failure,Mild,10461.75
7502,Success,Severe,35389.41
8465,Ongoing,Mild,27697.34
6092,Success,Severe,13973.93
3328,Failure,None,22983.86
10153,Failure,Mild,37382.99
9260,Failure,None,40959.52
9705,Success,None,14236.69
11025,Failure,Mild,11286.49
1227,Success,Severe,2793.65
12668,Failure,Mild,18987.75
14841,Failure,Severe,31782.65
11613,Failure,Severe,29314.22
10439,Ongoing,None,1066.96
6573,Ongoing,Severe,5969.54
14902,Failure,Mild,38258.5
14946,Ongoing,Mild,28651.43
9329,Success,Severe,22225.41
14793,Success,Severe,27753.78
14624,Success,None,5060.55
578,Failure,Severe,15583.74
12637,Ongoing,None,11849.56
10518,Ongoing,Severe,15867.27
5726,Failure,None,38597.27
2246,Success,Severe,15529.48
2492,Ongoing,None,7879.33
2316,Success,Mild,28784.89
8018,Failure,Severe,21634.3
14845,Failure,None,18244.21
900,Success,Mild,1567.12
6756,Failure,Severe,11122.67
5299,Success,Severe,45521.54
883,Success,Severe,2525.19
7117,Failure,Severe,34997.07
6227,Success,None,39719.67
12447,Success,None,15350.35
11443,Ongoing,Severe,11563.75
5533,Success,None,3499.87
8675,Success,Severe,3508.4
5594,Failure,Severe,18716.93
1789,Failure,None,35883.2
5318,Failure,Mild,29418.14
14357,Failure,Severe,7137.15
12196,Failure,Mild,23910.49
3524,Ongoing,None,46139.36
14343,Success,None,44424.36
7518,Failure,Severe,11055.61
13467,Ongoing,None,37039.58
13276,Failure,None,39241.07
9926,Failure,Severe,35766.45
2827,Failure,None,29016.58
822,Success,Severe,36644.69
8429,Failure,Mild,43564.2
10235,Failure,Mild,45623.53
8673,Ongoing,Mild,31816.96
10561,Failure,Mild,15223.97
6427,Failure,Mild,7572.04
6777,Failure,Severe,39415.47
5060,Success,None,12384.29
2326,Failure,Severe,46570.41
12878,Ongoing,Severe,34578.59
10273,Ongoing,Severe,15286.88
2374,Ongoing,None,33386.76
12654,Success,Mild,9120.17
12362,Failure,None,19505.97
3340,Ongoing,Mild,44047.74
13722,Success,None,29880.43
6582,Failure,None,17429.73
4589,Success,Mild,42008.34
4217,Ongoing,None,30573.04
4394,Success,Severe,38062.68
12307,Failure,Mild,32188.94
9942,Failure,None,30479.16
2708,Failure,Severe,38930.75
6425,Success,Mild,48399.39
3401,Success,Mild,30871.37
443,Failure,None,26518.89
1065,Success,Severe,12300.07
14610,Success,Mild,32198.02
1572,Success,Severe,35500.01
10781,Success,None,20826.47
7689,Ongoing,Severe,27195.59
7888,Success,None,5189.24
10808,Ongoing,None,21197.84
10261,Success,Severe,35004.8
2902,Success,Severe,1352.52
883,Success,None,42900.58
2032,Success,Severe,8017.97
1860,Ongoing,None,3606.09
9733,Success,Severe,25376.53
9782,Ongoing,Mild,27421.34
1917,Success,None,36783.16
11913,Failure,Mild,22657.91
1127,Success,None,30368.84
12118,Success,Severe,10857.04
1899,Failure,Severe,30592.46
6746,Failure,None,13362.41
6056,Success,None,35442.78
5621,Ongoing,Severe,43067.53
14653,Ongoing,Mild,41542.55
5086,Ongoing,Mild,10197.11
3205,Failure,Mild,19883.69
632,Failure,None,15028.53
10631,Success,Severe,17514.23
11635,Success,None,18236.39
9724,Failure,Severe,28027.28
4620,Success,None,2098.79
10434,Ongoing,Mild,20297.19
10272,Failure,Severe,11093.88
8483,Success,Severe,15485.22
14042,Failure,Severe,41854.03
4932,Success,None,2942.25
4192,Ongoing,Mild,12088.54
2929,Ongoing,Severe,4935.52
8701,Success,Severe,1276.52
14967,Success,None,14636.89
3421,Success,Mild,26922.48
12662,Success,None,9153.73
8084,Success,None,44739.46
4395,Ongoing,Mild,41531.09
76,Success,Mild,10637.45
9945,Failure,Severe,2059.96
1074,Failure,None,48852.21
4654,Failure,Severe,33230.07
5357,Success,Mild,16842.73
3388,Success,Mild,30533.99
9166,Ongoing,None,23428.92
1353,Failure,Mild,19921.49
8443,Success,None,22637.34
9848,Success,None,29377.86
8686,Failure,None,37290.21
14968,Success,Severe,8968.85
2238,Failure,Mild,23969.12
7461,Failure,Severe,29629.71
8388,Failure,Severe,30819.76
6296,Failure,Mild,17897.16
10009,Success,None,21681.79
13172,Success,Severe,5953.42
4350,Ongoing,Severe,13484.0
384,Ongoing,Severe,16689.66
10478,Ongoing,None,19971.25
10339,Failure,Severe,29217.18
12920,Ongoing,None,39911.12
9085,Failure,Mild,17316.71
8930,Success,Mild,40432.9
2372,Failure,None,21939.36
12001,Ongoing,None,32512.71
12401,Success,Severe,26720.62
6701,Failure,Mild,25053.85
7338,Failure,Mild,31017.45
4770,Success,Mild,9129.71
13127,Ongoing,Severe,32158.41
11672,Ongoing,Mild,43241.22
14303,Success,Mild,43531.94
5568,Ongoing,None,37644.28
5372,Failure,Severe,10694.24
1237,Success,Severe,43446.1
4495,Success,None,20509.28
11442,Ongoing,None,7869.86
7150,Success,None,15189.41
11993,Success,None,24415.12
3839,Failure,Mild,22645.77
11491,Ongoing,Severe,47264.29
7242,Success,Severe,41497.9
13063,Failure,None,7427.64
3349,Ongoing,Mild,37917.4
668,Failure,Mild,45156.12
3528,Failure,Severe,36884.93
94,Ongoing,Severe,15892.86
4687,Failure,Severe,20800.1
9656,Failure,None,21425.21
11341,Success,Severe,24084.24
8646,Ongoing,None,46168.57
7220,Failure,None,31696.66
3590,Failure,Severe,36915.68
81,Failure,None,6156.21
14094,Success,Severe,15727.53
1386,Ongoing,None,3315.88
12283,Failure,None,17245.27
9305,Failure,Severe,46363.97
13654,Ongoing,Mild,23302.77
5506,Success,Severe,36577.01
8275,Ongoing,Mild,13385.86
11790,Ongoing,Mild,12622.14
7174,Ongoing,Mild,42601.2
2206,Success,Severe,14842.84
10447,Ongoing,Severe,18918.86
9162,Success,None,38694.06
589,Ongoing,Severe,8320.24
12516,Success,Mild,45303.5
10224,Failure,None,27461.39
272,Failure,Severe,48635.08
7179,Failure,Mild,14429.76
7824,Ongoing,Mild,42176.02
7991,Ongoing,Mild,4495.09
8279,Success,None,39259.05
4956,Success,Severe,31617.82
9031,Ongoing,None,13498.79
5525,Success,Severe,49226.71
7606,Success,Mild,24712.14
7650,Success,None,19044.16
4645,Ongoing,None,1588.42
13551,Success,Mild,19667.28
1192,Success,None,9819.69
13852,Ongoing,None,33740.64
6871,Success,None,26549.11
8188,Success,Mild,19262.79
7070,Ongoing,None,40835.02
14205,Ongoing,None,36231.7
14222,Ongoing,Mild,29362.39
11342,Success,None,10242.95
410,Success,Severe,14187.62
1023,Failure,Severe,36229.04
13661,Failure,None,42044.71
5683,Success,Mild,2251.78
5525,Failure,Mild,36631.32
10153,Ongoing,Severe,9328.63
13946,Ongoing,None,7338.49
12904,Ongoing,Mild,18892.57
9819,Success,None,43411.55
3961,Success,Severe,8139.5
7432,Success,Severe,44527.74
10795,Success,Mild,6969.0
2314,Failure,Severe,36002.51
11265,Ongoing,None,38269.82
4068,Failure,None,24379.28
13075,Success,Severe,15033.38
32,Success,None,41751.24
9543,Ongoing,Severe,31025.8
321,Success,None,37737.46
12253,Failure,Severe,3194.78
5515,Ongoing,Severe,36461.51
4022,Failure,Severe,23306.87
14769,Ongoing,None,36617.55
14878,Success,None,48546.12
7261,Success,None,49606.15
1504,Ongoing,None,36801.3
12090,Failure,None,35182.86
629,Ongoing,Severe,6071.53
13700,Failure,Mild,15559.48
3484,Failure,Severe,40785.63
10302,Failure,Mild,6766.77
10613,Ongoing,None,31780.29
1955,Success,Severe,14849.56
2891,Success,Mild,1654.5
775,Ongoing,Severe,43990.49
97,Success,Mild,24929.21
1448,Ongoing,None,45660.21
2362,Ongoing,None,29724.64
6673,Success,Severe,6483.55
7727,Success,Severe,26865.54
13362,Ongoing,Severe,46659.25
14275,Success,Mild,44136.84
12728,Success,Severe,47057.3
1717,Success,Severe,47546.72
7808,Failure,Mild,27474.92
4390,Failure,Mild,7788.27
2147,Failure,Severe,32995.21
7497,Failure,Mild,2631.05
12206,Failure,None,1181.1
6734,Failure,None,6755.39
10575,Success,Severe,37668.31
3619,Ongoing,Mild,43845.2
166,Failure,None,40933.51
5249,Success,None,35418.49
3579,Failure,Mild,49725.46
7833,Failure,None,48914.4
2332,Failure,Severe,48167.08
8634,Ongoing,Mild,3990.11
4143,Failure,Severe,48432.4
2227,Success,None,28647.67
6558,Ongoing,Severe,14294.03
11367,Failure,Severe,10386.72
11201,Failure,None,32282.77
5039,Ongoing,Severe,26977.64
3142,Failure,None,4410.55
6689,Success,None,10941.64
8944,Failure,Severe,8801.11
1612,Failure,Severe,25298.57
5424,Failure,None,32584.28
6153,Success,Severe,43929.01
13904,Ongoing,None,12060.18
783,Ongoing,None,13441.91
1360,Failure,Mild,40741.11
7654,Success,Severe,15354.54
8717,Failure,None,13863.15
10322,Failure,None,36379.09
1089,Failure,Severe,29045.29
861,Failure,None,23333.35
6128,Success,Severe,45684.81
7793,Failure,Severe,44633.56
10878,Failure,Severe,5695.68
12674,Ongoing,Mild,16187.95
5063,Success,Mild,4493.53
7072,Failure,Mild,28156.89
3814,Ongoing,None,21327.82
2747,Failure,Mild,16194.96
14622,Failure,None,25924.53
6206,Success,Mild,13050.89
13176,Failure,None,20574.54
14354,Success,Severe,39659.02
7827,Failure,None,9782.54
9120,Failure,None,38063.17
5568,Success,Mild,8588.82
7020,Ongoing,Severe,10352.2
14301,Ongoing,None,41258.49
12058,Success,Mild,6402.25
8743,Failure,Mild,46340.55
718,Ongoing,None,37182.53
2603,Ongoing,Mild,40114.99
12005,Ongoing,Mild,17623.6
13287,Success,Mild,17278.51
8723,Ongoing,Severe,14461.52
268,Failure,Mild,45610.38
9577,Failure,None,6904.14
12415,Ongoing,Mild,10386.41
1855,Ongoing,None,10797.28
455,Success,None,17480.9
11827,Success,None,6090.06
11686,Ongoing,Severe,20287.1
9626,Success,Mild,32000.86
10520,Ongoing,Severe,25975.39
9466,Failure,None,41826.47
3453,Failure,Severe,46430.62
3587,Success,Mild,36299.63
13267,Ongoing,Mild,37777.76
9297,Ongoing,Mild,10105.37
9050,Failure,None,33967.85
5755,Ongoing,Mild,28427.48
4049,Success,None,13522.82
12933,Failure,Mild,27723.26
12321,Success,Severe,26229.67
4320,Failure,Mild,47619.09
6207,Success,None,45314.99
6626,Failure,None,37982.04
6808,Success,None,28036.7
8593,Failure,Mild,35458.04
14823,Failure,None,7992.56
9903,Failure,Mild,10539.91
6582,Failure,None,34377.25
9444,Success,Severe,1102.38
6490,Ongoing,Mild,11180.01
7650,Success,Mild,40950.69
8955,Failure,None,3790.17
14052,Ongoing,Mild,39945.95
9496,Failure,Mild,35569.53
670,Failure,Severe,24663.32
9799,Ongoing,None,41581.16
11714,Failure,Mild,8877.55
2410,Failure,Mild,25057.75
9583,Failure,None,32550.9
8713,Failure,None,45000.99
14051,Failure,Severe,6094.33
9803,Success,None,4684.39
3785,Ongoing,Mild,36628.15
14532,Success,Severe,35431.3
11382,Failure,Mild,47846.91
6576,Success,None,16338.9
10256,Failure,Severe,35795.64
4797,Success,Mild,22280.26
3387,Ongoing,Mild,47941.53
1041,Ongoing,Mild,32882.12
7183,Ongoing,Severe,32328.65
7654,Ongoing,Severe,1327.43
6365,Ongoing,None,30394.15
15,Failure,None,22213.4
6246,Failure,Severe,18253.4
4211,Ongoing,Mild,3652.22
319,Ongoing,Severe,29375.44
3707,Success,Mild,3516.56
4647,Ongoing,Severe,12328.96
6384,Success,Mild,15597.72
4428,Success,Mild,36926.85
7187,Success,Mild,9561.64
2323,Success,Severe,5557.56
13543,Failure,Mild,19018.85
5453,Success,Mild,10950.64
14712,Failure,None,12927.96
5057,Success,Severe,32416.16
8913,Failure,Mild,1754.18
6937,Ongoing,None,43436.64
12308,Failure,Mild,32566.58
12149,Failure,Mild,7791.91
5751,Ongoing,Mild,2895.3
13473,Failure,Severe,16767.16
14276,Ongoing,Severe,17140.2
1759,Failure,None,9253.98
14605,Ongoing,Severe,37756.14
325,Failure,None,31192.83
708,Ongoing,Severe,25759.73
7719,Success,None,47245.9
2778,Failure,Mild,47677.11
6760,Success,Severe,11930.65
12610,Ongoing,Mild,20378.45
7258,Ongoing,Severe,48964.55
281,Failure,Mild,21517.23
9301,Failure,Mild,33208.54
3321,Success,Mild,17619.44
10257,Ongoing,Mild,27916.94
5121,Failure,None,27054.62
14157,Failure,Severe,24126.56
2471,Ongoing,None,4919.77
14068,Success,Mild,36758.91
8712,Failure,None,27450.96
11895,Failure,Severe,45845.79
1061,Ongoing,None,7826.92
10680,Failure,Severe,1102.4
2849,Ongoing,Mild,44464.47
12856,Success,Mild,47059.18
13204,Success,None,6973.18
1516,Ongoing,Mild,1072.66
11290,Failure,Severe,2337.77
418,Failure,Severe,27955.66
3571,Success,Severe,44508.1
4040,Failure,Mild,23303.51
12375,Success,Mild,40482.01
9698,Ongoing,None,17429.51
8946,Ongoing,Severe,23405.9
2398,Ongoing,Mild,31172.11
14638,Ongoing,Mild,31934.51
8724,Failure,None,45043.86
6296,Success,Severe,1593.45
11484,Ongoing,Severe,11949.27
11907,Failure,Severe,41319.57
10308,Ongoing,None,48757.18
914,Success,Mild,8403.49
3041,Success,None,38115.31
12013,Ongoing,Severe,8377.44
6963,Failure,None,47172.99
10063,Success,Mild,33731.4
5115,Success,Severe,43347.63
6489,Ongoing,None,42303.82
1977,Failure,Severe,9443.03
1324,Ongoing,None,12964.04
6823,Success,Mild,15384.61
5232,Failure,Severe,18138.28
5309,Success,None,34664.36
10442,Ongoing,Mild,23381.44
9415,Failure,None,25020.16
8720,Ongoing,Severe,1866.85
8231,Success,Mild,34407.0
4991,Failure,Mild,9864.64
4525,Failure,None,31157.39
6541,Ongoing,Mild,15551.31
12103,Failure,Severe,7062.34
11919,Failure,Mild,46628.07
9829,Ongoing,Severe,10299.99
11606,Failure,Mild,43846.91
489,Ongoing,None,36773.3
8782,Failure,Severe,31554.36
14687,Success,Mild,38651.37
10974,Ongoing,None,45264.03
14347,Failure,None,32320.09
2939,Ongoing,None,30630.27
6981,Success,Severe,19767.45
434,Failure,Mild,35813.73
2892,Failure,None,40293.01
795,Failure,None,20250.32
14940,Success,None,6039.68
2703,Ongoing,None,3238.72
1115,Failure,Mild,30226.97
7442,Failure,Mild,7945.29
1994,Success,Severe,46908.51
306,Ongoing,Severe,19409.43
9278,Ongoing,None,4208.85
10896,Ongoing,None,17377.1
1589,Failure,None,8187.78
7734,Ongoing,None,8726.89
1578,Ongoing,None,15950.86
5515,Success,Mild,38766.0
3898,Failure,Severe,28954.73
6340,Success,Mild,35913.92
11690,Failure,Severe,47996.54
11828,Failure,Severe,24594.01
1022,Success,None,36440.15
4949,Ongoing,None,22168.81
12627,Ongoing,Severe,13529.03
12351,Ongoing,None,3257.87
5132,Success,Mild,24985.51
8732,Ongoing,None,35507.94
3750,Ongoing,Severe,17324.92
14656,Success,Mild,12609.23
11094,Ongoing,None,46864.8
13565,Success,None,6304.76
6471,Failure,None,19015.29
14360,Ongoing,Severe,49373.87
10965,Ongoing,Severe,16499.99
13277,Failure,None,39421.3
2878,Failure,Severe,34745.43
1325,Success,Severe,28903.14
7250,Success,Severe,14334.06
14259,Ongoing,None,33374.94
6904,Success,Severe,22955.0
4616,Failure,None,12575.9
10606,Ongoing,Mild,10978.02
13012,Success,Mild,18129.61
12089,Ongoing,Severe,20417.36
5633,Ongoing,Severe,27568.63
9181,Success,None,10131.0
6012,Ongoing,None,13914.61
1350,Ongoing,Mild,11847.59
2388,Ongoing,Mild,39757.06
3296,Ongoing,Severe,48864.46
3398,Failure,Severe,47372.33
7730,Success,Mild,30935.56
14081,Ongoing,Severe,41694.73
532,Ongoing,Mild,28052.81
4723,Success,None,32580.65
4727,Success,Severe,12630.74
13821,Ongoing,Mild,49133.66
7720,Success,Severe,24921.64
9772,Failure,Mild,45549.27
14042,Success,None,15297.4
14703,Ongoing,Mild,42944.48
9001,Failure,None,3196.17
6517,Success,Severe,7531.28
2144,Ongoing,Mild,32218.38
3816,Ongoing,None,28249.49
14872,Failure,None,37618.93
6960,Ongoing,None,29070.68
11970,Success,Severe,42107.37
9104,Failure,Severe,40013.86
3812,Failure,Mild,19353.36
12685,Ongoing,None,6243.69
8968,Ongoing,None,29310.52
2120,Ongoing,Severe,21331.55
933,Failure,None,15826.88
8644,Success,None,15714.47
12344,Ongoing,Severe,42067.53
14350,Failure,None,7033.68
3192,Failure,Severe,30711.29
13175,Success,Mild,34591.56
9137,Success,None,37435.03
6056,Ongoing,Mild,21935.94
12268,Success,Mild,46700.93
6868,Failure,Mild,10852.82
10255,Ongoing,Severe,31343.17
9204,Failure,Mild,49092.91
14351,Ongoing,Severe,16015.05
4018,Ongoing,None,9504.74
12850,Success,Severe,34790.5
14712,Success,Mild,31837.97
11620,Success,Mild,9824.84
1293,Success,Mild,15298.72
1351,Success,Severe,11645.1
9446,Success,Mild,21372.05
3297,Failure,Mild,19738.36
3097,Ongoing,Mild,21131.06
2969,Success,Severe,9850.4
8464,Ongoing,Mild,18117.43
3987,Ongoing,None,35122.61
7767,Success,None,30083.18
973,Success,None,1471.07
8543,Success,None,16166.47
8325,Ongoing,Mild,18419.83
10264,Ongoing,Severe,44996.79
14348,Ongoing,Severe,12842.95
6177,Failure,None,2488.92
2118,Failure,None,49493.15
12673,Success,Mild,12091.8
8407,Failure,Mild,4208.67
8378,Success,None,28461.57
4989,Failure,None,20576.83
3258,Ongoing,None,33812.84
3096,Failure,Severe,26432.58
12685,Ongoing,Severe,29000.77
5402,Success,Severe,32435.56
6571,Ongoing,None,6591.98
8520,Failure,Mild,28203.65
7940,Failure,Mild,26900.2
8145,Ongoing,None,10879.18
3750,Failure,Severe,30778.31
12805,Success,Mild,39067.96
10793,Success,None,12163.94
6928,Ongoing,Mild,4165.64
5247,Failure,Severe,3024.53
3955,Ongoing,None,40000.29
8295,Success,Mild,5143.96
7940,Failure,Mild,17803.59
11316,Failure,None,7332.5
5993,Success,None,43150.18
11737,Ongoing,None,27452.23
10940,Success,Severe,35947.62
14402,Success,Severe,43386.97
6760,Failure,Severe,3767.89
14913,Ongoing,Mild,44452.72
3527,Success,Severe,40317.88
11876,Success,None,5388.48
6365,Success,Mild,43734.07
6155,Success,Mild,28380.98
2712,Ongoing,None,1043.42
2690,Success,Mild,37349.55
8234,Ongoing,None,26435.61
8186,Ongoing,Mild,34813.33
12935,Failure,None,10585.9
3421,Failure,Severe,12604.78
2100,Success,Mild,36608.09
1532,Success,Mild,49208.6
9357,Ongoing,Mild,30783.8
8968,Success,None,46227.15
6279,Failure,None,34809.39
2863,Ongoing,Mild,1654.54
12664,Ongoing,Mild,38322.35
11320,Failure,None,13552.49
14111,Ongoing,Severe,40585.42
6059,Failure,Severe,6511.0
9933,Success,Severe,31271.78
10581,Failure,Severe,44317.98
244,Failure,None,4570.61
1409,Failure,Mild,26188.88
14221,Success,None,44398.3
12005,Success,Severe,9663.56
7113,Ongoing,Severe,4031.73
597,Success,None,2466.81
543,Failure,Severe,7782.24
9989,Failure,Severe,47450.31
3820,Ongoing,Mild,36979.43
14837,Ongoing,None,39183.39
4198,Success,None,15742.04
1016,Ongoing,None,4447.61
8117,Failure,Severe,39988.87
225,Failure,Severe,20551.0
7849,Failure,None,13473.77
4310,Ongoing,None,36670.97
4434,Ongoing,Mild,38638.58
7525,Failure,None,10007.72
9473,Ongoing,Mild,38643.18
9454,Ongoing,Mild,30601.31
2472,Failure,Mild,17155.78
3566,Ongoing,Mild,15544.76
3242,Success,None,20747.61
2070,Failure,Mild,39918.97
10458,Ongoing,Mild,27427.78
2910,Failure,Severe,11606.92
2255,Ongoing,None,48750.27
3549,Success,Mild,45708.46
5183,Success,Mild,5220.67
9160,Failure,Mild,12504.84
6777,Success,Severe,35953.9
10767,Ongoing,Severe,15737.98
2886,Ongoing,Mild,18641.63
10849,Success,Severe,30423.81
3420,Failure,None,29226.11
13311,Success,Severe,35257.46
1300,Ongoing,Severe,11143.09
7134,Success,Mild,2918.94
927,Failure,Mild,25998.11
10659,Success,Severe,19945.16
6350,Failure,Mild,19740.49
8135,Ongoing,Severe,25253.53
10532,Failure,Severe,33903.03
6454,Ongoing,Severe,2756.69
13633,Ongoing,None,42579.03
6032,Success,Mild,23749.95
4294,Failure,None,13862.35
2702,Success,Mild,12615.74
9740,Failure,Mild,22331.94
11975,Success,Mild,14601.66
12332,Ongoing,Severe,14327.93
10895,Success,None,16053.6
14836,Success,Mild,1514.9
14050,Success,None,47866.48
9624,Success,Mild,4676.2
13479,Success,Severe,31262.42
4164,Success,Severe,36709.8
12421,Failure,Severe,20258.19
3514,Failure,None,26684.71
11110,Failure,Severe,34342.17
12975,Ongoing,None,4219.53
2767,Success,Mild,18645.74
8721,Success,Mild,18509.25
7969,Ongoing,Mild,20233.89
12690,Ongoing,None,36431.03
9685,Ongoing,Severe,5374.66
4322,Failure,Mild,15126.48
14043,Ongoing,Severe,10449.03
14133,Ongoing,Mild,8750.91
1080,Success,Mild,46620.81
1151,Success,Severe,40277.72
12242,Ongoing,Severe,7217.3
10365,Ongoing,Severe,11399.34
11588,Success,Mild,32940.64
1032,Ongoing,None,29635.85
10842,Failure,Mild,25281.56
9030,Failure,None,27416.88
507,Failure,Mild,47247.6
5915,Success,None,1183.12
10259,Success,None,17340.4
11334,Success,Severe,12443.63
10804,Success,Mild,20820.74
7809,Ongoing,Severe,42020.33
5902,Success,Severe,7424.03
11147,Success,Mild,15753.51
2868,Ongoing,Severe,22386.05
2438,Ongoing,Mild,46728.21
5517,Success,Mild,25307.85
2465,Ongoing,None,20700.73
4714,Ongoing,Mild,43215.95
14134,Failure,Severe,7537.53
4485,Failure,None,26480.96
7033,Failure,None,26273.96
11572,Success,None,40477.01
14102,Failure,Severe,23744.86
2167,Ongoing,Severe,14374.82
11429,Ongoing,Mild,35611.88
7878,Ongoing,Mild,24046.6
1100,Failure,Severe,42072.46
7729,Success,None,40850.99
5243,Success,Severe,19241.7
5677,Failure,Severe,34037.54
6814,Success,Mild,45747.05
14300,Success,None,11145.9
8349,Ongoing,Mild,42399.6
2330,Ongoing,Mild,8174.13
9631,Ongoing,None,19729.09
12967,Ongoing,Mild,2361.5
2343,Success,None,36661.67
11537,Success,Severe,17643.37
14311,Ongoing,None,27446.71
3978,Success,None,36755.61
4788,Failure,Severe,17672.85
9589,Success,Severe,40733.17
2134,Failure,Severe,25724.86
9707,Failure,None,20099.39
3150,Failure,None,6256.81
4172,Failure,Mild,31001.39
4886,Success,Severe,30439.39
8095,Ongoing,Mild,36921.75
6963,Success,Mild,46716.89
1245,Success,None,15040.75
763,Success,Severe,27278.57
6345,Failure,Mild,26559.27
11161,Ongoing,None,27493.03
11717,Ongoing,Mild,17540.73
12360,Success,None,47526.39
4122,Ongoing,Mild,23588.13
3405,Ongoing,None,16845.85
5588,Success,Severe,12576.42
3449,Ongoing,Severe,35464.62
10162,Ongoing,None,6467.41
2877,Ongoing,Severe,35649.54
964,Failure,Severe,36364.33
2273,Failure,Mild,49073.33
3650,Ongoing,Mild,6596.38
4791,Failure,Mild,34713.63
7295,Failure,None,32671.6
8674,Success,Mild,18021.24
9954,Success,None,15497.86
5946,Success,Severe,15852.19
1464,Failure,Mild,20840.62
12732,Failure,Mild,30920.88
2963,Failure,None,2963.99
168,Failure,None,23472.99
8292,Failure,Severe,49187.31
626,Ongoing,Mild,38612.52
12001,Failure,None,32836.13
2975,Failure,Mild,26019.61
10233,Failure,Mild,33888.33
4378,Ongoing,Severe,4457.14
9890,Success,Severe,7355.32
12320,Failure,None,18687.27
394,Ongoing,Mild,25295.71
14586,Success,Mild,26192.52
1515,Failure,None,48229.87
1769,Ongoing,None,10249.45
423,Ongoing,None,21192.54
14772,Success,Severe,47027.94
7294,Success,Mild,2603.02
2589,Failure,Mild,34128.78
3130,Failure,Mild,25125.39
921,Failure,None,35286.43
7656,Success,Severe,36792.68
10314,Ongoing,None,43446.08
11251,Ongoing,Severe,36557.15
738,Success,Mild,22046.01
7753,Ongoing,Severe,33240.77
6899,Failure,Severe,22834.75
11323,Ongoing,Mild,39933.3
4670,Failure,None,33432.49
11418,Success,Mild,2846.8
8403,Failure,Mild,21323.0
4413,Ongoing,None,4832.74
8134,Failure,Mild,2541.75
2202,Failure,Severe,31274.84
4120,Failure,Mild,17292.93
10267,Success,Mild,13821.22
1126,Ongoing,Mild,11651.89
3413,Failure,Severe,13694.57
3148,Ongoing,Mild,38812.94
1825,Failure,Mild,10756.2
107,Success,Mild,10037.33
9658,Ongoing,None,13820.89
3117,Success,Mild,32930.01
2022,Ongoing,Mild,42016.32
11025,Failure,Severe,15598.32
5044,Ongoing,Severe,23138.54
8356,Success,Severe,28831.3
1944,Failure,None,2100.63
14881,Failure,Mild,13080.96
10820,Success,Severe,25582.52
7910,Ongoing,None,22610.9
868,Success,Severe,32876.41
1765,Ongoing,Mild,7599.33
11229,Success,Severe,45006.41
7452,Ongoing,None,47266.32
1404,Success,None,44862.56
9441,Success,None,47976.87
12173,Success,Mild,1176.44
589,Ongoing,None,22868.89
4006,Success,Mild,4017.12
14646,Ongoing,Mild,33945.04
6331,Failure,Severe,4656.01
8024,Ongoing,Mild,39984.7
11759,Ongoing,None,19440.26
7131,Success,None,6462.11
6085,Failure,Severe,42901.33
14424,Failure,Mild,23148.89
5127,Failure,None,27468.92
5795,Failure,Mild,34098.85
7557,Ongoing,Mild,11293.81
6280,Success,None,12766.27
12125,Ongoing,Mild,24272.97
2357,Success,Severe,20669.28
13401,Success,None,19484.09
8800,Success,Severe,23875.51
3740,Success,Mild,6005.29
13099,Success,Mild,32090.37
1291,Success,Severe,2146.62
10116,Ongoing,Severe,20552.32
3499,Ongoing,Severe,36487.07
11895,Success,None,2803.24
2210,Failure,None,19064.08
1125,Success,Mild,42102.68
67,Success,Severe,38972.71
2525,Failure,Mild,27449.13
13063,Ongoing,Severe,21631.31
10154,Failure,None,37253.92
10359,Ongoing,Mild,20034.67
3524,Success,None,18623.62
11681,Success,Mild,13271.5
5052,Failure,Mild,15438.79
10376,Failure,None,37595.42
2745,Success,Severe,37975.69
7402,Success,Mild,16688.19
7506,Failure,None,43265.16
13273,Ongoing,Mild,12734.51
1256,Success,Severe,39450.62
7754,Success,Mild,5781.81
12555,Success,None,11383.13
7361,Failure,None,6689.67
12203,Success,None,49877.9
10830,Failure,Severe,21072.19
7953,Failure,Severe,1752.21
508,Ongoing,None,10770.45
1016,Success,Mild,34986.16
10560,Failure,None,5986.03
8597,Success,None,25095.48
10685,Failure,Mild,27999.24
14536,Ongoing,None,32336.74
1312,Failure,Severe,46028.94
12500,Ongoing,Mild,26998.91
8713,Success,Mild,12621.52
5517,Success,Severe,3173.11
639,Failure,Mild,33317.5
3047,Ongoing,Severe,33704.87
12701,Failure,Severe,49781.07
14810,Ongoing,Severe,26297.94
10519,Failure,None,22207.72
6930,Failure,Mild,17664.36
7121,Success,None,18358.21
577,Ongoing,None,19103.09
8336,Ongoing,Severe,23242.26
8005,Failure,Severe,8408.29
2888,Ongoing,Severe,1861.22
8743,Failure,Severe,27484.62
4679,Success,None,5835.89
14141,Ongoing,Mild,18785.85
3573,Success,None,19318.6
13722,Failure,None,9352.57
1293,Ongoing,Severe,20542.96
8926,Success,Mild,11908.79
6490,Success,None,28038.88
3068,Success,None,40534.93
10016,Failure,None,28709.07
12924,Success,None,10202.99
3925,Ongoing,Severe,1679.39
5163,Failure,Mild,10303.61
8112,Ongoing,Severe,18481.01
11430,Failure,Severe,13444.18
2723,Failure,Mild,28370.64
13179,Ongoing,None,49982.05
9492,Ongoing,Severe,38188.76
13370,Ongoing,Mild,37997.49
7901,Failure,Severe,29149.79
12769,Ongoing,None,23186.52
3343,Failure,None,14715.27
5873,Success,Mild,36994.95
4620,Failure,Mild,1010.73
4199,Ongoing,Severe,47530.4
766,Failure,Severe,22230.34
12107,Success,None,14803.01
372,Failure,Severe,18456.73
2247,Success,Severe,12360.88
5594,Ongoing,Severe,22930.85
740,Success,None,6793.93
1818,Ongoing,Mild,44019.3
14904,Failure,Mild,43356.44
7199,Failure,Severe,3131.23
14849,Failure,Mild,2776.63
3388,Success,Severe,44619.38
13404,Failure,Mild,21643.38
5094,Ongoing,Mild,7020.66
1493,Success,Mild,10533.57
3270,Failure,Severe,37022.68
10116,Ongoing,Mild,18205.1
5276,Success,None,26768.0
5598,Failure,Severe,37533.97
13705,Failure,None,42965.68
8729,Ongoing,Severe,44517.18
6896,Failure,Mild,37508.94
723,Success,None,22050.61
3123,Failure,Severe,13927.24
3562,Ongoing,Severe,19611.53
5214,Failure,None,17889.1
6914,Ongoing,Severe,30327.46
6541,Failure,None,9769.79
10171,Ongoing,Severe,43408.38
6514,Ongoing,None,30123.65
12223,Ongoing,None,6352.93
13181,Ongoing,None,7551.24
8078,Failure,None,43402.61
12109,Success,Severe,38762.58
6011,Ongoing,Mild,49078.28
8907,Failure,Mild,44467.58
13818,Success,Severe,43353.3
6118,Ongoing,Severe,7477.88
13897,Success,Severe,49987.4
8189,Success,Severe,30364.93
8653,Failure,None,24164.1
13048,Ongoing,Severe,12959.69
13194,Failure,None,2334.83
2478,Failure,Mild,23390.7
10063,Ongoing,Severe,34301.46
11642,Ongoing,Mild,9044.24
10556,Ongoing,Mild,29699.68
4614,Ongoing,Severe,44037.6
9725,Failure,Severe,29910.05
7357,Ongoing,None,24563.1
399,Ongoing,Mild,26411.22
747,Success,None,39451.65
7731,Success,Mild,49647.24
10129,Success,Mild,6190.61
11556,Success,Severe,5846.44
1669,Success,Severe,48085.66
5862,Ongoing,Severe,24647.38
10251,Success,Mild,37423.3
11500,Success,Severe,48154.92
14769,Ongoing,Mild,16543.12
2294,Success,None,31073.06
9586,Failure,None,15279.4
6494,Failure,Severe,44820.33
4622,Success,Mild,1649.84
13372,Failure,None,40410.49
7813,Failure,None,37025.58
7349,Failure,Severe,46708.99
1601,Failure,Severe,20220.91
7341,Ongoing,None,36289.52
9625,Failure,None,28097.75
382,Ongoing,Severe,26013.93
465,Success,None,27068.18
10202,Success,Severe,37315.24
3057,Success,Mild,23096.76
2655,Success,None,8113.2
8588,Ongoing,Severe,35147.34
9401,Success,Mild,15550.84
7113,Success,Severe,27099.87
11779,Failure,Severe,30781.79
12992,Success,Mild,33154.11
4451,Ongoing,Severe,26513.7
10196,Failure,Severe,29562.94
7723,Failure,None,34755.17
6505,Ongoing,Mild,33898.76
3148,Failure,Severe,48850.99
13714,Ongoing,Mild,42115.77
14117,Failure,Severe,8854.97
13126,Success,None,46204.75
3594,Failure,Mild,6291.8
11497,Success,Mild,46393.29
13613,Success,Severe,6253.82
11822,Failure,Severe,35117.13
1145,Success,Severe,4476.65
145,Success,None,33001.1
10597,Failure,Severe,10981.07
14830,Failure,Severe,4935.5
3257,Ongoing,None,32109.1
5332,Success,None,47577.84
8535,Ongoing,Mild,1958.76
9464,Success,Severe,28663.6
5959,Ongoing,None,44723.54
8441,Failure,Severe,9770.33
14235,Success,Mild,27172.65
8693,Ongoing,Severe,42440.04
7781,Ongoing,Mild,44354.6
413,Failure,Mild,45912.84
9634,Failure,None,9941.25
14086,Failure,Severe,26136.16
3350,Failure,Severe,40999.82
11109,Success,Severe,8681.41
1850,Ongoing,None,34295.0
13915,Failure,Severe,18580.07
3813,Failure,Severe,21507.26
12082,Failure,None,1401.68
12858,Ongoing,Severe,46709.87
6151,Success,None,44276.23
4957,Ongoing,Mild,47704.57
13968,Failure,None,26238.13
9404,Ongoing,Severe,37365.77
1971,Failure,Severe,45206.52
2635,Ongoing,Mild,15328.64
11381,Success,None,12934.42
8207,Failure,None,10036.48
11406,Success,None,41553.84
14821,Success,Mild,42529.9
6206,Failure,None,4582.64
7075,Success,None,22401.92
11346,Ongoing,Severe,24406.28
11107,Failure,None,12330.45
8138,Success,None,14205.78
4423,Failure,Mild,14723.08
1675,Ongoing,None,32574.46
5872,Ongoing,Severe,28427.89
3785,Ongoing,Mild,32946.84
14093,Success,Severe,45002.28
5270,Failure,Severe,19221.97
14045,Success,Mild,9583.72
11647,Failure,Severe,42455.54
7167,Success,None,2231.92
10944,Success,Mild,48200.67
2999,Ongoing,None,36917.91
2551,Ongoing,Severe,36026.93
12610,Failure,Mild,40610.95
4424,Success,None,21463.6
13314,Failure,Mild,11266.92
13683,Ongoing,Mild,18625.44
3724,Success,None,26576.25
4665,Success,None,49374.89
10861,Failure,Severe,7579.93
4961,Ongoing,Mild,16925.96
3142,Success,Mild,42880.56
3071,Ongoing,None,19495.88
5015,Failure,Mild,14566.42
13447,Failure,Severe,48550.27
778,Ongoing,None,23381.38
5984,Ongoing,Mild,6499.15
8429,Success,Mild,30866.57
11865,Failure,None,5488.67
14800,Ongoing,Severe,18098.76
3945,Ongoing,Mild,49315.56
5795,Failure,Mild,25021.57
6527,Success,Severe,23329.04
14087,Success,Severe,1902.57
10490,Ongoing,Mild,27196.02
4019,Failure,None,46318.48
10246,Failure,None,7924.15
4379,Ongoing,Mild,30025.63
2354,Success,Mild,7178.04
5788,Success,Mild,17575.87
1386,Ongoing,None,44178.62
3044,Success,None,29539.95
4890,Success,Severe,16352.47
11067,Failure,None,15527.54
3542,Ongoing,Mild,7961.35
10183,Failure,None,34592.43
14752,Ongoing,None,34140.12
12459,Success,None,7307.78
6797,Ongoing,None,14240.27
14595,Failure,Severe,28413.58
14153,Success,None,47121.7
4492,Ongoing,None,24553.79
13108,Ongoing,Severe,29984.21
9671,Success,None,31533.32
1927,Success,None,37360.23
4034,Failure,None,3947.27
12673,Failure,None,10149.66
10537,Ongoing,Mild,29459.52
2337,Failure,Severe,36855.71
6123,Failure,Mild,20718.71
1890,Ongoing,Severe,3212.72
5379,Failure,Severe,4426.84
13004,Failure,Severe,44013.21
4696,Failure,Severe,3106.64
442,Ongoing,Severe,6067.51
9286,Ongoing,Mild,44479.16
6904,Success,None,4788.06
10585,Success,Mild,34609.0
5105,Success,Severe,3773.92
1432,Success,Mild,1186.41
3465,Ongoing,None,20801.48
2708,Failure,Severe,35339.68
6622,Failure,Mild,20713.0
5301,Failure,Severe,24787.45
10764,Ongoing,Mild,27328.25
11490,Ongoing,Mild,46266.76
1512,Success,Mild,29948.61
4313,Success,None,18110.08
2695,Ongoing,Mild,43725.16
7606,Success,None,21126.39
13555,Failure,Severe,42739.64
13754,Ongoing,Mild,1096.75
576,Success,Mild,3614.54
3801,Success,None,36235.84
8825,Success,None,32902.31
11467,Ongoing,Severe,34858.08
10365,Success,Severe,16032.42
11768,Ongoing,Mild,49867.76
13485,Failure,None,34499.72
872,Success,Severe,45554.25
1601,Success,None,22801.88
6676,Failure,Mild,35822.88
6057,Failure,Mild,12663.37
9405,Success,Severe,24865.33
3542,Failure,Mild,41160.68
3732,Ongoing,None,1814.94
11696,Success,Mild,18746.85
11900,Success,Mild,36933.31
2146,Ongoing,Mild,13833.61
7910,Failure,None,45525.81
4027,Success,None,27072.22
4431,Failure,Severe,1502.62
10221,Success,None,9195.57
12822,Success,Severe,23371.54
4384,Failure,None,18168.1
512,Failure,None,47786.98
5636,Failure,Mild,26873.83
7411,Ongoing,Mild,11441.66
13128,Failure,Severe,23838.6
12456,Success,Mild,31304.88
11112,Failure,Mild,14823.47
12026,Ongoing,None,44008.52
246,Failure,Severe,10204.86
3228,Failure,Severe,40957.35
1547,Ongoing,Severe,31849.54
11419,Failure,Mild,42713.53
7286,Ongoing,Mild,29790.48
14804,Success,Severe,18456.16
13625,Failure,Mild,40146.82
13557,Success,Mild,30759.45
4946,Ongoing,Severe,43200.71
1056,Success,None,28633.42
4878,Failure,Mild,40859.55
9258,Success,Mild,16386.33
11835,Ongoing,None,47803.13
11422,Ongoing,Mild,33770.37
3393,Failure,None,19848.62
4092,Success,Mild,15492.29
4566,Failure,Severe,1712.18
7174,Ongoing,None,39448.16
10664,Ongoing,None,14358.39
13816,Failure,Mild,30837.64
5283,Success,Mild,7904.36
10722,Ongoing,Mild,7795.34
3638,Ongoing,None,35805.62
12905,Ongoing,Severe,22142.04
1978,Failure,None,7395.66
41,Ongoing,Severe,26873.9
1123,Ongoing,Mild,31235.1
4494,Failure,Mild,47398.5
2866,Success,Mild,34437.53
12214,Failure,Severe,28669.2
13381,Ongoing,Severe,44759.15
12754,Failure,None,6214.15
2747,Success,None,46117.79
14260,Failure,None,16885.07
3360,Failure,None,27034.22
10186,Ongoing,Severe,40376.78
8580,Success,Severe,31924.05
3519,Ongoing,Mild,38754.73
8079,Ongoing,None,34870.97
6842,Ongoing,None,19530.56
14421,Success,Severe,22033.99
4738,Success,Mild,32916.53
7854,Failure,None,24541.42
5770,Success,None,29902.63
9922,Ongoing,None,23121.37
13920,Ongoing,Severe,19781.27
4993,Ongoing,Mild,4772.91
1557,Ongoing,None,27130.66
14321,Failure,None,33188.42
12343,Success,Mild,38213.05
8266,Success,Mild,40069.34
2832,Ongoing,Severe,25377.29
10790,Failure,None,1037.23
2820,Ongoing,None,44594.76
12347,Ongoing,Severe,25461.9
6085,Success,Mild,24158.27
11936,Success,None,32634.47
9037,Success,Mild,12231.36
239,Failure,None,6334.53
70,Failure,Mild,16779.63
3092,Ongoing,None,35501.34
9445,Failure,Severe,35003.63
14546,Failure,Mild,7429.01
2175,Ongoing,Mild,11915.63
14420,Failure,None,22384.73
13684,Failure,None,22578.86
7365,Success,Severe,45355.45
1907,Ongoing,None,11714.23
11237,Success,None,14539.6
10974,Failure,Mild,46375.77
5570,Failure,Severe,4121.09
13258,Ongoing,None,16110.03
724,Failure,Mild,33228.24
6538,Ongoing,Severe,21843.3
3519,Failure,Mild,45234.54
10606,Failure,Severe,30778.39
5300,Ongoing,Severe,2838.26
5856,Failure,None,5192.9
9215,Failure,Mild,41649.28
6391,Success,None,2671.1
3125,Success,Severe,17670.39
13893,Failure,Severe,42487.94
8450,Failure,Mild,3679.41
2251,Failure,Severe,45788.52
13776,Failure,Severe,2256.7
14071,Ongoing,Mild,23429.37
5322,Ongoing,Severe,35150.86
11856,Failure,None,13072.2
8358,Success,Severe,20788.25
11872,Success,Mild,48934.14
1877,Success,None,32996.7
8132,Failure,Mild,48898.73
7752,Success,None,4648.35
6325,Success,None,18252.29
6313,Success,None,40087.22
10999,Ongoing,Severe,30713.78
431,Ongoing,Severe,6786.76
279,Success,Mild,20047.87
1655,Failure,Mild,5822.18
7917,Success,Mild,9341.19
14802,Ongoing,Mild,43169.64
9729,Failure,Severe,27681.09
4085,Success,None,2783.22
1768,Ongoing,Mild,31838.38
1325,Ongoing,None,27836.69
5730,Ongoing,Mild,17519.07
7276,Success,None,36999.05
10315,Success,None,2407.77
6763,Ongoing,None,14920.97
161,Failure,Severe,32367.98
3396,Failure,Mild,35845.37
13195,Success,Mild,44869.17
11857,Failure,Severe,24852.75
9569,Failure,None,1136.04
893,Success,Severe,34749.37
2955,Success,None,5594.09
9717,Failure,Mild,25295.68
11466,Ongoing,Severe,5501.11
13112,Failure,Mild,19789.76
10084,Success,Mild,26571.75
5144,Failure,Mild,10700.07
2479,Success,None,37661.95
7862,Failure,Mild,33542.75
12726,Failure,Severe,31679.95
706,Success,Severe,48383.95
2074,Success,Severe,26184.67
5811,Ongoing,None,24807.09
5112,Success,Severe,11486.13
1107,Failure,None,3562.32
14228,Ongoing,None,40362.39
7851,Ongoing,Severe,36693.77
11061,Success,Mild,6892.31
11219,Success,Severe,25450.8
9782,Failure,Severe,41647.26
3442,Ongoing,Severe,17364.36
8652,Success,Severe,12729.13
6835,Ongoing,None,46584.46
7168,Success,None,12422.28
11505,Ongoing,Mild,42058.91
10434,Success,None,36643.23
12786,Success,None,46272.24
1860,Failure,Severe,45240.79
8640,Failure,None,10443.03
1013,Ongoing,Severe,42223.28
14916,Failure,Severe,31779.43
5630,Ongoing,None,20837.0
7235,Ongoing,Mild,13602.85
12384,Success,Severe,38716.24
2923,Success,Severe,47444.34
10399,Failure,None,42777.71
5476,Ongoing,None,28674.03
5257,Ongoing,None,28211.42
12424,Success,Mild,32731.69
6571,Failure,None,35119.99
11989,Ongoing,Severe,2660.4
10750,Failure,Mild,9174.63
9102,Success,Mild,20407.74
5989,Ongoing,None,48276.39
11546,Ongoing,Mild,30504.76
7184,Failure,Severe,17086.67
13127,Failure,None,8567.85
3931,Ongoing,None,38568.09
13935,Success,Mild,36366.74
13252,Ongoing,None,30552.54
13905,Success,Severe,5281.83
7436,Failure,None,25179.47
2324,Success,Severe,18609.83
12853,Success,None,38681.46
14356,Failure,Mild,26998.57
888,Success,Mild,23580.47
4139,Ongoing,Severe,39951.84
10907,Failure,None,38197.4
6692,Failure,None,11635.89
10944,Success,None,37655.51
3198,Failure,None,45922.92
11670,Success,Severe,24607.29
7190,Failure,Severe,30954.25
1887,Failure,None,27762.76
10800,Success,Mild,47762.49
1464,Success,Severe,17988.15
5604,Failure,None,47388.75
4503,Success,None,45102.48
10332,Ongoing,Severe,49552.86
10428,Failure,None,20333.95
9102,Failure,Mild,39281.03
3880,Success,Mild,17122.12
3057,Success,None,25055.74
13978,Ongoing,None,6219.8
12372,Failure,Severe,13465.99
5827,Success,Mild,14638.3
113,Success,Mild,21645.59
6416,Failure,Severe,49193.81
10292,Ongoing,Severe,45376.84
8350,Success,Severe,42420.68
159,Success,Severe,14915.11
2960,Success,Mild,24164.96
14962,Success,Severe,23730.61
10185,Ongoing,Severe,22566.49
6459,Failure,Mild,15264.45
2339,Failure,Severe,1623.39
4214,Ongoing,Mild,11205.32
6944,Failure,Severe,28585.05
12512,Failure,Mild,45376.76
1589,Ongoing,Severe,26457.67
12045,Failure,Mild,37962.46
6700,Failure,None,18245.19
6143,Ongoing,None,44002.83
6079,Ongoing,Mild,33241.42
10765,Ongoing,Severe,5275.63
9256,Failure,Severe,49148.3
794,Success,Mild,25668.12
18,Success,None,37163.21
3590,Success,None,39913.86
21,Failure,Severe,30927.0
1185,Success,Mild,29451.38
2263,Ongoing,Severe,10260.61
3911,Success,Mild,38426.43
8708,Failure,Mild,24992.87
14325,Ongoing,Severe,10164.13
11635,Success,Mild,38463.48
5846,Success,None,23886.51
9146,Ongoing,None,29993.54
13273,Ongoing,Severe,45250.8
3939,Failure,None,10020.32
4361,Ongoing,Severe,39836.21
3027,Failure,Severe,16222.84
3455,Failure,Severe,44604.48
10328,Failure,None,27752.51
181,Ongoing,None,20775.73
11352,Failure,None,24961.14
14389,Failure,Severe,11037.22
141,Ongoing,Mild,45221.0
4675,Ongoing,Severe,34663.12
10219,Failure,Severe,33175.04
3424,Failure,Severe,29647.61
12787,Failure,Severe,10620.7
12363,Success,Severe,16965.8
11780,Ongoing,Severe,7945.44
14129,Success,None,40208.31
8947,Failure,Severe,35417.48
408,Success,Severe,14968.76
7328,Ongoing,Mild,35125.35
14603,Failure,Severe,44652.0
2626,Ongoing,None,1364.5
4313,Failure,Severe,18031.25
4052,Ongoing,Mild,30578.18
10266,Failure,Mild,37632.56
12926,Failure,None,16887.44
8424,Success,None,39579.27
5948,Ongoing,Severe,24845.4
5014,Failure,Severe,30670.83
7500,Failure,Severe,4979.57
9464,Ongoing,Severe,7455.15
3108,Failure,Severe,29588.45
7788,Success,None,10727.45
1066,Success,Severe,23049.61
13480,Success,None,30739.72
11958,Ongoing,None,15372.18
12148,Ongoing,Severe,14010.04
4061,Failure,None,20565.76
3659,Ongoing,None,19341.39
5636,Success,None,49093.72
3605,Success,Mild,12271.17
2332,Ongoing,Mild,26457.77
2261,Success,None,28322.89
7488,Failure,Severe,8029.39
7230,Ongoing,Mild,47200.49
4495,Success,Mild,23174.84
12061,Success,None,21227.58
12396,Failure,Severe,12004.83
9936,Failure,Mild,1065.74
12225,Success,None,31556.34
10233,Ongoing,Severe,9265.3
1288,Failure,None,43217.22
2422,Ongoing,Mild,21162.4
14266,Success,Mild,15767.85
66,Success,Mild,24926.31
12381,Ongoing,Mild,12863.19
6229,Failure,None,15183.17
6426,Failure,Severe,34300.09
4718,Success,None,32773.89
10761,Ongoing,Mild,46779.87
5790,Ongoing,None,24071.45
7196,Ongoing,Mild,12454.14
2148,Ongoing,Severe,47587.47
3202,Failure,Severe,10829.5
7809,Ongoing,Severe,18771.45
3525,Ongoing,Mild,32699.51
13888,Failure,Mild,16544.84
13138,Failure,None,49377.43
5839,Failure,Mild,30710.92
12468,Ongoing,Severe,16096.24
14740,Success,Severe,29427.03
6861,Failure,None,41334.66
10842,Failure,None,5993.79
12052,Success,Severe,37035.04
9307,Failure,Mild,20176.5
8383,Failure,Mild,46607.34
255,Success,Severe,24460.88
14329,Ongoing,None,23338.73
10573,Ongoing,None,7823.56
3976,Ongoing,Severe,12087.85
9167,Success,Mild,5008.63
4227,Ongoing,Mild,38794.97
9096,Failure,Severe,6599.67
4474,Success,None,23185.5
3142,Failure,None,7361.28
5640,Ongoing,Severe,49687.76
1585,Failure,Mild,25530.54
12273,Success,Severe,13298.97
8951,Failure,Severe,30061.99
11523,Failure,Severe,11911.83
151,Failure,Severe,15362.55
7995,Ongoing,None,47678.91
11587,Failure,Severe,19642.74
2757,Success,Mild,22216.13
12390,Ongoing,Severe,43804.17
290,Success,None,8254.68
9529,Ongoing,Severe,23453.99
6876,Failure,Mild,33549.92
10344,Success,None,2230.55
13645,Failure,None,42475.09
6819,Failure,Severe,44979.57
14175,Success,Mild,3440.4
344,Failure,None,1891.57
5094,Ongoing,None,34020.7
8107,Failure,Severe,49128.96
10237,Failure,None,43075.8
885,Failure,Mild,12152.62
9463,Failure,Mild,14786.41
5981,Success,Mild,44371.55
13299,Failure,None,1201.2
187,Ongoing,None,33158.84
8287,Success,Mild,48888.83
10956,Success,None,31049.9
13204,Ongoing,Mild,26525.13
1667,Failure,Mild,24756.29
6288,Failure,Mild,4048.19
2050,Failure,Severe,12123.7
3979,Failure,None,7096.38
1737,Ongoing,None,12505.72
5,Ongoing,None,15837.3
6095,Ongoing,Severe,25275.03
3665,Ongoing,Severe,1718.21
6835,Ongoing,Mild,7699.4
11098,Failure,Mild,20785.97
4425,Ongoing,Mild,46805.64
153,Failure,Severe,5558.03
10035,Failure,None,23235.01
12260,Failure,Severe,11804.57
10089,Success,Severe,36148.59
12817,Failure,Severe,32694.91
11393,Ongoing,None,37520.07
14670,Ongoing,None,28135.69
11290,Ongoing,None,6780.34
12115,Ongoing,Severe,24005.4
5485,Success,Severe,19303.08
11034,Ongoing,Mild,42774.01
2424,Failure,Severe,29848.08
7601,Ongoing,Severe,3572.03
4563,Ongoing,Severe,37033.53
5958,Ongoing,Severe,22392.41
11789,Success,None,14671.2
12118,Failure,Mild,23619.01
6675,Ongoing,Severe,28367.58
913,Failure,Severe,5120.15
8744,Failure,Mild,32489.7
13716,Ongoing,Mild,33826.66
1724,Ongoing,Mild,32963.81
10277,Ongoing,Mild,15623.45
9502,Ongoing,Severe,30057.46
2455,Success,None,6778.92
9847,Failure,Severe,31409.05
4130,Ongoing,None,6799.31
7504,Failure,Severe,40335.07
3558,Failure,Mild,11297.81
1159,Failure,Severe,5185.02
13881,Success,Severe,34477.71
2451,Failure,None,38157.91
12216,Success,Severe,44692.84
12770,Ongoing,None,5473.21
5318,Success,Severe,21769.58
4176,Failure,Mild,27001.99
14899,Failure,None,31927.88
2131,Failure,Severe,23942.21
11541,Failure,Mild,29583.86
14362,Ongoing,Mild,6625.02
4798,Success,None,5912.74
6881,Success,Mild,46964.59
8952,Failure,Severe,27672.96
4927,Failure,None,11642.06
1162,Success,Severe,41625.71
8608,Success,Severe,13251.55
8823,Success,Mild,26628.7
6532,Success,Mild,30538.56
8847,Ongoing,None,43919.57
13782,Failure,Mild,45391.24
11449,Ongoing,Severe,13125.42
10938,Failure,None,29895.0
902,Success,Severe,11182.87
12695,Success,Severe,7046.22
14023,Ongoing,Mild,19124.96
5673,Success,None,5064.76
5850,Success,None,16403.7
13557,Failure,None,37607.7
5839,Success,None,32542.05
9255,Success,Severe,24802.74
2200,Success,Severe,5495.64
2642,Ongoing,Severe,28979.54
10927,Ongoing,Severe,49182.76
12592,Ongoing,Mild,6907.16
6419,Ongoing,Mild,49267.52
11126,Ongoing,Mild,37565.1
6749,Failure,Severe,19735.21
6108,Ongoing,Mild,30045.14
1125,Ongoing,Severe,14183.78
4241,Failure,Severe,35068.2
976,Failure,Mild,3944.91
7701,Failure,Mild,24138.75
1034,Ongoing,None,14803.67
1432,Success,None,5092.51
10551,Failure,None,27812.06
3716,Failure,Severe,41418.52
4078,Failure,Severe,25566.56
5507,Ongoing,Severe,7917.03
12794,Failure,None,7375.4
599,Ongoing,None,49555.94
12340,Success,None,49903.76
6120,Ongoing,None,9852.68
426,Success,None,47782.21
4972,Success,Severe,32296.98
11623,Failure,None,37928.18
9382,Failure,None,30157.8
13009,Failure,None,3820.76
5686,Failure,Severe,35803.21
11163,Failure,Mild,21084.78
10076,Ongoing,Severe,9503.44
2825,Ongoing,Mild,18325.68
2335,Ongoing,None,46117.36
974,Success,None,8871.54
11787,Success,None,4768.91
1231,Ongoing,Severe,26504.94
1274,Failure,Mild,29693.05
13439,Failure,Severe,41923.3
2715,Failure,Mild,19003.74
13425,Failure,Severe,1228.36
10878,Ongoing,Severe,26304.94
4033,Success,Severe,39347.37
12877,Ongoing,None,17652.81
4522,Success,Mild,11251.25
13645,Success,Severe,21878.68
2941,Success,Severe,39976.16
13543,Ongoing,Severe,5031.94
8853,Failure,Severe,20359.4
4529,Ongoing,Severe,40540.18
3723,Ongoing,Severe,18654.29
8061,Success,Mild,34203.79
1449,Failure,None,36174.36
13226,Failure,Severe,4454.86
5915,Success,Mild,10724.62
7920,Ongoing,Mild,26608.2
14481,Failure,None,12854.43
13546,Ongoing,None,37007.34
8792,Success,Severe,2344.58
6057,Success,None,45165.34
10957,Failure,Severe,38247.77
11126,Success,None,6787.33
7462,Success,Severe,1575.54
1376,Success,None,19445.47
10277,Failure,Severe,40053.5
4397,Failure,None,46783.9
7778,Failure,None,15357.61
6635,Success,Mild,3131.74
14497,Success,Mild,37526.68
11017,Ongoing,None,16921.75
14836,Ongoing,Severe,20996.11
11654,Success,Mild,20618.01
3675,Success,None,36754.27
13884,Failure,Mild,2399.9
7295,Ongoing,None,26170.05
6805,Success,Severe,48145.89
5448,Success,Mild,1205.0
14040,Failure,Mild,11652.61
3353,Ongoing,None,32219.88
4687,Ongoing,Mild,33115.84
9028,Success,Mild,23798.81
14279,Ongoing,None,29692.91
5759,Failure,Mild,29607.82
7184,Success,Severe,30280.19
12167,Failure,None,7193.21
5463,Failure,Mild,37024.05
919,Ongoing,None,44128.6
5075,Failure,None,43058.48
14689,Ongoing,Mild,27616.88
13720,Ongoing,Severe,39509.61
9482,Ongoing,Mild,5792.83
8955,Failure,None,5180.44
2901,Ongoing,Severe,16213.44
621,Success,Mild,25164.66
3295,Ongoing,None,21580.32
7149,Failure,Mild,37487.74
13437,Success,Severe,21724.53
11546,Failure,Mild,1923.47
8458,Ongoing,None,49852.88
10033,Success,Severe,14887.4
6479,Success,None,8426.09
14861,Ongoing,None,36028.76
9086,Failure,Mild,35319.77
3399,Ongoing,Severe,2224.76
9058,Ongoing,Mild,43865.02
9219,Failure,Mild,12918.05
3621,Success,Severe,43148.86
3846,Failure,None,40855.56
6679,Failure,Mild,23485.32
10403,Success,None,38130.46
10293,Success,Severe,5950.56
5046,Success,None,9307.9
6654,Ongoing,None,10771.12
5735,Success,None,2726.03
934,Success,Mild,19978.23
7630,Success,Mild,32340.68
2389,Success,None,27658.67
3279,Ongoing,None,3528.26
8682,Success,Mild,5865.15
2151,Success,None,6871.44
7277,Failure,Mild,21896.5
12622,Ongoing,Severe,12508.28
9018,Failure,Severe,22968.92
8237,Success,None,43238.06
7568,Failure,Severe,36287.89
8249,Ongoing,Mild,40640.22
10871,Success,Severe,21936.69
5901,Ongoing,Mild,6853.63
3344,Ongoing,Severe,40110.1
14653,Ongoing,None,36526.29
7208,Success,Mild,14541.73
7946,Success,None,37225.4
2195,Ongoing,Mild,24215.73
2748,Ongoing,Mild,36118.49
13165,Failure,None,34170.13
11987,Success,Mild,34645.69
8313,Success,Severe,29963.66
3729,Failure,Severe,15266.83
5953,Failure,None,18010.64
5402,Ongoing,Mild,24176.33
9267,Failure,Mild,44091.97
6972,Success,Mild,4328.84
13946,Failure,Mild,35309.05
11231,Success,Mild,29923.86
10868,Ongoing,Severe,45228.47
4270,Ongoing,Mild,5116.21
10280,Ongoing,Mild,13085.29
592,Ongoing,Severe,25636.97
11578,Ongoing,Mild,19929.53
5802,Failure,None,32845.3
2681,Success,Mild,15009.23
12582,Success,None,38859.69
12105,Failure,None,18487.19
11095,Ongoing,None,4218.27
14741,Failure,None,36317.18
11973,Success,None,26554.14
3377,Failure,Severe,48012.37
3767,Ongoing,Severe,39491.94
8941,Success,None,44508.25
9723,Failure,Severe,25520.87
4382,Failure,Severe,38416.82
13897,Failure,Severe,35508.57
4118,Failure,Severe,10367.21
3034,Ongoing,Mild,38772.58
9418,Failure,None,22135.38
2146,Failure,None,46323.58
8334,Ongoing,None,4060.75
6928,Failure,Severe,8903.89
6874,Failure,Mild,12576.84
5827,Success,None,33210.58
5914,Success,None,40738.05
735,Ongoing,Mild,19487.54
12144,Success,Mild,41703.85
8438,Failure,None,39902.32
4508,Failure,Severe,16761.3
869,Failure,Mild,8072.75
8439,Success,Mild,43408.1
5368,Success,Severe,23725.25
1046,Ongoing,None,36350.02
362,Failure,None,20917.01
3037,Failure,Severe,42518.24
3516,Ongoing,Mild,11397.96
6872,Success,Mild,36895.26
7486,Success,Mild,1016.25
11211,Success,Severe,25229.11
14140,Failure,Mild,33664.95
2777,Ongoing,Severe,20386.58
4527,Success,Mild,11199.39
13378,Ongoing,Mild,20556.36
11492,Failure,Mild,15066.02
6512,Success,None,3596.5
14011,Ongoing,Severe,48214.03
6697,Success,Mild,18671.51
3526,Ongoing,None,32267.09
8161,Success,Severe,4890.12
11905,Success,Severe,49633.99
4431,Success,Mild,23907.65
1892,Ongoing,Severe,20418.83
10769,Failure,Severe,12121.65
13845,Success,Severe,30395.74
12929,Failure,None,40131.33
8167,Failure,None,4576.05
5275,Ongoing,Severe,41424.13
13172,Ongoing,Mild,19431.66
12919,Failure,None,40704.44
14670,Failure,None,2643.48
12257,Ongoing,None,49000.17
5712,Ongoing,None,29463.91
5218,Ongoing,Severe,7095.52
6595,Ongoing,Severe,32369.54
2400,Success,Mild,34859.47
1033,Failure,Mild,28959.73
334,Success,Severe,17049.32
14446,Ongoing,None,40066.98
14377,Ongoing,Severe,16153.75
2041,Failure,Severe,30424.4
2940,Ongoing,Severe,1815.23
5619,Success,Severe,40660.7
14969,Success,Severe,26879.24
14512,Success,Mild,25837.86
6685,Success,Severe,3029.27
5981,Failure,Mild,48812.53
11110,Success,Mild,49726.01
13319,Ongoing,Severe,44020.19
12244,Success,None,8315.37
8020,Success,None,41741.2
13214,Success,Severe,30535.61
7252,Failure,Mild,37749.18
12144,Success,None,22266.68
8354,Ongoing,None,4040.62
4271,Ongoing,Severe,45283.92
138,Ongoing,Mild,42310.01
3380,Ongoing,Severe,38701.45
11172,Ongoing,Severe,29418.93
11496,Failure,None,15862.73
10050,Failure,Severe,43344.48
6145,Success,Severe,8923.19
5441,Ongoing,Mild,24899.28
7056,Failure,Mild,38666.41
14976,Failure,None,38038.91
5265,Success,None,40067.02
10133,Failure,Severe,42214.39
6830,Success,Severe,24142.57
7269,Success,Mild,36481.32
2846,Success,Severe,28053.42
12218,Ongoing,None,19979.88
2471,Failure,Mild,44996.36
5778,Failure,None,31239.91
10934,Success,Severe,15473.85
3759,Ongoing,Mild,25749.27
2087,Ongoing,Severe,3601.77
14333,Success,None,31308.67
2477,Success,Severe,27958.55
3016,Failure,Mild,6259.51
4757,Success,Severe,25540.83
12037,Ongoing,Severe,17538.16
6983,Success,None,28314.82
339,Ongoing,Severe,40282.95
10466,Success,Severe,42452.84
4767,Success,None,16817.23
9953,Success,None,37305.84
8495,Failure,Severe,14843.1
13225,Success,Severe,15403.23
4077,Failure,Severe,43039.73
685,Ongoing,None,29808.15
3897,Success,None,40808.59
12749,Failure,None,27216.36
9192,Ongoing,Mild,34966.03
5280,Success,Mild,14227.16
11373,Ongoing,None,31465.61
5787,Success,Severe,32641.12
10317,Ongoing,None,25998.43
13792,Ongoing,Mild,30104.75
1779,Success,Severe,6357.02
1178,Success,Severe,2101.93
8176,Ongoing,Mild,32809.92
1960,Failure,None,37457.46
7611,Ongoing,Severe,27102.56
1486,Ongoing,Severe,49477.41
13780,Success,None,38796.69
13280,Failure,Mild,27206.84
8387,Success,Mild,8730.77
8073,Ongoing,None,24598.38
1785,Ongoing,Severe,43389.77
10419,Success,Mild,27281.14
1214,Success,None,36111.49
2646,Ongoing,Severe,34649.35
14932,Failure,Severe,23305.49
77,Success,Mild,46143.12
1672,Ongoing,Mild,19274.89
1172,Success,Mild,35149.14
8369,Failure,Severe,46406.89
7478,Failure,None,26645.29
13172,Success,Severe,40602.79
11621,Ongoing,Mild,25171.03
3995,Success,Mild,37758.78
883,Failure,Severe,48629.83
12168,Ongoing,None,11758.87
36,Success,Mild,9854.91
107,Failure,Mild,30551.78
9796,Ongoing,None,12754.65
11122,Ongoing,None,34481.43
7626,Success,None,34408.82
7296,Success,Mild,3391.34
12272,Ongoing,Mild,15675.77
10596,Failure,Severe,18144.7
12114,Failure,None,33635.43
4499,Ongoing,None,38355.14
12952,Success,Severe,30931.96
8002,Failure,None,20339.24
2610,Success,Severe,2268.48
2214,Ongoing,None,24190.36
13507,Ongoing,Severe,11361.98
11043,Failure,Mild,48971.87
4010,Ongoing,None,17277.38
13611,Success,None,12760.1
14683,Failure,None,44070.61
8043,Ongoing,None,41011.36
3600,Failure,Severe,47293.7
13347,Failure,Mild,26508.95
1678,Failure,None,5316.28
5812,Success,Severe,12020.28
14673,Success,Mild,11492.03
7783,Failure,None,5812.53
5412,Ongoing,None,46925.97
6722,Success,Mild,8589.11
1010,Failure,Severe,20522.02
10048,Success,None,43832.33
13935,Success,Mild,32079.06
10963,Failure,Mild,15578.02
2235,Ongoing,Mild,12604.75
8715,Ongoing,Severe,17079.72
9092,Ongoing,None,48797.59
14640,Success,Severe,4031.96
6271,Success,Mild,18956.69
9178,Success,None,14657.27
1788,Ongoing,Mild,33910.77
7728,Ongoing,None,44958.21
944,Failure,Severe,42282.47
8148,Success,Severe,9766.21
11253,Failure,Mild,13595.21
7527,Success,Mild,26470.82
5398,Success,Mild,28103.63
4011,Ongoing,Severe,34377.26
1496,Ongoing,None,14439.15
11277,Ongoing,Severe,18629.83
2214,Ongoing,None,12725.0
13838,Failure,Severe,31786.41
11812,Success,None,15169.46
13209,Ongoing,None,11790.51
2370,Success,None,46020.91
14982,Success,Mild,38934.06
961,Success,Severe,19546.84
778,Failure,Mild,28394.55
2332,Ongoing,None,2018.31
10846,Success,Severe,26614.54
4585,Failure,Mild,17198.12
787,Failure,Mild,46547.14
6470,Ongoing,None,7154.48
6621,Ongoing,Severe,34064.69
6344,Failure,None,36202.93
3523,Ongoing,Severe,9975.0
2126,Failure,Severe,10627.21
14879,Failure,Mild,2318.89
6009,Ongoing,Severe,19512.22
10846,Ongoing,None,18096.25
7711,Ongoing,Mild,41623.73
5444,Success,Mild,34689.67
7555,Failure,Mild,7973.41
1561,Success,None,18013.94
13455,Failure,Mild,43823.64
9263,Ongoing,None,15895.53
12162,Success,Mild,6023.21
5511,Ongoing,Severe,26556.73
1033,Success,None,16309.21
25,Success,Mild,27901.11
12430,Success,None,29283.06
6254,Ongoing,None,19401.72
7979,Failure,Mild,48102.03
2137,Success,Mild,37642.83
4889,Success,None,5895.37
13431,Failure,Mild,11840.05
10392,Failure,Severe,6928.49
2689,Failure,Severe,15295.78
227,Success,None,21780.33
4935,Ongoing,None,20945.27
5182,Failure,Severe,48105.53
5207,Success,None,31374.68
863,Failure,Severe,8726.11
10359,Success,Severe,9543.01
1038,Failure,Severe,25044.86
11805,Success,Severe,9866.39
6250,Failure,Mild,7636.98
1392,Success,None,8660.84
6545,Success,Mild,1331.82
11254,Ongoing,None,28764.2
10919,Failure,Mild,23521.11
3838,Success,Severe,38715.36
6534,Failure,Mild,45715.88
5495,Failure,Severe,4651.46
6766,Failure,Severe,45413.04
5358,Success,Mild,22829.61
9584,Success,None,26256.12
11378,Ongoing,Severe,22747.27
11288,Failure,None,28850.06
13872,Failure,None,18022.76
11026,Failure,Mild,9613.69
4830,Success,Severe,5450.14
4406,Ongoing,None,34631.9
2097,Ongoing,Mild,3126.82
6223,Ongoing,Mild,31185.14
9573,Ongoing,Mild,5412.12
2250,Failure,Mild,15527.35
11850,Failure,Severe,43396.71
13261,Success,Severe,26670.39
4561,Failure,Mild,5349.37
5942,Failure,Severe,4029.34
3371,Success,None,40764.58
4595,Failure,None,33453.49
7045,Success,None,20166.87
5424,Failure,Mild,34134.91
13749,Ongoing,Mild,1522.08
6142,Ongoing,None,19673.78
11001,Ongoing,Severe,21879.5
1296,Success,Mild,17350.46
2374,Failure,None,22353.67
1618,Failure,None,35581.21
14709,Ongoing,None,20852.33
14417,Ongoing,None,6406.07
2962,Success,Mild,9960.31
1630,Failure,Mild,2864.22
7111,Ongoing,Severe,39938.75
11879,Failure,None,4073.83
5547,Ongoing,Mild,24299.06
8786,Failure,Mild,45842.29
8715,Success,Severe,26281.56
1063,Ongoing,Severe,41741.23
12586,Ongoing,Mild,23738.41
2294,Failure,None,1126.13
4268,Failure,Severe,24496.65
4193,Failure,None,16575.13
7054,Ongoing,Mild,13514.47
9409,Ongoing,Severe,29688.08
1761,Failure,None,37220.37
8281,Ongoing,None,46953.59
13887,Ongoing,None,3856.49
4376,Success,Severe,21126.95
14462,Ongoing,None,15432.12
1983,Ongoing,Mild,23496.2
14740,Success,Mild,47166.12
462,Ongoing,Mild,17618.89
11326,Ongoing,Mild,9629.43
149,Ongoing,Severe,46853.59
9504,Ongoing,Mild,2153.12
13207,Success,None,24773.6
6943,Success,Severe,43941.47
7525,Success,Severe,47605.71
2423,Failure,Mild,15059.81
11704,Failure,Severe,16623.52
5477,Ongoing,None,20571.36
12682,Success,Severe,43601.68
5687,Failure,None,32722.53
10754,Failure,Mild,35655.21
12615,Failure,Severe,20754.21
13585,Ongoing,Severe,36864.98
6320,Success,Severe,10677.59
5214,Ongoing,Mild,30997.01
13018,Success,Severe,16216.89
10170,Ongoing,None,10519.94
8261,Ongoing,Severe,25660.93
87,Failure,None,31098.67
8982,Success,None,13306.16
1291,Success,Mild,14814.34
8452,Success,Mild,21066.83
10905,Ongoing,Mild,33140.44
11019,Success,Mild,45243.76
8238,Ongoing,None,6706.63
9979,Failure,None,21576.69
14789,Ongoing,Severe,5919.25
7240,Success,Severe,26118.37
398,Failure,Mild,15433.05
6679,Success,Mild,36042.27
7994,Failure,None,9513.03
6919,Ongoing,None,27661.22
9860,Success,None,43115.96
5152,Failure,None,15500.93
9431,Failure,Mild,32844.33
3928,Ongoing,None,6667.79
8543,Failure,None,7589.13
4290,Success,Mild,9293.41
3463,Success,None,7797.61
13314,Success,None,44502.19
10221,Ongoing,Mild,13139.55
12277,Ongoing,None,40959.01
1719,Ongoing,Severe,37748.64
2470,Success,Severe,41722.15
6644,Success,Severe,17166.78
14877,Success,Mild,30290.48
12827,Success,Severe,42361.76
7086,Ongoing,Severe,45897.64
11846,Ongoing,None,36248.2
10561,Ongoing,None,11238.86
2383,Failure,None,47827.1
13144,Ongoing,None,9213.08
6515,Ongoing,Mild,21162.95
7970,Ongoing,Mild,47571.41
13468,Success,None,26265.1
11987,Success,None,19247.32
8507,Ongoing,Mild,10440.31
12206,Failure,Mild,42395.0
3369,Ongoing,Severe,30847.79
14102,Ongoing,None,22859.59
1720,Ongoing,Severe,22860.04
8942,Success,None,11127.82
10802,Ongoing,Mild,43540.51
9300,Failure,Mild,19733.63
14409,Ongoing,Mild,6240.01
9328,Ongoing,None,47124.0
9840,Failure,None,12605.26
3804,Failure,Severe,25205.43
8952,Success,Mild,22454.82
1730,Success,Severe,19236.27
6526,Success,None,21809.83
5988,Failure,Severe,2806.27
14818,Failure,None,36041.63
12187,Failure,None,37412.43
13073,Failure,Severe,35021.51
1747,Failure,Severe,32528.09
13336,Failure,None,45992.29
1225,Ongoing,None,21089.72
42,Success,Mild,23802.79
413,Failure,Severe,26241.99
1638,Failure,Mild,48030.93
1980,Ongoing,None,24269.43
7126,Ongoing,Mild,19614.4
14550,Success,None,30684.89
2806,Success,Severe,48391.67
13880,Failure,None,29418.04
12415,Failure,Mild,7695.54
4038,Success,Severe,44642.77
7011,Ongoing,Severe,49087.26
9084,Ongoing,None,45191.21
12461,Ongoing,Severe,7180.79
12309,Ongoing,Mild,43278.06
12571,Success,Severe,7553.83
5802,Ongoing,Severe,49864.96
7529,Success,Mild,29437.62
6260,Failure,None,14697.03
6357,Ongoing,Mild,40925.16
5959,Success,None,33077.48
10120,Success,Mild,41555.24
13479,Success,Mild,14388.03
13213,Failure,Severe,17613.13
1397,Failure,Severe,15482.78
11152,Ongoing,Mild,15161.87
10704,Success,Mild,17786.61
4599,Ongoing,Severe,35549.57
13454,Success,Severe,30068.0
2254,Failure,None,28277.42
956,Failure,Mild,27383.61
790,Success,Severe,44585.69
14093,Ongoing,Severe,25257.3
6388,Success,Mild,41488.68
3506,Success,Severe,48178.02
13865,Ongoing,Mild,44705.05
4207,Failure,Mild,20317.41
3252,Failure,Mild,7443.13
582,Ongoing,None,11383.64
10204,Failure,None,8725.98
13560,Ongoing,Mild,37152.35
11863,Success,None,27769.09
1822,Ongoing,Mild,15622.7
9517,Ongoing,Severe,48235.03
5202,Ongoing,Severe,30474.79
7355,Ongoing,Mild,28215.06
10315,Ongoing,None,42713.14
6928,Success,Mild,14123.09
9337,Ongoing,Mild,13979.1
8903,Success,Severe,34758.6
200,Failure,Mild,49934.09
12309,Failure,Mild,49208.53
8212,Success,Severe,10082.25
6789,Failure,None,15451.79
12876,Success,None,25813.97
3337,Failure,Mild,14829.58
464,Failure,Mild,46729.19
1788,Failure,None,47407.78
12058,Ongoing,None,46552.15
13964,Ongoing,None,29176.3
10978,Success,Mild,9009.61
1203,Success,Severe,33890.89
1659,Success,Mild,42340.14
6954,Failure,Mild,33720.26
9598,Ongoing,None,30973.26
3292,Failure,Severe,19319.7
11966,Ongoing,Mild,18594.21
5427,Ongoing,None,27394.41
1039,Ongoing,Severe,27107.83
7779,Success,Mild,9034.14
2056,Success,Mild,22417.52
11209,Success,Severe,30751.88
7719,Ongoing,None,19587.24
12516,Ongoing,Mild,31702.43
871,Failure,Mild,35365.99
11623,Failure,Severe,16211.37
8825,Success,Mild,3308.14
4258,Ongoing,Mild,26664.32
3906,Success,Severe,48092.68
2408,Success,Mild,9317.3
5932,Failure,None,33432.25
11149,Success,Mild,14551.64
3652,Failure,None,26729.79
10605,Ongoing,None,26196.61
14330,Ongoing,None,36765.57
7504,Ongoing,Severe,18493.81
9561,Ongoing,Severe,2099.98
3466,Failure,Severe,39549.08
9445,Success,None,28037.55
8819,Ongoing,Severe,10455.91
9973,Failure,Mild,42453.87
11012,Failure,Mild,16909.7
3953,Success,Severe,17998.49
7315,Success,None,19097.87
14349,Failure,Mild,46895.87
3773,Failure,Severe,29086.36
10992,Failure,None,25180.02
4916,Ongoing,Severe,41360.14
4589,Ongoing,Severe,1177.96
4441,Success,Mild,7758.15
980,Ongoing,Mild,6324.93
13566,Success,Severe,44453.57
3751,Ongoing,Severe,46901.23
13723,Success,None,34097.15
1836,Failure,Severe,34162.69
3131,Failure,Severe,35416.52
6221,Ongoing,Severe,43980.7
8998,Ongoing,Mild,49407.37
9819,Success,Mild,7130.22
14565,Success,Mild,13199.08
10878,Success,None,32435.33
12644,Success,Severe,43479.09
5012,Ongoing,Mild,15838.64
14183,Failure,Mild,43059.37
12644,Success,Severe,25714.14
1505,Ongoing,None,35044.63
6246,Ongoing,Mild,41297.45
14927,Failure,Mild,39387.91
10347,Failure,None,12369.15
10388,Success,None,25424.28
14919,Failure,Severe,23518.53
9061,Failure,Severe,14380.5
14600,Success,None,28687.17
9366,Success,Severe,21877.79
12990,Ongoing,Mild,34943.34
6846,Ongoing,Severe,24152.77
14461,Success,Mild,30595.75
7445,Failure,Severe,12853.27
8057,Success,None,20660.44
6897,Ongoing,Severe,8655.12
1322,Ongoing,None,32544.73
4741,Failure,Severe,45956.09
6824,Ongoing,None,3757.22
8513,Ongoing,Severe,12494.61
379,Failure,Severe,9112.78
4899,Ongoing,Severe,3461.83
11558,Failure,Mild,14600.48
2796,Failure,None,40269.52
3141,Ongoing,Severe,39326.35
2876,Failure,Severe,41957.51
12136,Ongoing,Severe,35453.61
10110,Success,Severe,20601.15
10127,Ongoing,None,13619.2
12808,Ongoing,Mild,29013.71
5621,Ongoing,Mild,13823.61
2966,Ongoing,Mild,47899.17
1711,Success,Mild,41142.6
2733,Success,None,16499.44
8429,Failure,None,10331.47
8063,Ongoing,None,39221.22
2347,Success,Severe,41295.3
2287,Failure,Mild,35181.94
14769,Ongoing,Severe,1456.77
700,Success,None,22658.01
2093,Success,Mild,17285.6
11668,Failure,Mild,34490.96
544,Ongoing,Severe,1235.8
10044,Failure,Mild,28190.25
2530,Success,None,44911.68
2218,Success,Mild,22141.79
11822,Failure,Severe,32033.75
2827,Ongoing,None,31958.48
12314,Ongoing,Severe,34842.72
4773,Ongoing,Severe,24872.18
2133,Success,Severe,49125.45
8253,Success,Mild,45995.4
10914,Ongoing,Severe,42458.92
6593,Ongoing,None,25522.35
326,Ongoing,Severe,12247.67
6665,Failure,Mild,45632.23
7277,Failure,Severe,11644.42
8560,Success,None,10297.16
10436,Failure,Severe,19509.99
10697,Ongoing,Mild,10973.04
8312,Ongoing,None,49667.2
9495,Ongoing,Severe,26279.62
10765,Ongoing,Mild,38787.56
12986,Ongoing,Severe,21960.21
12357,Failure,Severe,49393.43
10120,Ongoing,None,40915.84
12510,Failure,Severe,9815.12
2990,Success,None,4826.09
10393,Success,Severe,1592.27
3819,Failure,Severe,21197.19
2320,Success,None,44233.38
1606,Ongoing,Severe,4974.59
4922,Failure,Mild,2577.03
10836,Failure,Severe,24481.57
3079,Ongoing,Severe,40851.44
6147,Failure,Mild,3992.71
2583,Success,Severe,3406.64
14558,Success,Severe,17758.55
7093,Success,None,37321.75
179,Ongoing,None,30114.4
10055,Failure,Severe,31121.76
9245,Success,Mild,4661.5
9514,Failure,Severe,25286.57
10144,Ongoing,Mild,22558.33
10749,Ongoing,Severe,20353.48
9289,Failure,None,42201.15
9649,Success,None,39187.93
12929,Success,Severe,4535.28
10745,Success,Mild,40104.57
14047,Failure,Severe,37239.7
5960,Failure,Severe,34728.44
4922,Ongoing,None,39354.52
4876,Ongoing,Severe,16608.79
5987,Success,Severe,23053.23
2700,Success,Mild,14230.25
5624,Success,Severe,5708.97
10590,Success,Severe,16148.11
990,Success,None,29694.71
9,Ongoing,Severe,9481.04
3155,Failure,Mild,35594.39
6081,Ongoing,Mild,26224.1
3319,Success,Mild,42720.66
7661,Failure,None,4185.55
1159,Success,Severe,47522.47
3016,Ongoing,Mild,6837.29
10762,Success,None,34945.78
14670,Ongoing,None,21555.85
1337,Failure,None,24764.5
1409,Ongoing,Severe,46150.66
13188,Failure,Mild,42199.53
11322,Ongoing,Mild,46350.24
1962,Ongoing,Severe,49629.21
5065,Ongoing,Mild,44819.97
8817,Failure,None,40438.2
3244,Success,Severe,2923.27
13646,Failure,None,9735.91
6913,Ongoing,Severe,6585.22
547,Ongoing,None,46168.59
10275,Failure,None,32736.27
13819,Success,None,21911.32
11693,Success,Severe,16282.23
1612,Success,Severe,23024.16
2452,Ongoing,Mild,47398.22
11790,Ongoing,Mild,3105.18
2619,Success,Severe,2939.52
2822,Success,Mild,7892.54
13471,Failure,Mild,22352.17
5497,Ongoing,None,8483.9
14496,Ongoing,Severe,1240.66
182,Failure,Mild,13593.62
4381,Success,Mild,43279.3
8925,Failure,Mild,7843.61
1271,Ongoing,Severe,4819.27
1897,Success,Mild,31663.82
11177,Failure,Mild,7665.53
8965,Success,Severe,18114.4
5526,Failure,Severe,3234.18
10707,Failure,None,43450.16
5720,Failure,Severe,1565.62
11178,Failure,Severe,6720.1
9455,Failure,None,6780.64
9769,Ongoing,Severe,15210.54
4209,Ongoing,Mild,37144.55
10049,Success,Severe,24532.15
6557,Failure,Mild,31213.21
8789,Ongoing,Mild,45347.66
6829,Ongoing,Mild,31355.01
3735,Ongoing,Severe,12985.21
12913,Success,Mild,23730.95
2365,Success,None,17142.27
906,Ongoing,Mild,48430.47
9233,Success,Severe,26652.21
4283,Ongoing,None,31923.12
6909,Failure,None,12892.71
5535,Failure,None,23305.7
6598,Ongoing,None,10138.03
3513,Success,Severe,21805.12
167,Success,Mild,8875.0
14717,Failure,None,22563.18
4559,Ongoing,Mild,29721.04
1922,Ongoing,None,12521.94
6471,Ongoing,None,6698.31
9483,Success,Severe,9177.66
1333,Ongoing,Severe,37659.67
4289,Ongoing,Mild,38416.23
12638,Failure,Mild,10918.68
2107,Failure,Severe,30278.5
64,Ongoing,Severe,33971.75
163,Ongoing,None,47991.77
10977,Success,Mild,45210.99
7560,Success,None,22174.83
7062,Failure,Mild,35587.92
225,Success,Mild,12445.69
9993,Ongoing,Mild,46100.71
9037,Ongoing,None,28480.22
7904,Ongoing,Severe,38110.15
9653,Failure,Severe,40289.2
14907,Ongoing,Severe,24434.11
6576,Ongoing,Mild,6244.95
13451,Success,Mild,24401.91
9352,Ongoing,Severe,1779.23
12805,Failure,Mild,26926.25
6319,Ongoing,Mild,24627.41
9968,Ongoing,None,48325.23
11333,Failure,Severe,45595.93
12493,Ongoing,Mild,16081.18
11911,Ongoing,Mild,22012.1
14742,Ongoing,None,23586.42
4347,Failure,Severe,31867.19
12511,Failure,None,24683.14
13996,Failure,Severe,6954.0
7301,Failure,Mild,32135.57
10354,Ongoing,None,34462.67
2928,Ongoing,Severe,36494.67
3904,Success,Severe,40235.59
820,Failure,Mild,24322.38
2767,Ongoing,Mild,4972.1
5767,Success,Mild,27955.53
11302,Ongoing,Mild,25857.11
1663,Success,Mild,17257.57
40,Failure,None,32337.09
2140,Ongoing,None,18366.15
6838,Failure,None,1182.9
6182,Failure,Severe,16101.83
14649,Success,Mild,25465.41
5196,Success,None,14854.84
6023,Ongoing,Mild,7664.97
11398,Success,None,28414.82
3645,Success,Mild,6876.93
3744,Success,Severe,30187.11
4406,Failure,Severe,43659.06
552,Ongoing,Mild,49414.84
11870,Ongoing,Severe,14527.74
4894,Failure,Severe,37992.66
4167,Ongoing,Severe,32989.21
9645,Failure,Mild,5940.01
12168,Failure,Mild,39973.95
4614,Ongoing,Mild,34831.36
13975,Success,Severe,32277.88
13158,Ongoing,Mild,46673.85
4732,Failure,Severe,30624.51
7825,Success,Severe,8517.58
7405,Ongoing,Mild,30645.17
3905,Ongoing,Severe,22218.77
9411,Ongoing,Severe,32744.84
2100,Ongoing,None,45808.02
6845,Success,None,48341.56
7346,Failure,Mild,30501.28
11016,Success,None,22792.74
767,Ongoing,None,15666.23
8203,Success,Mild,20830.73
4001,Success,Severe,8623.77
7277,Failure,Mild,25061.24
12855,Ongoing,Severe,28008.09
3140,Failure,None,37073.81
541,Success,Mild,40332.61
9020,Failure,Mild,7515.87
2108,Success,None,10231.93
6437,Ongoing,None,17226.45
9272,Failure,Severe,45287.33
7112,Failure,Severe,2033.33
6719,Ongoing,None,41735.3
10708,Success,Mild,37618.22
14348,Failure,Mild,48068.17
11987,Success,Mild,38309.44
9930,Failure,Mild,3667.36
10905,Success,Mild,15929.75
14469,Failure,Severe,42908.63
14258,Success,None,42696.47
4548,Failure,None,5948.2
10983,Failure,Severe,41774.29
12789,Success,None,8908.42
414,Success,Severe,33252.15
11347,Failure,Severe,43905.93
1489,Ongoing,Severe,26818.33
8994,Success,Severe,18131.52
7694,Ongoing,None,12412.35
746,Failure,Severe,1732.16
1777,Failure,None,23994.96
14135,Success,Severe,42776.12
13872,Failure,None,42465.66
2070,Failure,Mild,49117.4
9580,Ongoing,Severe,37916.7
6717,Failure,Mild,21908.02
9959,Ongoing,Severe,27299.13
13850,Success,None,1421.01
2500,Failure,Severe,31008.47
1165,Failure,Severe,48916.16
2744,Success,Severe,34377.84
2296,Failure,Severe,47839.68
7760,Failure,Severe,37461.32
443,Ongoing,None,40576.87
907,Ongoing,Severe,8571.58
3194,Ongoing,None,41823.63
8958,Ongoing,Mild,48987.7
4783,Failure,Mild,46909.38
10861,Failure,Mild,25362.65
10129,Failure,None,40278.76
9929,Success,None,26910.86
12211,Failure,Mild,4143.51
5202,Ongoing,Mild,37192.21
3853,Success,None,15803.51
14953,Success,Severe,18574.85
2534,Failure,Severe,23938.15
2578,Success,Mild,32818.7
890,Ongoing,Severe,41762.69
7699,Failure,Mild,46838.98
4361,Success,Mild,41016.05
9135,Failure,Mild,18349.06
1436,Failure,Severe,19773.13
12667,Failure,None,45942.87
12160,Ongoing,Mild,2407.21
4788,Failure,None,6075.74
7704,Ongoing,Severe,33389.32
1889,Ongoing,None,48544.6
10100,Success,None,5703.18
11655,Success,None,12451.99
11940,Ongoing,Severe,8873.31
3748,Failure,Mild,26088.11
13186,Success,Mild,15393.17
10212,Success,Mild,5932.86
3957,Success,Severe,46427.82
9515,Success,Severe,15590.11
11218,Ongoing,Severe,37125.36
8380,Ongoing,Mild,12037.39
7890,Success,Mild,5902.07
14368,Success,Mild,3517.21
12173,Ongoing,Mild,45311.12
2077,Success,Severe,37493.18
6188,Success,Mild,38196.46
14401,Ongoing,None,2022.5
6196,Failure,None,11047.66
8136,Failure,None,48300.84
7684,Success,None,2743.6
7013,Success,Severe,5519.85
14863,Failure,Mild,37305.07
3204,Failure,Mild,46722.54
11936,Failure,Mild,42793.44
10666,Failure,Mild,35132.17
2636,Ongoing,Severe,19920.18
8053,Success,Severe,44566.86
5598,Failure,Severe,28190.85
13051,Failure,Mild,10696.2
12818,Failure,None,3723.73
13301,Failure,Severe,32584.49
6833,Failure,None,10657.59
12950,Failure,Mild,9917.69
12939,Failure,None,21723.64
14265,Ongoing,None,1766.68
14259,Success,None,42610.01
11373,Failure,Mild,35972.56
7013,Success,Severe,25418.17
4115,Success,Severe,1867.81
4287,Failure,Mild,45136.28
6845,Failure,Severe,11723.57
4129,Ongoing,None,42953.11
2395,Success,Mild,36318.61
14199,Ongoing,Severe,34816.8
11464,Failure,None,47343.56
4435,Ongoing,Severe,46154.68
242,Ongoing,Mild,35221.54
3690,Ongoing,None,37718.86
4826,Success,Mild,23685.09
2696,Ongoing,None,42262.84
2706,Success,None,33550.0
1840,Success,None,45514.04
10148,Failure,Severe,22177.18
5321,Ongoing,Severe,17997.95
8261,Failure,Severe,45569.73
6761,Failure,None,30496.03
356,Success,None,7131.25
1446,Success,Mild,42665.36
14112,Ongoing,Severe,49520.09
7350,Failure,Mild,30309.51
5842,Ongoing,None,20636.22
10137,Failure,None,38231.02
8531,Ongoing,Mild,42500.24
2564,Failure,None,3938.8
7859,Success,None,47888.82
3989,Success,Mild,14161.63
1313,Ongoing,Severe,3159.36
11727,Failure,Mild,42232.57
11439,Success,Severe,20352.33
4646,Failure,Mild,38586.9
9242,Success,Severe,13848.63
11620,Success,Mild,39635.51
10907,Failure,Severe,25283.31
2302,Failure,None,11106.72
89,Success,Mild,37916.03
3478,Success,None,48714.66
2023,Success,Severe,28965.45
13431,Failure,Severe,49718.18
3012,Success,Mild,25141.06
13007,Ongoing,None,27541.47
11951,Ongoing,Severe,4381.37
3545,Ongoing,Mild,46989.76
2272,Success,Mild,10365.53
14480,Failure,Mild,34985.13
13907,Failure,Mild,31150.26
12765,Success,Mild,48894.37
6080,Success,Severe,24971.75
4884,Success,None,29587.43
10438,Success,Severe,49158.62
8633,Success,Mild,18185.25
14772,Failure,None,10343.49
14103,Success,Mild,20578.59
3664,Success,None,26021.09
14300,Failure,Mild,31622.33
5777,Success,Severe,39969.54
88,Success,Severe,25740.64
3867,Failure,Mild,2285.81
11671,Success,None,20133.82
14236,Ongoing,Mild,18951.31
71,Failure,Severe,10883.01
9171,Failure,Mild,36941.5
11878,Success,Severe,24132.83
2185,Success,Severe,28815.88
3190,Ongoing,None,17948.32
4350,Failure,None,15803.19
6102,Ongoing,Mild,6040.15
1569,Failure,Severe,47682.11
43,Ongoing,None,43974.25
13547,Ongoing,Severe,42464.0
12593,Success,Mild,11174.5
13225,Ongoing,Mild,45817.67
5436,Ongoing,None,3169.47
442,Success,Severe,45148.08
12653,Success,None,12999.41
6018,Ongoing,None,33730.66
13918,Ongoing,None,36776.36
1703,Failure,Severe,2955.37
11535,Failure,None,18056.35
7206,Success,None,45816.16
2366,Ongoing,None,18057.17
14521,Ongoing,None,40723.79
6785,Success,None,11925.74
7373,Success,Mild,9584.64
556,Ongoing,Severe,1778.14
11997,Failure,Severe,45289.22
11385,Success,Mild,36458.8
8049,Failure,None,13351.44
954,Ongoing,Severe,29099.56
4948,Ongoing,Mild,4264.87
6297,Failure,None,2434.72
9192,Success,None,33050.89
6916,Ongoing,Severe,3547.59
13020,Success,Mild,3105.1
8184,Success,Severe,13554.22
6347,Ongoing,None,1592.37
11765,Failure,Severe,46166.83
12239,Ongoing,None,22596.86
6369,Failure,Mild,39842.36
2408,Failure,Mild,39092.24
4379,Failure,Severe,42146.63
6693,Failure,Severe,15094.92
10208,Failure,Mild,18873.02
12433,Failure,Mild,30961.4
1085,Failure,Severe,44340.69
1953,Success,Mild,22258.32
6945,Ongoing,Mild,34095.24
3594,Ongoing,Severe,46625.73
4776,Ongoing,None,26996.28
7153,Ongoing,Mild,4903.35
14007,Success,Severe,35421.4
10537,Failure,None,29964.2
12889,Success,Severe,10663.99
3788,Failure,Severe,26537.86
14090,Failure,Severe,28348.52
9592,Failure,None,27394.09
7079,Success,Severe,48435.35
12956,Success,Severe,15855.08
2685,Ongoing,None,7816.46
7117,Ongoing,Mild,38454.16
5209,Failure,Mild,34764.76
11411,Success,Severe,14600.77
6786,Ongoing,Severe,22629.26
11485,Ongoing,Mild,24173.92
11891,Ongoing,Mild,11315.38
1005,Failure,Mild,19460.62
3187,Success,None,21573.47
12298,Success,Mild,45047.79
1807,Ongoing,None,29393.71
8137,Ongoing,Severe,22274.86
10084,Success,Mild,38737.19
8702,Failure,Severe,38752.44
1003,Failure,Mild,45682.22
8356,Ongoing,Severe,37726.14
1623,Success,Severe,24799.28
2982,Ongoing,Severe,5214.21
302,Success,Severe,44412.19
5056,Success,Mild,31732.89
5062,Ongoing,None,22161.0
5186,Failure,None,27620.36
2293,Failure,Severe,47787.14
4917,Success,Mild,33830.37
13819,Success,Severe,13848.74
3719,Failure,Severe,26343.83
1966,Failure,Mild,10598.65
10417,Success,None,42324.98
2430,Success,None,33849.0
6117,Ongoing,None,45551.3
11725,Success,Mild,14903.13
8050,Success,Severe,23277.39
1183,Failure,Mild,11645.55
12775,Ongoing,Mild,43633.58
11836,Failure,Severe,19221.29
13426,Failure,Severe,5988.31
3027,Success,None,30290.99
3917,Success,Mild,22558.55
8065,Success,Severe,31665.25
3803,Success,Severe,25470.98
6315,Failure,Mild,28052.55
10231,Failure,None,9507.53
7316,Failure,Mild,4354.56
11014,Ongoing,Severe,36950.62
12851,Success,Mild,49138.59
4170,Failure,None,47506.27
7321,Failure,Severe,46014.82
2536,Ongoing,None,20388.55
9309,Failure,Severe,45139.83
4372,Ongoing,Severe,33924.21
983,Failure,Severe,6548.11
3096,Success,Severe,46631.03
13825,Success,Mild,26521.05
257,Failure,Mild,43045.76
1578,Ongoing,None,8258.81
1997,Success,Mild,1740.68
2704,Success,None,25928.26
6810,Ongoing,None,24191.45
9747,Ongoing,Severe,17334.03
2549,Failure,Mild,24269.7
13335,Ongoing,None,13012.79
2796,Failure,Severe,25965.32
5410,Success,Mild,24118.47
678,Success,Severe,18551.13
4029,Success,Mild,35569.39
14682,Failure,Severe,6787.87
4391,Success,Severe,12940.72
6084,Failure,Mild,43802.59
1365,Success,Mild,7484.54
4071,Failure,Mild,34640.53
7006,Success,Severe,46472.98
4690,Success,Severe,28579.9
7690,Failure,Mild,46018.34
11803,Success,Severe,18822.38
9762,Ongoing,Mild,25330.03
14899,Ongoing,None,11760.8
6,Success,Severe,41791.91
13215,Failure,None,14308.02
9038,Ongoing,Severe,44274.52
499,Failure,Severe,35339.51
3772,Ongoing,Severe,25093.95
11340,Ongoing,None,6690.21
13272,Failure,Severe,34459.32
5896,Failure,Severe,23741.26
3103,Success,Mild,32075.44
8202,Success,None,44983.78
14352,Failure,None,19675.88
10059,Failure,None,35709.57
6317,Ongoing,None,48033.2
11601,Ongoing,Severe,19922.46
12230,Ongoing,Mild,32776.44
9927,Success,Severe,18569.01
14088,Ongoing,Severe,7967.11
7308,Failure,Severe,42991.79
14527,Success,None,16071.2
11928,Success,Mild,40093.65
4181,Failure,Mild,26436.02
1497,Ongoing,Mild,27667.07
11253,Failure,Severe,33946.63
10734,Failure,None,16114.83
3462,Ongoing,None,21642.64
6378,Failure,Severe,39018.29
13855,Success,Mild,16602.82
1309,Failure,None,12205.28
12615,Failure,Severe,15512.62
1542,Ongoing,Mild,5231.9
1316,Ongoing,Severe,8507.49
10652,Success,Mild,45261.53
14274,Ongoing,None,41602.0
6159,Success,None,28785.25
10824,Failure,Mild,35080.24
8,Success,Mild,31418.59
2222,Success,Severe,11356.72
14736,Failure,Mild,21588.66
9156,Failure,None,18269.92
12534,Success,None,26777.9
6555,Ongoing,Severe,32700.15
8416,Failure,Severe,20337.53
12388,Failure,Severe,17617.14
14832,Failure,Mild,34295.85
11440,Failure,Mild,40263.99
1280,Success,Mild,21343.16
9032,Failure,Severe,32858.84
234,Failure,Mild,41689.72
10469,Ongoing,Mild,48703.8
7042,Failure,Severe,21432.15
7465,Success,Severe,2228.35
7530,Ongoing,Severe,46973.33
72,Failure,Severe,46748.67
12010,Failure,Severe,31761.85
2287,Failure,None,42839.1
14362,Ongoing,None,42271.35
229,Ongoing,Severe,13716.67
5088,Success,Mild,32827.31
6585,Ongoing,Severe,6123.95
513,Failure,None,6473.28
11588,Success,Mild,48426.32
11116,Failure,Mild,3877.22
377,Failure,Mild,41630.68
7651,Ongoing,Mild,49748.16
8516,Failure,Mild,27547.68
4547,Failure,None,5121.6
12398,Ongoing,Severe,17239.57
13839,Ongoing,Mild,6502.13
7023,Success,None,42415.57
6031,Failure,None,30645.72
1540,Success,Severe,1167.48
660,Ongoing,Mild,32875.86
5073,Failure,Severe,46160.91
1011,Failure,None,10101.67
6482,Success,Mild,26444.46
4482,Ongoing,Severe,12359.9
9243,Success,Mild,23975.93
9817,Ongoing,Severe,21836.39
471,Ongoing,None,34390.18
11157,Success,Severe,47182.6
2826,Success,Mild,25161.27
8898,Ongoing,None,24587.31
6238,Failure,Mild,10057.39
7760,Failure,Severe,7732.16
5883,Ongoing,Mild,45057.48
6415,Ongoing,Mild,25462.81
5279,Failure,None,33193.98
6864,Ongoing,Severe,23871.19
6976,Failure,Mild,31767.88
2239,Success,Mild,27157.31
8009,Success,None,36083.56
13135,Failure,Mild,20668.69
10642,Success,Severe,39472.29
8147,Ongoing,None,35176.5
10067,Ongoing,Mild,45284.93
8115,Failure,None,19790.48
10005,Success,Severe,1022.63
14543,Failure,Severe,23760.65
6018,Success,Mild,31801.16
13843,Ongoing,Mild,36303.51
13055,Ongoing,None,34141.56
6613,Success,Mild,42265.84
6246,Failure,None,42868.4
2523,Failure,None,38304.69
4945,Ongoing,Severe,21528.7
9663,Failure,Severe,21486.91
4527,Failure,Severe,49101.46
6780,Ongoing,Severe,47338.18
7116,Failure,Mild,2605.43
7497,Failure,Mild,25598.52
7494,Ongoing,None,4318.17
12932,Success,Mild,12373.93
5205,Ongoing,Mild,7320.58
9364,Success,Mild,33525.31
9006,Ongoing,Severe,34306.84
3346,Failure,None,2434.22
6563,Failure,Severe,39102.72
674,Success,Severe,10027.58
3491,Ongoing,Severe,3192.63
12819,Success,Severe,14100.94
7162,Success,None,16389.63
13789,Failure,None,5144.5
12300,Failure,None,43022.78
12361,Ongoing,Severe,32681.27
10220,Failure,None,42547.05
4122,Failure,Severe,25776.39
2914,Success,Severe,49036.53
14629,Failure,None,12911.8
1031,Ongoing,Mild,6529.89
6323,Ongoing,Mild,1794.71
7471,Ongoing,Mild,44571.42
13784,Ongoing,None,49795.77
2963,Failure,Severe,49509.74
13776,Failure,Mild,14380.6
5187,Success,None,5086.97
9246,Ongoing,Severe,3673.84
11075,Success,None,36605.97
11744,Ongoing,Mild,16503.32
3577,Ongoing,Mild,23986.54
6307,Ongoing,Severe,18906.71
1625,Ongoing,Mild,23576.42
2830,Ongoing,None,16798.37
5614,Success,None,44878.59
6486,Failure,Mild,45359.78
10140,Success,None,10479.81
1006,Failure,Mild,38718.59
14363,Success,None,16354.17
14281,Ongoing,None,26037.2
13822,Ongoing,Mild,15481.37
8272,Success,Mild,25969.31
10411,Ongoing,Mild,13342.82
7301,Failure,Severe,11783.49
1056,Failure,Severe,37883.43
11756,Success,None,9374.03
10570,Success,Mild,36349.42
12207,Success,None,6123.72
10145,Failure,Severe,37814.41
14739,Failure,Mild,31521.7
2567,Failure,Severe,42031.69
7653,Failure,Severe,37417.41
2574,Ongoing,Mild,31467.77
10162,Failure,None,27568.27
10898,Ongoing,None,18799.9
7622,Success,Mild,47491.75
6732,Failure,Severe,43964.32
1107,Failure,Mild,37797.0
2688,Ongoing,Severe,20994.39
4028,Failure,None,35765.19
1951,Failure,Mild,29600.47
6884,Failure,Severe,20451.66
5284,Failure,Mild,39911.37
9826,Success,None,45942.28
5124,Failure,Severe,1939.06
9106,Failure,None,45410.19
2946,Ongoing,Mild,31234.56
13630,Ongoing,None,40112.55
7534,Failure,Severe,33294.57
2550,Ongoing,Mild,25202.91
45,Ongoing,Severe,17308.69
6178,Success,None,18666.09
4974,Success,Mild,37147.49
9079,Success,Severe,48032.6
11875,Success,None,16260.77
11354,Ongoing,None,5114.17
8122,Ongoing,Mild,48301.91
13206,Failure,None,23219.18
5069,Ongoing,Severe,22162.62
9590,Success,Mild,33857.33
4938,Success,Mild,11050.61
14420,Ongoing,None,31308.66
10812,Ongoing,Severe,21789.6
7966,Success,Mild,46263.8
6562,Failure,None,39753.97
8449,Failure,Severe,14800.85
2753,Success,Severe,11499.22
5234,Ongoing,Mild,22231.5
3872,Success,None,13774.57
806,Ongoing,None,16755.72
763,Success,None,45493.63
10738,Failure,None,8865.5
9682,Failure,Severe,8315.12
5440,Ongoing,Severe,28766.3
3140,Success,Mild,34365.56
2066,Ongoing,None,6164.2
7838,Failure,Severe,3482.84
4338,Failure,Severe,13276.12
10210,Success,Severe,38204.71
12893,Ongoing,None,8984.85
5087,Failure,Severe,17200.51
14389,Failure,None,12371.54
13996,Success,None,31971.14
4992,Success,Mild,39583.95
9935,Success,Mild,24182.13
39,Success,Severe,45317.84
12266,Failure,Mild,47554.27
5255,Ongoing,Severe,12790.73
14168,Failure,None,37649.11
13854,Success,None,31358.65
14874,Failure,None,21602.39
4430,Failure,None,3525.81
9468,Failure,None,44031.45
242,Success,Mild,42103.19
1104,Ongoing,None,30496.66
2859,Failure,Mild,16527.32
3117,Ongoing,Severe,27550.05
9550,Ongoing,Mild,39145.84
14567,Failure,None,30331.89
9059,Success,Mild,14166.51
4431,Success,Severe,36573.86
10604,Success,Mild,40593.76
6819,Ongoing,Severe,10492.43
136,Success,Mild,46589.6
14220,Ongoing,None,46330.95
1735,Ongoing,Mild,3281.02
1793,Ongoing,Mild,34365.25
2636,Failure,Mild,9601.2
7501,Ongoing,Severe,8566.93
11980,Success,Severe,36727.76
5584,Success,None,18557.65
5591,Success,Severe,5051.31
3222,Failure,Mild,15147.02
3717,Ongoing,None,41285.73
3420,Success,Mild,42665.53
1954,Success,None,13179.29
5886,Failure,Severe,18938.14
4843,Ongoing,Severe,31802.82
8284,Ongoing,Severe,45083.39
4919,Ongoing,Severe,5053.21
7063,Success,Mild,39015.1
14362,Ongoing,Severe,34514.81
4497,Success,None,23271.41
8616,Ongoing,Severe,30739.88
4315,Success,Severe,12611.25
10026,Failure,Mild,23245.87
13761,Success,Severe,38763.69
9752,Failure,Severe,11026.08
13659,Failure,Severe,22558.46
476,Success,Severe,9815.97
7729,Failure,Severe,5918.69
5098,Failure,None,9611.23
11009,Ongoing,None,8611.25
7158,Success,Severe,36771.96
2264,Success,Severe,37707.32
3301,Success,Mild,42746.21
10470,Failure,Severe,39808.02
12829,Success,None,4370.21
11226,Ongoing,None,42809.04
1309,Failure,None,3533.98
481,Success,None,30387.88
4036,Success,Severe,29307.73
7722,Success,Severe,36408.31
4069,Ongoing,Severe,47556.79
11695,Failure,None,9789.37
12496,Ongoing,None,38190.16
10895,Ongoing,Mild,7382.8
7095,Failure,Severe,34651.31
9079,Failure,None,26440.34
11832,Failure,Severe,48818.14
3774,Ongoing,Severe,37066.25
6982,Ongoing,Mild,45286.99
13702,Success,Severe,8774.57
11120,Ongoing,Mild,13858.09
8188,Ongoing,Severe,44912.13
6211,Failure,None,31656.73
774,Ongoing,None,15192.75
7363,Failure,Mild,48302.28
8398,Success,Mild,38233.18
9791,Success,Severe,47096.63
1167,Ongoing,Severe,29788.58
10944,Failure,Mild,31226.91
13830,Failure,Severe,30097.98
592,Failure,None,5255.39
1347,Failure,Severe,45246.29
11765,Ongoing,Severe,5059.44
1138,Failure,Severe,24704.33
7689,Success,Mild,30244.47
10992,Success,None,39029.04
3404,Failure,Mild,30556.93
9082,Failure,None,27787.04
4180,Success,Severe,35773.72
903,Success,Severe,26799.59
4291,Ongoing,None,7894.4
10680,Failure,None,46555.93
3842,Failure,Mild,1041.17
5150,Success,Mild,43031.24
3334,Failure,Mild,8423.75
13512,Failure,None,31969.59
13717,Failure,Mild,1858.82
11652,Ongoing,Mild,49110.11
452,Failure,Mild,11220.51
5042,Success,Mild,5785.51
14946,Ongoing,Severe,28169.6
1362,Ongoing,Mild,5592.85
6635,Failure,None,12087.99
5084,Failure,Mild,43441.71
6181,Success,Mild,4716.15
777,Failure,Severe,11496.72
5206,Failure,Severe,38674.14
12661,Failure,Severe,49612.17
9789,Failure,Severe,34776.18
6803,Failure,Mild,45912.04
7407,Failure,None,16065.26
6596,Ongoing,Severe,21491.34
9915,Ongoing,None,25899.59
1580,Success,Mild,4529.6
12805,Success,None,6900.93
6230,Failure,Severe,47169.82
4728,Success,Mild,22581.11
173,Ongoing,None,29817.35
13345,Ongoing,None,25226.42
438,Failure,Severe,27036.89
7017,Failure,Mild,19327.18
13832,Success,None,32989.23
8725,Ongoing,None,33364.83
4203,Failure,None,8777.44
1436,Ongoing,Mild,11485.68
6772,Ongoing,Mild,45005.33
11008,Failure,None,21703.26
7019,Ongoing,None,40211.08
10873,Success,Severe,18831.49
2427,Failure,Mild,15484.79
13215,Ongoing,None,5623.05
324,Failure,Severe,40054.0
6040,Ongoing,Mild,5912.24
14644,Ongoing,None,36602.96
4751,Success,Mild,9751.66
3140,Ongoing,None,23169.74
1936,Ongoing,Severe,30142.19
1114,Ongoing,Mild,22600.84
661,Success,Severe,26439.22
468,Ongoing,Mild,26772.73
1622,Ongoing,Severe,8757.18
13323,Failure,Mild,20244.27
13127,Success,Severe,10065.11
7411,Ongoing,Severe,5013.85
10901,Ongoing,Severe,9169.73
1847,Failure,Severe,41818.55
802,Ongoing,Mild,40147.5
6805,Success,None,44901.32
12771,Failure,None,11398.02
14833,Success,None,19374.92
9459,Success,None,46204.11
3415,Success,Mild,33245.61
12973,Success,None,4837.13
1010,Ongoing,Severe,37099.08
12875,Failure,None,10494.2
8049,Ongoing,Mild,42036.95
8438,Failure,None,47316.44
11258,Ongoing,Severe,25054.85
3788,Failure,Mild,49667.88
5177,Failure,Mild,37470.38
14207,Ongoing,Severe,27295.79
8680,Success,Mild,2428.13
706,Success,Severe,17921.98
3733,Failure,Severe,15139.86
170,Failure,None,28069.8
14744,Ongoing,Mild,40912.22
13172,Failure,Severe,12132.13
12149,Success,None,42932.2
696,Failure,Severe,43555.14
379,Success,Mild,22358.39
13331,Failure,None,28156.44
13801,Success,Severe,28976.48
11598,Ongoing,Mild,16591.45
10711,Success,None,17418.94
3746,Success,Mild,13405.43
6875,Success,Severe,48827.08
10096,Failure,None,7329.39
6890,Success,None,45115.97
7812,Ongoing,Severe,25806.18
12982,Failure,Mild,41112.72
7,Ongoing,Mild,30646.97
4187,Ongoing,None,43244.85
4667,Ongoing,Severe,40479.24
12936,Failure,Mild,30565.82
5479,Ongoing,None,39019.2
8211,Failure,Mild,2144.75
7255,Failure,Mild,40476.69
8243,Ongoing,None,41072.04
1070,Ongoing,Severe,22369.9
1826,Success,None,32664.11
7069,Ongoing,None,16751.39
11318,Failure,Severe,42202.8
8678,Success,Severe,49337.81
5608,Ongoing,Severe,21608.9
14080,Failure,Mild,6340.48
12924,Success,None,36725.39
10341,Success,Mild,17597.64
2982,Success,Mild,23213.25
10415,Ongoing,Severe,6040.0
4467,Success,Severe,5746.72
5174,Ongoing,Severe,15666.71
2803,Ongoing,Severe,43003.59
6627,Success,Severe,47258.74
12210,Failure,Mild,32712.75
12948,Ongoing,Severe,1828.77
10417,Ongoing,Severe,20738.08
14246,Success,Mild,32948.93
9267,Success,Mild,4923.65
12346,Failure,None,39510.09
7528,Failure,Severe,15795.45
193,Ongoing,None,18718.95
2597,Ongoing,Mild,31402.99
13594,Failure,Mild,19523.08
178,Failure,None,29567.32
4889,Success,Mild,45516.42
11143,Failure,None,16994.87
10879,Failure,None,16096.87
2811,Success,Severe,16999.13
12106,Ongoing,Mild,30390.23
173,Failure,Severe,42243.06
11635,Failure,Severe,13277.97
4426,Success,Severe,39978.0
1800,Ongoing,None,41402.81
14586,Ongoing,None,24405.3
3398,Success,Severe,46039.21
13816,Failure,Mild,49161.77
5153,Success,Severe,34825.76
1843,Failure,Severe,48926.31
11623,Failure,Mild,45756.7
9461,Ongoing,None,8455.02
1934,Success,Severe,29098.75
9614,Ongoing,Severe,6368.4
4972,Failure,None,20644.93
13777,Ongoing,None,10921.75
3541,Failure,None,39692.62
2356,Success,Severe,30646.35
14856,Failure,Severe,48391.36
2697,Success,None,14111.49
4191,Ongoing,None,21111.44
4657,Ongoing,Mild,5869.25
4411,Success,Mild,34060.38
8069,Ongoing,None,36973.08
7964,Ongoing,None,41630.99
8694,Failure,Mild,17844.21
2016,Ongoing,Mild,44981.32
7156,Ongoing,None,11696.58
14519,Failure,Mild,41207.82
6873,Ongoing,Mild,41061.99
5272,Failure,Severe,2769.73
549,Success,Severe,26476.52
8093,Failure,Mild,14406.0
1832,Ongoing,Mild,15129.3
2217,Success,Severe,32091.7
13579,Failure,None,20800.8
2113,Failure,None,39671.95
6285,Failure,Severe,3956.18
8088,Ongoing,Mild,49473.09
2708,Success,Mild,48397.73
4308,Failure,None,27822.9
8991,Ongoing,Mild,3761.29
14797,Ongoing,Severe,24889.36
7999,Success,Mild,15838.63
10551,Ongoing,Mild,40884.46
4513,Ongoing,Mild,3026.86
7063,Success,None,34652.22
8050,Failure,Severe,12228.45
5254,Failure,Severe,27873.35
10237,Success,Mild,42296.27
2477,Ongoing,Mild,14339.05
10857,Success,Mild,43412.67
9059,Ongoing,Mild,45502.24
5715,Success,Severe,15249.85
6186,Failure,None,47158.24
9077,Failure,None,47046.74
14033,Success,Severe,47113.82
10806,Ongoing,None,24676.53
4518,Success,Severe,3761.88
2599,Ongoing,None,19489.78
11309,Success,None,35481.68
2300,Success,None,28651.07
2509,Failure,None,5458.42
4475,Failure,Severe,47668.64
3734,Success,None,23057.33
7236,Success,Mild,45338.47
5385,Success,None,18976.35
7522,Ongoing,Severe,22860.6
13343,Success,None,21317.12
12108,Ongoing,None,47798.07
5899,Ongoing,Severe,31398.38
309,Ongoing,None,10031.88
12459,Failure,None,16501.07
7784,Success,Severe,9803.42
13134,Failure,Severe,16078.02
14360,Ongoing,Mild,12423.98
9935,Ongoing,Severe,48375.62
9772,Success,Severe,21086.27
14609,Failure,Severe,21572.84
10502,Ongoing,Severe,44492.35
14114,Ongoing,None,35001.12
13900,Failure,None,8616.68
7284,Ongoing,Mild,3434.58
11177,Failure,None,9212.22
8722,Ongoing,Mild,28436.95
13791,Success,None,26122.67
2454,Ongoing,Severe,3418.54
3228,Failure,Severe,26956.24
146,Success,Mild,47678.94
5315,Ongoing,Severe,34577.93
6500,Success,Severe,30499.36
6184,Ongoing,Severe,30027.08
13530,Ongoing,Mild,41419.24
9859,Success,None,47626.78
7737,Ongoing,Mild,11837.95
3398,Failure,Severe,49454.36
10631,Failure,Severe,48076.07
54,Failure,None,2191.58
1519,Success,None,43436.08
10586,Success,Severe,30213.38
3771,Ongoing,None,36435.57
13107,Ongoing,None,38701.66
3349,Ongoing,Severe,24562.02
9939,Failure,Mild,23564.29
6981,Success,Severe,39036.5
13902,Failure,Mild,17537.15
9455,Success,Mild,5649.48
7975,Success,Severe,42236.2
5210,Failure,Mild,5649.76
6083,Failure,Mild,25376.86
2877,Ongoing,None,2151.57
851,Ongoing,Mild,49474.01
449,Ongoing,None,44367.32
9592,Failure,Severe,11995.72
207,Success,None,21935.35
4197,Success,Mild,13846.18
2199,Success,Mild,16128.75
9852,Failure,Mild,37685.9
3246,Failure,Mild,9585.99
7178,Ongoing,Mild,42430.31
9792,Ongoing,None,4119.9
14265,Success,Severe,1443.52
8705,Ongoing,Mild,12739.25
4958,Failure,Severe,32882.78
3657,Failure,None,6358.78
11047,Success,None,49336.89
5315,Failure,Mild,26764.92
10878,Success,Severe,45373.74
2495,Failure,Mild,7887.16
9002,Success,Mild,13662.53
3915,Success,Mild,38262.36
6702,Ongoing,Severe,29315.86
7821,Success,None,33582.01
8351,Failure,None,42379.02
10052,Success,Mild,39429.76
7047,Failure,Severe,48408.99
3418,Success,None,22042.46
815,Ongoing,Mild,27307.27
11388,Failure,Mild,36547.54
4577,Success,Mild,42218.12
12083,Failure,Severe,25155.81
13251,Failure,None,14943.54
3302,Failure,Severe,49316.01
13291,Ongoing,Severe,37738.1
13456,Success,Severe,16364.76
3322,Ongoing,Severe,23297.61
6643,Failure,None,1920.03
924,Success,Severe,12779.79
6136,Ongoing,Mild,4503.14
14653,Success,None,44814.85
2497,Ongoing,Mild,20377.41
11740,Success,Severe,12336.16
7063,Ongoing,Severe,8714.33
13408,Failure,Mild,35708.12
9674,Failure,Mild,43440.03
5208,Failure,Severe,38924.16
12575,Ongoing,None,49760.25
12760,Ongoing,None,31964.06
4726,Success,Mild,17104.57
13250,Failure,Mild,36238.54
7147,Ongoing,None,25322.08
9687,Failure,None,14013.35
107,Ongoing,Mild,32906.76
2953,Success,Severe,21618.25
4948,Failure,None,46749.09
7280,Failure,None,24389.71
10966,Failure,Severe,7229.13
13140,Success,Mild,47204.99
939,Success,Mild,29842.76
11745,Success,Mild,33556.31
14004,Failure,Mild,21798.35
5053,Ongoing,None,10807.0
11299,Ongoing,Mild,30764.69
338,Failure,Severe,4170.78
316,Ongoing,Mild,36265.07
9541,Failure,Severe,23715.73
515,Failure,Mild,13259.7
7931,Ongoing,Severe,37687.26
11505,Failure,Mild,42616.62
13314,Ongoing,None,19266.1
1029,Ongoing,Severe,11768.14
9991,Success,Mild,9669.78
4014,Success,None,45529.33
1951,Ongoing,Mild,17344.28
7583,Ongoing,Mild,1277.13
7954,Ongoing,None,14220.12
4470,Success,Mild,14964.08
6687,Ongoing,None,13542.08
4586,Failure,Mild,16752.15
1210,Failure,None,9095.16
11558,Failure,Mild,17240.51
10951,Ongoing,Severe,8429.52
8124,Failure,None,5179.89
6828,Success,Severe,40243.04
4134,Ongoing,Mild,31637.35
6135,Failure,None,14257.24
8204,Failure,Mild,34771.1
13485,Ongoing,None,42302.4
12149,Ongoing,Severe,30890.35
4765,Failure,Severe,41320.07
11774,Ongoing,Severe,47483.01
417,Success,Severe,9251.24
2230,Success,Mild,41507.22
8765,Success,Mild,40990.42
7099,Success,Severe,14303.59
10095,Success,Mild,2548.02
11936,Success,Severe,3954.67
3569,Success,None,3230.15
9466,Failure,None,25129.56
4893,Success,None,17479.35
14492,Ongoing,Mild,26738.06
123,Failure,None,12479.85
2568,Ongoing,Severe,5759.87
4087,Success,Mild,18141.94
14751,Failure,None,5182.85
9972,Success,Severe,14800.9
14611,Failure,Mild,23738.9
3498,Failure,Severe,22941.86
1687,Failure,None,12163.06
11270,Failure,Mild,41846.69
14992,Ongoing,Mild,20651.39
11062,Failure,Mild,15029.29
5029,Failure,Severe,7312.32
13538,Success,Severe,49135.58
4029,Ongoing,None,1815.49
1333,Failure,None,44256.42
1641,Success,None,32669.91
13509,Success,None,2505.3
14650,Success,Mild,35334.47
13470,Failure,Severe,16367.14
1674,Success,Mild,41366.35
2950,Ongoing,Mild,9200.97
9830,Success,Mild,43804.86
360,Failure,None,28063.25
7565,Success,Mild,24339.54
7200,Failure,None,17866.26
7396,Success,Severe,17784.59
13342,Ongoing,None,18161.96
9477,Failure,Mild,30555.56
8186,Success,Mild,45284.91
4171,Ongoing,Severe,37873.31
2658,Ongoing,None,42437.09
12476,Failure,Severe,29265.68
4431,Success,Mild,19787.75
11653,Ongoing,Mild,30966.61
14454,Failure,None,24300.46
3996,Success,None,2185.58
2470,Failure,None,44132.24
2953,Failure,Mild,14798.08
8418,Ongoing,None,10264.92
14718,Failure,None,32825.2
12625,Ongoing,None,3447.04
11714,Success,Mild,22771.76
1477,Ongoing,Severe,26794.36
7987,Ongoing,None,26935.31
11451,Success,None,39503.47
4932,Ongoing,Mild,11701.06
2286,Ongoing,None,14107.35
10654,Failure,Severe,11276.32
8871,Success,Mild,36623.06
6339,Success,Severe,42281.7
159,Ongoing,Severe,26879.17
4829,Failure,None,44103.05
9542,Ongoing,None,33852.55
12933,Failure,Mild,38599.0
8181,Failure,None,1500.84
248,Ongoing,Mild,34101.2
6906,Failure,Severe,36977.31
5817,Ongoing,None,45575.08
4575,Success,Mild,25932.36
14563,Failure,None,43460.97
11173,Ongoing,Mild,18496.89
8343,Failure,None,1781.37
1186,Success,None,47554.88
12707,Ongoing,Mild,9873.69
5086,Failure,Mild,2648.01
3317,Failure,Severe,30862.66
12654,Failure,Severe,27604.3
12708,Ongoing,Mild,33686.25
9460,Failure,Mild,25941.29
7635,Failure,None,33835.36
12035,Ongoing,Mild,47765.05
733,Success,Severe,22496.11
13638,Failure,None,46094.22
13366,Ongoing,Mild,47772.69
818,Failure,Mild,45316.72
1497,Ongoing,Mild,1514.58
14756,Success,Severe,21012.65
11110,Ongoing,None,29888.74
8926,Ongoing,Severe,20203.45
6379,Failure,Severe,30084.78
13448,Failure,Mild,21757.23
13491,Success,Severe,39497.1
4446,Success,Mild,19061.92
3182,Failure,Mild,3293.95
10745,Success,Severe,9577.14
1540,Ongoing,Mild,19655.18
434,Success,None,26195.39
8704,Ongoing,Severe,46193.63
6133,Ongoing,None,45192.32
12628,Ongoing,None,20449.1
14112,Failure,Mild,40957.14
9068,Success,None,12461.29
8037,Ongoing,Mild,16986.45
1872,Failure,None,39268.59
10459,Failure,Mild,13813.65
9659,Failure,Mild,9348.97
4495,Ongoing,Mild,21889.62
7052,Ongoing,None,6082.27
973,Success,None,26362.14
6097,Success,Severe,35712.94
8026,Failure,None,35950.18
14124,Failure,None,11035.99
7247,Ongoing,Severe,14565.48
2413,Ongoing,Mild,26046.84
728,Success,None,23975.55
5225,Success,None,11849.66
9383,Success,None,5252.61
12072,Failure,Severe,24992.77
1991,Failure,Severe,14338.53
7769,Ongoing,Severe,7225.26
3668,Ongoing,Severe,7743.93
12886,Failure,Severe,41218.59
5091,Failure,Severe,31588.46
11833,Ongoing,Mild,27982.34
1933,Failure,Severe,47404.82
6844,Failure,Severe,42734.71
4780,Ongoing,Mild,18179.11
10982,Failure,Severe,42271.11
1626,Failure,Mild,32085.59
3736,Failure,Mild,38553.95
3236,Ongoing,Severe,35301.65
11352,Ongoing,Severe,34164.27
13854,Failure,Severe,47098.66
12033,Success,Severe,39518.4
22,Ongoing,None,29275.01
169,Failure,None,45696.51
8498,Failure,Severe,34945.98
9275,Ongoing,Mild,41269.32
12346,Failure,None,10051.69
3884,Ongoing,Severe,47546.81
13160,Failure,None,25098.07
12416,Success,Severe,38579.95
583,Failure,Mild,37343.93
277,Failure,None,22082.13
9898,Ongoing,None,41736.19
6359,Success,Mild,47809.91
2836,Ongoing,Severe,47413.14
1960,Success,Mild,28834.25
14732,Success,None,16538.88
12952,Failure,Severe,6552.34
7354,Ongoing,Mild,43340.38
14370,Failure,None,35907.62
4514,Ongoing,None,26318.95
3415,Ongoing,Mild,36869.04
2062,Ongoing,None,9617.59
6621,Failure,Severe,37335.6
844,Success,None,32426.93
7566,Success,Severe,37186.32
9668,Ongoing,Mild,15113.37
13865,Success,Severe,38636.99
8104,Failure,Mild,3891.54
13820,Failure,Severe,32286.15
12770,Success,Severe,24293.5
11843,Ongoing,Mild,7270.92
9025,Ongoing,None,3760.45
5802,Failure,None,36415.25
4728,Failure,Mild,11446.97
7031,Failure,Severe,22926.43
13751,Ongoing,Mild,17673.62
9159,Failure,Mild,5589.5
11274,Success,None,41904.45
7727,Success,None,14534.75
1924,Ongoing,Severe,13834.85
10290,Failure,Severe,16939.29
13592,Failure,Severe,43898.24
4859,Ongoing,Mild,46064.39
6483,Failure,Severe,33059.04
1868,Ongoing,Mild,21485.28
8125,Success,Mild,13738.37
3247,Success,Mild,36182.53
7902,Success,Severe,24164.92
13697,Success,None,43093.4
9734,Success,Severe,2879.9
9766,Success,Severe,5305.71
6650,Success,Mild,28574.48
448,Success,Severe,21255.8
13271,Success,Severe,17803.06
5538,Ongoing,Mild,9967.97
7446,Success,Mild,12049.37
8668,Success,None,19367.64
12182,Success,None,17520.79
7595,Success,Mild,9569.27
5409,Success,None,41928.1
4125,Ongoing,None,45536.9
8059,Success,None,11618.27
2454,Failure,Mild,2219.43
11940,Ongoing,None,10611.81
9865,Ongoing,Mild,20231.64
2657,Success,Severe,32622.32
3533,Success,Severe,49840.85
13744,Failure,Mild,34283.5
3057,Ongoing,Severe,18005.23
697,Failure,None,15483.7
7178,Ongoing,Severe,2129.57
11358,Success,None,38659.05
10094,Success,Severe,44835.51
11464,Failure,Mild,49807.89
10201,Success,None,42625.5
11612,Ongoing,Mild,36422.98
12460,Success,Mild,27736.34
1311,Failure,Mild,25104.18
11639,Success,Severe,48983.29
14708,Failure,None,34088.16
12687,Success,Mild,12771.81
12203,Success,Severe,42248.93
9966,Success,Mild,10778.72
12207,Ongoing,None,31433.81
2838,Ongoing,Mild,2406.94
14994,Ongoing,None,49311.15
13043,Ongoing,Severe,30868.26
11808,Failure,None,31131.07
5480,Success,None,16101.15
8076,Failure,None,18961.27
7914,Success,Mild,35857.86
11452,Success,Severe,19863.57
8654,Ongoing,Severe,40745.94
14059,Ongoing,Severe,19578.97
7525,Success,None,16355.14
2409,Ongoing,None,29531.75
4877,Failure,None,49676.87
7460,Ongoing,Mild,6073.04
12795,Ongoing,Severe,12042.36
13167,Ongoing,None,31058.6
12381,Success,Severe,10070.34
11891,Ongoing,Severe,1624.28
13175,Failure,Severe,45015.93
9317,Ongoing,None,7849.97
11307,Failure,None,42188.04
12237,Success,None,49212.69
6061,Ongoing,Severe,20200.12
7736,Failure,Mild,1521.12
384,Success,Mild,27338.28
1139,Ongoing,Severe,9119.86
9104,Failure,Severe,7431.24
7042,Success,Mild,15474.75
13429,Success,None,7218.43
13998,Success,None,8879.24
9423,Success,Mild,13430.94
11383,Success,Mild,35287.79
2917,Ongoing,None,10371.66
7103,Success,Severe,47189.48
337,Success,Severe,18115.65
2632,Failure,Severe,14686.24
8144,Failure,Severe,11537.38
3533,Ongoing,Mild,6442.61
7938,Success,None,17769.34
9935,Success,Mild,26603.1
12119,Success,Severe,5475.17
9243,Failure,None,27947.36
13361,Ongoing,None,17700.14
2475,Ongoing,Mild,33715.2
3868,Ongoing,None,28835.36
2413,Failure,Mild,40969.64
1516,Failure,Severe,27403.13
7519,Ongoing,Mild,28177.59
14777,Failure,None,21189.2
11240,Failure,Mild,24271.47
11958,Failure,Severe,26951.74
14407,Ongoing,Mild,29182.59
4231,Failure,None,24799.71
10064,Failure,Mild,49633.75
11580,Ongoing,None,18446.96
12783,Ongoing,None,44933.37
7785,Success,None,6181.58
11539,Failure,Severe,10289.42
13121,Success,None,28452.38
3961,Success,Mild,19095.21
1996,Success,Mild,5208.94
13738,Success,Mild,10795.43
13131,Ongoing,None,27982.98
5520,Failure,Mild,46382.03
2867,Failure,Mild,48760.55
2328,Success,Mild,9849.47
345,Ongoing,Mild,29181.68
9349,Success,Severe,20936.55
1499,Ongoing,Severe,18621.07
9046,Ongoing,Severe,37188.87
14307,Ongoing,None,46937.45
7417,Failure,Mild,9814.42
14385,Failure,Severe,45672.05
8465,Success,None,27550.42
8929,Ongoing,None,14508.67
14596,Failure,None,33913.43
1783,Success,Mild,30475.28
13539,Ongoing,None,14426.81
9799,Failure,Mild,43856.04
8824,Success,Severe,22568.62
5259,Success,Severe,39038.92
210,Success,Mild,26149.28
1904,Failure,None,35669.03
9725,Failure,None,21134.81
12198,Success,None,5959.58
1791,Success,None,49783.78
9325,Failure,Severe,2419.37
5066,Failure,None,24977.78
10311,Failure,Severe,26458.06
10199,Ongoing,Severe,6544.29
12332,Success,None,30529.32
9145,Failure,Severe,11531.04
10730,Ongoing,Severe,5186.17
1313,Failure,Mild,42164.75
14875,Ongoing,Severe,8574.52
10251,Success,Mild,34658.49
7947,Success,Mild,6687.49
12161,Success,None,35628.91
5563,Success,Severe,44411.47
7469,Success,None,18471.57
8052,Ongoing,Severe,49297.91
12823,Failure,Mild,32479.96
1661,Ongoing,None,34496.49
6988,Failure,Severe,44417.38
13988,Failure,Severe,26732.21
4243,Success,Mild,46232.33
10663,Failure,Mild,8818.37
2724,Ongoing,Mild,18099.23
13098,Ongoing,None,4433.9
14752,Ongoing,None,18894.76
609,Ongoing,Severe,6512.31
8533,Failure,Severe,12865.5
2026,Success,Severe,4962.15
9504,Failure,Mild,16372.56
4934,Success,None,10272.28
12992,Success,None,4878.35
11812,Failure,None,49364.8
14775,Ongoing,Mild,14155.55
4043,Ongoing,Severe,39564.91
12654,Failure,Severe,21299.66
4542,Ongoing,Severe,31770.92
14311,Success,None,45510.16
12205,Success,Severe,30632.34
12856,Failure,Mild,24977.49
10791,Success,Severe,42670.97
11761,Failure,None,49432.88
10419,Success,Mild,2990.42
2135,Success,Severe,37419.94
12255,Success,Severe,37493.09
6052,Success,None,26166.92
10355,Success,Mild,46841.94
8593,Failure,None,13169.06
13836,Success,Mild,16549.48
13842,Failure,Severe,21931.16
10609,Ongoing,Severe,11652.67
5258,Success,Severe,25914.52
9273,Ongoing,Mild,20204.35
6073,Ongoing,Severe,40686.71
14985,Success,None,42806.13
11313,Success,Mild,5224.19
5638,Failure,None,22654.23
10069,Success,Mild,7686.15
12062,Ongoing,Mild,15391.24
4685,Failure,None,47318.67
6358,Ongoing,Mild,10720.14
13007,Failure,Mild,48865.25
4435,Ongoing,None,47060.66
4323,Ongoing,Severe,29052.24
12077,Ongoing,Mild,44800.39
3793,Ongoing,Mild,28011.09
388,Failure,Mild,28817.44
3899,Failure,Mild,29844.97
13279,Success,Mild,29997.65
8382,Success,None,35510.23
7078,Success,Mild,5495.29
7364,Ongoing,Mild,43978.8
2748,Ongoing,Mild,13056.92
7284,Ongoing,Mild,24724.58
9051,Failure,None,1126.3
14872,Ongoing,Mild,25006.42
423,Failure,Mild,13614.03
13627,Failure,Mild,3428.2
8731,Ongoing,None,24663.34
13239,Success,Severe,31020.97
8283,Success,Severe,21642.13
10008,Ongoing,Severe,33863.51
6127,Success,None,24017.35
12938,Failure,None,3835.11
3470,Failure,Mild,28168.85
3615,Failure,None,27317.08
7681,Success,None,22290.45
9278,Success,Severe,39364.92
14634,Ongoing,Severe,25225.28
11392,Ongoing,None,34810.65
4478,Failure,Severe,13963.91
14082,Success,None,19956.15
1818,Ongoing,Severe,24471.07
9342,Failure,Severe,33087.37
7282,Failure,Mild,33149.61
9235,Ongoing,None,36835.0
12203,Ongoing,Severe,12097.57
4999,Failure,None,16541.78
12784,Failure,Severe,39475.81
5023,Success,Mild,5236.72
6339,Ongoing,Mild,48946.05
4361,Success,None,11874.76
14545,Failure,None,23979.56
3396,Success,None,8930.59
12877,Failure,None,8061.52
11370,Ongoing,Mild,6695.71
9384,Failure,Severe,9914.8
12931,Success,Mild,38274.63
6815,Ongoing,Severe,45938.38
11086,Ongoing,Severe,24441.77
2408,Success,Severe,34313.02
3514,Success,None,33480.54
1148,Failure,Mild,27930.45
7735,Failure,Severe,29361.33
6480,Failure,Mild,15538.04
137,Failure,Mild,12083.38
5058,Failure,Mild,9211.91
12702,Failure,None,19174.38
12539,Failure,None,19531.46
11335,Success,Mild,41640.96
7932,Success,Mild,5791.71
11078,Failure,Mild,44898.18
9849,Ongoing,Mild,45911.48
12759,Success,None,17218.84
2545,Failure,Mild,49724.18
8732,Success,Mild,46347.05
8962,Success,None,16483.27
7996,Success,Mild,34172.9
13529,Ongoing,Severe,45643.39
2311,Ongoing,Severe,38368.6
8330,Success,Severe,37783.99
10288,Success,Severe,21035.78
6324,Success,Severe,41929.87
5151,Ongoing,Mild,10357.75
7757,Failure,Mild,26585.54
5058,Failure,None,14542.47
5190,Failure,None,47973.76
4400,Success,Mild,44784.7
3249,Success,Mild,35081.47
13146,Ongoing,Severe,8474.36
6571,Success,Mild,1959.18
9098,Failure,Mild,34812.2
7097,Failure,Mild,20735.55
5399,Ongoing,None,25251.94
12876,Success,Mild,32678.91
3401,Ongoing,Severe,30124.1
2709,Ongoing,Mild,27828.33
9405,Ongoing,Mild,27047.35
719,Ongoing,Severe,45309.66
8222,Ongoing,Severe,26091.91
9935,Success,Mild,23253.67
6753,Success,Mild,21076.14
2819,Ongoing,Mild,22764.83
4162,Failure,Mild,36046.74
9135,Ongoing,Mild,32310.96
1996,Ongoing,Mild,46909.29
4762,Failure,Mild,42917.85
3428,Failure,None,29002.93
9430,Failure,None,34188.28
1220,Failure,None,49081.47
799,Success,Mild,47510.99
3858,Success,Severe,2632.18
1863,Success,None,20531.42
439,Ongoing,Severe,43897.91
761,Failure,Mild,7807.89
1501,Success,Mild,31618.44
4949,Failure,None,42071.33
7782,Failure,None,11723.58
4910,Success,None,15497.09
11359,Ongoing,Severe,44303.91
5770,Ongoing,Severe,12745.64
14936,Failure,None,35301.28
1994,Ongoing,Mild,4989.85
9100,Ongoing,Mild,19454.84
12344,Ongoing,Severe,16719.65
5220,Ongoing,Mild,32423.86
7978,Success,None,10198.84
10528,Success,Mild,21549.48
5289,Success,Severe,15881.87
14391,Failure,Severe,2133.18
13380,Failure,Mild,25256.22
1919,Success,Mild,42677.8
4800,Success,Mild,13071.86
13398,Failure,None,33824.46
9898,Success,Severe,3286.87
2734,Ongoing,Mild,37548.97
13615,Success,Mild,22430.95
3486,Success,None,33630.53
286,Failure,None,39556.97
13629,Ongoing,Severe,21943.91
14220,Success,Severe,22481.92
2973,Failure,None,3719.56
11323,Failure,Severe,36412.9
4591,Success,None,42121.67
5975,Ongoing,Severe,31066.01
13405,Failure,None,29472.29
7843,Ongoing,Mild,27780.16
8260,Ongoing,Mild,41636.73
10033,Success,Mild,1229.99
1281,Failure,None,29039.1
4233,Ongoing,Severe,48464.27
5282,Failure,Severe,39468.66
9614,Ongoing,None,21517.93
13979,Ongoing,Severe,20872.46
6203,Ongoing,None,20539.82
526,Ongoing,Mild,29403.06
9063,Ongoing,None,14873.23
11216,Success,Mild,32312.49
11209,Failure,None,28875.37
7088,Failure,Mild,20643.23
5346,Ongoing,Mild,39543.84
14989,Failure,Mild,11777.2
12603,Failure,None,14425.23
13858,Success,Mild,3263.31
7697,Ongoing,None,7653.53
13491,Failure,Mild,34692.67
14667,Success,Mild,37137.12
10457,Success,Severe,13192.62
3008,Ongoing,None,20837.39
9113,Failure,Mild,46093.87
5043,Success,Severe,23375.74
6226,Failure,Mild,31263.94
11657,Failure,None,37743.71
13080,Success,Mild,1627.91
11418,Ongoing,None,37795.41
4476,Ongoing,None,3290.38
4915,Ongoing,None,33790.98
9358,Ongoing,None,40027.71
320,Ongoing,Mild,20506.37
6046,Success,None,38287.28
14475,Failure,Severe,1533.72
2477,Ongoing,Mild,12145.47
139,Failure,Severe,39696.45
1294,Success,Mild,18677.95
2910,Failure,None,17287.27
9144,Success,Severe,37433.13
401,Failure,Mild,36186.88
10150,Ongoing,Mild,47462.76
10044,Failure,None,29653.66
13774,Failure,Severe,12031.73
5960,Success,Mild,4975.64
7041,Ongoing,Severe,10041.9
9785,Success,None,25364.02
11266,Success,Mild,35636.55
3641,Failure,None,44675.3
2091,Ongoing,Mild,37446.89
6056,Ongoing,None,41988.15
240,Success,None,14882.82
13067,Ongoing,Mild,17649.61
3882,Success,Mild,45257.23
738,Success,Mild,22807.27
4045,Failure,Severe,27421.19
4261,Success,Severe,14875.47
76,Failure,None,38398.42
9351,Ongoing,Mild,6883.83
8454,Success,Severe,21030.87
3819,Success,Mild,34039.77
7523,Success,None,41722.04
10913,Success,Severe,19691.59
3648,Success,Severe,9195.1
8413,Failure,None,48807.4
1509,Success,Mild,13207.11
11606,Ongoing,Mild,39176.46
5377,Ongoing,Mild,38724.59
11672,Ongoing,Mild,35390.82
13349,Success,None,37190.91
7373,Success,Severe,41151.61
10623,Failure,None,34437.84
8838,Ongoing,None,23067.8
12827,Ongoing,None,5789.76
14635,Ongoing,Severe,22923.63
13444,Failure,None,6758.03
6383,Failure,Severe,38430.96
2793,Ongoing,Severe,11900.95
12,Ongoing,Severe,7954.7
13381,Success,Severe,40582.23
10842,Ongoing,Severe,30992.63
1306,Success,None,16551.06
4752,Success,Mild,10828.28
12309,Ongoing,Severe,12106.36
4450,Ongoing,Severe,23432.63
4355,Success,Mild,8062.68
3320,Failure,Mild,10659.56
6406,Failure,Severe,46779.54
1445,Success,Severe,48814.7
1933,Ongoing,Mild,23730.25
9707,Failure,Severe,33959.28
3146,Failure,Mild,21392.15
10210,Failure,Mild,7451.98
4860,Failure,None,38692.8
14759,Ongoing,None,16899.54
10759,Ongoing,Mild,18943.22
14905,Ongoing,Mild,16080.37
10828,Failure,None,42270.24
2626,Ongoing,Severe,6006.85
7888,Success,Mild,26657.25
14943,Ongoing,None,11565.61
10812,Failure,None,6681.8
4961,Ongoing,Severe,11138.09
2750,Failure,None,40356.82
2672,Ongoing,None,7019.56
14133,Success,None,26282.89
2263,Success,Mild,37648.36
9024,Failure,None,3586.64
8229,Failure,Mild,16379.65
2387,Failure,Severe,45373.65
10717,Ongoing,None,26750.12
7821,Success,None,20264.94
14711,Success,Severe,36331.49
8997,Ongoing,Severe,40929.67
2808,Failure,Mild,13144.79
4757,Success,Severe,13050.36
7476,Ongoing,Mild,34774.96
8275,Success,Mild,11623.3
10178,Ongoing,Mild,44775.3
4409,Success,Severe,37017.86
3150,Failure,Mild,33023.31
7873,Ongoing,None,27221.6
7743,Ongoing,Mild,37701.83
12676,Ongoing,None,34174.17
11201,Success,None,33512.75
2749,Ongoing,Mild,47824.72
1165,Success,Severe,8287.55
10962,Success,Mild,17011.01
2555,Success,None,29708.32
11765,Failure,None,14757.2
5427,Failure,None,27620.43
11768,Failure,Severe,11880.23
158,Success,Mild,25619.92
38,Failure,None,40563.49
10865,Success,Mild,48815.08
5935,Ongoing,Mild,13277.59
3165,Ongoing,Severe,47854.96
5550,Ongoing,None,18272.97
1256,Failure,Severe,1735.89
5417,Failure,Mild,30650.77
2805,Ongoing,Mild,13241.76
6385,Success,Severe,28336.55
2714,Success,None,46322.4
841,Failure,Severe,29795.91
11213,Ongoing,Severe,40911.7
403,Ongoing,Mild,17718.99
8143,Failure,Severe,28181.14
13368,Success,Severe,3309.42
834,Failure,None,12753.43
3420,Failure,Severe,27397.12
375,Success,Severe,32948.05
5575,Success,Severe,25041.66
1266,Success,Severe,1519.13
9627,Success,Severe,22260.49
537,Failure,Severe,49866.21
11856,Failure,None,31950.98
4353,Success,Severe,24292.91
8869,Success,Severe,24628.92
2636,Failure,Severe,28157.25
11049,Success,None,37345.9
8920,Ongoing,Severe,2020.69
3201,Failure,None,34818.53
2205,Failure,None,39403.97
14504,Failure,None,46393.99
9623,Success,Severe,24617.26
7805,Success,None,41318.74
14296,Failure,None,38661.77
12418,Ongoing,Severe,36860.75
8139,Ongoing,None,21583.47
867,Ongoing,None,45832.8
710,Ongoing,Severe,5111.72
3617,Success,Severe,45314.89
10689,Success,Mild,1955.83
511,Failure,Mild,28680.07
3486,Failure,Severe,22018.1
657,Ongoing,Severe,32191.63
2514,Success,Severe,4780.15
10195,Failure,None,22663.47
894,Ongoing,None,5997.03
5060,Failure,Mild,12040.71
10674,Failure,None,2090.36
1704,Success,None,32092.28
2609,Failure,Mild,47455.39
10071,Failure,Mild,42649.47
4125,Success,Mild,26220.22
7375,Success,Severe,3972.66
14354,Success,None,13470.01
7705,Ongoing,Mild,29076.93
13874,Ongoing,Severe,46225.55
5903,Failure,Mild,9908.1
1542,Ongoing,Severe,24992.29
1277,Ongoing,Mild,19671.55
6884,Ongoing,Severe,11534.51
9678,Failure,None,15460.93
633,Ongoing,Severe,35806.18
13739,Failure,None,6437.74
7436,Failure,None,14044.16
5586,Failure,Mild,40170.97
9468,Failure,Mild,49755.25
6690,Ongoing,None,27180.12
13237,Success,None,14537.89
12329,Failure,Mild,22030.56
3051,Success,Severe,12301.75
10737,Ongoing,Mild,28640.15
4989,Failure,Severe,19805.93
11216,Success,Mild,1468.3
6520,Success,Mild,32092.89
2895,Failure,Mild,45749.25
12669,Success,None,22201.11
12147,Ongoing,Severe,48870.04
12721,Success,Mild,17090.68
1356,Failure,Severe,9028.0
5366,Ongoing,Severe,22666.39
3643,Success,Mild,29910.32
957,Success,Severe,1639.52
7119,Failure,Severe,27336.81
14070,Failure,None,33617.82
1849,Ongoing,None,31913.21
3855,Success,Severe,41995.72
617,Success,Mild,44001.95
7894,Failure,Severe,31650.81
9816,Success,Severe,4523.34
5404,Success,Mild,18869.39
14647,Failure,Mild,31480.88
1745,Failure,Mild,17636.41
14636,Ongoing,None,31391.16
13598,Ongoing,Mild,23571.46
12020,Ongoing,None,49447.41
4014,Ongoing,None,19911.29
1733,Ongoing,None,20186.46
12116,Failure,Mild,18062.01
350,Failure,Severe,36980.49
14096,Ongoing,Mild,7721.5
6140,Failure,Severe,20056.74
2802,Success,Severe,47574.26
5158,Failure,Mild,45976.03
5938,Success,None,17597.68
12639,Failure,Severe,9210.27
13703,Failure,None,5772.3
2808,Success,Mild,18909.84
1545,Success,Mild,2798.87
4410,Ongoing,None,18762.53
5327,Ongoing,Severe,4843.85
9082,Success,None,9258.48
5295,Failure,None,4855.0
14746,Ongoing,Severe,33429.22
7676,Ongoing,Severe,18134.36
13758,Ongoing,Mild,36463.81
8623,Success,Mild,49520.29
10393,Failure,None,36284.23
3712,Failure,None,25098.69
8186,Ongoing,Mild,12210.26
1442,Ongoing,None,43389.18
9419,Success,None,44170.32
2229,Ongoing,Mild,26185.24
6796,Ongoing,None,43780.7
9605,Ongoing,Severe,29012.75
11672,Success,Mild,4585.38
12139,Ongoing,Mild,46386.45
7033,Success,Mild,14017.49
1014,Success,None,30428.44
9698,Ongoing,Severe,36348.76
7297,Failure,Mild,42168.6
11499,Failure,Mild,10900.81
14748,Failure,Severe,8690.97
3474,Ongoing,Severe,18008.08
7273,Success,Mild,21132.8
7367,Failure,Mild,34216.9
3282,Success,None,14803.88
11495,Failure,None,38549.88
9415,Success,Severe,21321.59
2003,Success,Mild,26206.65
12086,Ongoing,None,46303.04
5939,Ongoing,None,11665.78
666,Failure,Mild,44512.95
3442,Failure,Severe,46049.44
14793,Failure,Mild,3133.78
10788,Failure,None,11542.09
14108,Success,Mild,14220.21
8,Ongoing,None,46710.48
1300,Ongoing,None,14264.37
1341,Success,Severe,8120.71
2586,Failure,None,38135.35
8123,Ongoing,Severe,32169.82
10424,Failure,Severe,35694.06
12005,Failure,Mild,44666.68
6265,Success,Severe,5561.0
7153,Ongoing,Mild,20320.31
12412,Ongoing,Mild,35754.75
10759,Success,None,39737.6
9247,Failure,Mild,45003.14
12388,Ongoing,Mild,39705.58
6939,Ongoing,Severe,33985.8
4215,Success,None,33507.8
9644,Failure,Severe,39497.65
12675,Failure,Mild,22196.64
920,Failure,Mild,13467.77
10310,Success,Mild,48113.85
12853,Ongoing,Severe,43293.16
12669,Failure,Mild,34494.39
6777,Success,Severe,28733.79
4833,Success,None,24930.56
11117,Failure,Mild,37043.77
1315,Ongoing,Mild,5442.71
14250,Failure,None,24940.11
3281,Ongoing,None,7051.93
13846,Success,None,23214.49
12136,Success,Mild,19177.0
2216,Ongoing,None,33262.22
8946,Failure,None,14613.13
12547,Failure,Severe,18928.92
13985,Ongoing,None,1649.93
9687,Failure,Severe,23308.88
5880,Failure,None,13711.33
10816,Failure,Mild,1360.39
13696,Failure,Mild,33327.06
1406,Ongoing,None,24538.13
7966,Success,Severe,47743.94
3641,Success,None,39624.13
7326,Failure,Mild,36260.26
2607,Failure,None,7408.3
838,Ongoing,Severe,15645.84
13963,Failure,None,49796.1
13099,Ongoing,Severe,18295.66
8927,Failure,Severe,39419.65
5361,Failure,Mild,14328.93
4976,Failure,Mild,49820.29
8533,Success,Mild,36555.56
12712,Failure,Mild,23265.13
14538,Success,Mild,25561.24
14111,Success,Mild,8593.29
6296,Failure,None,8223.36
6682,Ongoing,Mild,25276.06
12343,Success,Severe,12360.67
9271,Ongoing,None,24176.1
11067,Ongoing,Mild,35831.4
7012,Ongoing,Mild,5687.01
7885,Ongoing,None,7455.39
12574,Success,Mild,32762.15
1709,Success,None,18661.26
10992,Ongoing,None,19897.31
12454,Success,None,39383.16
5200,Failure,Severe,24014.88
8065,Ongoing,None,4439.1
2229,Failure,Severe,6099.13
10078,Ongoing,Severe,24263.88
6715,Ongoing,None,7664.56
5654,Failure,Severe,40255.28
3224,Ongoing,Mild,2326.26
8379,Ongoing,Mild,46627.65
8781,Failure,Severe,36482.07
11089,Failure,Severe,33768.52
2819,Success,Mild,36873.36
9706,Ongoing,Mild,35927.56
10835,Success,Mild,20810.66
1649,Failure,None,12142.47
13740,Failure,Mild,11304.19
9327,Failure,Mild,11039.51
10384,Success,None,3628.23
9287,Failure,Severe,16905.13
9907,Success,Mild,21664.39
391,Success,Mild,32877.43
4954,Ongoing,None,21580.33
1146,Failure,None,41753.82
2720,Failure,None,15815.48
9634,Ongoing,Mild,2878.59
8611,Failure,None,8364.19
1570,Success,None,15376.31
7448,Success,Severe,34168.26
11708,Success,None,24535.92
12261,Failure,None,8406.47
4643,Failure,None,24120.29
9161,Failure,None,26489.45
1523,Failure,Severe,29657.79
9744,Ongoing,None,19440.77
3270,Ongoing,Mild,28107.85
12085,Success,Severe,23901.83
1387,Ongoing,Severe,4519.73
10543,Failure,Severe,30513.88
10732,Ongoing,Severe,15015.31
717,Ongoing,Mild,16442.04
1069,Failure,Mild,16497.74
9404,Ongoing,Mild,3227.25
11641,Failure,Severe,29473.87
13257,Success,Mild,1081.46
13674,Failure,None,28476.33
13294,Failure,None,14475.08
7930,Success,Severe,1396.85
3944,Failure,Mild,18887.08
12132,Ongoing,None,19485.35
14159,Ongoing,Severe,31439.66
3704,Success,Mild,34202.62
2794,Failure,None,38919.88
1942,Success,None,10177.57
11152,Failure,None,15567.64
3269,Ongoing,Severe,6401.28
12654,Failure,None,1921.18
1286,Success,Severe,1706.11
2926,Ongoing,Severe,28894.96
10250,Success,Severe,41020.63
10742,Ongoing,Mild,33245.71
8979,Ongoing,Mild,15342.01
12081,Failure,Severe,19313.59
5359,Ongoing,Mild,29154.61
12349,Failure,None,13933.49
4558,Failure,None,44956.69
1452,Failure,None,30298.73
13741,Ongoing,None,36103.15
8162,Success,None,17104.22
6077,Ongoing,None,43044.09
2892,Success,Mild,37688.32
10925,Failure,None,5235.87
1608,Ongoing,Mild,13518.58
6769,Failure,None,34649.94
3326,Success,Mild,47475.32
12899,Failure,Mild,39544.14
4940,Success,None,1046.96
12598,Success,Mild,1195.06
14576,Failure,Severe,27876.69
7804,Failure,Severe,18750.32
10932,Failure,Mild,29867.77
5791,Failure,None,19661.68
10775,Failure,None,49896.19
3078,Ongoing,Severe,38091.09
13840,Success,Mild,19875.64
8282,Success,Severe,3497.97
10862,Success,Mild,34040.31
3920,Success,Mild,35284.7
10382,Ongoing,None,23584.82
11589,Success,Mild,4794.2
10628,Success,None,34596.23
598,Ongoing,Severe,20032.6
11822,Ongoing,None,36120.93
8389,Ongoing,Severe,15268.61
9717,Success,Severe,21856.83
7669,Success,Severe,29846.3
2124,Ongoing,None,38611.54
5507,Failure,Severe,25354.32
9096,Ongoing,Mild,31758.88
8945,Success,Severe,35758.66
12920,Failure,None,3969.43
6768,Success,Mild,11407.84
13822,Ongoing,Mild,48990.83
7766,Failure,Severe,23231.55
11007,Failure,Mild,38124.18
14398,Success,None,15432.68
8570,Failure,Mild,3873.33
5578,Ongoing,Mild,41033.81
9786,Ongoing,None,26932.65
14283,Failure,Severe,46890.46
14014,Ongoing,None,9149.44
6035,Failure,Severe,41870.95
6364,Success,Mild,17531.22
6927,Success,Mild,43601.66
6391,Failure,None,46980.38
8956,Failure,Mild,49294.53
8944,Success,Severe,10830.37
12070,Ongoing,Severe,21136.87
12164,Success,Mild,35150.21
9105,Success,None,25185.62
11023,Success,Mild,43145.77
10221,Ongoing,None,41764.24
11279,Ongoing,Mild,13085.07
14620,Success,Mild,45122.74
2984,Ongoing,None,22632.72
1893,Ongoing,Mild,29440.4
7725,Ongoing,Mild,9189.97
1457,Failure,Mild,21945.74
2638,Failure,None,47253.37
2050,Success,Mild,37420.94
11203,Ongoing,Severe,24871.97
9129,Success,Mild,25515.73
830,Failure,None,23526.51
12591,Ongoing,Severe,2952.48
12047,Success,Mild,24248.59
12054,Success,Mild,12316.31
3152,Ongoing,Severe,17478.38
2845,Success,Mild,35336.75
1256,Success,Mild,11226.33
9781,Ongoing,Mild,13414.93
2053,Ongoing,Mild,36767.63
6082,Failure,Mild,38777.04
11198,Failure,Mild,19732.0
12532,Failure,Severe,38975.11
254,Success,Severe,26825.51
13434,Success,Severe,17423.11
11335,Ongoing,None,15475.67
8367,Failure,None,33477.7
13975,Failure,Mild,24842.64
4573,Success,None,43488.85
4725,Success,Severe,23225.42
13410,Success,Severe,43819.79
5107,Failure,Severe,17204.21
522,Success,Mild,24643.65
11541,Ongoing,Mild,42733.16
10400,Ongoing,None,6357.95
10928,Ongoing,None,4442.65
8644,Failure,Severe,4701.21
14798,Failure,None,16506.8
11904,Ongoing,Severe,27602.7
5716,Success,Severe,20458.46
380,Ongoing,Severe,24998.28
1585,Ongoing,Severe,34090.57
7687,Success,Severe,39647.14
3306,Ongoing,Severe,44677.0
9327,Ongoing,None,48683.04
1222,Ongoing,Mild,43411.46
4338,Ongoing,Mild,17626.88
5037,Ongoing,Mild,33847.1
6693,Ongoing,None,39649.09
2739,Success,Mild,41400.79
9592,Success,Mild,7156.55
629,Failure,Severe,28461.07
1410,Success,Mild,41821.21
12494,Success,None,13188.46
11463,Success,Mild,42986.84
12855,Ongoing,Mild,26942.78
11097,Failure,Severe,48310.96
5384,Ongoing,Severe,14028.82
14390,Failure,Severe,36484.12
7222,Ongoing,Mild,39928.03
2047,Success,Severe,5951.7
7329,Ongoing,Mild,29489.2
10677,Success,Mild,30694.38
5277,Success,None,40116.76
1647,Ongoing,Mild,22489.58
12812,Failure,Mild,41350.63
10965,Failure,None,39221.68
7109,Success,Mild,25795.48
1213,Ongoing,None,41700.85
8272,Success,Severe,45425.79
6375,Ongoing,Mild,31014.83
5139,Failure,None,11245.28
1124,Failure,Mild,11116.62
6539,Ongoing,Severe,6780.36
8393,Failure,Mild,42987.51
4818,Success,None,32014.69
10561,Ongoing,None,9486.48
6575,Ongoing,None,32576.24
12224,Ongoing,Severe,6614.2
7959,Failure,None,4008.3
3997,Failure,Severe,3101.8
13342,Failure,None,38285.22
5952,Failure,None,15455.36
9341,Ongoing,Severe,12915.43
7090,Success,Mild,43793.56
14736,Ongoing,Severe,24771.14
14873,Ongoing,Mild,43838.55
11,Success,None,30025.63
13717,Ongoing,Mild,46624.95
3571,Failure,Mild,47927.27
7361,Ongoing,Mild,8705.96
4425,Ongoing,None,42559.63
204,Failure,Mild,24958.92
13961,Ongoing,Mild,20818.92
3215,Ongoing,Severe,8768.89
6721,Success,None,26672.17
14469,Success,None,3344.24
9482,Ongoing,None,49105.57
12206,Success,Severe,3788.85
4503,Success,Severe,48765.29
5554,Failure,None,35528.67
13117,Failure,Severe,30838.46
10532,Failure,Mild,16203.2
4950,Success,Severe,18602.3
5022,Ongoing,Mild,49799.66
12678,Failure,Severe,7900.41
10849,Ongoing,None,3234.93
13740,Ongoing,Mild,27094.61
8111,Ongoing,Mild,9615.97
3409,Failure,Mild,34221.92
13705,Ongoing,None,15757.61
2684,Failure,Mild,25784.87
5909,Ongoing,None,38915.35
12096,Ongoing,None,18868.21
14416,Ongoing,Mild,36208.72
4722,Success,None,4674.38
10059,Failure,Severe,33142.44
13076,Success,Severe,24479.65
13223,Failure,Mild,36035.0
8981,Ongoing,Mild,10671.28
14784,Success,Severe,25946.26
7394,Ongoing,Severe,19460.38
13365,Failure,None,25238.26
14917,Failure,None,6433.26
4585,Success,Mild,35043.84
7061,Failure,Mild,45926.74
1363,Failure,Severe,21796.32
1661,Success,Severe,26339.37
4900,Ongoing,Severe,22610.0
14394,Success,None,33710.17
5210,Success,None,5727.36
3081,Success,None,18678.25
2309,Failure,None,14171.98
2965,Ongoing,None,19706.09
12251,Ongoing,Severe,19947.53
3843,Success,None,16690.75
3209,Ongoing,None,17561.27
13401,Ongoing,None,15853.51
8397,Failure,Mild,24948.95
2953,Failure,None,41650.69
11353,Ongoing,Severe,27565.4
4257,Success,None,28017.18
13685,Ongoing,Mild,34702.86
1516,Success,None,5279.22
4982,Failure,Mild,30546.94
10037,Failure,None,14240.62
2124,Failure,Severe,39083.35
3187,Success,Mild,43184.43
7023,Success,None,2601.83
14653,Ongoing,Severe,7864.97
10227,Success,Severe,15331.39
1805,Ongoing,Severe,39513.27
4937,Success,Mild,4846.31
11835,Failure,Mild,5949.3
299,Success,Severe,29520.64
4872,Success,Mild,7517.85
14206,Failure,Mild,26579.11
5548,Success,None,38718.96
9143,Success,Mild,17663.37
7432,Failure,Severe,49892.64
4023,Failure,None,48873.72
10224,Failure,Severe,10937.56
9408,Success,Severe,31273.81
14319,Success,Severe,17871.35
5278,Failure,Mild,12484.9
13342,Success,Mild,48839.08
4886,Failure,None,43496.62
852,Failure,None,31320.67
14174,Success,None,36281.12
13082,Ongoing,Severe,48157.97
8772,Ongoing,None,29161.93
14856,Ongoing,Severe,36978.39
12677,Ongoing,Mild,12668.17
5652,Ongoing,Mild,12605.73
3134,Ongoing,Mild,6611.14
11246,Success,Mild,47379.52
14420,Failure,Mild,44943.13
14821,Failure,Severe,21225.58
7187,Success,None,36362.09
5164,Success,Severe,16734.85
13895,Success,None,18254.05
8081,Ongoing,Severe,2003.66
10361,Success,Severe,21551.75
4850,Failure,Mild,24600.09
13190,Failure,Mild,32232.21
7734,Ongoing,Severe,32079.07
7079,Ongoing,Severe,41848.39
14755,Success,Severe,49840.95
7832,Ongoing,Mild,39906.71
4437,Failure,Mild,36505.75
3369,Success,None,38343.9
8794,Success,Mild,19942.64
9654,Ongoing,Mild,10224.65
13044,Ongoing,None,35824.65
2739,Ongoing,Mild,38144.17
7181,Success,Mild,42165.81
1608,Failure,None,9620.17
13640,Failure,Severe,41166.96
11873,Failure,Severe,38369.44
12967,Ongoing,Severe,5934.43
9285,Success,Severe,33481.91
8807,Failure,Severe,40867.86
12973,Failure,None,21218.93
13036,Failure,Severe,4582.75
11444,Ongoing,None,33732.61
1095,Ongoing,Severe,3409.69
9854,Failure,None,27254.41
9496,Ongoing,Mild,23361.73
8115,Failure,Severe,25218.98
13730,Failure,None,43088.19
5266,Success,Mild,25060.97
5111,Success,Mild,7136.18
9564,Success,Severe,46583.52
539,Success,Severe,27816.84
4554,Failure,None,41670.16
14018,Failure,Mild,4089.44
4734,Failure,None,36420.41
10880,Failure,Mild,42654.06
5763,Ongoing,Mild,41311.21
8674,Ongoing,None,45369.04
8622,Ongoing,Severe,32079.04
13100,Ongoing,Mild,20633.07
2175,Success,None,45710.98
9708,Failure,Severe,48728.66
191,Ongoing,Severe,32437.96
4693,Failure,Severe,9668.01
11650,Ongoing,Severe,3539.97
2626,Failure,Severe,16868.39
6021,Ongoing,None,9451.67
8383,Failure,None,16534.88
9225,Ongoing,None,3279.64
11467,Ongoing,None,20695.11
2787,Failure,Severe,42392.0
6340,Failure,None,35818.86
3374,Ongoing,Severe,1997.09
7751,Success,Mild,13296.79
5986,Failure,Mild,16052.88
8090,Success,Mild,16955.13
5315,Failure,Mild,47214.05
9286,Success,Severe,30409.82
7576,Success,Severe,34403.28
10091,Failure,None,39319.43
8498,Failure,Severe,26597.34
1140,Success,Severe,6779.38
12393,Success,None,33280.78
13214,Success,Mild,29072.76
3542,Failure,None,43096.98
14354,Ongoing,None,34225.04
6503,Ongoing,Severe,28220.69
10015,Ongoing,None,6082.05
1294,Success,Mild,30695.92
10756,Ongoing,None,11204.68
2205,Failure,None,33743.12
4020,Failure,None,29450.23
5727,Failure,None,2801.21
13005,Success,None,29426.22
4108,Failure,None,25294.78
13621,Failure,Mild,13712.4
12661,Ongoing,Mild,31020.11
8904,Ongoing,Severe,16335.01
8872,Ongoing,Severe,15768.04
1808,Ongoing,Severe,30332.49
8443,Success,Mild,22613.36
11628,Success,None,14320.19
12814,Failure,Mild,20207.56
10209,Ongoing,Mild,10338.55
11348,Failure,Mild,18887.64
14866,Failure,Severe,27004.05
6694,Ongoing,None,46361.8
13677,Success,Mild,2866.29
13103,Failure,Mild,2168.57
10690,Ongoing,Severe,21898.96
14607,Failure,None,39878.54
12250,Failure,Mild,32397.23
5886,Failure,Severe,23817.47
1589,Ongoing,Mild,12245.6
12508,Success,Severe,48963.2
7844,Success,None,9691.48
6527,Success,Severe,16834.46
4316,Success,Mild,35472.05
8480,Ongoing,Mild,36134.34
2691,Success,None,9045.85
7368,Failure,Mild,41710.43
9801,Ongoing,None,40326.4
1357,Success,Mild,16180.93
8779,Ongoing,Mild,37432.77
10212,Ongoing,Mild,48113.21
14445,Failure,Severe,42709.96
5514,Failure,None,14767.4
10701,Success,Severe,45896.63
11947,Ongoing,Mild,48514.84
5827,Success,Severe,42207.23
1917,Success,Mild,1201.92
14245,Failure,Severe,9780.22
473,Success,Severe,33869.34
1348,Ongoing,None,25527.0
8591,Success,Severe,5349.9
5246,Failure,Mild,17362.24
1074,Success,None,45605.58
9441,Success,None,29748.16
696,Ongoing,None,37294.43
13741,Success,Severe,44075.17
14282,Failure,Severe,43256.39
1879,Ongoing,None,44165.01
14142,Ongoing,Severe,15992.85
11418,Failure,None,11337.04
4770,Failure,Mild,45343.15
5718,Success,None,48118.64
9256,Success,Severe,25354.81
12985,Success,Mild,26473.71
4902,Success,Mild,5289.95
2917,Failure,Mild,42725.86
8827,Success,Severe,20081.98
4584,Success,Mild,42510.51
5192,Failure,Severe,1798.17
13362,Ongoing,Mild,10328.32
7003,Ongoing,Mild,43162.73
3832,Success,None,11734.15
7983,Success,Severe,47880.73
12426,Success,Mild,34054.8
8466,Success,Mild,2719.87
11720,Ongoing,Mild,42240.53
5036,Success,Severe,45724.15
9653,Ongoing,Mild,12438.28
13122,Ongoing,Mild,10062.09
3112,Ongoing,None,46824.86
4019,Ongoing,None,31377.55
6377,Ongoing,None,2639.43
10453,Success,Mild,4001.87
2993,Failure,Mild,7296.03
12995,Failure,Mild,17028.9
11260,Success,Severe,48249.95
12757,Failure,Mild,40943.48
13173,Failure,None,40349.98
8410,Failure,Mild,27246.33
1108,Ongoing,Severe,28354.98
6024,Success,Severe,38821.5
4321,Success,None,10099.83
4664,Ongoing,None,4317.38
7179,Ongoing,Severe,22919.18
177,Failure,Severe,19957.61
11678,Failure,None,26823.17
6509,Ongoing,Severe,2683.07
12627,Ongoing,Mild,15837.75
4089,Ongoing,None,29236.74
6125,Ongoing,Severe,13095.19
8506,Success,Severe,46216.33
5053,Failure,None,14035.71
12390,Success,Mild,16272.41
7711,Success,Severe,39197.52
4532,Success,Mild,6327.17
7846,Failure,None,47973.79
2455,Failure,None,41184.67
3956,Failure,Mild,38253.54
6554,Success,Mild,23198.4
8884,Ongoing,Mild,7373.92
8854,Success,Mild,12808.78
8157,Success,Severe,5878.3
11242,Ongoing,None,11387.43
1741,Failure,None,25001.27
12252,Failure,Severe,26409.43
8124,Failure,Severe,46727.41
13326,Success,None,34089.66
13752,Failure,Mild,47600.27
9750,Failure,Severe,43684.95
14057,Success,Mild,20356.54
14311,Failure,Severe,38888.99
6155,Ongoing,Mild,36757.0
12789,Ongoing,None,19909.22
6450,Success,Mild,19523.29
4231,Failure,None,23684.95
12433,Success,None,48395.18
8351,Failure,None,38882.7
12373,Ongoing,Severe,7754.47
4670,Success,Severe,42184.65
11582,Success,None,19689.86
6404,Success,None,47744.09
11212,Failure,Mild,7758.41
6018,Ongoing,None,11750.71
13561,Ongoing,None,36327.13
2703,Failure,Mild,8189.09
5611,Success,None,24759.21
3610,Success,Severe,14461.82
10704,Ongoing,None,13057.97
72,Success,None,40453.47
11303,Ongoing,Severe,15162.88
6832,Ongoing,Mild,8474.37
4597,Ongoing,Mild,40565.39
4625,Success,Severe,14151.36
7216,Ongoing,Severe,12066.25
7899,Failure,Mild,24900.68
5764,Ongoing,Mild,21759.91
3837,Success,None,49382.6
11683,Success,Mild,39168.01
13641,Failure,None,44819.32
13164,Failure,None,14830.51
12100,Success,Mild,12710.44
9699,Failure,None,48273.0
6443,Success,None,14186.02
98,Ongoing,Mild,22128.5
5911,Failure,Severe,6985.91
3119,Failure,Severe,18747.4
9316,Failure,Severe,42791.66
6441,Success,None,7785.39
1327,Success,None,32845.14
14730,Failure,Severe,33642.4
5428,Ongoing,None,16909.72
8460,Success,None,43199.81
14942,Success,Severe,27539.35
6185,Ongoing,None,28087.04
11992,Success,None,9583.5
4461,Ongoing,Mild,31012.69
12747,Success,Mild,7050.89
11855,Success,Severe,14373.25
12181,Success,None,38221.8
10896,Success,Mild,45292.73
1331,Success,Severe,35198.58
4773,Failure,None,29442.29
12377,Ongoing,Severe,16360.27
12361,Failure,Mild,11894.96
14014,Ongoing,Mild,12072.54
3827,Ongoing,None,28369.52
10399,Failure,None,48008.28
5942,Ongoing,Mild,45596.26
7908,Failure,Mild,21364.41
2873,Failure,Severe,8183.62
3916,Success,None,24536.96
2772,Ongoing,Severe,26055.33
11200,Ongoing,Severe,45913.93
1417,Ongoing,Mild,49989.15
439,Failure,Severe,4201.81
14630,Ongoing,Severe,27751.6
5494,Failure,None,4001.58
10410,Ongoing,Severe,43808.93
11888,Ongoing,Severe,37881.1
10404,Ongoing,Mild,49393.13
10619,Failure,Mild,17443.77
3068,Success,Mild,7859.26
947,Failure,None,23952.73
14850,Failure,Severe,32608.52
14864,Ongoing,Mild,5483.04
8346,Success,None,49734.77
8794,Ongoing,Severe,27455.23
12801,Failure,None,20524.52
3205,Ongoing,None,24013.15
9517,Success,Mild,48513.17
9472,Ongoing,None,11865.56
7559,Failure,None,33991.92
7134,Success,None,1093.97
13599,Success,None,2354.52
6541,Failure,Severe,20640.76
2,Success,Severe,33566.96
7074,Failure,Severe,42432.69
12092,Success,None,12994.36
1602,Success,Severe,5536.57
14416,Failure,None,24062.64
3574,Failure,Mild,5361.56
10463,Ongoing,None,32681.4
3799,Success,Mild,39845.85
12598,Failure,Mild,10857.9
14501,Ongoing,Mild,6928.85
11807,Failure,Severe,46930.6
12633,Ongoing,None,25585.58
13053,Success,None,35311.97
1210,Failure,Mild,38972.18
5094,Ongoing,Severe,34333.8
2638,Failure,None,9030.66
6476,Ongoing,None,49986.24
5784,Failure,Severe,1351.93
14472,Ongoing,None,5934.88
14862,Failure,None,35756.62
12786,Ongoing,Mild,26024.9
3242,Failure,Mild,41321.08
438,Ongoing,Severe,12971.31
1384,Ongoing,None,14811.35
7120,Failure,Mild,36858.1
13895,Ongoing,None,19612.96
6797,Ongoing,Severe,15345.25
6771,Failure,None,47517.3
8029,Failure,Severe,20988.61
3802,Success,Severe,16091.41
8700,Ongoing,Mild,3319.03
7322,Success,Severe,15459.95
9245,Ongoing,None,49861.28
13129,Failure,Severe,36212.6
11215,Success,None,6185.03
5182,Success,Mild,17699.83
1412,Success,None,6058.84
5586,Failure,None,17504.87
5625,Success,None,22698.04
3691,Failure,None,47594.56
596,Failure,Severe,30884.62
8702,Failure,None,18402.43
12309,Success,None,24953.42
5580,Failure,None,23183.41
14371,Failure,Severe,14295.69
12225,Ongoing,Severe,39895.6
6571,Failure,Severe,20078.99
11923,Ongoing,None,16032.92
2829,Ongoing,Mild,39253.14
4284,Success,None,23693.84
5624,Success,None,2915.85
9389,Failure,None,23109.55
14373,Success,Mild,39566.57
10998,Failure,Severe,46600.19
1829,Ongoing,None,24864.28
11703,Ongoing,Mild,35058.53
10756,Success,Mild,32833.73
13932,Success,None,12364.31
1989,Failure,Severe,48274.42
13809,Ongoing,Mild,13858.25
6585,Ongoing,Severe,2406.32
5619,Success,Severe,28872.6
13737,Failure,Mild,11254.59
13352,Ongoing,Mild,11654.16
7154,Ongoing,Severe,39288.69
7376,Failure,Mild,43483.99
11059,Success,None,46723.3
3610,Failure,None,27989.98
6607,Success,None,5667.19
5524,Success,Mild,13327.45
12177,Failure,Severe,21091.62
9385,Failure,None,34195.87
2000,Failure,Mild,32637.86
4134,Success,Mild,32128.85
14400,Ongoing,None,19821.94
13905,Success,Severe,36048.18
14111,Success,None,25226.13
13879,Ongoing,Mild,36920.59
7816,Success,Severe,41811.16
11831,Failure,Severe,31530.84
13192,Ongoing,None,3231.69
8923,Ongoing,Mild,43500.38
10863,Failure,Mild,37042.99
5070,Failure,None,7963.97
5840,Success,Severe,37899.38
320,Ongoing,Mild,4998.8
7016,Ongoing,Severe,42932.9
2593,Ongoing,None,16446.46
9350,Failure,Mild,15428.16
9771,Ongoing,Mild,24183.21
14091,Failure,Mild,46040.57
2336,Success,None,14787.32
5233,Failure,None,36749.93
564,Failure,None,22726.04
6566,Failure,None,43437.17
5770,Failure,Severe,45224.68
34,Failure,Severe,44194.12
1204,Success,None,24167.57
9599,Ongoing,Mild,41840.58
192,Failure,None,24434.41
7035,Ongoing,Severe,41975.21
11910,Failure,Severe,6179.67
10929,Success,None,48739.29
6022,Ongoing,Severe,14116.81
1339,Failure,None,48868.86
4900,Failure,Severe,38857.09
10079,Success,None,39843.38
7545,Success,Mild,10661.32
6805,Failure,Severe,44071.98
10626,Success,Severe,25917.65
10850,Failure,Mild,4813.77
5432,Success,Severe,5704.59
12330,Ongoing,None,16299.42
1505,Success,None,1278.53
7150,Ongoing,Severe,39272.38
2642,Success,None,40786.77
12033,Ongoing,None,48923.49
3684,Success,None,40376.93
5822,Failure,None,20582.56
6386,Success,None,41600.77
3399,Ongoing,Severe,14691.35
435,Success,None,8152.03
12841,Failure,None,28611.77
14695,Success,Severe,3236.94
12369,Ongoing,Severe,38783.77
12863,Ongoing,Mild,42500.25
4838,Ongoing,Severe,36788.81
13571,Success,Severe,36152.75
14909,Success,None,19003.66
11060,Failure,Mild,29975.69
7389,Ongoing,Mild,26476.27
5007,Success,Severe,31256.69
10773,Success,Severe,7054.87
14877,Success,Severe,44485.46
10856,Failure,Severe,2983.08
11146,Ongoing,Severe,39878.93
8545,Success,Severe,13872.45
7831,Success,Severe,17448.73
66,Failure,None,41796.16
12670,Success,None,26177.23
5422,Success,None,5584.99
4672,Failure,Severe,47439.44
3914,Failure,Severe,24849.54
10377,Ongoing,Mild,31875.01
10026,Success,Mild,41181.46
4618,Ongoing,Severe,9232.05
9917,Ongoing,None,2109.54
14160,Failure,Severe,38347.8
13210,Ongoing,Severe,27850.3
4447,Ongoing,None,18585.75
7617,Failure,Severe,42519.68
11666,Ongoing,None,14212.55
10828,Failure,Severe,3365.1
1308,Ongoing,Mild,48249.12
5306,Success,None,10977.71
8790,Ongoing,Mild,2689.21
6751,Ongoing,None,26892.4
8670,Ongoing,None,23919.86
6769,Failure,None,34261.25
5910,Ongoing,Severe,37993.44
13623,Failure,Mild,20368.98
7437,Failure,Mild,9900.43
12897,Success,None,42105.16
650,Ongoing,Severe,45592.3
5944,Success,None,40390.24
2650,Failure,Mild,30362.28
8835,Success,None,15648.33
10137,Failure,Mild,9618.55
5216,Ongoing,Severe,37288.06
9363,Success,None,44995.36
12152,Success,None,26543.87
7049,Failure,Mild,29750.56
13165,Ongoing,Mild,20665.6
3631,Failure,Mild,30925.13
13423,Failure,Mild,24624.48
3118,Success,Severe,30728.55
8382,Success,Severe,10368.93
8694,Ongoing,Severe,47672.0
13869,Success,Severe,33710.51
8960,Success,None,21118.44
11216,Failure,Mild,32606.0
14652,Success,Mild,30760.6
4090,Failure,None,19626.23
9733,Ongoing,Severe,45817.3
3689,Success,None,32187.52
9806,Failure,Mild,6883.09
5251,Failure,Mild,13478.41
1246,Success,Mild,7861.77
7271,Success,None,27615.39
11835,Failure,Mild,41770.6
10406,Failure,Severe,1404.5
5811,Failure,Severe,18142.28
9357,Success,None,27217.35
671,Success,Mild,44459.82
14198,Success,None,27534.75
6025,Ongoing,Severe,33851.38
6213,Success,Severe,11857.19
7926,Success,Severe,33791.64
8227,Failure,None,41825.48
10108,Success,None,20608.66
3738,Ongoing,None,34848.09
13450,Success,Mild,35372.03
6806,Ongoing,Severe,46404.66
2389,Failure,Mild,30760.33
1698,Ongoing,Severe,39368.09
12134,Failure,Severe,11978.32
1784,Failure,None,2561.75
12391,Ongoing,Mild,35181.5
13074,Ongoing,Mild,15624.47
4754,Success,None,6626.64
9514,Ongoing,Severe,13309.78
14035,Failure,Mild,11020.33
3540,Success,Severe,7985.94
3809,Ongoing,Mild,18916.59
2222,Success,Mild,42576.19
4831,Ongoing,Mild,16354.84
12298,Ongoing,Mild,16736.31
4547,Failure,Mild,27811.16
5618,Ongoing,Severe,28591.98
13421,Failure,None,1976.73
6720,Failure,None,24847.37
13890,Failure,Severe,15353.52
14036,Failure,Severe,44530.47
7981,Ongoing,Severe,4479.74
8143,Failure,Mild,9043.16
7257,Success,None,40886.51
3241,Ongoing,Severe,42315.01
718,Ongoing,Severe,27750.81
10868,Failure,Severe,14412.97
972,Success,Severe,38313.96
14450,Ongoing,Mild,44357.71
9898,Ongoing,Severe,33018.24
13117,Success,Severe,16774.25
1611,Failure,Severe,42885.38
7690,Success,None,48489.07
5120,Failure,None,35695.83
7488,Ongoing,Mild,41787.27
8694,Failure,Mild,35697.16
9496,Failure,Severe,29656.28
551,Success,Mild,48119.87
3144,Ongoing,Severe,39947.81
7346,Success,Severe,37316.64
1322,Ongoing,Severe,42913.92
10381,Success,Severe,24608.27
13674,Ongoing,Mild,38589.94
11896,Ongoing,Mild,27440.38
3595,Failure,Severe,28800.6
13327,Failure,Severe,43251.87
5365,Failure,Severe,11230.03
11337,Success,None,23778.67
10184,Failure,None,9620.52
12153,Failure,Mild,35702.25
2544,Ongoing,Severe,43639.65
659,Ongoing,Mild,8937.1
5867,Failure,Mild,40187.08
11569,Success,None,17829.56
3615,Failure,None,12425.57
14459,Ongoing,Mild,29556.76
8421,Failure,None,33229.42
86,Failure,Severe,37560.29
1634,Success,Severe,39368.28
13712,Success,Severe,9381.42
11777,Ongoing,None,39987.38
10972,Ongoing,Severe,34757.67
5984,Success,None,13712.32
7031,Failure,Severe,27959.57
6110,Ongoing,Severe,25388.49
12259,Failure,Severe,40948.2
7439,Ongoing,Mild,17508.01
3187,Ongoing,Severe,31241.41
11779,Ongoing,None,30158.19
14672,Success,Severe,29856.21
5109,Success,Mild,23650.48
8984,Failure,Mild,24730.67
4303,Ongoing,Severe,46826.49
4831,Success,None,11086.2
10559,Failure,Severe,47111.11
6652,Ongoing,Severe,14719.52
712,Failure,None,4810.2
2097,Failure,None,26822.07
1064,Success,Mild,4219.15
2057,Failure,None,28559.01
10413,Failure,Mild,44685.75
3883,Failure,Severe,24454.32
2209,Ongoing,Mild,1393.55
10133,Ongoing,Mild,44438.66
2537,Failure,Severe,9790.24
8934,Ongoing,None,13038.97
1827,Ongoing,Severe,12937.62
2834,Failure,Severe,43224.95
6774,Ongoing,Mild,36362.63
3488,Failure,Mild,49446.71
3960,Failure,None,35696.6
9176,Ongoing,Severe,37143.26
8275,Ongoing,Mild,43170.04
11868,Ongoing,None,39527.0
8252,Success,None,10751.36
14629,Ongoing,Severe,41283.75
2627,Failure,None,12788.95
14633,Ongoing,Mild,4567.9
183,Success,Severe,44347.61
3482,Success,Mild,7273.56
2667,Success,None,11660.86
7290,Ongoing,Mild,28226.47
1640,Ongoing,None,31513.54
2411,Failure,Mild,29641.97
10603,Success,None,17686.62
10965,Success,Severe,28376.71
12999,Failure,None,8169.2
9432,Ongoing,Severe,33520.17
1280,Ongoing,Severe,45114.0
10508,Failure,Mild,39097.16
10567,Success,Severe,6308.97
2792,Success,Mild,41341.3
9198,Success,Mild,19063.61
10612,Failure,None,6341.4
1507,Ongoing,Severe,19449.84
12363,Failure,Mild,35600.51
9820,Ongoing,Mild,31038.44
542,Failure,Mild,34799.64
3224,Failure,Mild,35166.05
8310,Success,None,7239.74
14097,Failure,Mild,24726.66
8902,Success,Mild,49321.52
7186,Ongoing,Mild,35905.52
10456,Ongoing,Severe,7787.51
1306,Success,None,45142.24
9828,Ongoing,Mild,33225.87
9740,Failure,Severe,47287.46
986,Failure,Severe,10258.04
11493,Failure,Mild,18433.8
3922,Success,Severe,26136.4
6009,Ongoing,None,13632.78
5027,Failure,Severe,19979.07
14417,Success,None,41645.05
8299,Failure,None,46930.64
1205,Ongoing,None,35518.31
5016,Ongoing,Mild,46844.14
1903,Failure,Severe,47353.54
5197,Failure,Severe,49553.9
3126,Success,Mild,35286.36
8764,Failure,None,16982.8
1564,Ongoing,Severe,43884.32
9468,Ongoing,Mild,9698.63
10082,Ongoing,Mild,40414.44
9125,Success,Mild,10685.65
8914,Ongoing,Severe,22201.82
10784,Success,Severe,36169.19
7431,Success,Mild,15544.79
7686,Success,Mild,42681.5
14092,Ongoing,None,42298.15
11126,Success,Mild,10241.46
11735,Ongoing,None,40812.12
8767,Failure,None,3463.3
14693,Success,None,49619.71
6326,Failure,Severe,34413.26
10693,Success,None,46103.33
9926,Ongoing,Severe,37895.72
6497,Ongoing,Mild,31071.13
3565,Failure,None,11924.35
2276,Ongoing,None,48876.26
14795,Failure,Mild,4368.29
11484,Success,Severe,17135.22
2387,Ongoing,Severe,6317.72
328,Success,Mild,36482.08
4912,Success,None,32461.02
8969,Success,Severe,4883.22
8975,Success,Severe,17875.39
12911,Ongoing,Mild,41393.45
5167,Failure,Mild,11148.28
5899,Failure,Severe,21262.4
13355,Ongoing,Severe,2459.84
9210,Failure,None,12052.39
1326,Ongoing,Mild,11580.59
2968,Success,Mild,49514.45
10768,Success,None,37211.12
11587,Ongoing,None,29069.24
13641,Ongoing,Severe,20067.59
1668,Success,Mild,48355.37
6523,Failure,None,23506.97
8094,Ongoing,None,47973.27
10247,Ongoing,Mild,41031.5
2113,Failure,Mild,40852.33
8829,Success,Mild,14491.34
1392,Ongoing,Severe,6596.15
3800,Ongoing,None,5103.99
7518,Ongoing,Mild,21551.3
2417,Success,Mild,47357.4
11558,Success,Mild,2367.85
7749,Ongoing,Severe,4744.28
9819,Ongoing,Severe,47084.85
9569,Ongoing,Mild,19837.14
11987,Failure,Severe,29168.61
12198,Success,None,16311.96
9791,Ongoing,None,36402.94
607,Success,Severe,24429.31
983,Success,Mild,12116.22
8808,Failure,Mild,46044.73
3240,Failure,Severe,12987.22
7185,Ongoing,Severe,19727.3
3488,Failure,Mild,14129.02
4747,Success,Severe,4443.29
4282,Failure,Severe,32185.11
360,Success,Severe,39677.47
7781,Failure,None,37835.42
10061,Success,None,49395.17
784,Failure,Severe,20747.88
9152,Success,Severe,39395.56
8374,Failure,Severe,11361.14
6680,Ongoing,Severe,6870.24
7181,Ongoing,Mild,36809.42
11779,Success,Mild,45398.94
8340,Failure,Mild,26091.15
3215,Success,None,37907.43
4031,Success,None,40029.05
11525,Success,None,11303.29
13920,Success,Severe,40102.24
10486,Success,Mild,12350.36
14013,Ongoing,None,6562.04
2771,Ongoing,None,5470.2
10472,Failure,Severe,40861.9
4032,Failure,Severe,33527.09
1624,Failure,Mild,40154.13
4863,Success,Severe,17431.76
8171,Failure,Severe,2215.96
467,Ongoing,Mild,34741.74
5004,Success,Mild,32050.51
9994,Ongoing,Mild,13631.99
2883,Success,Severe,9537.61
1250,Success,Severe,39324.7
5885,Failure,Severe,6185.44
4796,Failure,None,36128.94
10020,Failure,Severe,9170.66
13380,Ongoing,None,23460.95
13693,Failure,Severe,17681.4
1254,Ongoing,Mild,20539.53
887,Success,None,9373.74
5601,Failure,Mild,5345.47
11185,Ongoing,Severe,45818.26
2643,Failure,None,28575.74
3554,Ongoing,Mild,48781.84
6586,Failure,None,12332.68
4541,Success,Mild,47573.18
14730,Success,Severe,29336.58
12000,Ongoing,Mild,13277.32
12703,Success,None,46983.9
6114,Failure,Mild,16650.36
7596,Success,Mild,10613.98
10357,Failure,Mild,10068.91
8397,Ongoing,Mild,19353.26
10277,Ongoing,None,1961.75
10584,Ongoing,Mild,46668.15
6422,Failure,None,9550.32
12941,Ongoing,None,9228.51
11805,Ongoing,Severe,36248.56
4043,Ongoing,Severe,9856.52
14200,Success,Mild,17946.73
10711,Failure,Mild,1951.49
2367,Ongoing,None,38441.59
4577,Ongoing,Severe,48256.08
1508,Failure,None,42812.3
6937,Ongoing,None,15763.45
5067,Success,Severe,35345.79
10564,Failure,Severe,42070.58
7352,Success,None,33699.21
12417,Success,None,26894.53
6618,Failure,None,42634.86
9442,Ongoing,Mild,7923.51
1912,Ongoing,None,16486.25
7809,Ongoing,None,38428.33
10393,Failure,Mild,10798.9
9065,Ongoing,None,10111.79
1816,Ongoing,Severe,10675.46
7973,Success,Mild,48487.1
10317,Failure,Severe,27017.93
1374,Success,Severe,4925.62
2559,Success,Severe,26052.9
10723,Success,None,48161.32
12356,Ongoing,Severe,6415.2
8584,Success,Severe,22379.69
8970,Success,Severe,18883.81
3793,Ongoing,None,38402.43
3190,Success,None,48235.0
8164,Ongoing,Severe,7047.08
12173,Ongoing,None,10089.95
10951,Ongoing,Mild,2004.31
1023,Failure,Mild,43646.75
2050,Failure,Mild,5031.71
4157,Success,Mild,31150.45
1550,Ongoing,Mild,32054.39
248,Success,None,14289.9
2599,Success,None,23490.22
1976,Ongoing,None,44837.51
11876,Failure,Mild,26264.02
2943,Ongoing,Mild,12220.89
5024,Failure,None,23784.81
3819,Failure,Mild,34028.54
11759,Failure,Severe,9282.52
6422,Failure,Severe,8870.19
4836,Failure,Mild,3832.51
9070,Failure,Mild,32536.32
13556,Ongoing,Mild,8061.88
14926,Failure,Mild,28157.31
5451,Failure,None,40528.31
8036,Failure,Mild,2909.13
14355,Success,Mild,4350.93
7329,Failure,Mild,8918.98
355,Success,Severe,21751.9
483,Failure,Mild,1814.71
14390,Failure,Mild,18392.74
1812,Ongoing,Mild,49261.26
11744,Ongoing,None,28423.94
12417,Ongoing,Severe,25892.41
4154,Ongoing,Severe,21458.85
2045,Success,Severe,46590.22
3057,Ongoing,Mild,7485.16
134,Ongoing,Mild,46525.51
1878,Failure,Mild,2768.56
2282,Ongoing,Mild,46150.67
9413,Ongoing,Mild,8260.9
3827,Ongoing,Mild,48404.11
12056,Ongoing,None,28226.33
7324,Ongoing,Mild,38604.85
1475,Success,None,12575.96
1483,Failure,Mild,17236.32
14847,Ongoing,None,38239.47
13378,Success,Mild,6578.65
5877,Success,None,26798.52
6085,Ongoing,Mild,29878.19
5709,Ongoing,None,25776.89
7967,Success,Mild,13409.7
6341,Failure,Severe,17322.22
5057,Ongoing,Mild,19710.8
1512,Ongoing,Severe,33421.08
9247,Success,Mild,24805.75
12544,Success,Severe,42820.19
5452,Ongoing,None,1021.04
6731,Success,Mild,19317.52
7630,Failure,None,18487.04
10864,Ongoing,Mild,23745.87
13853,Failure,Mild,5038.59
8098,Success,None,45416.5
1302,Success,Mild,45175.82
6762,Ongoing,None,48600.04
1284,Ongoing,Severe,13857.58
9225,Success,Severe,37049.11
11558,Ongoing,Severe,40876.72
13169,Failure,Severe,4944.32
10528,Ongoing,None,24748.99
1486,Success,Mild,41089.59
4797,Ongoing,Mild,10946.8
8709,Success,Severe,45288.28
97,Success,None,6758.87
4105,Failure,None,44834.96
8204,Ongoing,Mild,26466.89
1032,Success,Severe,41969.36
11065,Ongoing,Severe,45671.12
9307,Ongoing,None,23108.08
12937,Ongoing,None,5124.72
1638,Failure,Mild,42189.41
6547,Ongoing,None,40691.32
7117,Success,Mild,47325.12
5260,Failure,Severe,20707.15
5206,Failure,None,46815.34
9658,Failure,Severe,19690.53
64,Ongoing,None,10627.48
7457,Failure,Mild,48504.89
6531,Failure,Mild,24892.49
6235,Success,None,19993.02
1007,Success,Mild,40270.2
11008,Failure,Severe,4119.55
2794,Ongoing,Severe,16935.76
2686,Ongoing,Severe,33212.51
2249,Ongoing,Mild,43068.86
13399,Ongoing,None,42354.58
9676,Failure,Mild,27106.44
7967,Success,None,11027.45
3774,Ongoing,Mild,45724.61
8984,Failure,Severe,49999.95
14308,Ongoing,Severe,31851.06
11004,Success,None,9296.22
8343,Ongoing,Severe,20044.01
5495,Success,Severe,46392.41
3328,Success,Severe,6838.59
10716,Success,None,41103.24
2633,Failure,None,31499.54
6858,Ongoing,None,4118.35
9937,Failure,Severe,33269.34
12046,Failure,None,13513.37
2583,Success,Severe,18628.95
4788,Success,Severe,40794.24
2807,Success,Severe,20919.81
14323,Ongoing,Severe,37751.63
7478,Failure,None,3457.52
13922,Failure,None,25278.88
4978,Success,Severe,34948.66
6002,Failure,Severe,5233.53
7835,Success,Severe,10993.66
4504,Failure,Severe,7196.23
3246,Failure,Mild,12315.84
10353,Success,Severe,32092.17
5215,Failure,Mild,39275.92
11713,Failure,Severe,20034.43
7212,Success,None,33727.79
11028,Failure,Severe,48713.46
7856,Ongoing,None,2879.56
9807,Ongoing,None,19866.91
8821,Ongoing,Mild,37187.39
10824,Failure,None,18049.43
14347,Ongoing,Mild,38905.73
12576,Success,Mild,37876.96
4045,Failure,None,47935.18
7863,Failure,Severe,7282.95
13569,Failure,Mild,30487.78
8238,Ongoing,Severe,1947.05
10747,Failure,None,24740.16
8622,Failure,Mild,19940.51
13519,Success,None,3874.4
11681,Failure,Severe,24673.15
14374,Success,Mild,36185.16
11624,Ongoing,Mild,21788.51
644,Ongoing,Severe,18991.46
10961,Success,Severe,9123.75
3115,Success,Mild,10948.48
5840,Success,None,40786.92
14207,Ongoing,Mild,33393.98
8771,Failure,None,1948.26
13563,Failure,Mild,39614.64
5843,Failure,Mild,47983.65
3981,Success,Severe,28671.32
9155,Ongoing,None,20389.27
10590,Success,None,35339.69
5405,Failure,Severe,34158.84
3235,Ongoing,None,18279.65
3054,Success,None,32515.09
1740,Failure,None,47078.69
5164,Ongoing,Mild,4580.97
4580,Success,None,49117.6
12013,Success,None,39563.38
13711,Success,Severe,44571.73
10335,Success,Mild,42167.97
9002,Ongoing,Mild,15411.74
3489,Failure,None,43798.08
10922,Ongoing,Severe,13208.23
9702,Failure,Mild,24529.93
13476,Ongoing,Mild,34907.3
13735,Failure,Severe,38817.04
4987,Success,Severe,33812.96
13623,Ongoing,Mild,45130.9
12060,Failure,None,40464.03
5825,Failure,Severe,33700.38
8853,Success,None,19766.27
11967,Success,Mild,8015.77
7174,Failure,Mild,16335.31
2547,Failure,None,40071.71
10142,Ongoing,Severe,1739.11
3243,Success,Severe,28235.9
3890,Ongoing,Mild,14961.19
1436,Ongoing,Mild,39148.41
10619,Ongoing,None,10332.19
3866,Ongoing,Severe,35087.75
1645,Ongoing,None,24378.93
86,Ongoing,None,37760.36
6860,Failure,Severe,35267.74
13917,Failure,Severe,7284.56
165,Ongoing,None,7940.99
5812,Success,Mild,49156.49
11408,Ongoing,Severe,11915.04
12987,Success,Severe,26770.94
9983,Success,None,16603.11
491,Ongoing,Severe,45389.64
2862,Success,Severe,18007.53
7490,Success,Mild,40962.98
6544,Success,Severe,41943.03
11322,Success,None,13874.53
9506,Success,Severe,25117.94
14444,Ongoing,None,9774.97
1746,Failure,Mild,48463.42
4255,Failure,None,38723.52
3742,Ongoing,None,48988.85
12378,Success,None,14601.9
8096,Ongoing,None,39019.21
13806,Success,Mild,43897.12
10109,Failure,Mild,46317.78
13743,Failure,Severe,49197.06
14502,Ongoing,Mild,26530.98
10505,Success,Severe,5834.4
9875,Success,None,28686.11
1096,Ongoing,Severe,28745.33
12614,Failure,Severe,27963.63
12998,Failure,Severe,30118.58
13307,Failure,Mild,32679.04
8597,Ongoing,Mild,22004.74
12391,Failure,Severe,3463.47
9645,Ongoing,None,11914.38
7478,Success,Severe,27800.75
6183,Failure,None,10968.75
2383,Ongoing,Severe,14869.53
11680,Success,None,44519.86
7326,Success,Mild,29419.29
3402,Ongoing,Mild,10439.5
9523,Success,None,16363.14
2083,Success,Severe,3674.19
8374,Failure,Mild,9485.91
10092,Success,Mild,27332.0
4587,Ongoing,Severe,20920.23
12982,Failure,None,26424.71
7246,Failure,Severe,2730.11
9947,Ongoing,None,26842.09
14877,Ongoing,Severe,23038.11
6259,Failure,None,5969.32
12364,Failure,None,24946.6
9205,Ongoing,Mild,3821.76
9699,Ongoing,Mild,30422.87
14265,Ongoing,None,25457.04
9393,Failure,None,2395.1
8907,Ongoing,Mild,31988.1
5392,Success,None,36379.79
2149,Success,Mild,41249.71
1480,Ongoing,Severe,28262.6
5332,Failure,Severe,13708.15
12252,Success,Severe,42459.22
8221,Success,Severe,43853.1
11019,Failure,Severe,1466.79
14865,Ongoing,None,20756.12
8760,Ongoing,Severe,19336.14
2341,Ongoing,Mild,1707.25
2158,Success,None,29846.9
10322,Success,Severe,43193.7
13771,Failure,Severe,30362.83
6263,Failure,None,49940.21
1621,Ongoing,None,28959.39
12249,Failure,Mild,45264.64
6097,Success,None,31778.97
965,Ongoing,Severe,9018.21
4016,Success,Severe,27315.16
14802,Success,Severe,2247.11
12100,Ongoing,Severe,11088.34
3741,Ongoing,Severe,14418.39
13210,Success,Severe,37397.32
2101,Ongoing,Mild,1449.93
6172,Success,None,14849.27
14499,Failure,None,4407.34
5554,Failure,Severe,13808.26
791,Failure,None,11372.46
5731,Failure,None,34053.12
12427,Ongoing,Mild,19172.97
2385,Success,Severe,14568.06
6279,Ongoing,Severe,19372.44
7088,Failure,Severe,35098.77
1036,Failure,Mild,30701.43
4956,Failure,None,32336.4
837,Success,Severe,40037.87
10010,Ongoing,None,26094.23
7310,Success,Severe,12695.62
10131,Ongoing,None,2991.69
10350,Failure,Mild,1392.83
9377,Ongoing,Severe,14252.15
3799,Failure,None,14433.32
8858,Success,None,23283.7
10406,Failure,Severe,8631.91
454,Ongoing,Severe,44149.31
8836,Success,Severe,39220.77
10332,Ongoing,None,49643.95
10126,Ongoing,Mild,48029.44
782,Failure,Mild,7688.1
14995,Ongoing,None,7612.27
13971,Ongoing,Severe,9122.56
3448,Success,Mild,21181.42
2975,Success,Severe,1892.82
6287,Failure,Severe,27989.74
13735,Success,None,31066.97
4306,Failure,None,33909.98
11785,Ongoing,Severe,24040.73
3949,Failure,None,47427.99
6999,Failure,Mild,47639.7
13744,Success,Severe,34177.62
2282,Failure,None,11083.71
7856,Failure,Mild,17233.35
1574,Success,None,5045.71
6984,Ongoing,None,32954.95
12052,Failure,Mild,30504.68
8081,Failure,None,16061.7
7992,Ongoing,None,13148.84
10909,Ongoing,Mild,3185.24
2743,Failure,Severe,22587.98
572,Success,Severe,46832.99
13076,Failure,Severe,42893.85
11287,Failure,Mild,29122.5
11093,Failure,Mild,8874.07
5041,Success,None,48103.39
4317,Success,Severe,7061.48
10262,Ongoing,Mild,13341.12
13819,Ongoing,Mild,6644.71
2119,Success,Severe,14120.35
9604,Success,Severe,36900.99
5815,Ongoing,None,31562.4
5137,Success,None,25076.9
6168,Success,Mild,42206.48
14787,Ongoing,None,31967.25
3911,Ongoing,Mild,7278.43
8536,Success,None,28058.75
6033,Failure,Mild,17397.99
2469,Failure,Mild,11823.78
11367,Success,None,37594.28
6359,Failure,None,42263.14
12285,Success,Severe,40220.65
2996,Ongoing,Mild,5622.45
2823,Ongoing,None,48742.53
3089,Success,Severe,4292.61
4435,Success,Mild,27507.04
14805,Ongoing,None,34437.79
10230,Ongoing,Mild,44210.28
9901,Success,Severe,24588.14
4347,Failure,None,18747.24
12984,Ongoing,None,49130.32
1585,Success,Severe,21319.3
3724,Ongoing,None,19510.68
451,Success,Severe,10166.8
695,Failure,Severe,20322.92
8388,Success,Mild,45673.94
7437,Success,None,43127.03
9041,Ongoing,None,35628.08
7991,Failure,None,35582.03
13412,Success,None,38643.07
12651,Ongoing,Severe,40941.4
2760,Success,Mild,6591.82
9685,Ongoing,None,18159.95
6592,Failure,Severe,47798.86
12573,Success,Severe,13692.85
1043,Ongoing,None,23789.63
8353,Failure,None,6104.81
10413,Success,Mild,18584.0
1311,Success,Mild,19093.03
9943,Ongoing,Mild,23956.11
5360,Success,Severe,26209.66
3644,Success,Mild,25583.16
11207,Success,None,21827.98
12389,Success,None,24215.68
11527,Ongoing,None,26718.79
2205,Success,None,46824.26
7879,Failure,Severe,5423.01
10634,Failure,Severe,45408.95
9361,Ongoing,Severe,4954.72
7308,Failure,None,33469.94
1938,Failure,Severe,2490.98
7396,Failure,Mild,12991.99
10790,Failure,Severe,35971.68
1379,Success,Mild,26084.16
4290,Failure,None,30106.54
4584,Failure,Severe,38921.74
12758,Ongoing,Mild,12737.8
150,Ongoing,Mild,16109.18
7053,Ongoing,Severe,41297.03
3713,Failure,Mild,15575.51
1572,Ongoing,Severe,10607.85
6991,Failure,None,16641.99
2427,Success,Mild,26325.96
14250,Failure,Severe,19208.48
6233,Ongoing,Severe,41755.52
5424,Failure,Mild,22680.56
5852,Failure,Mild,22051.65
13477,Failure,Mild,30116.75
13031,Success,None,6989.68
2351,Ongoing,Mild,20026.6
4038,Failure,Mild,21282.4
6901,Success,Mild,26855.76
2970,Failure,None,20249.07
8682,Ongoing,None,38632.26
8705,Success,Mild,49257.93
13252,Ongoing,Mild,41719.55
591,Success,Mild,26079.61
2294,Ongoing,Mild,44413.56
11392,Failure,Mild,28273.9
4195,Failure,Severe,10979.09
11784,Success,Mild,28713.9
10786,Failure,None,9895.71
9512,Ongoing,None,31501.55
11251,Success,Mild,45358.52
12395,Ongoing,Severe,20492.33
14285,Failure,None,47741.64
1606,Ongoing,Mild,13831.29
7149,Ongoing,Mild,31921.81
7015,Success,Mild,18013.92
14328,Ongoing,Mild,14949.19
7776,Ongoing,Severe,31026.18
5463,Success,Severe,37085.19
590,Ongoing,Mild,37064.6
4490,Success,Mild,5810.11
2118,Success,None,40225.92
12509,Success,None,9649.34
13349,Ongoing,Mild,13454.88
99,Ongoing,None,39446.9
2579,Ongoing,Severe,18938.49
7422,Ongoing,Mild,31759.38
6862,Success,None,36612.86
7937,Success,Severe,14996.9
4914,Success,None,20331.37
7829,Ongoing,None,3110.69
5780,Failure,Mild,15078.0
10275,Failure,Severe,18559.26
2308,Success,Severe,46045.43
1584,Ongoing,Severe,29898.53
11078,Failure,None,20317.56
3187,Failure,None,22744.93
405,Ongoing,None,22947.51
479,Success,None,32700.79
13570,Success,Severe,20827.36
10244,Ongoing,Severe,38862.88
2529,Failure,Mild,22558.48
12481,Ongoing,Severe,9195.69
10862,Ongoing,Mild,38405.22
14825,Ongoing,None,18289.71
11185,Success,None,23427.26
7720,Success,Mild,24425.43
12188,Success,None,1742.15
9823,Failure,Severe,18615.98
1049,Success,Mild,15100.03
7843,Failure,None,8162.35
4435,Success,Mild,38535.45
14364,Ongoing,None,28877.83
11475,Ongoing,Mild,6612.56
150,Success,Severe,22452.61
7562,Success,Severe,32639.99
2066,Ongoing,None,46316.43
7455,Failure,Mild,25327.25
7617,Success,Severe,18233.84
4700,Success,Mild,6579.19
5293,Ongoing,None,49082.77
7210,Failure,Severe,35004.5
250,Ongoing,None,45476.49
14371,Success,None,2449.66
10137,Failure,None,37731.1
13262,Success,None,49775.35
3822,Success,Mild,29277.82
12644,Ongoing,Severe,43367.88
12626,Success,None,7276.81
14897,Success,Severe,43339.57
10892,Ongoing,None,14165.53
889,Ongoing,Mild,35059.96
3921,Ongoing,Mild,36538.33
6900,Success,Mild,7167.68
6358,Success,Mild,35231.37
13044,Failure,Severe,34402.44
126,Ongoing,Mild,2631.53
5187,Ongoing,Severe,30839.56
12618,Ongoing,None,35293.96
14784,Failure,Mild,12302.51
9307,Failure,Severe,42687.61
6589,Success,None,1456.19
11724,Success,None,7802.84
7904,Failure,Severe,16916.23
2460,Success,Severe,38094.25
11940,Failure,Mild,49700.58
2149,Success,None,33131.58
2954,Success,Severe,19957.83
4548,Failure,Mild,39877.24
5375,Ongoing,Severe,34697.57
1755,Failure,None,8328.48
11314,Failure,Mild,35831.89
12636,Success,Mild,31638.76
12961,Ongoing,Mild,12310.99
5654,Ongoing,None,20153.53
7932,Ongoing,Mild,39694.15
2793,Failure,Severe,3284.29
2993,Failure,Severe,36548.72
7646,Ongoing,Mild,24366.28
8337,Success,None,22860.79
9431,Success,Severe,17430.64
9087,Ongoing,Mild,45109.6
10036,Success,Severe,28703.54
12836,Ongoing,Severe,26307.98
596,Ongoing,Mild,41041.27
5868,Failure,Severe,40447.54
14545,Failure,Mild,26976.03
11312,Success,Mild,15446.96
5859,Failure,None,37926.62
7220,Success,Mild,33609.84
164,Failure,Severe,43413.46
4482,Failure,Severe,2213.92
12404,Failure,Severe,10141.97
8239,Success,Severe,3333.77
13056,Failure,None,33117.56
632,Failure,None,12565.05
2706,Failure,Severe,31148.2
1273,Failure,None,18536.04
4653,Ongoing,Mild,6499.96
3720,Success,Mild,35392.46
7432,Failure,Mild,41554.15
6380,Ongoing,Mild,6276.58
4065,Failure,Severe,22556.94
1570,Success,Severe,44824.17
2914,Success,Severe,23658.24
1015,Ongoing,Mild,38248.72
4354,Ongoing,Severe,32193.48
5723,Ongoing,Severe,13392.07
13015,Success,Mild,3451.88
1434,Ongoing,Mild,32040.36
14038,Success,None,33258.67
6874,Success,Severe,14211.61
10574,Success,Mild,32995.05
11259,Ongoing,Severe,38999.81
5453,Success,Mild,7522.83
7698,Failure,Mild,17025.52
6476,Ongoing,Mild,15379.21
11891,Ongoing,Severe,13927.68
1944,Success,Mild,31479.53
7605,Ongoing,Severe,5743.91
5365,Success,Mild,23362.28
4685,Ongoing,None,23312.83
11266,Ongoing,None,42197.17
6835,Success,Mild,17869.51
8423,Ongoing,Mild,35368.29
8330,Failure,Severe,33206.12
11704,Ongoing,Severe,18801.93
11671,Failure,Severe,34859.3
4469,Failure,None,3058.07
2197,Ongoing,Mild,19997.79
7321,Success,Mild,32512.59
12372,Failure,None,32799.37
2099,Success,Mild,26503.91
11594,Failure,None,3179.3
10558,Success,Mild,24692.16
3320,Success,None,31837.71
993,Ongoing,Mild,2266.8
314,Success,Severe,39862.67
11959,Success,None,24365.54
7570,Ongoing,Mild,3000.23
8156,Failure,Mild,49838.04
7122,Failure,Severe,41066.64
13851,Failure,None,23506.93
14709,Failure,Severe,13369.98
13738,Success,Severe,47644.73
14722,Success,Severe,31571.81
3934,Success,None,28707.4
14666,Failure,None,31459.05
695,Failure,None,1278.68
3493,Success,None,29598.48
13318,Ongoing,Mild,29943.5
7786,Failure,Severe,16183.96
10471,Failure,None,27200.52
12967,Failure,Severe,44960.65
7381,Failure,None,34981.11
9896,Failure,Severe,43853.94
12824,Failure,Mild,44957.96
1830,Failure,Mild,21249.5
7724,Success,Severe,7719.96
14190,Success,Mild,12223.97
7607,Success,Severe,15965.03
4345,Ongoing,Mild,11089.79
11993,Failure,Severe,40941.29
4344,Failure,None,14012.78
8890,Success,Mild,41555.31
14745,Failure,Mild,49704.93
9653,Ongoing,None,8203.96
2570,Failure,None,4990.16
9349,Success,Severe,26004.38
77,Ongoing,None,5297.19
13810,Success,None,44833.17
3333,Success,Mild,12678.68
14950,Failure,Mild,13015.94
11628,Success,None,26432.65
1667,Ongoing,Severe,37008.56
9780,Ongoing,Mild,47911.42
677,Ongoing,Severe,35883.17
12049,Success,Severe,36830.7
1281,Ongoing,Severe,46590.28
13171,Ongoing,Severe,22477.03
2535,Success,Mild,47322.56
7034,Failure,Mild,26022.59
11749,Ongoing,None,4826.28
1967,Failure,Mild,11838.12
342,Success,None,18866.46
720,Success,Severe,1500.53
5338,Failure,Severe,19324.58
8697,Ongoing,None,47026.95
10372,Failure,Mild,46540.86
13941,Success,Severe,42885.83
12196,Failure,Severe,11818.16
1420,Ongoing,Severe,41011.83
3374,Failure,Severe,2175.21
11567,Success,Severe,46321.98
11383,Failure,Mild,4379.34
9656,Failure,Mild,3467.55
1668,Success,Mild,48385.39
2108,Success,Mild,47589.46
10923,Success,Mild,33844.66
7178,Success,Mild,12229.48
2321,Ongoing,Mild,28433.79
13628,Success,Severe,46530.07
14861,Ongoing,Severe,27765.47
4756,Success,Mild,18940.13
13131,Ongoing,None,30372.59
9573,Ongoing,Severe,49918.64
7107,Failure,None,22489.19
3037,Ongoing,None,22704.71
12751,Success,Severe,40877.66
14369,Success,None,11280.31
478,Success,None,44333.84
6909,Success,Mild,1620.49
8552,Success,Severe,13229.29
5842,Failure,Severe,46267.33
3414,Ongoing,None,2385.25
4008,Success,Mild,23236.0
2073,Failure,None,49203.96
5792,Success,Mild,40601.75
12809,Success,None,36944.35
9056,Ongoing,Severe,7756.32
2194,Failure,None,48240.42
6279,Success,None,25014.49
2656,Success,Mild,31830.97
552,Ongoing,None,28825.61
7935,Success,None,8296.4
630,Failure,None,48637.48
7291,Ongoing,Mild,38946.81
3302,Success,None,40011.37
1579,Success,Mild,1377.0
9609,Success,Mild,22689.13
14802,Success,None,12046.96
7089,Success,None,16028.43
5092,Failure,Severe,31564.42
12255,Ongoing,Mild,33023.27
9728,Failure,None,34429.22
4870,Failure,Severe,26728.03
2306,Ongoing,None,36505.42
6407,Ongoing,None,16399.72
5022,Ongoing,None,4800.47
6510,Ongoing,Severe,24994.87
690,Ongoing,Severe,37367.03
13552,Success,None,43011.58
14028,Ongoing,Severe,40501.87
14194,Success,Severe,49933.97
13890,Success,Mild,1032.82
13914,Success,None,21807.47
8711,Failure,None,17625.33
607,Success,Mild,6984.4
3808,Failure,Severe,6223.34
3856,Success,Severe,46746.99
12097,Success,Severe,41790.43
9468,Success,Mild,43917.54
4177,Ongoing,Mild,28758.5
9223,Failure,Mild,22916.87
5486,Ongoing,Severe,34945.39
9216,Failure,None,33937.78
13097,Ongoing,None,39153.58
3015,Failure,Severe,12353.11
13784,Success,None,13226.04
2644,Failure,None,37694.52
8453,Ongoing,None,49461.97
14640,Ongoing,Mild,14079.85
13274,Success,Severe,29978.22
5897,Ongoing,Mild,38842.69
856,Failure,Severe,24244.43
285,Ongoing,Severe,16547.17
4031,Failure,None,41073.88
11631,Success,Mild,44080.03
594,Failure,Severe,49981.06
5259,Ongoing,Severe,31672.39
11033,Ongoing,Severe,39222.59
7105,Ongoing,Severe,29300.78
1135,Success,None,13856.1
3593,Success,None,24166.04
2652,Failure,None,15907.4
4345,Ongoing,Severe,8163.79
18,Failure,None,22889.91
7019,Failure,Mild,18924.61
3869,Failure,Severe,38858.64
3295,Failure,Mild,22937.07
550,Ongoing,Mild,1601.05
1935,Success,Severe,43422.3
5965,Failure,None,15455.13
10100,Ongoing,None,49610.17
5948,Success,Severe,2636.07
8660,Ongoing,Severe,42873.82
9411,Ongoing,Mild,37603.56
1093,Failure,None,1568.28
10951,Success,Severe,25544.02
1143,Ongoing,Severe,9031.66
4789,Ongoing,Severe,22824.95
14633,Failure,None,27423.21
11220,Ongoing,Mild,5832.3
12972,Failure,Severe,28500.73
8898,Failure,Mild,33654.05
14161,Success,Severe,32735.79
1257,Ongoing,Severe,30263.22
7355,Ongoing,None,13062.33
5467,Ongoing,None,37744.54
10832,Ongoing,Mild,16344.48
6574,Failure,None,46678.94
2614,Success,Severe,35699.06
8111,Success,None,28384.68
5140,Success,Mild,17774.81
433,Success,Severe,25377.47
6917,Ongoing,Severe,26513.55
1000,Ongoing,None,32884.61
2186,Ongoing,Mild,36180.06
8467,Failure,None,45162.37
14863,Ongoing,Severe,22424.27
6604,Ongoing,Mild,48648.1
8794,Ongoing,Mild,12096.34
14146,Ongoing,Mild,20276.86
118,Failure,None,46734.95
11986,Ongoing,None,26333.78
2594,Failure,None,2399.95
41,Failure,None,40005.59
1230,Success,None,19590.14
145,Failure,Mild,38940.75
6136,Failure,Mild,45986.68
5440,Failure,None,27406.2
6850,Ongoing,Mild,34273.83
9176,Ongoing,Mild,42112.0
5278,Ongoing,Mild,47604.27
14590,Success,Mild,28102.21
7914,Failure,Mild,41652.55
329,Failure,None,10633.27
498,Failure,Mild,47845.7
3070,Failure,None,15874.13
14848,Failure,None,20994.63
162,Failure,None,39119.16
13029,Ongoing,Mild,45519.99
9717,Failure,Mild,7176.36
9907,Success,Severe,5665.12
8445,Failure,Mild,36307.24
9007,Success,Severe,14826.44
12426,Ongoing,Mild,1670.48
1414,Ongoing,Mild,17396.39
12957,Failure,Severe,12421.47
2502,Failure,Severe,38318.93
14666,Success,Mild,38450.18
5329,Ongoing,None,19372.29
10050,Failure,Mild,27245.26
10494,Success,Mild,3600.89
7381,Failure,Mild,8327.74
6883,Success,None,43704.53
4978,Ongoing,Mild,41461.67
12636,Failure,Mild,42768.54
8871,Success,Mild,15579.15
10247,Success,Mild,47890.08
265,Ongoing,Mild,32805.68
3392,Ongoing,Severe,21559.7
8031,Success,Severe,8200.36
11839,Success,Mild,49916.62
9792,Success,None,41808.61
460,Success,None,20100.92
10374,Ongoing,Mild,14505.15
538,Success,None,20230.83
8113,Ongoing,Mild,4000.18
8821,Success,None,45401.96
5400,Failure,None,7803.59
14573,Success,Severe,6169.13
9128,Success,None,48242.07
2866,Ongoing,Severe,4836.76
2292,Ongoing,Mild,25070.26
9672,Success,Mild,48296.2
4461,Failure,None,23791.91
4440,Failure,Mild,8751.72
10565,Failure,Mild,49144.96
2642,Failure,None,42819.44
12982,Failure,Severe,45917.97
6607,Success,None,36869.22
11874,Ongoing,Mild,15965.47
5050,Ongoing,Severe,7921.08
9626,Failure,Mild,33217.31
12125,Success,None,2352.24
6148,Ongoing,Severe,8918.64
11833,Failure,Severe,42071.99
11059,Success,None,29416.86
2912,Failure,Severe,17682.93
8967,Success,None,29159.25
2213,Ongoing,None,48231.47
13883,Failure,Mild,33248.45
11740,Failure,None,34703.39
11671,Success,None,17283.84
4917,Failure,Severe,23252.86
446,Failure,Mild,45571.18
2628,Ongoing,Mild,16514.04
1871,Failure,Severe,5492.37
448,Ongoing,Severe,4590.85
300,Failure,Severe,29830.53
6229,Failure,Mild,28879.29
1080,Ongoing,Severe,33112.43
9907,Ongoing,Mild,49993.97
14816,Success,Severe,33418.41
8683,Success,Severe,47724.63
8137,Success,Severe,27669.64
13960,Ongoing,Mild,1964.22
3758,Failure,None,26316.93
10991,Ongoing,Severe,32897.25
6481,Failure,Severe,47202.52
6319,Failure,None,1480.08
4593,Ongoing,Severe,13329.3
2068,Success,Mild,26185.89
13643,Success,None,37701.85
11372,Failure,None,11859.21
14538,Ongoing,Mild,36417.59
3570,Failure,None,16795.84
8167,Ongoing,Severe,4253.41
3774,Failure,Mild,35734.99
1576,Success,Mild,49044.89
7044,Success,None,36723.74
472,Success,Severe,4619.16
6481,Failure,Mild,16960.77
8928,Ongoing,Mild,41968.27
300,Failure,Mild,34028.09
11507,Success,Severe,48988.86
10883,Ongoing,Severe,35935.11
2416,Ongoing,None,23862.15
12584,Success,Severe,45865.63
1277,Ongoing,Mild,39527.53
14767,Success,Mild,14690.32
11144,Ongoing,Severe,7235.53
1111,Failure,None,16376.13
1793,Ongoing,Severe,38766.41
7123,Success,Mild,3918.46
3195,Ongoing,Severe,8562.01
12592,Ongoing,Severe,6443.1
6817,Success,None,34532.89
10850,Failure,Severe,5620.15
73,Ongoing,Severe,10881.64
11352,Ongoing,Severe,38081.84
14536,Success,None,7966.37
1028,Failure,Mild,28918.67
2894,Success,None,18886.45
13287,Failure,None,30953.01
7904,Ongoing,Mild,3301.1
12548,Success,None,21283.6
9930,Failure,Severe,35028.94
2992,Success,None,4612.5
13341,Success,Mild,27702.52
14446,Ongoing,Severe,37323.98
9744,Ongoing,Severe,4645.91
1797,Failure,Mild,46690.78
6041,Failure,Severe,49705.88
1011,Success,None,12987.64
11420,Ongoing,Severe,49476.88
6133,Success,Severe,47543.89
4537,Ongoing,Severe,48800.55
9581,Success,Severe,49278.7
8236,Failure,Mild,42467.56
10930,Failure,None,1194.82
656,Success,Severe,9413.66
13369,Success,None,1988.18
9852,Ongoing,Mild,12211.29
4249,Failure,Severe,25099.46
6790,Failure,Severe,13390.79
14812,Failure,Mild,14848.57
8027,Ongoing,None,37043.16
13817,Failure,Severe,11649.84
5842,Success,Severe,44836.64
11841,Failure,Severe,35069.31
12931,Success,Severe,38022.98
11345,Failure,Mild,18677.01
8546,Ongoing,None,3762.76
6652,Ongoing,Mild,22293.23
9660,Success,Mild,10905.32
7178,Ongoing,Severe,21458.42
7768,Success,Severe,28891.0
14498,Ongoing,None,28460.68
447,Failure,None,5354.06
2982,Success,None,48355.06
14255,Success,Severe,21610.16
567,Ongoing,None,1686.33
11446,Failure,Severe,33991.29
11684,Failure,None,28212.09
11025,Success,Mild,27680.64
5451,Failure,None,9121.38
13102,Success,Mild,13021.17
9869,Failure,Mild,9837.69
4601,Ongoing,None,38098.96
12940,Ongoing,Severe,25806.05
2283,Ongoing,Mild,28010.14
6362,Failure,Mild,14559.18
12720,Ongoing,Mild,39178.09
699,Failure,Mild,42694.01
1775,Failure,Mild,7162.56
6666,Failure,None,40588.62
3909,Failure,None,31692.81
10229,Ongoing,None,6893.95
4814,Ongoing,None,40146.92
2544,Ongoing,Mild,8106.12
2482,Success,None,20856.35
1083,Ongoing,Severe,30525.27
7579,Ongoing,Severe,31749.39
9170,Ongoing,Severe,41302.39
7930,Failure,None,7899.55
10387,Ongoing,None,2725.38
374,Success,None,33965.07
8687,Failure,None,49382.81
13555,Failure,None,40085.33
12072,Failure,Mild,4667.65
8204,Failure,None,30174.34
1998,Success,Mild,8723.76
12081,Success,None,25146.43
10831,Ongoing,Mild,3869.68
300,Failure,None,16731.84
7111,Success,Severe,1587.27
10140,Ongoing,Severe,30370.83
9949,Success,None,35047.61
6943,Failure,Mild,27558.77
1528,Success,Mild,15235.02
11477,Ongoing,Severe,41277.44
11383,Success,None,13518.0
7607,Ongoing,Mild,12711.52
11954,Ongoing,Severe,9130.4
12837,Success,Severe,49062.79
1156,Failure,Mild,38040.6
9244,Ongoing,None,2055.08
3509,Ongoing,Mild,39831.02
2205,Failure,Severe,23588.39
128,Success,Mild,44298.45
9910,Success,None,41414.99
2614,Failure,Severe,29986.12
13924,Success,Mild,24442.19
8956,Ongoing,Mild,28794.38
11020,Ongoing,None,17536.17
5119,Ongoing,Mild,25663.44
13966,Failure,Severe,49999.07
7534,Success,Severe,31070.88
7622,Failure,Mild,47293.68
8418,Failure,None,21783.54
2912,Failure,Mild,7957.85
5026,Failure,Mild,4152.22
13548,Ongoing,Mild,22652.72
1999,Success,Mild,34930.21
7148,Failure,Mild,43500.53
11377,Success,Mild,20641.83
9050,Ongoing,Severe,1884.78
7844,Success,Severe,37078.36
13419,Ongoing,Severe,30566.49
14915,Success,Severe,21633.99
13670,Ongoing,Mild,34380.78
8098,Failure,Severe,6180.09
9023,Ongoing,None,44281.31
3690,Success,None,9618.62
6191,Ongoing,Mild,35823.42
4143,Failure,None,21562.91
14749,Failure,Severe,25658.67
6862,Success,Mild,33702.27
13345,Success,Mild,39588.88
218,Ongoing,None,10232.35
14082,Failure,Mild,38822.82
12416,Success,Mild,29233.56
3634,Ongoing,Mild,42409.26
10871,Failure,Mild,3451.93
13035,Success,Severe,32946.7
533,Success,Severe,41524.56
8468,Failure,None,40046.89
4126,Ongoing,Mild,16119.19
13727,Success,Mild,49923.02
14741,Ongoing,Mild,37805.25
1886,Failure,Mild,32951.54
9928,Success,None,20444.19
6318,Failure,Mild,4637.22
12695,Ongoing,None,28622.06
6104,Failure,Severe,3515.38
12255,Failure,None,10338.96
5545,Failure,None,44028.45
1602,Failure,None,20738.06
8861,Ongoing,None,2860.84
8948,Failure,None,38309.16
5046,Success,Mild,47598.93
658,Ongoing,Mild,42995.16
9313,Failure,None,4669.5
5610,Ongoing,None,17055.21
12345,Failure,None,25616.43
2718,Failure,Severe,32546.73
9811,Success,Mild,14205.87
7509,Success,None,32059.43
2123,Ongoing,None,41083.86
8610,Failure,Mild,13400.51
4489,Failure,Severe,20044.43
9263,Failure,Mild,36811.0
8192,Failure,None,12181.71
4315,Success,None,46819.8
9699,Success,Mild,23717.06
12966,Ongoing,None,14428.74
12993,Success,None,31587.97
12882,Failure,None,25850.56
14026,Ongoing,Severe,11373.0
8262,Ongoing,Severe,30502.87
13037,Ongoing,Severe,11216.1
8563,Success,None,25993.48
6106,Success,None,17700.48
6111,Failure,Severe,45106.57
5966,Success,None,30285.6
3035,Failure,Severe,14484.15
2959,Success,Mild,26232.65
9063,Ongoing,Mild,26626.17
8959,Success,Severe,2657.94
12493,Failure,Severe,31069.06
2457,Failure,Mild,33961.42
1629,Ongoing,Severe,45005.59
1683,Failure,Severe,45976.13
6791,Failure,None,47556.17
11855,Success,None,3290.69
11682,Ongoing,None,44914.26
8708,Success,Mild,1394.24
1852,Failure,Severe,23841.46
7125,Success,None,38244.68
5592,Ongoing,Severe,42111.51
14083,Failure,None,23568.15
11661,Success,Mild,24783.88
5293,Failure,Severe,42546.86
10960,Ongoing,Severe,6932.52
5162,Success,None,8716.56
5876,Success,Severe,19434.41
10551,Success,Severe,27762.71
9784,Success,None,41171.47
6829,Success,Mild,33508.58
1179,Success,None,31267.82
469,Ongoing,Severe,6716.55
7410,Failure,Severe,19811.56
10471,Ongoing,Mild,20317.64
12759,Ongoing,None,21462.52
10540,Ongoing,Severe,40451.03
5817,Success,Severe,46091.9
1312,Ongoing,None,13737.36
11723,Success,None,25022.36
5392,Success,None,14023.46
7737,Ongoing,Mild,5524.01
9095,Failure,None,16974.22
5519,Ongoing,Severe,18021.31
12093,Ongoing,Mild,28931.21
2868,Failure,None,22915.63
5393,Ongoing,Severe,9030.24
13132,Ongoing,None,12030.21
10159,Failure,Mild,20502.05
13463,Success,None,33734.34
11785,Success,Mild,44687.84
7585,Ongoing,Mild,23700.18
5411,Failure,Mild,30543.13
3124,Failure,Severe,47589.59
5659,Success,Severe,30938.3
4699,Failure,Severe,30057.14
13490,Failure,Mild,2566.1
3604,Success,Severe,18707.22
9737,Failure,None,18811.34
5754,Ongoing,Mild,1526.5
4681,Success,Severe,3395.88
14483,Success,Severe,23781.59
12975,Failure,Severe,25448.67
6644,Failure,Severe,48340.79
13703,Success,None,1184.14
9883,Success,None,12172.95
7040,Failure,Severe,11769.17
11424,Failure,Mild,27736.16
2798,Failure,None,32420.82
7107,Success,None,9111.09
5935,Failure,Severe,49639.58
3746,Failure,Severe,33312.77
11076,Ongoing,Severe,44576.33
7763,Failure,None,1553.62
3660,Failure,Mild,7736.68
5704,Ongoing,Severe,6754.07
10113,Failure,None,10833.49
6663,Ongoing,None,16161.91
647,Failure,None,39448.19
13939,Success,None,1299.01
6633,Success,Mild,6836.66
5460,Success,Severe,28913.5
7213,Failure,Mild,25637.77
1996,Success,None,34570.53
3997,Ongoing,None,34626.95
12355,Success,Mild,37278.62
11903,Failure,Severe,16027.79
13726,Success,Mild,47110.66
71,Success,None,37322.95
6487,Success,Severe,30639.28
7640,Failure,None,23251.33
9826,Success,None,17549.61
12376,Success,Severe,27793.53
11491,Ongoing,Severe,19417.91
2495,Failure,Mild,12477.33
11761,Failure,None,36883.28
6365,Success,Mild,5923.14
8898,Ongoing,None,21397.51
5381,Success,None,14187.0
3098,Success,Mild,37252.23
14325,Success,Mild,28766.04
1246,Success,Severe,30794.46
3401,Ongoing,Severe,42332.5
3854,Failure,None,7905.68
5794,Success,Mild,19084.1
14748,Failure,None,22872.59
6490,Success,Mild,43500.05
6714,Failure,Severe,45513.94
8827,Ongoing,None,41489.12
383,Ongoing,None,25943.97
9601,Failure,Severe,35440.12
4513,Failure,None,29613.65
3053,Success,Mild,12477.81
14873,Success,None,30313.99
4362,Success,Mild,11153.36
7342,Failure,Severe,33073.24
5166,Ongoing,None,39184.36
11611,Failure,Mild,17902.54
9504,Ongoing,Mild,23895.16
13037,Ongoing,Mild,2317.62
11820,Ongoing,None,13812.57
10306,Failure,Severe,24098.21
7944,Ongoing,None,21076.83
4531,Failure,None,33999.06
5254,Ongoing,Severe,8402.44
10048,Ongoing,None,45755.18
11219,Ongoing,None,4895.58
6844,Failure,Severe,16040.89
27,Failure,None,12366.14
11867,Success,None,26289.35
6849,Ongoing,Mild,33478.88
10802,Ongoing,Severe,47948.77
9629,Success,Severe,42003.39
9259,Failure,Mild,48256.38
14166,Failure,Severe,42712.99
11678,Ongoing,Severe,29852.72
10704,Failure,None,22021.15
5999,Success,Mild,25799.11
3922,Success,None,17444.12
2511,Failure,None,22775.81
7646,Failure,Severe,38229.22
254,Failure,None,39836.9
14729,Ongoing,Severe,46895.68
2873,Ongoing,Mild,41105.25
13446,Ongoing,Mild,9184.23
2594,Ongoing,Mild,35805.53
1575,Failure,Mild,24327.43
704,Success,None,3605.24
14218,Failure,Mild,31892.07
14995,Ongoing,None,28482.41
8763,Failure,Severe,31571.05
2199,Ongoing,Severe,9904.54
1669,Failure,None,39632.02
6385,Failure,Severe,5015.28
2261,Success,Severe,46100.72
14314,Failure,None,14663.87
3248,Success,None,22975.81
8911,Ongoing,Mild,14782.1
9436,Success,Mild,26058.1
7478,Failure,Severe,40399.75
5804,Failure,None,14972.52
1150,Success,None,22683.72
3063,Success,None,25508.12
3878,Failure,None,25634.34
3448,Success,None,48873.71
12684,Ongoing,Severe,24941.13
7008,Failure,Severe,35144.17
10142,Success,Severe,33024.53
5133,Success,Mild,45603.17
6705,Failure,None,10425.24
3556,Ongoing,None,49126.54
2373,Success,None,9629.54
625,Ongoing,Mild,5359.86
4204,Ongoing,None,20173.98
10648,Ongoing,Mild,7808.51
5782,Ongoing,Mild,22852.3
10856,Failure,Mild,27287.7
11573,Success,Severe,22929.3
637,Ongoing,None,20417.55
13860,Success,Severe,43215.3
8879,Ongoing,Mild,48488.59
1041,Success,None,30980.89
10779,Failure,Severe,28069.2
1785,Ongoing,None,31987.07
1609,Failure,Mild,12891.35
14923,Ongoing,None,6251.16
5744,Failure,None,19996.66
6150,Success,None,46109.31
13676,Failure,Mild,42028.97
8331,Success,Mild,39614.76
4806,Ongoing,Severe,6227.35
10907,Ongoing,None,19089.07
8273,Success,Mild,22355.88
13971,Success,Mild,10060.47
13577,Failure,None,33651.7
6661,Failure,Mild,47676.28
25,Success,None,41635.52
1505,Success,Mild,21069.19
13383,Failure,None,31664.99
1693,Ongoing,Mild,23959.61
8291,Success,None,48708.77
5510,Ongoing,Mild,37414.23
12750,Ongoing,Mild,38311.47
791,Success,None,48895.97
14797,Ongoing,Mild,35810.16
10734,Success,Severe,21440.26
3995,Ongoing,Mild,24625.25
636,Success,Mild,47718.45
6980,Ongoing,Mild,20224.45
6390,Failure,Mild,28033.49
7664,Failure,None,31825.36
14213,Failure,Mild,33951.64
12586,Success,Mild,16933.94
13583,Ongoing,None,48016.89
11274,Ongoing,None,16876.14
8894,Success,Severe,23147.26
2204,Ongoing,Mild,9374.03
5618,Ongoing,Severe,26700.68
5586,Success,Severe,16700.42
7799,Failure,None,14724.57
5569,Failure,Severe,38700.85
9287,Failure,Severe,13925.03
4410,Success,Mild,7034.83
11836,Success,None,18304.69
1193,Failure,Severe,3701.67
3822,Failure,Severe,28538.8
615,Failure,Mild,37620.42
14879,Failure,Mild,22737.99
9015,Failure,None,21084.03
9576,Success,None,29354.42
5872,Ongoing,Severe,25034.96
6172,Failure,Mild,12394.67
3081,Failure,Severe,5599.4
9303,Ongoing,Mild,26450.96
11242,Failure,None,22847.98
1767,Ongoing,None,11372.4
7777,Success,Severe,10960.09
13467,Failure,None,12752.82
13041,Ongoing,None,27305.98
9874,Ongoing,None,31983.29
7022,Ongoing,Mild,20857.34
13231,Failure,Mild,39390.15
10833,Failure,Mild,11634.59
5672,Failure,Mild,32886.68
13245,Failure,None,3701.84
842,Ongoing,None,44161.71
11828,Ongoing,Severe,30871.93
1502,Ongoing,None,17716.15
9952,Failure,Mild,30650.05
3483,Ongoing,Severe,44876.95
1056,Success,Mild,43257.27
9305,Failure,None,41106.15
7124,Failure,Mild,48947.75
10091,Failure,None,33497.11
6535,Failure,Mild,37884.89
4456,Ongoing,Severe,10068.8
14425,Ongoing,None,17562.13
2896,Success,Mild,41266.57
6378,Success,None,18290.92
6692,Success,Mild,2015.19
698,Ongoing,Severe,17275.77
2416,Ongoing,Severe,28201.32
3665,Success,Mild,42699.25
229,Success,Severe,32602.77
10455,Failure,None,43743.44
1281,Ongoing,Severe,2794.2
1541,Ongoing,Mild,36948.93
10398,Failure,Severe,15189.54
9641,Ongoing,Mild,26754.45
13262,Ongoing,None,32634.55
2600,Ongoing,Severe,43966.16
13914,Ongoing,Mild,38660.96
14647,Ongoing,Mild,16342.2
7172,Ongoing,None,30292.74
6709,Ongoing,Mild,14702.56
1976,Ongoing,None,25254.64
3179,Success,None,17557.57
1281,Failure,Severe,26857.65
12188,Failure,Severe,14870.12
7187,Success,Severe,29072.77
14562,Failure,Mild,48586.88
14934,Failure,Severe,7259.7
1793,Failure,None,18545.03
3501,Ongoing,Mild,2021.62
9303,Failure,Mild,19806.03
1002,Ongoing,Severe,45488.08
5824,Success,Mild,45815.8
5860,Failure,Severe,21952.85
2558,Failure,None,18324.24
8725,Ongoing,Severe,16726.06
5826,Ongoing,Severe,40354.45
7668,Ongoing,Severe,34391.5
618,Ongoing,None,42775.71
10883,Failure,Mild,1340.92
11028,Success,Severe,26287.28
13977,Success,Severe,11647.25
817,Failure,None,25735.08
7939,Success,Mild,44400.71
8034,Ongoing,Mild,49319.17
8596,Ongoing,Severe,28562.23
12805,Failure,Severe,3353.65
12577,Ongoing,Severe,5551.69
10327,Failure,Severe,17863.0
2622,Success,Severe,35949.69
7595,Success,Mild,36328.94
6670,Ongoing,None,21784.04
11097,Ongoing,Mild,27945.24
2615,Failure,Severe,24754.04
3845,Failure,Severe,4382.52
12905,Failure,Mild,45924.47
5086,Success,Mild,10584.61
3861,Success,Mild,43356.79
11272,Ongoing,Mild,48985.83
847,Failure,Mild,27544.64
7334,Failure,Severe,46638.55
9469,Failure,Mild,24910.56
13462,Failure,None,44871.74
12456,Failure,Mild,42508.7
3607,Failure,Severe,30096.78
13165,Ongoing,Severe,26047.39
6632,Success,Severe,2610.11
7169,Ongoing,Mild,36572.23
3701,Success,None,30477.78
7681,Ongoing,Severe,21797.39
14560,Failure,Mild,3176.76
5149,Success,Severe,2978.68
14,Success,None,3493.45
10629,Success,Severe,37190.2
1924,Success,Mild,40937.41
3497,Ongoing,Mild,26545.83
14899,Success,Mild,8957.61
3476,Failure,None,42566.74
7294,Success,Severe,39678.39
4783,Failure,Mild,29985.99
6294,Ongoing,Mild,16334.82
11208,Ongoing,Mild,26630.81
14774,Failure,Mild,9641.02
6401,Failure,Mild,27467.19
3319,Success,Severe,11749.89
13142,Success,Severe,15363.19
3796,Ongoing,None,8212.22
6255,Success,None,6006.19
10764,Failure,Severe,10863.8
14538,Failure,Severe,22846.63
10771,Ongoing,Severe,15874.92
12167,Failure,Severe,39260.04
10410,Ongoing,Mild,35762.98
13249,Failure,Mild,39747.69
5107,Ongoing,Severe,5543.4
14151,Failure,Severe,34073.26
5828,Ongoing,Mild,11513.66
8022,Success,Severe,12651.23
8125,Failure,None,7105.79
10449,Ongoing,Severe,4533.83
7239,Success,None,45018.55
4285,Ongoing,None,14174.4
5600,Failure,Mild,37894.5
8135,Success,Severe,47027.09
9770,Ongoing,Mild,1081.87
2798,Ongoing,None,19028.94
104,Failure,None,36819.55
1478,Ongoing,Mild,9327.75
11058,Ongoing,Severe,34790.07
8884,Success,Severe,20341.31
11965,Failure,Severe,9410.2
669,Success,Severe,10210.27
12404,Failure,None,33016.34
4676,Ongoing,Mild,3183.3
2748,Failure,None,49767.02
12406,Failure,None,11014.7
8948,Failure,None,26799.83
301,Ongoing,Severe,4502.35
8070,Success,Mild,35180.69
11192,Failure,Severe,31093.08
4884,Success,Severe,45787.59
13457,Failure,Mild,32662.75
13436,Success,Severe,43108.28
13188,Success,None,41472.13
12541,Failure,Severe,37330.87
6119,Failure,Mild,44767.87
7610,Success,Severe,35259.97
6604,Success,None,17312.1
6282,Failure,None,2355.6
3236,Ongoing,Mild,8436.35
4448,Ongoing,None,22125.19
13039,Ongoing,None,33853.57
10836,Failure,Severe,30560.23
10759,Failure,Severe,20893.07
7081,Ongoing,Severe,15650.23
522,Ongoing,Mild,1725.89
2152,Ongoing,Mild,3430.08
14042,Success,Severe,29091.87
7678,Ongoing,None,39202.9
1754,Ongoing,Severe,32217.09
10780,Ongoing,Mild,22171.36
5436,Success,Severe,37853.82
3983,Success,Severe,15094.95
10423,Success,Mild,6860.42
2879,Success,None,13160.37
317,Ongoing,Severe,13160.99
11421,Ongoing,Severe,25383.09
11246,Success,Severe,26437.09
11627,Success,Severe,14591.23
13038,Ongoing,Mild,20906.64
7027,Success,Severe,18366.89
12080,Success,Severe,21008.2
9510,Failure,Severe,6356.19
7834,Ongoing,Severe,10992.61
9419,Success,Severe,48033.36
11395,Success,Mild,11417.53
13918,Failure,Mild,22311.9
8364,Ongoing,None,44845.58
9666,Ongoing,Mild,24592.31
3767,Success,None,26166.56
4297,Success,None,28569.9
13243,Ongoing,Mild,29596.15
8397,Ongoing,Mild,9622.16
9493,Ongoing,Mild,41194.24
1841,Ongoing,Severe,29838.5
6372,Ongoing,Severe,30860.38
1840,Ongoing,None,22362.15
12457,Success,Mild,28028.05
4134,Failure,Mild,23200.38
14287,Ongoing,Severe,28978.57
169,Failure,Mild,24324.71
5669,Ongoing,Severe,5150.76
12199,Ongoing,None,21955.98
11721,Success,Severe,39580.44
4397,Failure,Mild,29349.63
879,Ongoing,Severe,36638.6
6083,Success,Severe,43249.39
5682,Success,None,12249.13
4121,Ongoing,Severe,46023.79
8999,Failure,Severe,11923.44
7621,Failure,None,19024.73
12443,Failure,None,5136.63
6982,Failure,Mild,41493.38
4275,Success,None,3068.24
10544,Failure,Severe,49639.05
13346,Ongoing,Severe,41492.44
3888,Failure,None,28048.45
12667,Failure,Mild,18425.07
9490,Failure,Severe,36863.67
12591,Failure,None,24320.65
9191,Failure,Mild,1069.51
4626,Success,Severe,6811.91
11308,Success,Severe,47213.8
9829,Success,Mild,22401.16
3205,Failure,None,38107.56
3137,Ongoing,Severe,22285.93
8045,Failure,None,47752.26
7270,Ongoing,Severe,21361.56
2882,Ongoing,None,33991.65
952,Ongoing,Severe,2371.45
13249,Ongoing,Severe,30149.72
11605,Success,Mild,14215.76
5498,Success,Severe,29889.56
9966,Ongoing,Severe,23642.66
6835,Success,None,48789.83
11160,Failure,Severe,23157.07
3651,Failure,Mild,38408.56
4831,Ongoing,Mild,24862.18
8630,Ongoing,Severe,9781.0
6624,Ongoing,None,10494.64
13343,Failure,Mild,1525.24
14707,Failure,Severe,1148.98
9808,Ongoing,None,39354.82
10633,Ongoing,Severe,44159.95
13771,Success,Mild,5174.37
4357,Ongoing,Mild,20168.52
14670,Success,None,19054.6
7190,Success,Mild,17942.89
12080,Failure,Mild,11356.06
6117,Failure,None,43682.08
5178,Ongoing,Mild,2058.95
1315,Failure,Mild,29438.45
1593,Failure,Mild,28385.7
6294,Failure,None,22292.11
5152,Ongoing,Mild,29709.36
10741,Success,None,15133.09
14768,Ongoing,Severe,38020.99
12929,Failure,Mild,46992.84
8673,Ongoing,Severe,12234.46
10716,Success,None,2200.33
1507,Success,Mild,12448.33
4060,Success,None,41935.62
5659,Failure,None,24441.8
12725,Success,Severe,20804.93
9454,Failure,None,22739.02
1982,Failure,Mild,2393.74
14356,Failure,Mild,43261.43
10746,Success,None,36243.38
11866,Success,None,8739.46
8617,Ongoing,None,12417.04
13769,Success,None,9110.77
14578,Success,Mild,32180.96
5686,Failure,None,3769.79
9827,Ongoing,Mild,21650.8
14074,Ongoing,Mild,27035.33
3068,Failure,Severe,4507.72
1129,Success,Severe,23516.91
4261,Ongoing,Mild,8577.43
10589,Success,None,35507.18
8331,Failure,None,17775.46
6835,Success,None,6779.66
1710,Success,Mild,42802.44
3265,Success,None,34463.77
2883,Ongoing,Mild,39225.66
12421,Ongoing,Severe,29462.59
10791,Failure,None,7572.9
14675,Success,Severe,6089.26
13075,Failure,None,2752.38
6174,Failure,None,20921.24
14438,Ongoing,None,21799.92
4620,Success,Mild,7583.4
8347,Success,Severe,1235.99
13965,Ongoing,Severe,15255.44
279,Failure,Mild,18934.9
13697,Ongoing,Mild,25796.67
6086,Success,Severe,12694.51
4155,Ongoing,Severe,12028.51
11040,Success,None,10909.94
2666,Failure,None,32995.9
10171,Failure,Severe,23120.47
1559,Success,None,2716.41
9227,Failure,Mild,35394.16
10525,Failure,Severe,33961.85
8172,Ongoing,None,41394.79
14061,Success,Severe,26678.61
12599,Failure,None,24961.36
7353,Ongoing,Severe,49381.2
9248,Ongoing,None,43852.82
11455,Failure,Mild,18286.36
14669,Failure,Severe,22274.56
1126,Failure,Severe,10868.71
6810,Failure,None,1576.08
11495,Ongoing,Mild,1996.47
6484,Failure,None,42035.29
14039,Failure,Mild,42122.54
8375,Failure,Mild,42619.03
10937,Failure,Mild,49908.56
2152,Failure,Severe,41583.08
3109,Ongoing,None,10011.88
10796,Ongoing,Mild,46633.71
8652,Success,None,45540.96
8459,Failure,Severe,2435.01
7622,Ongoing,Severe,38174.94
1793,Success,None,17443.76
5556,Ongoing,Severe,11040.57
822,Failure,Mild,11632.09
9193,Success,Mild,26858.41
4248,Failure,None,29092.57
4686,Failure,None,11731.59
8164,Success,Mild,31425.06
7252,Failure,None,9050.63
11972,Ongoing,None,16964.36
13117,Failure,Mild,35780.11
911,Success,Mild,29393.13
13874,Success,Severe,16350.68
12071,Success,None,39193.8
863,Ongoing,Mild,7299.11
11152,Ongoing,Severe,6213.49
12607,Failure,None,25912.37
3030,Ongoing,Severe,7653.09
13569,Ongoing,Mild,23665.48
8257,Ongoing,Mild,6857.93
6002,Ongoing,Mild,16970.53
12118,Ongoing,Severe,10639.33
3358,Success,None,31454.85
8651,Ongoing,Severe,10722.7
7424,Success,None,16910.57
64,Success,Mild,44603.43
14073,Ongoing,Severe,30485.59
5130,Failure,Mild,14562.27
329,Success,Severe,2369.91
4208,Ongoing,None,21546.68
531,Failure,Severe,16100.98
808,Failure,Mild,14013.7
5284,Failure,None,42260.77
3750,Failure,Severe,22314.56
3203,Failure,Severe,19108.01
12763,Failure,Mild,21104.42
5873,Success,Severe,17108.42
4866,Ongoing,Severe,15495.96
3731,Ongoing,Mild,33848.78
13302,Ongoing,Severe,14089.57
4101,Ongoing,None,31166.79
3809,Failure,None,22062.01
10698,Success,None,38577.59
3625,Failure,None,49193.32
14168,Success,None,25275.3
12787,Failure,Mild,26342.91
12733,Ongoing,Severe,46823.92
8356,Failure,Mild,9428.97
14169,Success,Mild,9284.42
14170,Success,Severe,25551.52
5691,Failure,Severe,44982.42
14101,Success,Mild,18266.56
8025,Ongoing,None,40014.93
355,Failure,Severe,33256.03
1212,Failure,Severe,41879.18
12434,Ongoing,Severe,27439.58
2444,Failure,None,36674.22
1197,Success,Mild,49712.46
10882,Failure,Mild,4228.29
6576,Success,None,20146.37
9321,Success,None,36553.28
280,Ongoing,Severe,1737.36
9189,Success,Severe,34167.69
10012,Ongoing,None,16297.87
2207,Ongoing,None,36057.94
1327,Success,Severe,13612.14
9379,Success,None,46963.82
9186,Failure,Mild,32268.1
1590,Failure,None,16321.69
1823,Failure,Mild,3320.4
14107,Success,Severe,3643.5
11973,Failure,None,41667.18
6832,Ongoing,None,29446.39
9022,Success,Severe,46714.46
14143,Failure,None,9852.83
725,Ongoing,Mild,47303.29
12940,Ongoing,Severe,42135.14
10713,Ongoing,None,40349.87
5220,Failure,None,44646.87
13997,Failure,Severe,8324.93
1126,Success,Mild,34669.99
9345,Ongoing,Severe,18305.93
4674,Success,Mild,46179.77
8938,Success,Mild,10111.04
11820,Ongoing,Severe,3762.81
14111,Failure,Mild,31427.9
9257,Ongoing,Severe,13623.31
1206,Success,Mild,10668.74
8078,Success,None,12276.02
2224,Success,Mild,37238.81
3823,Ongoing,Mild,48364.49
12913,Ongoing,Mild,37559.12
10182,Ongoing,None,40186.93
639,Failure,Mild,47029.38
646,Success,Severe,3217.48
3286,Failure,None,39119.91
14122,Failure,Mild,7340.3
269,Ongoing,Mild,47387.79
13461,Ongoing,None,44923.85
10136,Failure,Mild,33645.99
7680,Failure,Mild,32422.6
7042,Ongoing,Severe,27523.4
6821,Success,Mild,13993.33
4279,Ongoing,None,26870.89
2841,Failure,None,15357.21
11755,Ongoing,None,15945.83
1119,Failure,None,19621.59
246,Failure,None,13918.91
1287,Failure,Mild,42301.08
9738,Failure,Severe,13107.41
10085,Ongoing,Severe,38252.4
7865,Failure,None,30220.22
6336,Failure,Mild,42427.57
10313,Failure,Severe,32563.8
864,Success,None,15645.8
13270,Ongoing,Severe,32738.95
8438,Success,Mild,29065.25
12480,Ongoing,None,37529.58
4138,Failure,Severe,12752.99
3030,Ongoing,None,49134.14
1959,Failure,Mild,6478.3
2046,Failure,Severe,16144.73
7299,Ongoing,None,18462.12
7314,Ongoing,None,27177.5
11550,Ongoing,Severe,18117.98
10999,Success,Mild,16721.81
11367,Ongoing,Severe,26072.95
11665,Ongoing,Mild,20525.82
13088,Failure,None,28052.15
14801,Failure,Mild,23915.88
6035,Success,None,28326.41
13535,Success,Severe,49994.63
13653,Failure,Severe,44180.29
12523,Failure,None,33752.85
8131,Success,None,14115.99
5856,Ongoing,Mild,22229.08
14517,Failure,Mild,13850.54
11066,Failure,Mild,3914.28
1462,Failure,Mild,25048.58
14345,Failure,Severe,24582.83
13990,Failure,Severe,45626.99
4930,Ongoing,Mild,37613.4
1846,Success,Mild,19199.45
1102,Ongoing,Severe,15330.28
11794,Success,Severe,21969.38
7172,Ongoing,Mild,44524.43
13411,Success,None,41433.74
1657,Ongoing,Severe,19575.38
7053,Failure,Severe,3318.54
7064,Failure,Severe,7008.62
5998,Failure,Mild,28736.49
9787,Failure,Mild,44129.81
8602,Failure,Mild,36048.17
6744,Ongoing,Severe,36426.95
6105,Success,None,38113.22
10210,Ongoing,Mild,7099.11
14983,Success,Severe,45434.78
5638,Success,Severe,41873.73
11437,Ongoing,None,30303.46
3087,Failure,Severe,37983.83
4376,Ongoing,None,46660.54
9363,Success,Mild,39331.66
1930,Success,Mild,27568.03
6799,Failure,None,15998.21
5130,Failure,Severe,39812.96
5808,Success,None,43635.0
2270,Ongoing,Severe,18187.05
14727,Ongoing,None,5714.05
9399,Ongoing,Mild,25824.23
8235,Success,Mild,32414.37
9316,Success,Severe,22455.11
8792,Failure,None,2714.18
1101,Failure,Mild,33414.83
2484,Failure,None,26158.21
7182,Ongoing,Severe,4358.89
13863,Ongoing,Severe,4454.65
10261,Failure,Mild,40975.0
8251,Ongoing,Severe,2494.48
2661,Ongoing,None,15341.86
4628,Failure,Mild,43066.97
6948,Ongoing,Severe,34198.04
3118,Ongoing,Mild,8638.17
7735,Success,Mild,19499.26
3863,Success,Severe,4543.1
5154,Ongoing,Mild,21225.62
11003,Success,Mild,27836.59
4989,Ongoing,None,18229.15
7610,Success,Severe,43858.68
12564,Success,None,27063.41
8469,Success,Mild,9611.57
3523,Failure,Severe,41355.38
10391,Success,Severe,44033.06
7218,Ongoing,Severe,16515.09
890,Failure,None,49206.15
10305,Failure,None,38386.74
1824,Failure,None,38081.49
11744,Success,Mild,30287.08
14536,Failure,Mild,45294.72
240,Ongoing,Severe,7644.76
6103,Success,Mild,31247.99
7120,Success,Mild,1159.29
14101,Ongoing,Severe,47819.22
2606,Success,None,36514.6
3768,Success,Mild,10357.58
12337,Ongoing,Mild,3825.38
13871,Failure,None,15815.7
13205,Failure,Severe,2524.89
6914,Success,None,1255.43
13274,Ongoing,None,13014.93
7905,Ongoing,Severe,6564.44
9046,Failure,None,6947.95
13850,Ongoing,None,46871.88
10615,Failure,Mild,6822.78
4954,Failure,Mild,40472.17
7499,Failure,Mild,5487.45
357,Failure,Mild,34784.16
4656,Success,Mild,24075.26
8323,Failure,None,13393.45
7437,Success,Severe,1560.45
899,Ongoing,Severe,3335.21
5980,Ongoing,Mild,8189.25
14352,Failure,Severe,15186.5
4787,Failure,None,44998.77
6809,Ongoing,Severe,36111.3
9375,Success,Severe,43021.64
12620,Success,Severe,31194.65
2605,Success,None,37592.32
12020,Ongoing,Mild,6003.12
14430,Success,Severe,32259.3
8608,Failure,Severe,18537.89
3460,Ongoing,Severe,34303.68
11256,Success,None,32182.35
9713,Failure,Mild,39210.89
12183,Success,None,49242.03
7016,Ongoing,Severe,42323.02
14645,Failure,None,34257.81
6098,Success,Mild,35573.7
4937,Failure,Mild,10558.81
11776,Failure,Severe,32567.4
9430,Failure,Severe,46681.64
12499,Success,None,29475.34
6085,Success,Mild,33281.3
11138,Success,Severe,46297.43
9364,Failure,Severe,11515.66
5784,Failure,None,44304.43
1,Failure,Severe,27035.77
4863,Success,None,45047.25
12780,Success,Mild,47969.18
9041,Ongoing,Severe,24891.57
12112,Ongoing,None,46816.17
13801,Failure,Severe,38767.61
9940,Success,Mild,3909.01
13778,Ongoing,None,36268.81
12260,Success,Severe,28023.02
14946,Success,Severe,42185.51
9386,Failure,Mild,5162.1
4638,Failure,Severe,39389.74
8833,Ongoing,Mild,7070.4
178,Success,Mild,39840.29
1618,Success,Severe,21391.86
11871,Ongoing,Mild,4349.31
14453,Ongoing,None,6767.22
7620,Failure,None,9288.28
10316,Failure,Mild,28581.73
12350,Ongoing,Mild,40855.19
414,Success,None,27485.32
4573,Success,None,18794.37
14936,Success,Severe,44741.13
6361,Success,Mild,15167.4
10036,Ongoing,Severe,37902.02
9830,Success,Mild,9636.41
13982,Ongoing,Severe,11889.8
11979,Success,None,40600.81
9022,Failure,Mild,15885.26
80,Ongoing,Mild,46213.32
316,Success,Severe,14566.59
2860,Failure,Mild,19892.13
7422,Success,None,23172.35
11819,Success,Mild,31957.71
11433,Ongoing,Severe,34902.94
8999,Failure,Mild,15905.48
13791,Ongoing,Mild,18533.25
5676,Ongoing,None,5221.14
5223,Ongoing,None,20075.44
8174,Ongoing,None,35930.69
5119,Success,None,7466.87
6611,Ongoing,Severe,28613.06
8325,Success,Mild,41046.16
8745,Ongoing,Mild,27148.4
6209,Failure,None,49288.62
8711,Ongoing,Mild,48683.28
6561,Failure,Mild,29787.59
2652,Ongoing,None,17482.09
12634,Failure,None,46463.65
7519,Success,Mild,4109.79
4152,Success,None,4983.58
12161,Failure,Severe,43910.36
9196,Success,None,4683.19
7089,Failure,None,17898.96
4616,Success,Mild,15217.34
12451,Ongoing,None,10528.07
9406,Ongoing,Mild,16548.91
11570,Ongoing,Severe,45881.01
12318,Success,None,21030.72
11152,Success,Mild,37371.58
14497,Success,Severe,7236.99
6259,Success,None,25548.89
14682,Failure,Severe,15943.65
12285,Ongoing,None,32473.28
11260,Success,Mild,46819.49
5942,Ongoing,Mild,47515.77
6188,Success,Severe,40284.02
11075,Failure,None,7888.35
6717,Ongoing,Mild,17709.02
12742,Ongoing,Mild,20732.59
3242,Ongoing,Severe,27541.64
464,Success,Severe,11864.91
8578,Ongoing,None,39346.59
8893,Success,None,26953.38
1728,Success,Severe,10976.98
1406,Ongoing,Mild,6022.23
7017,Ongoing,None,29119.61
7127,Success,Mild,26882.82
2511,Ongoing,None,36416.82
8929,Success,Mild,47840.86
10627,Failure,None,17267.65
10425,Success,Mild,11706.59
507,Failure,Mild,32177.82
7497,Ongoing,Mild,24541.01
620,Failure,None,4964.79
8722,Success,Severe,13622.73
12957,Success,Mild,26671.34
7468,Ongoing,None,47908.15
12090,Success,None,43879.1
12121,Ongoing,Mild,46391.19
12862,Success,None,48538.62
11409,Success,Severe,42369.05
4784,Success,Severe,15719.63
2768,Ongoing,None,11728.66
2600,Success,Mild,31139.66
14522,Failure,None,41213.93
9446,Success,None,44557.26
6460,Success,Mild,33980.35
12722,Failure,Mild,35491.52
13088,Success,Mild,39916.7
6566,Success,Mild,9901.48
8814,Ongoing,Severe,16348.62
470,Failure,Mild,36483.51
1284,Failure,Severe,41892.32
1378,Success,Mild,27932.1
13573,Success,Mild,11637.95
34,Failure,Mild,26479.49
1914,Ongoing,None,9138.71
4525,Failure,None,40482.82
3066,Ongoing,Mild,4575.6
413,Failure,None,46167.82
1829,Success,None,1875.94
4208,Failure,Mild,18194.08
14913,Success,Mild,28602.97
12577,Failure,None,36348.98
3709,Success,None,11222.91
855,Failure,Mild,17943.29
1634,Failure,Severe,12520.73
964,Failure,Severe,29518.77
10535,Success,Mild,11592.3
4123,Success,Mild,39935.21
7461,Ongoing,None,25232.54
1689,Ongoing,Severe,36170.25
5324,Ongoing,Severe,39992.2
11554,Ongoing,Mild,16018.86
5645,Failure,Severe,25822.84
10240,Success,Mild,27063.71
5495,Failure,Severe,38843.31
9794,Failure,Severe,2519.53
3926,Failure,Severe,14249.96
4170,Failure,None,49436.09
3068,Success,Severe,22747.03
3501,Failure,Severe,39447.47
11092,Ongoing,Mild,15890.84
492,Failure,Severe,15717.05
11897,Ongoing,None,23034.35
5294,Failure,Severe,15693.96
10812,Ongoing,Severe,32455.47
6901,Success,Mild,42666.47
14683,Ongoing,None,27185.17
14172,Failure,Mild,19324.25
13515,Success,None,13246.91
13460,Success,Severe,10019.42
4714,Ongoing,Mild,14949.6
13940,Ongoing,Severe,1646.48
9367,Success,Mild,41487.61
11436,Ongoing,Mild,18653.73
11809,Ongoing,Severe,12298.83
6058,Failure,None,18940.58
4458,Failure,Mild,35897.02
933,Ongoing,None,39359.52
12316,Ongoing,Mild,20163.2
5712,Failure,Severe,30198.6
7964,Ongoing,Severe,48828.71
11333,Success,Mild,15398.16
7481,Failure,Severe,42673.25
5953,Failure,Severe,5686.83
2638,Ongoing,None,42365.9
1708,Failure,Severe,5603.31
1170,Success,Severe,41734.35
7867,Ongoing,None,15936.69
380,Ongoing,Severe,26552.54
10462,Failure,None,24568.31
4912,Failure,Mild,47112.56
13912,Success,None,16207.23
14588,Success,Severe,34532.25
1706,Ongoing,Mild,46199.45
14493,Failure,None,1513.95
10576,Success,Mild,7965.74
2275,Success,Severe,7643.4
5761,Ongoing,Mild,18574.68
12424,Ongoing,Severe,27476.16
4514,Success,Severe,7005.14
1696,Success,None,6079.49
895,Ongoing,Severe,38073.87
5683,Success,Mild,21959.0
11312,Success,Severe,17119.52
4808,Success,Severe,6415.69
7954,Failure,None,20459.67
13801,Success,Severe,20720.65
11078,Failure,Mild,29925.13
6042,Ongoing,None,17635.11
4022,Failure,Mild,35241.18
12799,Failure,Severe,23802.67
14829,Ongoing,None,44516.27
6286,Ongoing,None,42670.55
5604,Ongoing,Severe,5943.71
4219,Ongoing,None,49690.42
10213,Ongoing,Severe,24999.55
10559,Ongoing,Severe,12791.37
6253,Failure,None,45957.15
7036,Success,Mild,26396.78
8310,Failure,None,29962.69
1628,Ongoing,Mild,17351.8
2222,Ongoing,None,42748.6
2982,Ongoing,Severe,20350.66
6762,Ongoing,Severe,49109.83
5222,Ongoing,Severe,23316.53
11138,Ongoing,None,31375.65
1855,Success,Mild,33130.64
12482,Ongoing,None,1429.61
12695,Ongoing,Mild,21649.85
6580,Success,None,28131.1
13353,Ongoing,Mild,9509.44
7723,Success,Severe,27048.05
7891,Success,Mild,46102.49
7905,Failure,Severe,29998.89
2165,Failure,Mild,18268.99
10476,Success,None,7985.41
8314,Success,Severe,23814.39
9015,Ongoing,Mild,13757.67
5236,Failure,Severe,49869.57
9870,Success,None,1897.72
11351,Failure,Mild,26635.56
11369,Ongoing,Mild,28928.84
4580,Ongoing,Severe,43552.61
10087,Ongoing,Mild,2452.55
7080,Failure,Mild,37506.59
5747,Ongoing,Severe,43532.7
13157,Success,None,27523.57
3179,Failure,Severe,5679.37
8659,Ongoing,Severe,46923.76
14274,Failure,Severe,32783.13
14430,Failure,Severe,21967.31
10239,Failure,Mild,14301.46
12043,Success,None,42483.82
3662,Ongoing,Severe,1440.31
11122,Failure,Severe,33780.72
4514,Ongoing,Mild,19707.23
7979,Ongoing,Mild,30872.36
5799,Success,Mild,32651.82
4313,Ongoing,Severe,14414.5
14494,Success,None,47679.94
333,Ongoing,None,42719.51
4198,Ongoing,Severe,43683.81
3630,Failure,None,27598.61
9096,Ongoing,Mild,48279.2
1859,Failure,Mild,38047.67
6421,Failure,Severe,13248.34
186,Success,Severe,8855.6
3718,Ongoing,None,32631.6
12266,Success,Severe,33603.08
10232,Failure,Severe,39027.34
8707,Failure,Mild,43749.06
14250,Failure,None,32830.35
14879,Failure,Mild,15845.71
6190,Ongoing,Mild,19726.99
7212,Ongoing,Severe,37945.53
6598,Success,None,26982.26
11037,Success,Severe,37286.63
13233,Ongoing,None,18234.12
2776,Failure,None,34013.54
11425,Failure,Severe,14270.5
3719,Success,Mild,44679.27
1124,Failure,Severe,19182.02
8080,Failure,Severe,1306.04
10128,Success,Mild,5623.33
5061,Failure,None,2715.07
14262,Ongoing,Severe,21736.41
7553,Success,None,39765.55
2091,Success,Severe,40007.52
9528,Success,Mild,41594.06
12828,Success,None,16817.77
2749,Failure,None,21563.56
9643,Success,Severe,11719.35
14074,Success,Mild,28017.13
11247,Ongoing,Mild,40506.74
10276,Ongoing,Severe,29449.16
10915,Failure,Severe,42366.86
11450,Failure,Severe,26640.82
7060,Ongoing,Severe,35784.07
11101,Success,Mild,49167.88
13929,Failure,None,13994.77
273,Failure,Mild,42714.73
814,Ongoing,None,4121.49
12382,Success,Mild,2278.9
11421,Success,Severe,10994.15
7429,Ongoing,Mild,35981.25
6093,Ongoing,Mild,10424.78
9193,Failure,Mild,24342.87
6436,Failure,Severe,26236.0
8095,Success,Mild,32493.53
6777,Success,None,1854.38
8957,Ongoing,Severe,2416.69
9571,Ongoing,Mild,5769.52
1681,Ongoing,None,36627.2
4139,Failure,Mild,39882.63
12790,Success,Mild,22278.78
11620,Ongoing,Severe,25069.12
11337,Failure,Severe,20876.39
11481,Ongoing,None,36516.56
137,Success,None,9780.23
1689,Success,Mild,41006.79
12511,Success,Mild,23537.08
14775,Ongoing,None,47010.99
6332,Ongoing,None,25685.48
12928,Failure,None,31465.23
10609,Success,Severe,31410.57
4153,Success,Severe,21849.75
11383,Failure,None,12106.28
3608,Success,Severe,24192.84
386,Success,None,44170.94
4412,Ongoing,None,5550.81
3913,Success,None,24876.08
6202,Success,Severe,30978.53
6861,Failure,Severe,20228.45
848,Success,Mild,9216.08
3064,Success,Severe,47792.8
13989,Failure,Severe,11225.74
4208,Failure,Severe,9573.96
11798,Failure,None,49946.72
1560,Failure,Mild,12948.03
9620,Ongoing,Mild,18517.6
12044,Failure,Severe,4236.43
4343,Success,Mild,4454.05
9764,Failure,Severe,37721.77
2343,Success,None,35892.17
6767,Success,Mild,26199.41
12518,Failure,None,2624.76
4351,Failure,Severe,33531.75
3353,Failure,Severe,46889.55
588,Failure,Mild,1364.98
7121,Ongoing,Severe,41574.87
1045,Success,Severe,28080.11
9959,Failure,None,20433.9
12128,Failure,Mild,12644.06
11429,Success,None,22417.8
5457,Failure,None,23874.79
6598,Ongoing,Severe,23053.54
13030,Failure,Severe,44625.47
9716,Ongoing,Mild,43793.64
6721,Failure,Mild,21620.01
155,Ongoing,Severe,9772.75
6119,Ongoing,Mild,30138.04
1314,Ongoing,Mild,38472.0
8660,Ongoing,None,7432.74
3774,Failure,None,19341.21
1990,Ongoing,Mild,15469.1
3389,Ongoing,Severe,11831.45
2708,Failure,Severe,38430.81
4435,Ongoing,None,41977.51
13458,Success,Severe,28758.14
7149,Ongoing,Mild,42277.07
9948,Ongoing,Mild,36114.97
942,Ongoing,Severe,29318.29
4184,Failure,Severe,46408.63
5337,Ongoing,None,20722.65
5667,Ongoing,Mild,4373.33
11095,Ongoing,None,24365.28
6013,Failure,None,6176.05
2093,Ongoing,Mild,6069.14
6774,Ongoing,Severe,36074.81
1939,Failure,None,7623.63
8445,Success,Mild,40398.61
12700,Failure,None,16069.51
7044,Failure,Severe,42651.97
6401,Failure,Severe,1084.16
11730,Ongoing,Mild,7510.24
14958,Failure,Severe,1630.29
10009,Ongoing,Mild,17541.14
10535,Success,None,34193.43
11488,Failure,Severe,13738.78
13961,Failure,Severe,13850.77
10134,Ongoing,Severe,39716.66
10128,Failure,None,34379.09
1089,Failure,Mild,43729.38
5643,Failure,Mild,21308.66
883,Success,Severe,44841.85
9722,Failure,Severe,25442.78
9554,Failure,None,12308.29
12685,Success,Mild,15391.33
7413,Failure,Mild,46234.37
520,Failure,Mild,43038.91
10431,Success,Mild,31913.81
3930,Ongoing,None,9220.38
5452,Success,Severe,27712.17
1658,Success,Severe,4469.32
8059,Ongoing,Mild,8998.37
2059,Ongoing,Severe,36583.83
14514,Ongoing,Mild,15500.96
9053,Failure,Mild,1582.22
7103,Ongoing,None,47333.73
12147,Success,None,35768.28
5259,Success,Mild,48398.02
5155,Success,Mild,19071.43
9690,Success,None,5594.31
14523,Ongoing,Severe,11741.75
14764,Success,Mild,16478.4
8496,Ongoing,None,20695.6
415,Failure,Mild,5281.8
7809,Success,None,15994.77
6349,Ongoing,None,27670.96
8181,Success,None,8603.23
14116,Failure,None,14999.89
4863,Failure,Mild,36055.19
13080,Ongoing,None,11405.98
13734,Failure,None,43796.63
14673,Failure,Severe,21933.69
871,Failure,Mild,41231.05
7345,Failure,Severe,40607.84
9033,Success,None,2851.97
6561,Ongoing,None,16563.53
13586,Ongoing,None,48172.12
9821,Failure,None,33111.33
14264,Failure,None,49648.58
9383,Failure,Severe,46161.47
13571,Failure,Mild,42914.7
11953,Failure,None,23617.15
3096,Failure,Mild,6327.38
6987,Failure,None,16184.39
7248,Ongoing,None,32272.54
9063,Success,Severe,39389.16
6232,Success,Severe,11271.13
9395,Success,None,32761.64
486,Success,Mild,22270.89
9542,Failure,None,45437.43
1071,Ongoing,Severe,39937.28
11239,Ongoing,Severe,25856.26
12260,Failure,Mild,46839.29
9969,Failure,Mild,23692.8
1271,Ongoing,Severe,19348.94
12530,Success,None,1239.09
12117,Success,Mild,27982.35
10697,Ongoing,Severe,13098.6
6047,Success,Severe,49471.25
7484,Ongoing,None,32317.89
11411,Ongoing,None,35716.64
11837,Failure,None,40367.82
3717,Failure,None,46908.68
8782,Ongoing,Mild,2601.45
3706,Failure,Severe,31592.2
7802,Ongoing,Mild,9860.44
13257,Success,Mild,48571.61
10949,Ongoing,Severe,7131.05
5074,Failure,Severe,22698.6
9306,Ongoing,Severe,10820.3
5223,Failure,None,8558.79
3068,Ongoing,None,20140.07
11234,Failure,None,5248.99
4087,Failure,Severe,8714.94
1897,Success,Severe,24717.18
898,Failure,Severe,30250.67
12415,Success,None,46350.3
715,Ongoing,Severe,10679.76
4283,Ongoing,None,10520.87
1819,Success,Severe,44684.7
2735,Success,None,24007.47
14374,Ongoing,None,48915.25
8303,Ongoing,None,6275.23
14529,Failure,Severe,42762.78
3718,Success,Mild,11092.18
6080,Failure,None,31069.11
11315,Success,Severe,1516.74
6881,Ongoing,Mild,12610.84
11824,Ongoing,Severe,16694.53
2169,Ongoing,Mild,6658.15
6052,Failure,Severe,1324.85
5907,Success,Mild,40091.72
13200,Success,Mild,38712.96
11045,Failure,Mild,43097.55
14011,Ongoing,None,1641.93
10784,Failure,Mild,2418.59
12158,Ongoing,None,46192.82
1972,Success,Mild,18465.16
11144,Success,Mild,39540.34
6107,Ongoing,None,3735.68
4952,Failure,Severe,41126.07
4891,Failure,Severe,37663.85
7803,Failure,Severe,45842.65
1407,Success,Severe,17213.19
13441,Ongoing,None,11735.11
2852,Ongoing,Mild,42738.07
12876,Failure,Severe,49693.57
13074,Failure,Severe,32719.38
51,Success,Severe,48688.55
4366,Success,Severe,42508.21
10448,Ongoing,Mild,14580.88
7524,Success,Mild,8980.98
1958,Failure,Severe,26575.28
4999,Ongoing,None,9376.6
2026,Success,Severe,27161.53
4456,Success,Severe,16820.03
12945,Success,None,15196.82
8682,Ongoing,Mild,32121.53
253,Failure,Mild,4922.64
4411,Ongoing,Severe,47061.5
2535,Success,None,34120.66
2672,Ongoing,None,19008.56
365,Success,Severe,20824.24
10701,Ongoing,None,48306.1
8441,Ongoing,None,36096.15
11112,Ongoing,None,7686.45
6494,Ongoing,Mild,34215.73
5410,Failure,None,44911.27
14414,Failure,Severe,37926.08
11997,Success,Severe,37515.14
4012,Ongoing,Severe,38479.22
10684,Failure,Severe,15617.67
4158,Success,Severe,13703.64
4927,Ongoing,Severe,36155.41
6987,Success,None,48400.65
6279,Ongoing,Mild,17913.54
6664,Ongoing,None,17350.3
10945,Ongoing,None,42145.46
9048,Ongoing,Mild,41223.76
13902,Failure,Severe,2343.26
6955,Ongoing,Severe,12598.12
7914,Failure,None,41199.02
5828,Failure,Severe,12358.09
2748,Success,None,27481.16
12527,Failure,Mild,34822.79
8275,Success,None,10670.3
14315,Success,None,41240.36
5865,Ongoing,Severe,3863.9
12717,Failure,None,18209.49
9631,Success,Severe,42235.44
6885,Failure,Severe,18937.85
998,Ongoing,Mild,34105.26
9898,Success,Mild,29037.76
6439,Ongoing,Mild,43523.59
9670,Success,None,2164.84
2876,Failure,None,36449.65
3248,Ongoing,Mild,27762.42
10912,Success,Mild,12981.23
11557,Success,Severe,9592.13
1154,Ongoing,None,40943.9
13205,Failure,None,48337.8
8496,Success,Severe,36871.9
8465,Ongoing,Severe,34472.12
6564,Success,Mild,37706.29
5807,Failure,Severe,27801.02
1161,Failure,Severe,27799.0
8760,Success,Severe,27654.24
8497,Ongoing,Mild,2686.64
5726,Success,Severe,16285.21
13977,Success,Mild,36860.22
11203,Failure,Severe,15056.39
10004,Ongoing,None,35673.17
6470,Success,Mild,15731.06
3752,Success,Severe,9742.1
12345,Ongoing,Severe,44791.18
2153,Ongoing,None,4406.13
508,Success,None,38641.73
1490,Failure,None,7247.86
4072,Success,Mild,39970.22
13736,Failure,Mild,30875.33
4512,Ongoing,None,10503.71
306,Ongoing,Mild,26494.96
10586,Failure,Severe,3928.1
11667,Success,None,36067.76
2934,Failure,Mild,49332.09
1818,Success,Severe,4068.55
14319,Ongoing,Mild,14259.6
5626,Ongoing,Severe,7032.41
7110,Success,Mild,30139.49
9160,Failure,Severe,46392.95
5298,Ongoing,Mild,28079.35
4681,Ongoing,Severe,5687.29
7328,Ongoing,Mild,21847.14
10443,Success,Severe,42733.73
222,Ongoing,Severe,17021.73
9112,Ongoing,Severe,12879.46
10002,Ongoing,Severe,12743.85
7418,Ongoing,None,6737.98
11758,Success,Severe,6162.71
13699,Ongoing,None,27886.05
14024,Failure,Mild,35074.3
2895,Success,Severe,19077.98
12754,Ongoing,Mild,48535.81
10798,Ongoing,Mild,2504.33
7956,Success,Severe,7187.9
4021,Success,None,23662.37
14337,Ongoing,Mild,23878.43
14760,Ongoing,None,22165.64
6198,Failure,Mild,23969.2
9804,Failure,Severe,44562.58
14686,Ongoing,Mild,20701.05
4522,Success,Mild,45449.09
2669,Success,None,34240.76
3755,Failure,Severe,37357.56
6225,Ongoing,None,1636.26
10856,Failure,Mild,11023.47
824,Success,None,15993.94
4884,Ongoing,Mild,44129.59
6418,Failure,None,5195.39
4556,Ongoing,Mild,12698.02
4584,Success,Mild,45356.98
3488,Failure,Severe,46389.78
12034,Ongoing,Mild,4977.79
10795,Success,Mild,31646.3
5451,Success,None,36391.81
11690,Success,Mild,31269.24
14076,Ongoing,None,48280.58
540,Success,Severe,18785.42
14475,Failure,Mild,1829.25
8789,Success,None,37266.01
402,Failure,Mild,44046.32
4369,Success,Mild,44207.23
2401,Ongoing,Mild,11284.26
6534,Ongoing,Severe,23122.14
1439,Success,None,10784.12
1041,Ongoing,Mild,32045.54
2832,Success,Mild,27346.24
10657,Failure,None,28860.8
8087,Success,Mild,34663.11
13922,Failure,Mild,28544.17
2532,Success,Severe,8451.22
10209,Failure,Mild,11998.38
1131,Success,Severe,38402.37
14237,Failure,None,19780.4
7383,Ongoing,None,46017.73
4817,Failure,None,39751.59
10472,Ongoing,Severe,25665.82
718,Ongoing,Mild,3759.35
6069,Ongoing,Mild,10794.55
13981,Failure,None,3490.9
3858,Failure,Mild,47830.77
12942,Failure,Mild,36821.47
10245,Success,None,9780.27
8459,Ongoing,None,37642.44
10093,Ongoing,Mild,29999.88
5598,Ongoing,None,4653.6
7261,Ongoing,Severe,25179.39
2907,Success,Mild,7662.81
10334,Ongoing,None,29989.42
704,Failure,None,34553.62
4395,Failure,Mild,45736.78
8108,Failure,Mild,46624.34
5449,Success,Severe,13333.73
3009,Success,Severe,19411.27
716,Success,None,9549.16
1070,Success,None,17531.47
1389,Failure,None,24657.51
10659,Ongoing,Mild,46642.01
8438,Success,Mild,40309.0
11192,Failure,Mild,13024.65
9047,Ongoing,Mild,16208.59
2333,Ongoing,Mild,46367.66
11504,Success,None,23109.3
14920,Failure,Mild,5212.45
6552,Ongoing,None,26746.7
10514,Ongoing,Severe,42022.38
2335,Ongoing,Severe,8190.53
2445,Success,Severe,26066.36
4729,Success,Mild,9997.05
457,Ongoing,Mild,31693.36
13767,Ongoing,Mild,33793.12
2713,Ongoing,Mild,32306.59
11594,Success,Mild,8860.52
11599,Success,Mild,33499.17
6102,Success,Mild,42910.35
10377,Failure,None,3989.46
12475,Failure,Severe,40014.13
8589,Ongoing,Severe,20284.34
2256,Success,Severe,35310.25
4161,Success,None,31981.33
7233,Ongoing,Severe,48717.46
10197,Ongoing,Mild,12538.41
7383,Failure,Severe,3998.0
11886,Failure,Severe,42618.03
12014,Failure,Severe,34909.06
5388,Success,Severe,39609.04
881,Ongoing,Severe,13908.49
6108,Success,None,31423.33
5126,Success,None,45346.85
12529,Success,Severe,23534.59
4176,Success,None,33211.69
13451,Ongoing,None,48118.84
2893,Success,None,46728.54
14408,Success,Mild,25786.96
9525,Failure,Mild,39976.3
2780,Ongoing,Mild,12699.57
5228,Ongoing,None,29369.59
6230,Ongoing,None,20946.57
7121,Failure,None,44896.81
10795,Ongoing,Severe,43890.59
2639,Ongoing,None,9247.63
11251,Success,Mild,15696.4
10061,Success,None,1189.55
11572,Failure,None,46344.06
5367,Success,None,25931.76
14806,Ongoing,None,41202.83
12104,Ongoing,Mild,48024.83
1292,Failure,Severe,40040.87
11255,Ongoing,Mild,24446.92
445,Ongoing,Mild,1463.49
7743,Ongoing,None,17454.73
11183,Success,Severe,31212.6
10353,Success,Mild,32651.74
5430,Failure,Severe,10980.75
38,Success,Severe,19146.15
546,Success,Mild,43227.29
64,Failure,None,29864.69
3281,Ongoing,Severe,9661.09
746,Ongoing,Mild,8742.34
12161,Success,Severe,8689.61
11851,Ongoing,None,13044.77
14465,Failure,None,42199.24
9212,Failure,Mild,15957.62
6421,Ongoing,Severe,33236.02
9094,Success,None,22794.33
13780,Success,None,41753.14
307,Failure,Mild,16715.54
14515,Success,Severe,16908.45
8769,Success,Severe,42032.38
8847,Failure,None,1056.45
4950,Failure,None,13954.82
7442,Ongoing,Mild,45915.65
7536,Failure,Mild,7228.52
11444,Failure,Severe,25485.75
9580,Ongoing,None,1488.55
7426,Success,Severe,17466.35
660,Success,Severe,29829.86
10305,Success,Mild,15162.7
558,Ongoing,Severe,4066.86
14206,Ongoing,Mild,12659.89
8324,Success,Mild,37542.33
3839,Failure,Severe,39795.09
7221,Success,Severe,8324.31
13869,Success,Severe,14111.69
5690,Success,None,23360.39
10098,Success,None,9136.15
3848,Failure,Severe,14770.93
12893,Success,Severe,6745.49
14937,Success,Severe,32228.66
328,Ongoing,None,10104.61
10277,Ongoing,Mild,15610.19
9540,Failure,Mild,39165.62
6074,Success,None,30747.61
3056,Success,None,14758.69
3442,Ongoing,None,10243.5
6359,Success,Mild,32924.7
4871,Success,None,38645.08
8536,Failure,None,46231.24
12659,Ongoing,None,21930.11
11855,Failure,Severe,45289.46
12840,Failure,Mild,1631.88
4280,Failure,Mild,25014.61
12907,Ongoing,None,49330.76
4006,Ongoing,Mild,18070.43
3602,Ongoing,Mild,22185.93
9555,Failure,Mild,15196.11
7151,Ongoing,None,5986.21
13426,Success,None,16696.57
5294,Success,Mild,16423.87
12169,Ongoing,None,34152.66
1429,Failure,Mild,31860.86
7394,Ongoing,Mild,23977.29
9778,Success,Severe,38521.77
11386,Success,Severe,38781.55
13302,Ongoing,Severe,41513.55
11000,Failure,None,23844.23
7961,Ongoing,None,32426.26
5219,Failure,None,39027.22
10386,Success,Mild,45853.86
13847,Ongoing,Severe,34929.28
2896,Success,Mild,49674.61
10649,Failure,Severe,28015.5
13761,Ongoing,Mild,14379.36
331,Success,Mild,32668.03
1572,Failure,None,27911.09
5518,Ongoing,Mild,32894.61
12495,Ongoing,Mild,10310.47
11728,Success,None,25222.73
14301,Ongoing,Mild,25970.77
8302,Failure,None,44925.24
5138,Failure,Mild,34553.47
7543,Failure,Mild,16315.01
7236,Success,Mild,16601.62
8515,Success,None,21139.24
3118,Success,None,47579.81
2318,Failure,None,11005.21
2350,Success,Severe,20468.52
14135,Failure,None,43106.71
1345,Success,Severe,30612.6
8026,Failure,None,48693.79
7257,Success,Mild,40418.55
8262,Success,None,20231.53
11800,Failure,Mild,19011.94
11901,Success,Mild,1263.45
7689,Ongoing,None,45280.45
11963,Failure,Severe,14379.11
1729,Success,Mild,49165.97
9424,Ongoing,None,42163.59
2638,Ongoing,Severe,15043.98
13407,Failure,None,40284.38
13171,Failure,Mild,25792.56
8971,Failure,Severe,44270.12
6711,Success,Severe,1475.13
3818,Success,Mild,28043.26
1556,Success,Mild,21038.48
1622,Ongoing,Severe,49622.62
12571,Ongoing,None,40976.67
9429,Failure,None,4575.87
13764,Success,None,31431.81
10437,Ongoing,Severe,28097.26
8281,Ongoing,Mild,20113.15
8690,Failure,Severe,13432.56
4027,Failure,None,13980.03
11849,Success,None,37190.97
453,Success,Mild,31869.94
4847,Ongoing,None,2809.34
524,Success,None,3648.31
7589,Ongoing,Mild,41822.96
14226,Ongoing,Severe,15108.07
7835,Success,Severe,24818.78
6895,Failure,None,23973.47
4492,Success,Severe,5921.61
5190,Failure,Severe,40953.43
3502,Ongoing,None,28125.33
7394,Ongoing,None,13357.52
11818,Ongoing,Severe,7863.59
4567,Success,None,49962.62
2217,Success,Mild,36279.27
7631,Ongoing,None,6178.28
5245,Failure,Mild,4159.6
12691,Success,Mild,10874.86
14737,Failure,Severe,44657.04
14065,Success,Severe,30639.2
14130,Ongoing,Severe,38386.33
4873,Success,Mild,9125.07
4241,Ongoing,Severe,22747.62
10341,Failure,None,30459.97
2224,Success,Severe,18509.31
5968,Ongoing,Severe,4901.84
2954,Ongoing,Severe,6346.82
13923,Success,None,29361.86
9824,Failure,Mild,35546.27
5711,Failure,Mild,29616.52
9293,Ongoing,Severe,1424.12
10569,Ongoing,Severe,27261.43
6788,Failure,None,24315.04
12018,Failure,Mild,4470.7
11177,Success,Severe,6232.27
12489,Failure,None,3448.86
8844,Failure,None,10647.41
8378,Ongoing,Severe,6151.74
9603,Ongoing,Severe,29189.06
6468,Success,Severe,21446.34
14753,Ongoing,Severe,1873.57
6124,Failure,Severe,8496.48
9996,Success,None,21595.52
11820,Failure,None,7692.65
10583,Success,Severe,21764.21
1923,Success,Severe,7653.45
49,Failure,Severe,26093.15
82,Ongoing,Mild,19018.82
286,Ongoing,Mild,18414.12
6071,Failure,Severe,37514.78
6596,Ongoing,Severe,49366.08
2552,Ongoing,Mild,10802.54
10598,Ongoing,Severe,10241.19
4050,Success,None,7716.67
10287,Failure,None,3157.22
14901,Failure,None,30493.17
9742,Failure,None,16479.47
2207,Failure,Severe,2218.27
924,Success,None,42593.32
7015,Failure,Mild,30936.08
9853,Success,None,15074.44
4457,Ongoing,None,44691.88
9752,Failure,Mild,45720.81
3862,Ongoing,None,46221.99
9678,Success,None,35878.72
12203,Success,None,45904.39
505,Ongoing,None,9636.5
6253,Success,Severe,20967.36
13388,Ongoing,Severe,2540.63
13537,Ongoing,Severe,46698.26
9389,Success,None,33679.31
8804,Ongoing,Severe,23489.77
2713,Failure,Mild,39936.96
5433,Success,Severe,21167.59
6849,Ongoing,Severe,11954.6
576,Success,None,33621.65
12004,Ongoing,Severe,45754.63
8725,Failure,Mild,32394.04
13558,Ongoing,Mild,23805.95
576,Success,None,7344.68
9664,Ongoing,Severe,42033.91
5232,Success,None,36979.11
6412,Ongoing,None,8998.18
12588,Failure,None,36482.04
3731,Success,None,47198.21
9563,Success,Severe,40460.08
10139,Success,Mild,28585.3
6779,Success,None,30204.5
14779,Failure,None,34434.32
4733,Failure,Mild,18454.51
462,Ongoing,Mild,29203.27
5794,Success,Severe,45541.02
5642,Failure,Mild,36938.34
3625,Ongoing,Severe,44134.26
2157,Ongoing,Mild,19570.62
4501,Success,None,47547.8
7883,Success,Severe,26736.86
6109,Success,Mild,36397.46
11733,Success,Mild,4629.29
8980,Success,None,22282.05
3848,Failure,None,25652.61
8737,Success,None,4338.0
6978,Failure,Mild,29645.32
2354,Failure,None,49736.67
6934,Success,None,19377.4
6244,Failure,Severe,40713.18
11695,Failure,Mild,1204.6
13316,Failure,Severe,11745.14
12783,Ongoing,None,27437.35
460,Ongoing,Severe,11662.47
13134,Ongoing,Mild,18314.36
7052,Failure,Severe,26807.55
14977,Failure,Severe,5035.39
10616,Success,Severe,43501.36
3611,Ongoing,Mild,49564.13
9438,Failure,None,46727.75
3463,Ongoing,Mild,15699.31
7821,Ongoing,Mild,39530.36
6258,Success,Mild,31257.22
12033,Ongoing,Mild,36477.96
497,Ongoing,Mild,12355.66
2368,Success,Mild,8134.91
10049,Ongoing,None,16404.12
4192,Ongoing,Mild,35551.37
2027,Ongoing,Severe,1173.58
13219,Ongoing,None,49372.42
3747,Success,None,8073.58
6177,Failure,Severe,5925.14
12225,Success,Mild,19656.32
11193,Failure,Severe,13141.74
7531,Success,Severe,39683.94
8236,Ongoing,Severe,37236.72
8998,Failure,None,5506.65
14962,Ongoing,Mild,46778.35
11531,Success,None,22414.71
4605,Ongoing,Severe,36861.28
10328,Success,Mild,5579.12
7186,Success,Severe,24024.15
11650,Failure,None,10698.21
10059,Ongoing,Mild,32959.82
10839,Failure,Severe,45028.18
14812,Success,Severe,7462.12
14722,Success,None,24512.96
11657,Failure,Severe,6664.12
5990,Success,Severe,4061.69
12627,Ongoing,Severe,14781.45
6127,Success,Severe,21876.29
4985,Success,None,27243.35
9265,Success,Mild,47368.51
7795,Ongoing,None,36152.66
8547,Ongoing,Severe,22821.64
12851,Failure,Severe,4011.39
6321,Ongoing,None,17723.04
5237,Ongoing,Mild,1707.89
12601,Success,Severe,35459.71
11965,Failure,Mild,5252.14
7984,Success,Severe,43603.42
10402,Success,Mild,10407.15
10069,Failure,None,21545.22
1177,Failure,None,16170.64
1032,Ongoing,Mild,10317.38
7086,Failure,None,1539.41
9237,Success,None,38438.76
9120,Ongoing,Mild,31778.94
1117,Failure,Mild,22188.57
4301,Ongoing,None,39394.72
8931,Success,None,48060.94
11828,Failure,Mild,3607.28
11849,Ongoing,Mild,29438.27
1782,Failure,Mild,39196.97
7071,Ongoing,None,22870.4
9635,Success,Severe,44143.93
7490,Failure,Mild,9266.49
4621,Success,None,34959.71
3098,Failure,None,24076.0
12321,Failure,None,5754.48
11672,Failure,Severe,37958.5
3932,Ongoing,Severe,44331.01
8492,Failure,None,17864.18
6672,Ongoing,None,2894.8
12738,Ongoing,Severe,45639.0
4831,Success,Mild,37280.25
6213,Failure,Mild,18389.17
2798,Failure,None,49447.2
2721,Success,Mild,43222.18
10982,Failure,None,36317.52
4792,Success,Severe,41371.16
7476,Failure,Severe,42317.66
445,Failure,Severe,39458.4
8834,Success,Severe,33432.04
2423,Failure,Severe,7763.1
9337,Success,Mild,24086.46
471,Failure,Mild,19428.53
7605,Failure,None,47105.85
5817,Failure,None,38633.58
3514,Failure,None,10582.83
10427,Ongoing,Mild,40660.12
14621,Success,None,4002.55
4403,Failure,None,12214.16
2114,Ongoing,None,26035.63
3360,Failure,Mild,17556.31
12470,Success,None,12773.89
14070,Ongoing,Severe,47149.96
13224,Failure,Mild,18182.56
10809,Failure,None,27700.77
1831,Failure,Severe,45048.2
4736,Failure,Severe,23129.5
14005,Ongoing,Severe,43915.53
4851,Ongoing,Mild,31556.81
13415,Ongoing,Severe,47972.78
11221,Ongoing,Severe,14313.23
11206,Success,Mild,3461.0
14792,Failure,Severe,29588.53
5265,Failure,Mild,39802.2
8055,Failure,None,6736.7
3695,Success,Mild,30750.42
9680,Success,None,29478.04
10263,Ongoing,None,25024.59
10597,Success,None,43360.35
10044,Success,None,33748.36
8836,Failure,Mild,18084.1
211,Failure,None,46777.81
6506,Ongoing,Severe,3678.22
9645,Failure,Severe,25694.43
10072,Ongoing,Severe,46033.77
1159,Failure,None,37110.36
7735,Success,Mild,46377.92
8028,Success,None,14150.86
14098,Ongoing,Severe,17067.52
7340,Success,Mild,42216.29
5315,Ongoing,None,4953.73
14443,Ongoing,None,18856.41
10764,Success,None,41079.02
14571,Success,Mild,21115.25
5431,Success,Mild,45358.89
6059,Failure,None,7301.7
8233,Failure,Severe,47323.43
7538,Failure,Mild,49334.83
4495,Ongoing,Mild,47459.7
9506,Failure,None,26249.22
2736,Success,Mild,47404.05
11178,Ongoing,None,12333.8
8557,Failure,None,27122.48
2732,Success,Mild,27034.89
4721,Success,None,31050.95
11767,Ongoing,None,3786.77
7925,Ongoing,Mild,47474.21
11724,Ongoing,Severe,28272.95
10740,Success,Severe,12753.66
418,Ongoing,None,37245.52
14612,Success,Severe,22124.72
6024,Ongoing,Severe,24629.28
11699,Ongoing,Severe,24448.23
10138,Failure,Severe,19753.71
1541,Success,Mild,48777.25
7258,Ongoing,Mild,6518.7
12397,Failure,Mild,11664.15
12007,Ongoing,Severe,33024.31
6299,Failure,Severe,27994.09
9184,Ongoing,None,47297.72
13210,Failure,Severe,14131.75
8170,Ongoing,None,38221.65
2779,Ongoing,None,32858.0
3876,Success,None,41194.92
5760,Failure,Mild,47633.57
14361,Failure,Mild,22263.6
26,Failure,Severe,40144.5
8130,Success,None,12625.34
1774,Ongoing,Mild,43636.36
12326,Ongoing,Severe,32982.18
5966,Failure,Mild,49537.48
7027,Failure,None,16225.88
3992,Failure,None,39854.63
12242,Failure,None,32906.76
13558,Ongoing,None,24778.98
8156,Failure,Mild,14358.72
446,Ongoing,None,15787.12
5403,Failure,Mild,41902.58
10673,Ongoing,Severe,3252.31
14659,Success,None,36052.44
12114,Ongoing,Mild,43432.16
8389,Ongoing,Mild,32266.67
12861,Failure,Severe,22565.69
155,Failure,None,4045.52
4688,Ongoing,Mild,32698.83
2287,Failure,Mild,49171.08
4823,Ongoing,Mild,5774.6
7727,Failure,Severe,22580.82
3898,Failure,Severe,34928.58
4540,Success,Mild,42164.76
3240,Ongoing,Severe,27181.18
4725,Ongoing,Mild,2223.87
1382,Failure,Mild,31815.31
9993,Ongoing,Mild,13094.6
4815,Success,None,6107.08
10514,Success,Severe,22233.48
7959,Failure,Mild,17936.62
5624,Failure,Mild,2993.37
3799,Success,None,42839.82
1750,Failure,None,19147.66
2874,Failure,Severe,2208.07
13447,Success,Severe,31081.1
6231,Failure,None,26353.1
7332,Ongoing,Severe,29682.33
3514,Failure,Severe,41130.28
7563,Failure,Severe,42864.22
5518,Success,Severe,42817.97
4127,Failure,None,15749.64
11903,Failure,None,43201.87
7281,Ongoing,Severe,24470.59
3426,Failure,Severe,18172.68
13091,Ongoing,Severe,20984.72
6670,Failure,Mild,43579.29
8398,Failure,Severe,23087.88
5212,Success,Mild,43157.82
4308,Failure,None,26313.57
13884,Ongoing,None,26765.48
13970,Failure,None,38733.72
4619,Ongoing,Severe,28832.34
9190,Failure,None,11737.25
5568,Failure,Severe,18570.98
6617,Ongoing,Mild,22965.06
4734,Ongoing,Mild,19661.99
12587,Failure,Severe,21141.72
10412,Failure,Mild,15277.53
8256,Ongoing,Mild,9500.27
8033,Success,Mild,35631.76
12266,Failure,Mild,3285.73
1730,Ongoing,Mild,24787.56
11860,Failure,Severe,40984.52
12744,Success,Mild,18733.65
7470,Success,Mild,49010.23
3464,Success,Mild,8311.8
14757,Success,Severe,8657.4
5593,Ongoing,None,16538.27
14104,Failure,None,34990.17
7051,Failure,Severe,20896.52
4585,Failure,Severe,46543.14
7186,Success,Mild,39175.66
9134,Ongoing,Severe,10991.91
12980,Ongoing,None,5795.02
4137,Ongoing,Mild,45597.89
3325,Failure,Severe,42399.91
26,Success,Severe,4147.12
7321,Ongoing,None,4530.1
9369,Success,Severe,5401.8
10945,Failure,None,14697.11
2369,Success,Severe,45255.28
13990,Success,Severe,25452.6
1493,Ongoing,None,23027.18
1980,Ongoing,Mild,32221.29
766,Success,Mild,33473.96
9551,Failure,Mild,28329.02
7140,Ongoing,Severe,29625.88
2831,Success,Mild,2252.43
3090,Ongoing,Severe,17718.45
3645,Ongoing,Severe,8313.61
2,Success,None,27387.48
13523,Success,Mild,35215.32
13471,Failure,Mild,7477.48
5171,Success,Severe,42781.53
1722,Ongoing,Mild,10690.55
11588,Success,Mild,25495.14
5382,Failure,Mild,30344.06
3900,Success,Mild,10551.65
1824,Success,Severe,33675.02
3301,Ongoing,None,6985.97
9078,Success,Mild,49524.15
772,Ongoing,Mild,7636.72
7947,Ongoing,None,35621.72
10310,Ongoing,Mild,11939.61
2064,Failure,None,15730.07
13526,Success,None,49842.24
13473,Ongoing,None,19241.33
11674,Success,Mild,24286.88
12252,Ongoing,Severe,14360.89
12571,Failure,Mild,42719.84
561,Success,None,29577.08
6386,Success,Mild,40275.86
528,Failure,Severe,7608.36
6169,Failure,None,14006.57
8137,Success,Mild,6993.94
5212,Success,Severe,36712.7
11142,Ongoing,Severe,41458.97
2883,Failure,Severe,24441.07
14487,Success,Mild,37348.1
2446,Ongoing,Severe,43884.53
3043,Success,Mild,18597.57
368,Ongoing,Severe,22298.66
8258,Ongoing,Mild,12304.25
11973,Ongoing,Mild,16012.71
1545,Failure,Severe,33139.49
3715,Failure,Severe,15408.23
12823,Failure,None,12801.42
4400,Success,Severe,6888.54
13937,Ongoing,Severe,46433.96
1948,Failure,Severe,11895.76
9699,Success,None,46914.03
12170,Ongoing,None,32789.34
7700,Success,Mild,18467.91
305,Failure,Mild,49604.66
1178,Success,None,12764.67
11889,Success,Mild,11214.73
5468,Ongoing,Mild,31431.41
4193,Success,None,30709.3
5721,Failure,Mild,4024.07
622,Failure,None,30412.0
9664,Success,None,44564.92
8220,Failure,Mild,8977.03
4531,Success,None,9688.12
14875,Success,Mild,11598.01
10693,Failure,Severe,11670.47
6555,Failure,Mild,26002.28
9332,Failure,None,14224.79
11275,Ongoing,None,48557.0
2440,Ongoing,Mild,35691.37
10332,Ongoing,Severe,31601.65
11010,Ongoing,None,24287.92
4474,Failure,Mild,7996.01
8822,Ongoing,Severe,26621.77
3442,Ongoing,Mild,28961.86
10199,Failure,Severe,22289.05
8523,Failure,None,5687.63
10452,Ongoing,Severe,47524.63
1387,Success,Severe,26204.7
10827,Success,Mild,42401.48
10672,Success,None,22023.92
5630,Success,None,20232.51
11391,Success,Severe,16165.35
1900,Success,Severe,35108.96
1717,Success,Mild,13246.72
4690,Success,None,16475.08
12066,Failure,Mild,4766.69
12234,Failure,Mild,17580.58
2805,Failure,Mild,28708.52
2128,Ongoing,Mild,39425.27
869,Ongoing,Severe,47180.7
2467,Success,Mild,31046.33
6923,Failure,Severe,26138.21
2635,Success,None,14129.93
4,Failure,None,44615.35
4056,Failure,None,8197.48
8372,Success,Severe,19315.54
5103,Ongoing,None,26092.97
8737,Failure,None,7163.07
7867,Success,Mild,39891.04
345,Ongoing,None,2829.01
12206,Failure,Mild,38643.37
6787,Failure,Mild,13206.46
7072,Success,Mild,38145.0
1144,Success,Mild,16245.57
11905,Ongoing,None,9485.2
6591,Success,None,37910.39
5407,Failure,Severe,18924.4
9460,Success,Severe,11176.76
5049,Ongoing,Mild,6966.94
10230,Success,None,41176.51
13502,Success,None,15501.9
384,Failure,Severe,48274.5
9587,Success,None,30816.61
10226,Ongoing,Severe,6111.79
3893,Success,Mild,47960.58
5328,Success,Mild,38608.18
8146,Ongoing,Mild,19839.72
9774,Ongoing,None,30764.25
1616,Success,None,5299.93
7421,Ongoing,Mild,34186.38
8669,Ongoing,Mild,18396.22
3973,Success,None,8730.12
12201,Ongoing,Severe,23460.88
665,Failure,Severe,49438.59
12468,Ongoing,Severe,39875.16
12290,Failure,Mild,47518.85
301,Ongoing,Severe,37107.66
14512,Ongoing,Mild,35509.29
6288,Failure,None,14276.48
5295,Ongoing,Severe,31541.71
10951,Success,Mild,7356.78
578,Success,Severe,6174.21
9962,Ongoing,Severe,21492.57
14984,Ongoing,None,33295.6
13458,Ongoing,Severe,8459.97
2121,Ongoing,None,26346.42
10381,Failure,Mild,49929.71
3958,Failure,Severe,34051.42
4942,Failure,Mild,27970.76
2219,Ongoing,None,1318.73
3414,Failure,Mild,23313.79
1681,Ongoing,Severe,26105.16
12678,Ongoing,Mild,7633.36
14879,Success,None,49632.08
3808,Ongoing,Mild,6959.65
3231,Ongoing,Severe,13769.52
2009,Failure,Mild,15772.57
2645,Ongoing,None,40207.08
1859,Ongoing,None,23136.26
14139,Failure,None,40002.92
12983,Success,Severe,43277.29
13352,Failure,None,14988.92
11399,Success,Severe,35037.24
4071,Ongoing,Severe,16443.35
13809,Ongoing,None,41756.77
10438,Success,None,25575.07
3918,Ongoing,Severe,36521.93
10994,Success,None,6289.09
1342,Success,Severe,30721.27
2909,Ongoing,Severe,33188.79
6151,Ongoing,Severe,29754.12
2383,Success,Severe,30497.96
7370,Ongoing,Severe,28251.09
12581,Failure,Mild,45533.54
14700,Success,None,41208.9
6897,Success,None,24154.28
3571,Failure,Severe,13366.13
4317,Failure,Severe,36067.7
5827,Success,Severe,37332.86
3211,Success,Severe,35131.91
13841,Ongoing,Mild,38850.7
8425,Ongoing,None,11985.98
10204,Ongoing,Mild,42040.9
11479,Ongoing,None,29273.45
7371,Ongoing,Severe,36602.16
8954,Ongoing,None,15455.9
3246,Success,Mild,47290.94
6954,Success,None,7298.13
3165,Ongoing,None,39512.19
14359,Success,Severe,19001.89
3726,Success,None,48559.4
911,Success,None,22419.64
613,Ongoing,Severe,32840.74
804,Success,Mild,3356.08
14215,Success,Mild,23010.74
5132,Ongoing,Severe,3107.31
8600,Ongoing,None,10662.5
7156,Success,Mild,24999.6
3592,Failure,Severe,9821.74
12123,Ongoing,Mild,24462.73
9952,Failure,None,40138.67
374,Ongoing,Mild,12082.52
7253,Ongoing,Severe,19732.56
12719,Failure,Mild,22645.37
211,Success,Severe,34311.64
1354,Ongoing,Mild,23243.97
870,Success,Mild,23011.32
7137,Failure,None,6240.0
432,Ongoing,Severe,2700.54
6900,Success,Mild,31745.21
10487,Success,None,7833.75
7887,Ongoing,Mild,7457.74
7382,Failure,Mild,48947.24
6683,Ongoing,Mild,34112.67
1505,Ongoing,Severe,29639.63
14604,Success,Mild,9927.81
14464,Ongoing,Mild,36503.07
1284,Ongoing,None,3513.12
8683,Failure,None,1677.74
7104,Ongoing,None,46863.54
12864,Success,Severe,4280.78
2061,Ongoing,Severe,2425.71
8282,Ongoing,Mild,22727.0
12059,Success,None,25359.5
501,Success,Mild,1899.5
3333,Success,Severe,12905.97
3784,Failure,Mild,20540.93
3012,Ongoing,Mild,36302.07
2241,Ongoing,Severe,18856.54
4153,Success,Severe,7789.78
11680,Ongoing,Severe,33453.96
8906,Ongoing,Severe,15260.04
2218,Failure,Mild,33216.74
14965,Failure,None,10084.86
8143,Ongoing,None,28127.74
5839,Ongoing,None,15053.87
13950,Ongoing,Severe,31255.39
1556,Failure,Mild,3728.31
2075,Success,None,17270.68
5173,Failure,Severe,6975.13
4941,Ongoing,Severe,8169.27
5734,Success,Mild,40474.08
3293,Success,Mild,2228.66
7216,Failure,None,17817.55
13350,Ongoing,Mild,32857.16
12801,Success,Severe,16620.47
3048,Ongoing,Mild,44282.37
7269,Ongoing,None,33988.68
14895,Success,Severe,41194.9
4087,Failure,None,28905.89
1221,Success,None,3024.67
13022,Ongoing,Mild,42062.71
13037,Ongoing,Mild,7169.17
1594,Success,Severe,5355.31
182,Success,None,45221.86
10916,Ongoing,Mild,21733.45
8313,Failure,None,24555.81
4279,Ongoing,Severe,16603.9
5314,Success,None,26998.35
8025,Failure,Severe,35327.15
5140,Ongoing,None,48037.05
10919,Failure,Mild,39540.17
8742,Success,None,37822.98
11202,Success,Severe,7664.6
12876,Ongoing,Mild,30160.42
9674,Success,Mild,4231.18
11777,Ongoing,Mild,20948.96
10891,Success,Mild,33924.92
3330,Ongoing,None,4758.01
14485,Success,Severe,46438.23
1303,Ongoing,None,32068.42
5670,Success,None,21782.63
14354,Success,Severe,1656.43
1655,Failure,None,43700.77
10824,Ongoing,Severe,20562.07
14810,Ongoing,Severe,32074.53
13146,Failure,None,5950.58
2099,Failure,None,27342.39
959,Failure,Severe,8939.88
14477,Ongoing,None,15743.8
11491,Ongoing,None,28609.11
397,Success,Severe,47105.33
9710,Failure,Severe,40875.76
11885,Failure,None,47492.41
827,Ongoing,None,26157.97
5096,Success,Severe,20768.03
13884,Failure,Mild,14140.22
5163,Failure,None,18336.94
5583,Ongoing,Severe,23969.02
7498,Failure,Mild,23387.49
6044,Ongoing,None,31250.89
14008,Success,Mild,43175.37
10531,Ongoing,Mild,23231.78
13445,Ongoing,None,19358.46
13260,Ongoing,None,20651.73
13028,Failure,None,36581.36
4068,Ongoing,Mild,24239.88
2753,Failure,Mild,22318.93
14527,Ongoing,None,43576.0
6052,Ongoing,Mild,40304.92
6978,Success,Mild,33968.06
10178,Ongoing,Mild,7882.25
4658,Failure,Severe,22113.77
13050,Failure,Severe,13308.51
10473,Success,None,12394.48
364,Ongoing,Severe,37368.01
6577,Failure,Mild,15243.83
2400,Failure,Mild,12266.61
1214,Failure,Mild,29660.77
3141,Ongoing,Severe,42833.76
8698,Ongoing,None,35475.89
8618,Success,Mild,30564.73
10507,Failure,Severe,38493.54
2853,Ongoing,Mild,43637.87
5677,Ongoing,Severe,48314.16
13995,Failure,None,5085.8
10870,Success,Mild,26987.85
14549,Failure,None,6461.63
12539,Success,None,1976.22
14738,Ongoing,Severe,14345.71
4295,Ongoing,None,38160.86
4459,Ongoing,None,34477.42
3619,Failure,Severe,20803.11
3926,Failure,Mild,32804.65
3603,Ongoing,Mild,6400.52
13153,Success,Mild,7224.57
2455,Success,None,21688.42
529,Ongoing,Severe,25761.39
13911,Failure,Mild,22210.23
9181,Ongoing,Severe,22312.07
13664,Success,Severe,24470.13
9830,Ongoing,Mild,43772.19
6722,Success,None,14499.72
1282,Success,None,35682.96
3607,Ongoing,Severe,43023.51
12840,Ongoing,Mild,8982.16
15000,Ongoing,None,15798.7
5924,Failure,Mild,11728.91
4767,Success,Mild,45365.03
5335,Ongoing,Mild,44934.12
8216,Success,None,34382.17
6716,Success,None,6401.41
14544,Ongoing,None,3495.5
2168,Ongoing,Severe,16108.78
5271,Success,Severe,42910.5
7837,Failure,Mild,38601.61
5906,Ongoing,None,28587.42
12306,Failure,None,34343.07
8058,Ongoing,None,20975.0
14898,Ongoing,Severe,44429.83
1956,Failure,Severe,48339.16
12839,Ongoing,Severe,17630.43
5769,Success,Severe,43442.51
7239,Success,Mild,25458.68
724,Failure,None,43496.02
10617,Ongoing,None,15184.46
9554,Failure,Severe,39892.66
3506,Failure,Severe,37307.98
7873,Success,Severe,28670.43
3378,Ongoing,None,1819.47
2602,Failure,None,40505.12
10826,Ongoing,None,16519.79
2530,Failure,Severe,2628.29
10672,Ongoing,Mild,37246.85
5792,Failure,None,7448.9
10653,Ongoing,None,12959.54
3782,Ongoing,Severe,4854.57
4613,Failure,Severe,41370.63
11031,Failure,Mild,2275.64
14654,Ongoing,Severe,32293.08
13327,Failure,Severe,39807.8
13773,Failure,Severe,29390.52
13423,Success,Mild,21231.64
11343,Failure,Severe,47387.91
626,Success,Mild,25765.66
10511,Success,None,48346.68
8886,Failure,Severe,14913.79
6279,Ongoing,Severe,18293.94
6441,Success,None,15747.89
406,Failure,Mild,2140.12
12718,Ongoing,Mild,28869.46
13435,Failure,None,48722.17
14579,Success,Mild,12033.36
6568,Success,Severe,49016.15
5318,Ongoing,None,11011.38
13265,Success,Mild,38201.53
491,Success,Severe,7793.69
9743,Failure,Severe,15405.7
1463,Failure,Severe,33409.52
6787,Failure,Mild,4524.65
3394,Success,Mild,14830.45
13604,Success,Mild,26727.63
1626,Failure,Mild,1775.33
11509,Failure,Severe,32166.26
12371,Ongoing,None,34801.82
12998,Success,Severe,8155.17
5296,Failure,None,32955.75
4584,Ongoing,None,34708.95
261,Ongoing,Mild,19853.99
14005,Failure,Mild,3483.98
9492,Success,Mild,43348.33
5874,Failure,Mild,1247.91
5741,Success,Severe,23012.92
3439,Success,Severe,14954.53
80,Success,Severe,23767.83
12083,Ongoing,Severe,46655.57
4868,Success,Mild,10132.32
7039,Failure,None,43827.93
10639,Failure,Severe,32044.41
1261,Failure,None,37731.22
13879,Success,Mild,30021.18
14617,Success,Mild,3957.85
3608,Success,None,49540.97
980,Ongoing,None,28371.22
8075,Ongoing,None,49930.22
3521,Ongoing,Mild,13799.21
14454,Failure,Mild,1280.97
7332,Failure,None,30021.86
12994,Failure,None,36159.73
6978,Failure,None,47754.37
14994,Failure,Severe,42573.78
6859,Success,None,7896.74
10499,Success,Severe,48461.33
10877,Failure,Mild,26633.77
495,Success,Mild,30399.01
4022,Failure,Mild,18276.3
6007,Ongoing,Severe,38299.81
5699,Failure,Mild,48951.86
2052,Ongoing,Severe,47923.93
14958,Ongoing,Severe,45482.99
63,Failure,Severe,29108.74
2923,Failure,Mild,6939.56
5300,Ongoing,None,40634.26
12802,Success,Severe,37369.8
14195,Success,None,11759.2
11360,Ongoing,None,24325.29
3674,Failure,Severe,47337.84
9295,Success,Severe,25124.16
10072,Ongoing,None,21554.82
1325,Ongoing,None,40937.24
1129,Failure,Severe,15929.97
10750,Ongoing,Severe,3248.84
6190,Failure,None,35849.36
1820,Success,Severe,46705.28
12016,Ongoing,Mild,4971.92
11655,Failure,Mild,42482.49
9442,Success,Severe,24861.34
6458,Success,Mild,9109.51
9199,Failure,Mild,11644.24
12307,Ongoing,Severe,12869.14
2208,Failure,None,6040.15
3775,Success,None,4684.36
1856,Failure,Severe,38217.38
1564,Ongoing,None,2501.67
13317,Success,Mild,39150.53
7008,Failure,Severe,30861.61
10979,Ongoing,Severe,41032.55
11498,Failure,None,23117.29
9968,Failure,Mild,22435.47
5251,Ongoing,Severe,44678.67
7231,Failure,None,6078.2
14506,Success,Mild,13834.9
5468,Failure,Mild,23919.36
4685,Failure,None,25763.07
635,Ongoing,Mild,12583.26
9789,Ongoing,None,41054.31
14091,Ongoing,Mild,29323.41
9371,Ongoing,Mild,49036.35
13762,Ongoing,None,20097.79
8270,Ongoing,None,2651.35
14891,Success,None,44294.74
8873,Failure,Mild,10069.62
6797,Failure,Severe,28334.1
10065,Ongoing,Severe,17751.78
681,Failure,None,48722.91
10460,Success,None,40063.56
7489,Failure,Severe,36584.44
12640,Ongoing,Mild,2755.1
13080,Failure,None,36227.49
12627,Failure,Severe,1794.86
11006,Ongoing,Severe,48048.57
5624,Ongoing,Mild,3021.45
9208,Failure,None,28241.34
4900,Failure,None,31313.72
7234,Success,None,33974.51
12805,Failure,Severe,14854.74
1445,Failure,Mild,5986.74
9785,Failure,Severe,35673.38
6439,Ongoing,None,42687.7
8779,Ongoing,Mild,21047.7
358,Failure,Severe,33545.49
10949,Success,None,4461.8
14408,Failure,Severe,38276.21
8673,Failure,Mild,19707.5
7430,Success,Severe,31513.77
1607,Ongoing,Severe,46487.57
1749,Failure,None,16877.27
5762,Ongoing,None,45790.56
1946,Ongoing,Mild,9108.16
10018,Ongoing,Mild,44934.94
11659,Failure,None,38048.21
7686,Success,None,4221.69
4949,Success,None,10855.5
11537,Ongoing,Severe,5691.44
14446,Success,None,1712.34
3353,Success,Severe,45262.38
10897,Failure,Mild,6963.45
2245,Failure,Mild,28024.94
6621,Ongoing,Severe,13544.84
12318,Success,Severe,23917.48
13540,Ongoing,None,19918.08
4643,Success,Severe,8513.38
1362,Success,Severe,22304.84
4792,Failure,Mild,28463.16
6016,Failure,Severe,22138.76
13451,Success,Mild,4021.69
13261,Success,None,23059.29
12115,Ongoing,Severe,46183.19
10284,Failure,None,7484.4
1674,Ongoing,Mild,13089.4
3134,Success,Mild,3457.34
14744,Success,Mild,22347.67
500,Ongoing,Mild,30494.32
9551,Success,None,20007.24
14837,Success,Severe,14850.38
3429,Ongoing,None,15399.71
7799,Failure,Severe,20494.14
10480,Ongoing,Mild,3308.13
11970,Success,None,12037.89
2683,Ongoing,Mild,15647.57
3836,Failure,Severe,14850.82
3710,Failure,Severe,6749.17
11666,Success,Mild,49897.53
4088,Success,Severe,2635.06
13869,Ongoing,Severe,24430.59
13066,Success,Severe,19320.12
8722,Failure,Mild,45788.56
573,Success,Severe,17201.89
10487,Ongoing,None,38129.79
9156,Success,Mild,28630.37
2972,Ongoing,Severe,2389.27
6563,Success,Severe,49283.88
11023,Ongoing,Severe,49617.12
10447,Failure,Mild,39017.91
13043,Success,Severe,3090.31
6065,Success,None,19324.78
11131,Success,None,23434.88
7302,Success,Mild,47497.42
2052,Success,Severe,8942.2
4724,Failure,Mild,24071.44
1421,Ongoing,Severe,7907.81
1667,Ongoing,Severe,16330.32
8290,Success,None,12526.66
2195,Success,None,42053.82
9886,Ongoing,None,16325.03
1405,Ongoing,Mild,15766.14
4280,Ongoing,Severe,24261.64
9958,Ongoing,Severe,33919.05
2149,Ongoing,Severe,37093.0
6936,Failure,Severe,24902.33
1759,Ongoing,Severe,17158.62
11948,Ongoing,Severe,11280.22
3589,Failure,Severe,6472.98
14485,Failure,Mild,18344.67
10127,Ongoing,Mild,48226.62
11104,Ongoing,Mild,6203.53
2950,Success,Mild,30213.37
6108,Success,Mild,29282.4
210,Success,Severe,32819.68
7961,Failure,Severe,38845.19
9361,Failure,Severe,4763.12
9356,Failure,Mild,32523.04
4447,Ongoing,Severe,37678.55
3779,Ongoing,Severe,47285.48
8957,Success,None,42543.45
5601,Ongoing,Mild,8908.79
45,Ongoing,Severe,27500.58
9024,Success,Severe,27060.31
13450,Success,Mild,11594.86
2928,Failure,Severe,18442.58
7736,Success,Severe,12852.64
4231,Failure,Severe,26795.08
8384,Failure,None,16635.36
2700,Success,Severe,11535.03
13065,Failure,None,37428.9
7911,Success,None,26810.6
42,Failure,None,43629.24
2937,Ongoing,Severe,4270.26
4240,Success,Mild,21002.55
11311,Failure,Severe,37536.54
10805,Ongoing,Severe,16321.08
2860,Ongoing,Severe,20962.28
9305,Success,Severe,32306.42
10501,Success,Severe,8917.06
5571,Ongoing,None,29736.04
8731,Ongoing,Severe,22133.05
11621,Failure,Mild,7360.71
12149,Success,Severe,29713.94
13988,Success,None,10124.21
9735,Success,None,19900.69
12881,Success,Mild,33829.41
14051,Success,None,22615.0
9486,Failure,Severe,3856.5
13932,Success,None,9366.11
8262,Failure,Severe,15350.01
450,Success,Mild,35794.84
12910,Success,Mild,32788.02
14674,Failure,Severe,36862.47
3633,Ongoing,Mild,11768.58
12849,Success,Severe,26011.24
2742,Success,Severe,37799.04
5469,Ongoing,None,7626.02
9501,Success,Severe,35651.09
11579,Success,None,17998.77
8054,Failure,Mild,9181.44
5462,Ongoing,Severe,41746.31
7086,Ongoing,None,24564.1
6333,Success,Severe,11631.74
11921,Success,Severe,36629.21
12606,Failure,None,44088.97
5451,Failure,None,22813.55
11478,Success,Mild,30025.01
1696,Failure,Severe,37609.66
12014,Failure,None,41273.26
7988,Success,Mild,42783.07
9329,Failure,Mild,15003.16
1682,Failure,None,15020.36
8983,Ongoing,Mild,17121.26
5236,Failure,Mild,13662.78
10355,Ongoing,Mild,34863.31
14514,Success,None,31642.89
2756,Ongoing,Severe,5978.07
3257,Failure,Mild,4178.1
7129,Ongoing,Severe,14982.11
1565,Success,Mild,40305.35
2143,Success,None,20922.85
8046,Success,Mild,39831.24
7189,Failure,None,5612.61
10532,Ongoing,Mild,8990.39
6893,Failure,Severe,9577.75
14785,Ongoing,None,2259.16
11547,Success,Severe,20489.46
14553,Success,Severe,38852.46
11462,Ongoing,Severe,23622.07
5618,Failure,Mild,20244.57
7247,Ongoing,Severe,28195.44
12112,Success,None,41919.23
11222,Failure,None,42417.78
4668,Ongoing,Mild,42873.57
696,Failure,Severe,49747.09
6100,Failure,Severe,42169.45
9491,Success,None,48575.77
12779,Success,Mild,32571.92
2755,Ongoing,Mild,33512.66
3292,Failure,None,31822.94
8358,Ongoing,None,43278.97
13141,Failure,Severe,36497.56
3120,Failure,Severe,24976.72
5301,Failure,Mild,27498.84
5232,Ongoing,Mild,47418.67
14876,Failure,Severe,33654.55
12850,Ongoing,Severe,23548.18
2949,Ongoing,Mild,38975.4
1264,Ongoing,None,41835.96
13243,Success,Mild,3014.86
10737,Success,None,13929.45
3406,Success,None,1248.26
14000,Success,Mild,37016.82
8961,Success,Mild,20488.08
1478,Failure,Mild,13775.74
11491,Ongoing,Severe,16726.5
1905,Failure,Mild,48910.44
10576,Ongoing,None,36845.03
10141,Failure,Mild,7930.49
6570,Success,Mild,14609.76
7052,Failure,Severe,46817.06
14084,Failure,Severe,39499.31
1303,Ongoing,Severe,1565.9
1903,Ongoing,Severe,28751.46
13676,Success,Severe,44117.1
1607,Success,Severe,36730.46
6195,Failure,None,35242.73
14191,Failure,None,4214.2
1892,Success,Severe,26041.47
11171,Success,Severe,32837.04
1067,Ongoing,None,29285.51
1868,Success,None,11758.94
7270,Success,None,43056.4
10997,Success,Severe,46755.33
8107,Ongoing,Mild,2496.46
5167,Failure,Severe,13016.64
11967,Ongoing,Severe,17895.09
13048,Success,Severe,5557.1
283,Success,Severe,24774.5
4668,Failure,Severe,8711.23
4243,Ongoing,None,16080.51
1658,Ongoing,Severe,46170.11
7010,Success,Severe,32752.84
3685,Failure,Severe,19232.9
4558,Success,Severe,7932.95
14471,Ongoing,Severe,28985.32
12059,Success,None,44252.3
7378,Failure,Severe,3003.12
7390,Success,None,28574.26
9575,Failure,Mild,28194.43
11899,Failure,Severe,14859.29
8631,Success,Mild,32630.93
11892,Failure,None,18450.78
10446,Ongoing,None,14462.79
9036,Failure,None,1898.2
6079,Failure,None,24326.64
310,Success,Mild,27992.31
6913,Ongoing,None,43994.87
9635,Failure,Mild,35766.83
13531,Failure,Mild,19597.96
4547,Success,None,12980.54
3998,Failure,Severe,8123.73
13191,Failure,Severe,15667.73
13133,Ongoing,Mild,26446.24
4972,Ongoing,Mild,36800.1
13500,Ongoing,Mild,35781.99
13842,Success,Mild,46958.86
9592,Ongoing,Mild,12452.12
3324,Failure,Mild,37042.68
11170,Failure,None,16549.7
2478,Ongoing,Mild,33482.19
13616,Ongoing,Mild,25003.03
480,Failure,Severe,13389.04
9328,Failure,Severe,21673.13
14106,Failure,Severe,20230.87
2424,Failure,Severe,4854.35
11703,Failure,Severe,39340.79
4936,Success,Severe,35784.37
2772,Ongoing,Severe,29590.47
14653,Failure,Severe,9401.92
4112,Success,Severe,5555.33
6349,Ongoing,Mild,2557.92
1972,Ongoing,Severe,27211.07
5680,Failure,Severe,5406.73
2304,Success,Mild,27179.65
13239,Failure,Severe,4673.56
3592,Ongoing,None,27099.79
7277,Failure,Mild,6933.81
2797,Ongoing,Mild,23241.47
9037,Ongoing,Mild,31088.85
4691,Success,Mild,28464.16
13181,Ongoing,Severe,36345.63
9979,Failure,None,4338.27
13430,Failure,Severe,17721.05
8164,Success,None,34544.94
283,Ongoing,None,23038.78
10767,Success,Mild,35584.06
6477,Failure,Mild,17626.63
5518,Success,Severe,13749.56
12044,Failure,Mild,44457.53
5770,Success,Severe,23381.36
1209,Failure,Severe,16062.57
5044,Failure,None,5073.76
332,Failure,Severe,11197.36
2313,Ongoing,Severe,42711.29
9851,Ongoing,None,24964.56
4485,Success,None,15319.25
13100,Ongoing,Mild,41030.46
13149,Success,None,7528.0
8385,Success,None,20725.36
1008,Ongoing,Mild,39922.54
14659,Failure,Severe,38471.77
7220,Success,Mild,15381.72
12875,Success,None,32644.43
11604,Ongoing,None,24904.05
14399,Ongoing,Mild,43488.48
11107,Success,None,4049.8
12289,Failure,Mild,2711.64
11756,Failure,Severe,5411.25
2221,Ongoing,Severe,29546.82
5033,Ongoing,None,28870.47
588,Success,None,47901.52
7242,Failure,None,30038.59
2539,Ongoing,Severe,11188.22
11667,Ongoing,None,18749.71
379,Failure,None,2120.61
14063,Success,None,40932.2
13846,Success,Severe,6225.6
11074,Ongoing,Mild,1060.45
6936,Ongoing,Mild,44937.88
6660,Success,Mild,20471.11
1281,Success,Mild,15648.12
12429,Ongoing,Severe,5474.87
14032,Ongoing,Mild,3967.3
2269,Failure,Mild,20873.7
3460,Ongoing,Severe,37413.42
6765,Success,None,24478.14
5225,Ongoing,Severe,37001.27
9594,Ongoing,Mild,3386.53
7489,Ongoing,Mild,35673.46
4624,Failure,None,18779.66
6057,Success,Severe,49391.21
414,Ongoing,Mild,42227.43
8134,Ongoing,None,24661.63
1488,Success,None,7878.91
10622,Success,Severe,32538.0
1134,Success,Severe,49103.43
9101,Failure,Mild,12325.18
10603,Ongoing,None,46306.08
1782,Ongoing,Severe,31702.09
7460,Success,Severe,3902.46
8371,Failure,Severe,26381.67
12073,Success,Severe,10691.0
2687,Ongoing,Mild,10978.0
8563,Success,None,8214.17
1854,Ongoing,Severe,38773.58
13142,Success,Severe,42039.81
14253,Success,Severe,20140.03
664,Success,Mild,42735.78
9231,Ongoing,Severe,35437.83
842,Success,None,41441.65
14022,Failure,None,30010.61
678,Failure,Severe,34852.85
13008,Failure,Severe,44609.46
11808,Success,Severe,23359.03
4327,Success,None,32476.46
10119,Failure,None,39957.85
4100,Ongoing,Severe,29640.5
374,Success,Severe,29126.26
5643,Failure,None,40953.78
6805,Success,Mild,32513.93
7611,Success,Severe,6754.42
6870,Failure,None,10532.68
8958,Failure,None,6288.95
1403,Failure,None,7819.7
13694,Failure,None,41681.68
9465,Success,Mild,7656.89
11307,Failure,Severe,11889.46
3310,Success,Severe,22921.7
4017,Failure,None,34002.93
8181,Success,None,23876.46
7248,Success,None,49625.79
6096,Failure,Mild,47810.03
6205,Failure,Mild,24301.09
13042,Ongoing,None,2660.74
11062,Ongoing,Mild,2046.83
1981,Failure,None,36201.78
8138,Failure,Severe,20233.56
7219,Failure,None,34694.98
14723,Failure,Mild,4192.88
8482,Success,Mild,33537.86
11071,Failure,Severe,42364.26
5960,Failure,None,45136.37
3939,Success,Severe,42191.38
5658,Failure,None,10129.35
10513,Success,None,38580.08
9450,Success,Severe,31291.29
906,Success,Severe,33746.33
1436,Ongoing,Mild,36535.69
8506,Success,None,45840.9
14188,Failure,Severe,29543.09
5940,Failure,Mild,12974.01
13185,Ongoing,None,43235.18
7691,Ongoing,Mild,23148.68
14568,Ongoing,Mild,43048.89
8028,Success,Mild,15605.72
8387,Ongoing,None,25212.09
8969,Ongoing,None,40309.5
10666,Ongoing,None,44608.42
3171,Success,Severe,45296.58
5930,Ongoing,Severe,22973.37
3524,Ongoing,Mild,23756.85
14001,Failure,Mild,10459.19
8182,Failure,None,33472.0
3361,Success,None,39459.67
9121,Failure,None,11976.02
4304,Failure,None,3647.17
974,Failure,None,14962.91
8678,Ongoing,Severe,12962.84
14384,Success,Severe,17763.28
3196,Ongoing,None,49559.86
12551,Failure,Mild,45893.47
9028,Ongoing,Severe,23261.49
8597,Success,Mild,44786.95
13366,Failure,Mild,9745.88
5960,Success,Severe,43437.33
5760,Success,None,15900.89
9865,Success,None,28239.81
9622,Ongoing,None,24934.32
8419,Failure,None,26663.25
14512,Failure,Severe,9267.09
13373,Failure,Severe,24313.44
6916,Ongoing,None,33959.81
1493,Ongoing,Mild,6426.11
6678,Success,Mild,15120.73
2562,Failure,Mild,23307.76
7604,Failure,Mild,3257.9
10115,Failure,Severe,11423.02
10671,Success,None,23097.9
1834,Failure,Severe,28050.89
637,Success,None,6750.6
10434,Failure,None,10730.34
9869,Ongoing,Severe,27703.77
7504,Success,Mild,24323.72
12863,Failure,None,27136.24
10766,Ongoing,None,38481.55
8645,Success,None,38164.46
7820,Failure,Severe,22021.85
14444,Success,None,8407.66
2511,Ongoing,Severe,42532.38
4043,Success,Mild,19701.72
10643,Ongoing,Severe,11349.17
574,Success,Severe,13212.51
1047,Failure,None,16351.47
5937,Success,Severe,33650.98
5199,Ongoing,Severe,35113.32
13287,Failure,Severe,22827.21
8439,Failure,Severe,29894.83
13631,Ongoing,Severe,23849.27
3392,Ongoing,Mild,29738.0
8375,Ongoing,Mild,24676.96
2645,Failure,None,22041.69
3712,Success,None,40738.66
13923,Success,Severe,39349.82
3633,Ongoing,Mild,38634.48
2750,Ongoing,Mild,1834.7
2554,Failure,Mild,36391.27
11031,Failure,Severe,37641.07
8882,Failure,Mild,49981.7
3689,Ongoing,Severe,38671.2
1532,Ongoing,None,38327.6
8486,Success,Mild,38985.08
7188,Ongoing,Severe,34794.71
4876,Ongoing,Severe,45316.02
2976,Failure,Severe,36620.31
5824,Ongoing,Severe,13340.64
3909,Ongoing,Mild,19382.78
14132,Failure,None,38363.79
8455,Ongoing,Mild,16736.84
3665,Success,Severe,41184.65
11129,Ongoing,Mild,44873.64
12326,Ongoing,None,10024.79
2150,Success,None,23625.52
1884,Success,Severe,38321.3
1113,Ongoing,Mild,43721.9
1177,Ongoing,Mild,33864.97
8045,Failure,None,10337.43
12472,Failure,None,49510.78
8438,Failure,Mild,34994.67
3277,Success,Mild,6949.78
4229,Success,Mild,37603.9
9620,Success,Mild,17366.05
8299,Success,Severe,21249.03
6489,Success,Severe,35080.11
14945,Ongoing,Mild,20561.84
7386,Success,Severe,9973.83
7724,Ongoing,Severe,44001.61
9423,Ongoing,None,11619.54
13602,Failure,None,33197.28
10027,Success,Severe,33685.85
11586,Ongoing,None,5225.51
11025,Ongoing,Severe,10929.35
3624,Success,None,22941.3
7224,Ongoing,None,8356.21
3993,Success,Severe,5114.73
3149,Ongoing,Mild,49088.03
7371,Ongoing,Severe,46712.26
1475,Failure,None,4390.28
13362,Failure,Mild,26268.21
9851,Ongoing,Severe,30872.86
9161,Failure,Mild,35747.05
9996,Failure,Severe,1063.48
14694,Failure,None,46207.74
13744,Success,Severe,24031.03
350,Failure,Mild,35684.12
13654,Failure,Mild,11906.13
10285,Ongoing,Severe,16050.94
8015,Ongoing,Severe,1285.44
2696,Success,Mild,24255.24
14418,Failure,Mild,33587.75
13915,Failure,None,38295.95
2490,Ongoing,Mild,42740.55
5187,Ongoing,Mild,18626.12
10723,Success,Severe,36979.16
3335,Ongoing,Severe,17412.69
8926,Failure,Severe,30210.68
13141,Success,None,48865.45
3416,Failure,None,20694.43
11779,Ongoing,None,4254.54
519,Failure,Severe,25494.81
9279,Failure,Mild,3056.38
3032,Failure,Severe,37601.28
5112,Success,Severe,6986.33
93,Failure,Mild,48872.58
701,Failure,Severe,16942.59
11627,Success,Severe,26071.96
2608,Ongoing,Mild,47496.73
13421,Failure,Mild,5914.25
4156,Ongoing,Mild,40732.53
12702,Ongoing,Mild,46124.16
7358,Success,Mild,15248.04
6854,Ongoing,Mild,39216.27
223,Success,Severe,13665.7
12322,Success,None,5640.48
10504,Success,None,1626.95
3159,Ongoing,Mild,30134.89
1291,Failure,Mild,40017.97
1253,Success,Severe,42541.58
6647,Failure,None,18671.06
9587,Ongoing,Severe,45712.32
6396,Ongoing,None,3168.31
5501,Failure,Severe,13188.86
13174,Ongoing,Mild,38813.99
9845,Ongoing,Severe,22125.61
8383,Ongoing,Severe,2389.99
6309,Failure,Severe,26475.33
6725,Success,Mild,21917.71
8104,Failure,None,19871.89
700,Failure,None,27131.98
12914,Success,Severe,41774.82
10327,Failure,Severe,18115.79
919,Failure,None,28907.28
6713,Ongoing,None,17070.49
11485,Ongoing,Mild,46160.1
3199,Success,None,27344.65
5305,Success,None,30458.91
11737,Failure,Severe,42094.99
13996,Success,None,44398.07
2572,Ongoing,Severe,41986.49
11808,Ongoing,Mild,24729.8
7566,Failure,None,29465.61
10434,Success,Severe,45608.75
4547,Success,None,9284.61
6241,Failure,Mild,33860.33
14529,Ongoing,None,17302.47
2044,Ongoing,Severe,9205.87
11354,Ongoing,None,2997.15
4534,Failure,Severe,32253.35
11435,Failure,Severe,19044.87
4058,Ongoing,None,47762.8
11843,Failure,Severe,14221.08
10525,Success,None,32834.56
1648,Success,Severe,33511.73
13249,Ongoing,Severe,4811.41
14746,Ongoing,Severe,13747.67
6872,Failure,Mild,25805.54
2498,Failure,None,6604.75
6959,Success,Mild,24044.18
5397,Failure,Severe,34426.74
12301,Success,Mild,45121.7
5928,Success,None,43754.14
8254,Ongoing,Mild,15222.98
3452,Success,Mild,30625.96
2208,Failure,Mild,28328.91
9369,Failure,Mild,23517.45
12704,Success,Mild,44026.98
5307,Failure,None,38189.0
7222,Success,None,42378.91
6638,Success,Severe,29284.96
10358,Failure,Mild,39949.24
7794,Failure,Severe,47582.57
7868,Ongoing,Mild,4725.84
13348,Failure,None,9190.05
914,Failure,Mild,48174.07
9955,Ongoing,Mild,14002.93
7201,Failure,Severe,27608.55
10063,Ongoing,None,14875.66
4411,Failure,None,9151.14
9145,Success,None,2586.68
9783,Ongoing,Mild,2623.75
5599,Ongoing,None,7088.21
1231,Ongoing,Mild,19639.08
5666,Failure,Severe,14464.64
3453,Success,Mild,2318.95
671,Ongoing,None,14138.53
13514,Success,Mild,24185.87
13822,Failure,Mild,8630.25
10962,Success,None,20963.81
13508,Failure,Severe,25134.25
11722,Success,None,32172.86
7999,Ongoing,Mild,40217.26
3949,Success,None,6877.13
6790,Failure,None,32218.78
11341,Failure,Severe,39671.93
12743,Success,Severe,22631.39
5236,Ongoing,Severe,12905.7
9542,Failure,Mild,38450.81
14723,Success,Severe,30470.49
10735,Success,None,44711.25
13188,Ongoing,None,12518.74
8037,Success,None,11313.78
12644,Ongoing,None,3875.85
13732,Success,Mild,47297.34
9809,Success,None,14472.59
2182,Ongoing,Severe,12525.43
2269,Ongoing,None,26460.76
8735,Failure,Severe,29349.56
4660,Success,Severe,12616.01
6424,Failure,None,2189.96
13963,Failure,Mild,2314.22
7017,Success,None,15173.87
4033,Failure,Severe,46105.42
12264,Failure,None,15977.68
11647,Ongoing,None,10987.56
8036,Success,Severe,3970.48
13920,Ongoing,Mild,44603.68
8233,Ongoing,Severe,23453.45
12571,Success,Mild,4454.95
13422,Failure,None,47712.57
7219,Success,Mild,23089.58
10313,Failure,Mild,28932.41
7572,Success,None,3583.98
3076,Failure,Mild,32246.91
4005,Success,Mild,2152.65
9733,Ongoing,Severe,24923.12
7661,Failure,Severe,10043.22
3504,Success,None,41470.46
11419,Ongoing,None,3906.21
7738,Ongoing,None,4828.97
9883,Ongoing,Severe,33043.7
8333,Success,Severe,22340.65
11622,Failure,None,24629.46
11255,Failure,Mild,21665.65
13914,Ongoing,Mild,26439.45
14438,Success,None,36678.23
4847,Failure,None,21089.57
8283,Failure,None,3495.21
10651,Success,Mild,23783.99
2410,Failure,Mild,26950.72
1877,Failure,None,48292.91
10445,Ongoing,Severe,14788.24
12483,Success,Mild,44612.6
1799,Ongoing,Severe,32218.52
7212,Success,None,5648.39
7465,Failure,Severe,46138.83
12524,Failure,Severe,49670.94
11244,Failure,Severe,41107.35
8639,Success,Mild,18321.47
11545,Ongoing,None,28415.47
4223,Success,None,20437.07
1303,Failure,Mild,43339.05
8039,Failure,Mild,12383.85
11206,Ongoing,Mild,17448.19
7508,Success,Mild,34952.98
1732,Failure,None,10549.68
14944,Success,None,15358.61
1483,Success,None,30168.36
8321,Failure,None,35538.41
9028,Failure,Mild,44277.13
14892,Success,Severe,22570.39
8203,Success,Mild,41225.85
12914,Failure,Mild,18144.46
2051,Success,Mild,11088.2
5242,Success,Severe,9646.03
10741,Success,None,10261.99
10715,Ongoing,None,42340.27
4197,Ongoing,None,40816.18
14483,Ongoing,None,12667.62
12149,Success,None,33423.31
4347,Success,None,41291.36
7995,Success,None,20536.53
9277,Success,Severe,43537.02
14596,Failure,None,35192.13
833,Success,None,5779.44
7044,Ongoing,Mild,35145.8
610,Ongoing,Severe,37937.3
7787,Ongoing,Mild,39694.37
10013,Success,None,4919.28
1412,Ongoing,Mild,48386.37
427,Failure,Mild,40305.02
9267,Ongoing,Severe,20622.9
104,Success,Severe,16206.64
9621,Ongoing,Severe,37970.43
10486,Success,None,36285.36
12420,Ongoing,Mild,1214.76
2726,Ongoing,Mild,48043.46
3672,Ongoing,None,37559.4
13423,Failure,Severe,29582.42
8924,Failure,Mild,19772.14
6440,Failure,Severe,21204.63
11514,Ongoing,Severe,28490.85
10761,Ongoing,None,42566.7
11452,Failure,Mild,1475.35
3700,Failure,Mild,44760.29
9408,Ongoing,Severe,19889.4
14336,Ongoing,Mild,45113.17
8460,Ongoing,None,28096.76
5886,Ongoing,Severe,2687.92
14409,Success,Mild,8490.72
9225,Success,Mild,20988.19
7246,Success,None,12832.8
9100,Failure,Severe,18597.16
2802,Ongoing,Mild,25992.56
12762,Failure,Mild,26220.55
2774,Ongoing,Mild,40290.36
2473,Ongoing,None,16747.43
6304,Success,None,21994.7
14714,Ongoing,None,12096.77
8478,Failure,Mild,1975.68
11830,Ongoing,None,47137.24
10374,Failure,Severe,2636.55
9365,Failure,Severe,45174.25
8855,Ongoing,Mild,6923.4
10941,Success,None,43392.5
9454,Success,None,6934.09
2087,Failure,None,21333.79
1865,Failure,Severe,49394.01
6292,Ongoing,Mild,8405.58
1202,Failure,None,27273.13
12241,Ongoing,Mild,41342.63
5475,Failure,Mild,10818.42
10836,Success,Severe,14850.88
4248,Ongoing,None,49261.36
14261,Failure,None,5431.57
9155,Failure,None,48985.63
12992,Failure,Mild,14766.83
6001,Success,None,35424.61
13290,Failure,Severe,33641.37
3691,Failure,None,8747.65
13619,Success,None,31355.54
8491,Success,None,33832.62
10513,Failure,Mild,43263.38
382,Failure,Severe,6050.52
8782,Ongoing,None,7078.76
5492,Ongoing,Mild,35941.6
12482,Failure,None,12746.2
5097,Success,Mild,37879.49
9960,Failure,Mild,9161.89
499,Success,Severe,39717.8
9800,Success,Severe,43893.95
2430,Success,Severe,29711.95
13082,Failure,Mild,22111.6
6851,Ongoing,Severe,9107.89
6816,Failure,Severe,35258.42
6457,Ongoing,None,43220.92
9054,Failure,Severe,23152.62
4068,Ongoing,Severe,42636.05
8706,Success,None,15775.08
3831,Success,None,39355.56
5725,Success,Severe,19757.4
2807,Ongoing,Mild,16599.41
7928,Success,Severe,12903.09
10160,Success,Mild,16231.65
4819,Failure,Severe,24116.52
11544,Ongoing,None,23349.14
4337,Ongoing,Severe,5269.39
5294,Success,Severe,13086.34
10452,Ongoing,None,20786.89
11117,Ongoing,Severe,8071.17
14709,Success,Mild,34499.82
3842,Ongoing,None,39498.88
11547,Failure,Mild,16835.74
5845,Failure,None,40577.18
10053,Ongoing,None,5419.8
2277,Success,Mild,16057.78
5637,Ongoing,None,47180.17
14371,Success,None,39376.22
12040,Ongoing,Severe,23903.18
14766,Failure,Mild,7995.37
8520,Failure,Mild,2497.37
2764,Ongoing,None,23388.65
3018,Ongoing,None,22681.24
11331,Success,Mild,33114.19
4187,Failure,None,5831.04
12060,Failure,Mild,45878.13
12286,Ongoing,Severe,9718.07
6824,Success,Severe,4732.06
13828,Success,Severe,47350.57
2547,Ongoing,Severe,41807.74
3282,Failure,Severe,39030.84
7206,Success,Mild,27809.13
2563,Success,Mild,40894.89
12732,Failure,Severe,5904.5
4004,Success,None,15789.28
3517,Failure,Mild,29583.17
14373,Success,Mild,9383.95
3649,Ongoing,None,19905.98
6115,Failure,None,19019.17
5318,Failure,None,30311.17
9451,Success,None,24440.15
10198,Success,Severe,25132.64
9903,Success,None,49700.9
3663,Failure,Severe,39063.86
7562,Success,Mild,5478.34
5944,Ongoing,Severe,3915.25
1514,Success,None,21267.13
4961,Ongoing,Mild,30235.35
7450,Success,None,6308.6
8496,Ongoing,Severe,39491.61
844,Ongoing,None,35889.24
10247,Ongoing,Severe,15263.12
5363,Failure,Severe,31380.4
13723,Success,None,43936.74
3809,Failure,Mild,5383.04
9620,Success,Mild,4432.9
8568,Failure,Severe,16872.13
1917,Failure,None,31882.68
1580,Ongoing,Mild,41017.71
12223,Failure,None,25255.75
10285,Failure,Severe,8891.34
8920,Ongoing,Mild,22275.05
10862,Ongoing,Severe,32048.24
14689,Failure,None,11564.43
11059,Success,Severe,40418.76
12100,Success,Mild,19046.07
2247,Failure,None,24083.67
9702,Failure,Severe,2756.44
14513,Failure,None,4787.74
6837,Failure,None,22349.26
5757,Ongoing,None,7443.45
275,Ongoing,Mild,47962.38
7917,Failure,Severe,5975.14
11728,Failure,None,19016.12
7807,Success,None,9515.3
12667,Ongoing,Mild,26899.92
2664,Failure,Mild,34593.98
13555,Ongoing,Severe,3695.55
9044,Ongoing,Severe,27246.57
1417,Ongoing,None,48488.95
2985,Ongoing,None,20556.77
6730,Success,None,43626.18
3577,Failure,None,14903.01
14517,Ongoing,Mild,22102.65
14217,Failure,None,37063.27
5154,Ongoing,None,27850.79
3724,Failure,None,21191.33
1551,Success,Mild,34405.05
2485,Ongoing,Mild,15104.6
14691,Success,Mild,38767.52
12861,Failure,None,7991.76
5766,Success,None,23953.83
7580,Failure,Mild,3203.08
4107,Success,Severe,39094.68
11578,Success,None,15901.56
12566,Failure,Mild,14676.38
5538,Success,Severe,10451.53
5561,Success,Severe,2226.91
6447,Success,None,5662.0
1816,Success,Mild,33495.05
5544,Ongoing,Mild,44729.46
1386,Success,Mild,38936.41
12851,Failure,Mild,48133.0
7371,Failure,Mild,49696.8
14565,Ongoing,Severe,36566.92
457,Failure,Severe,48117.81
6234,Ongoing,None,41465.79
10507,Success,Severe,16278.65
13133,Success,Mild,17500.96
13825,Success,Severe,6051.9
1278,Failure,Severe,48542.77
6597,Success,None,24952.1
8236,Ongoing,Mild,34911.42
4653,Success,None,48582.08
973,Failure,None,47467.32
5044,Ongoing,None,13819.33
12290,Success,Severe,27065.05
1423,Failure,Mild,14793.64
8584,Failure,None,36743.1
7104,Success,Severe,2993.12
9324,Success,None,21554.17
8956,Failure,None,15847.83
10509,Failure,Mild,8703.77
9166,Ongoing,None,38713.75
12010,Failure,None,10523.3
2974,Success,Severe,7395.38
248,Ongoing,Mild,35384.52
14526,Failure,Severe,39467.77
8949,Success,None,47106.66
4732,Success,None,24797.23
5549,Ongoing,Severe,1171.87
11647,Failure,Severe,36055.02
13903,Success,Severe,33151.77
14848,Success,Mild,43186.92
5827,Failure,Severe,36443.49
4800,Success,Severe,39393.51
12334,Failure,Mild,1753.91
3202,Success,Severe,19098.59
4444,Failure,Severe,26239.48
275,Failure,None,36606.29
13937,Success,Mild,35860.1
749,Failure,Severe,30096.81
2619,Failure,Mild,24853.11
2616,Failure,Severe,1439.57
14110,Success,None,36070.8
9363,Failure,None,45104.77
13467,Success,None,18067.63
1807,Ongoing,Severe,35633.15
11459,Ongoing,Mild,26289.02
4426,Ongoing,None,15499.56
5711,Success,Mild,25917.42
9970,Failure,Severe,31818.84
13890,Ongoing,Mild,24283.79
3173,Failure,Mild,39242.04
8091,Success,Severe,4366.65
475,Failure,None,23795.64
9502,Ongoing,None,42562.08
6772,Ongoing,Mild,18301.84
6974,Ongoing,Severe,6608.34
14789,Ongoing,Mild,44597.7
12918,Failure,None,4453.16
3234,Success,Severe,19957.81
8093,Failure,Severe,48157.66
1557,Ongoing,None,32610.77
8626,Failure,None,22129.16
12033,Success,None,30031.57
8025,Success,None,1812.48
6105,Ongoing,Severe,29568.04
273,Ongoing,Mild,46532.48
13039,Failure,Severe,6275.6
9781,Ongoing,Mild,6871.56
10392,Success,Severe,8331.18
8853,Ongoing,Severe,16440.19
9304,Failure,Severe,22466.3
5194,Ongoing,None,31417.19
11935,Ongoing,Mild,42179.37
11236,Success,Severe,39234.05
8277,Ongoing,Severe,47030.09
12214,Success,None,10425.89
4285,Ongoing,Mild,8159.32
14207,Ongoing,Severe,46266.18
8325,Success,Mild,19166.93
3896,Success,Mild,49936.16
8681,Failure,Severe,28061.32
10262,Success,None,15316.7
14483,Ongoing,None,18446.12
8932,Ongoing,Mild,2678.54
3509,Ongoing,Mild,36536.91
7659,Success,Mild,46623.26
9200,Failure,Mild,19943.88
9671,Success,Severe,41409.19
5219,Ongoing,Severe,43469.73
12128,Ongoing,Mild,37409.65
11504,Success,Mild,9789.43
14324,Ongoing,Severe,37380.6
1294,Ongoing,Mild,38796.08
7496,Ongoing,None,43557.99
7040,Ongoing,Mild,19798.13
14616,Success,Mild,42338.37
11854,Ongoing,Mild,44741.4
314,Success,Severe,24668.51
1278,Success,Severe,39601.22
6087,Failure,Severe,49493.67
12106,Success,None,31736.55
13848,Ongoing,Severe,39577.35
56,Failure,Severe,13766.35
3411,Ongoing,Severe,30224.87
9139,Failure,Severe,9832.89
851,Failure,Severe,37594.63
1354,Success,Mild,30331.97
11737,Ongoing,None,43071.98
12357,Success,Severe,16297.38
7713,Success,Mild,22821.54
10931,Ongoing,None,48043.04
9951,Failure,Mild,10757.38
3700,Ongoing,Severe,27494.61
5011,Failure,None,28811.44
5391,Success,Mild,4317.11
1810,Success,Severe,11352.3
5775,Ongoing,None,20419.25
4696,Failure,Mild,14958.08
4597,Success,Severe,10162.95
2953,Success,Mild,16425.71
2346,Success,Mild,9841.23
5237,Ongoing,None,20893.69
2493,Failure,Mild,36415.91
450,Failure,Mild,44381.43
11631,Failure,Mild,7900.71
4878,Failure,Mild,12255.35
6045,Ongoing,Mild,49279.02
13775,Failure,Mild,22399.24
13218,Success,Mild,20744.13
6434,Success,Mild,24570.7
2199,Ongoing,None,30299.63
3540,Failure,None,48094.82
330,Success,Mild,13245.72
9583,Success,Severe,40203.59
8156,Ongoing,Severe,40608.52
8323,Success,None,1536.82
8711,Ongoing,Severe,15357.9
12717,Success,Severe,18595.57
4912,Failure,None,17278.58
12756,Ongoing,Mild,20338.53
6637,Success,Severe,35943.81
7077,Failure,Severe,1796.16
8098,Ongoing,Mild,46179.38
2603,Success,Severe,44696.8
9578,Failure,Mild,20768.65
2344,Success,None,25513.9
10055,Ongoing,None,32685.18
10336,Success,None,47382.14
11911,Ongoing,Mild,19502.74
3826,Success,None,48058.04
5666,Failure,None,36052.84
2549,Success,None,4839.15
2930,Ongoing,Severe,29709.63
5525,Ongoing,None,41392.93
11286,Failure,Mild,11316.8
14155,Success,Mild,37411.33
12983,Ongoing,Severe,47700.47
12445,Failure,None,2815.28
175,Success,None,14320.53
2861,Ongoing,None,3859.55
12965,Ongoing,Mild,28355.57
14958,Success,None,24381.62
8945,Ongoing,Mild,43219.53
9385,Ongoing,Severe,23467.94
6761,Failure,None,37448.83
5406,Ongoing,Severe,1660.75
9959,Success,None,32243.95
512,Failure,Mild,33908.91
4026,Failure,Mild,15760.66
477,Ongoing,Mild,10684.2
3125,Ongoing,Severe,34772.13
6252,Ongoing,None,16129.68
14014,Success,Mild,39640.32
6253,Success,None,23390.45
9324,Success,Mild,47043.94
12797,Success,Mild,29160.09
2048,Success,None,25854.18
6451,Ongoing,Mild,49048.2
8227,Success,Severe,38630.42
4919,Failure,None,8124.4
5158,Success,Severe,17232.93
14492,Ongoing,None,46585.44
14693,Ongoing,Severe,33109.1
693,Failure,None,17859.3
7067,Failure,Severe,37515.95
13168,Ongoing,Severe,10173.82
6774,Success,Severe,5159.85
2868,Failure,Severe,22367.1
13071,Success,Severe,46488.48
4482,Ongoing,Severe,38351.21
2687,Success,Severe,47037.57
12642,Failure,Severe,40541.76
5537,Success,None,22954.8
4537,Ongoing,Mild,31754.65
5966,Ongoing,Severe,16769.5
197,Success,Mild,19363.34
12218,Success,None,41330.28
13189,Ongoing,Mild,3959.16
2897,Failure,Mild,40228.72
235,Ongoing,Mild,47779.47
11145,Failure,None,42809.9
2153,Ongoing,Mild,49023.76
13625,Ongoing,Severe,40955.69
864,Success,Mild,16962.23
8615,Ongoing,None,24775.12
5853,Failure,Mild,19326.34
12566,Success,None,21052.69
2892,Failure,Severe,47112.83
4140,Failure,Mild,16626.84
12105,Ongoing,None,42454.9
6961,Failure,Severe,25302.81
6864,Failure,None,44992.45
6064,Failure,Severe,30759.92
13147,Failure,None,16674.22
6597,Ongoing,Severe,32388.14
4129,Failure,None,40194.15
6934,Failure,Mild,8898.73
7931,Failure,Mild,25595.12
5838,Success,Mild,7944.82
9645,Failure,Mild,4578.22
3110,Success,Mild,31185.35
2669,Ongoing,Mild,45608.63
2892,Failure,Mild,46975.4
1267,Failure,Mild,12503.19
7679,Ongoing,None,20635.76
11399,Failure,None,16050.38
557,Ongoing,Mild,47856.65
3971,Failure,Mild,11698.15
11447,Ongoing,Severe,45531.49
4230,Ongoing,None,44563.28
5521,Failure,Mild,46265.75
483,Success,Severe,15149.56
9988,Ongoing,Mild,22626.89
993,Failure,None,5049.09
8026,Ongoing,None,2512.57
8828,Success,None,19452.92
13679,Failure,None,26264.61
5457,Success,None,26549.24
13972,Ongoing,None,46159.81
10876,Ongoing,Mild,38948.66
2106,Failure,Severe,30971.26
2296,Success,None,31802.74
2259,Success,Mild,33008.67
6046,Ongoing,Severe,30300.66
14716,Success,Severe,37310.93
14953,Success,None,30615.06
3818,Success,Severe,42655.67
1762,Success,Mild,24378.77
13976,Success,None,22702.93
5931,Ongoing,Severe,35313.48
6196,Ongoing,Mild,10294.99
4235,Failure,Severe,34335.33
4943,Failure,None,41753.72
1706,Success,Severe,33215.89
3785,Success,Severe,24024.7
951,Ongoing,None,29128.43
6691,Failure,Mild,5047.22
8163,Ongoing,Severe,41385.69
331,Ongoing,Severe,26569.67
1250,Failure,None,12198.02
571,Ongoing,None,30919.49
1293,Success,None,4777.91
3337,Ongoing,Mild,26616.04
4537,Failure,None,1239.03
8842,Ongoing,Mild,26834.67
10497,Success,Severe,3522.04
3218,Failure,Mild,12885.13
401,Failure,Severe,6746.17
5189,Success,Mild,39728.05
1135,Ongoing,Severe,6354.93
8369,Success,Severe,2998.49
10852,Failure,Severe,34572.4
3703,Ongoing,Mild,16768.51
9143,Failure,None,24954.79
7995,Ongoing,Severe,14535.39
835,Success,None,6873.81
10395,Success,Severe,11070.3
12052,Failure,None,33539.43
6971,Ongoing,Mild,10833.27
10942,Failure,Mild,46154.17
7880,Success,None,46306.66
12759,Ongoing,None,46397.38
5791,Success,Severe,2328.44
7797,Success,Mild,48357.87
8576,Failure,Mild,18202.26
13988,Ongoing,Mild,22357.14
714,Failure,None,24815.34
3164,Ongoing,Severe,33312.66
3798,Failure,None,47409.67
10632,Failure,Severe,26820.73
13694,Ongoing,Severe,24276.16
12381,Success,None,2817.63
3184,Ongoing,Mild,48097.36
1579,Failure,Severe,29509.85
9214,Ongoing,Mild,20698.38
14930,Ongoing,None,12353.33
4423,Success,None,12866.65
2231,Success,Severe,34069.38
1002,Ongoing,None,45685.45
407,Ongoing,Severe,16558.22
5546,Success,Mild,43415.34
1118,Ongoing,Severe,11744.93
11285,Failure,Mild,22617.4
4849,Success,Severe,15759.96
5543,Failure,Severe,47965.46
5044,Failure,None,44846.62
4005,Ongoing,Mild,35113.36
2116,Failure,Severe,33057.49
262,Ongoing,Mild,42935.28
6642,Success,Severe,15127.2
686,Failure,None,9876.37
3514,Success,None,6743.52
1141,Success,None,29101.23
12044,Success,None,12018.99
12635,Success,None,48023.67
7932,Failure,Severe,46984.55
9341,Failure,Mild,30342.38
4859,Failure,Mild,6102.41
10980,Success,Mild,37731.05
6910,Failure,Severe,44901.96
3233,Success,Severe,18042.11
9984,Ongoing,None,24740.45
10498,Success,Severe,33203.5
7154,Failure,None,9542.57
12996,Failure,Mild,19461.22
1035,Failure,Severe,4434.6
2260,Failure,Severe,16264.36
10073,Ongoing,Mild,14658.07
117,Failure,None,3288.51
11547,Ongoing,Severe,40228.67
9905,Ongoing,Mild,9364.08
5328,Ongoing,None,46276.45
10721,Failure,Mild,40520.2
11422,Ongoing,Mild,1216.88
894,Success,Mild,38440.5
6824,Failure,Mild,37452.54
2700,Success,None,29867.21
7398,Ongoing,Severe,5878.45
10144,Failure,Severe,15074.26
8061,Success,Mild,29612.02
1075,Success,Mild,42526.5
2481,Ongoing,None,42698.73
2266,Failure,Severe,27614.11
4180,Failure,Mild,35075.67
6147,Success,None,18344.25
9254,Failure,Severe,46966.35
13262,Ongoing,Mild,21057.24
11989,Ongoing,None,33248.59
7698,Failure,Severe,43117.72
6249,Failure,Mild,33810.66
7133,Success,Severe,49924.85
8548,Failure,None,48426.3
7157,Success,Severe,10033.21
5389,Success,Severe,31018.54
8724,Failure,None,39055.44
824,Ongoing,Mild,2272.15
3588,Failure,Severe,8523.75
4374,Success,Mild,20955.33
8573,Failure,Mild,6388.33
11085,Success,Mild,42757.08
2141,Success,Severe,28720.55
9685,Failure,Mild,4322.85
13910,Success,Severe,14824.53
10237,Success,Mild,18393.72
12241,Failure,Severe,34620.81
5220,Success,None,21176.36
6516,Success,Mild,45303.74
3512,Ongoing,None,28400.12
10201,Ongoing,None,48601.84
11092,Failure,Mild,45473.77
4200,Failure,None,48564.68
7383,Failure,None,33928.69
8052,Success,Mild,17855.48
6331,Failure,Severe,46566.62
9661,Success,Mild,25882.2
2143,Ongoing,Mild,14086.03
946,Failure,None,37256.0
13115,Failure,Severe,34301.69
14322,Success,Severe,36016.5
4927,Success,Severe,38319.12
3627,Ongoing,None,5284.97
13470,Ongoing,Severe,14122.71
14187,Failure,Mild,27688.91
4109,Ongoing,None,24383.0
2887,Success,Severe,26015.76
3392,Success,Mild,35801.74
10564,Failure,None,36348.37
8986,Ongoing,None,12340.44
4458,Failure,Severe,47458.79
590,Ongoing,Mild,12447.93
1270,Failure,Mild,8645.2
11613,Failure,Mild,41591.4
3162,Ongoing,Mild,15004.88
13763,Success,Severe,18503.95
14628,Success,None,21079.86
13103,Ongoing,Mild,33478.17
98,Success,Mild,20792.69
5680,Ongoing,Severe,19463.43
11274,Ongoing,Mild,2048.49
8746,Success,None,7623.15
2138,Failure,Severe,16936.52
6401,Success,Severe,16547.03
10221,Success,None,8940.99
12726,Failure,Mild,40843.04
6534,Failure,None,29036.1
135,Ongoing,Severe,21789.31
9065,Ongoing,Severe,27356.9
4685,Failure,Mild,38304.5
6989,Success,Severe,19693.84
2703,Ongoing,Severe,44647.15
6844,Success,Severe,7362.49
10098,Ongoing,Mild,25643.12
7329,Ongoing,None,42182.39
6647,Ongoing,None,43675.1
2956,Success,None,21415.62
14913,Ongoing,Severe,35081.57
14303,Ongoing,Severe,46198.23
4754,Failure,Severe,42155.2
6315,Success,Mild,34659.84
6212,Success,Severe,22208.42
4873,Success,None,5491.97
10877,Failure,Mild,41772.93
4176,Success,None,9553.13
1387,Failure,Severe,33253.39
1641,Ongoing,Severe,10541.58
8164,Failure,Mild,35831.95
1663,Success,Mild,47255.65
709,Ongoing,Mild,15934.29
13668,Failure,Severe,48215.51
12007,Failure,None,19227.34
8065,Ongoing,Mild,4394.0
3950,Success,Mild,43248.01
8997,Ongoing,Severe,10018.08
11720,Failure,Mild,6715.57
13391,Success,Mild,34782.69
8632,Ongoing,Mild,34476.77
11643,Failure,None,31654.82
680,Failure,Mild,21355.77
631,Ongoing,Severe,9991.76
3251,Ongoing,None,44422.27
8529,Failure,None,28488.47
5252,Ongoing,Severe,12281.1
5477,Success,None,11692.75
14735,Ongoing,Severe,44141.96
13199,Ongoing,Severe,49211.68
10636,Ongoing,Severe,37395.02
3611,Failure,None,26759.85
7888,Failure,None,45779.98
9499,Success,Mild,14493.69
7763,Ongoing,Mild,24346.69
1179,Ongoing,Severe,33913.36
9031,Success,None,40282.22
12208,Ongoing,Severe,23008.34
10794,Failure,None,32424.43
14258,Ongoing,Mild,10808.56
6641,Success,Mild,37887.25
6501,Failure,Severe,42558.78
4235,Ongoing,Mild,21963.79
6563,Success,Severe,32270.59
14567,Success,Mild,9196.33
4444,Success,None,34705.43
13958,Ongoing,Severe,19884.6
13733,Success,Mild,12047.49
10496,Failure,Severe,29327.58
14470,Success,Mild,15901.58
5812,Success,None,29459.5
4574,Success,None,33477.0
3288,Ongoing,Mild,16086.01
2128,Ongoing,None,10741.1
1165,Ongoing,Mild,1939.29
12169,Failure,None,9050.24
10165,Success,None,5440.21
10681,Success,None,43866.46
11547,Ongoing,Mild,43784.79
10854,Ongoing,Mild,28606.94
54,Failure,Mild,23668.93
13099,Ongoing,Severe,17152.82
14418,Success,Severe,35684.05
8956,Success,Mild,28004.55
12019,Failure,Mild,17446.59
14563,Ongoing,Severe,12090.64
8880,Success,Mild,10229.18
8680,Ongoing,Mild,32343.24
3090,Success,None,20238.05
3101,Failure,Severe,26928.29
12309,Success,Severe,27949.67
7667,Ongoing,Severe,45567.22
4537,Success,Mild,38743.5
4471,Success,Severe,15801.43
4792,Success,Mild,47691.26
14134,Success,Severe,1235.51
8229,Success,Mild,39633.52
8972,Failure,None,15648.09
10225,Failure,Mild,36560.96
10568,Ongoing,None,41505.41
6585,Success,Severe,10202.37
14125,Success,None,23450.73
6577,Ongoing,Severe,49101.21
1568,Failure,None,2086.95
2321,Ongoing,Mild,30984.11
14128,Ongoing,Mild,16878.23
6191,Ongoing,Severe,42524.78
5530,Failure,None,6024.36
14300,Failure,Severe,42828.76
4264,Failure,Severe,33208.93
13850,Failure,Severe,28407.25
725,Failure,Mild,39296.78
1306,Failure,Mild,47012.72
1792,Ongoing,None,37338.66
13791,Failure,Severe,36392.15
1832,Ongoing,None,45044.1
13842,Success,None,2231.35
6972,Ongoing,None,3541.58
2736,Success,Mild,29833.0
599,Ongoing,Mild,1741.3
3664,Failure,Mild,46083.1
987,Failure,Mild,19352.05
1489,Ongoing,None,9826.81
1166,Ongoing,Mild,16891.08
4802,Success,Severe,6519.87
6180,Success,Severe,2860.14
13078,Success,Severe,31208.69
2911,Failure,None,15548.89
14121,Ongoing,Severe,24176.91
2864,Failure,Mild,49373.0
12445,Ongoing,Mild,11276.56
13592,Success,Severe,21446.41
11559,Failure,Mild,11917.87
10778,Ongoing,Mild,44197.92
7837,Ongoing,None,1983.81
6950,Failure,Severe,40832.41
334,Ongoing,Severe,5234.07
6761,Success,None,7033.64
4610,Failure,Mild,3680.76
9550,Ongoing,None,26740.16
4300,Ongoing,Severe,10907.71
8610,Failure,None,49710.46
8213,Failure,Severe,16117.79
4533,Ongoing,Severe,3696.2
2870,Success,Mild,39304.09
7324,Success,Severe,8442.33
11982,Failure,Mild,13207.4
1707,Success,Mild,17781.63
288,Success,None,10916.37
1723,Failure,Severe,8620.61
10241,Success,None,9752.82
14832,Failure,Mild,35775.63
12110,Failure,Severe,7472.58
11653,Ongoing,Severe,38597.11
12936,Failure,None,15727.48
12304,Failure,Severe,21777.02
8099,Success,Mild,43497.52
12529,Ongoing,Severe,26356.51
11646,Ongoing,None,49921.74
7906,Ongoing,Severe,27397.41
1757,Ongoing,None,4182.57
4403,Success,None,42511.59
13652,Success,None,5670.01
10441,Ongoing,None,20298.88
6781,Failure,None,34889.7
13810,Failure,None,4022.89
12924,Success,Mild,13542.36
612,Ongoing,Severe,36588.33
10217,Success,Mild,25807.01
12453,Failure,Mild,1292.85
7717,Ongoing,Severe,11111.63
207,Ongoing,Mild,44953.41
1188,Failure,Mild,1052.58
14817,Ongoing,Severe,49562.47
13228,Failure,Mild,42426.04
13492,Failure,Severe,26813.48
10068,Ongoing,Mild,28153.35
1961,Ongoing,Severe,3432.83
11782,Success,Severe,15298.68
6029,Failure,Mild,9754.91
6892,Success,None,27491.03
8556,Ongoing,None,5254.89
12344,Failure,Severe,12057.04
7185,Success,Severe,3079.56
1201,Failure,None,11589.56
1805,Ongoing,None,35926.85
2813,Ongoing,Mild,44474.85
10065,Ongoing,Severe,49545.5
4492,Failure,Severe,32145.65
2917,Success,Mild,27992.43
1420,Ongoing,Severe,31767.14
6518,Success,Mild,47426.99
6125,Success,Mild,18537.86
14844,Ongoing,Mild,17670.92
3428,Failure,Mild,17426.01
499,Failure,Mild,32744.66
14089,Failure,None,18965.89
5245,Failure,Severe,30391.7
9376,Ongoing,Mild,12197.65
8756,Ongoing,None,37428.66
7348,Success,Severe,22948.16
2832,Success,None,8102.67
8158,Success,None,12201.49
6484,Failure,Mild,30939.49
7642,Ongoing,None,26679.92
4370,Ongoing,Mild,18000.71
8775,Ongoing,Mild,2539.91
3572,Ongoing,None,7669.51
13135,Ongoing,None,24681.05
12080,Failure,None,22155.24
14683,Success,None,24363.47
11797,Ongoing,Severe,14457.88
14405,Failure,None,8626.72
10317,Success,None,31426.5
9676,Success,Mild,9785.27
13599,Success,Mild,18774.69
11866,Ongoing,None,36713.25
9391,Ongoing,None,5859.18
5618,Failure,None,7288.33
2055,Ongoing,None,19272.14
5050,Success,Severe,25589.73
2121,Success,None,27979.45
12163,Failure,Mild,16172.96
12756,Success,Mild,28023.89
3517,Success,Mild,28878.12
8160,Success,None,39271.19
10269,Success,Mild,46953.31
14861,Success,Mild,1076.9
6986,Success,Severe,8453.28
1904,Failure,Severe,44500.3
12488,Success,Mild,42322.7
2586,Failure,None,24501.44
11248,Success,Severe,9275.84
11881,Success,Mild,35832.87
4780,Ongoing,Severe,13398.93
340,Success,Severe,15436.3
2809,Ongoing,Severe,3935.62
9414,Success,Severe,27227.63
9620,Ongoing,Severe,48126.46
3571,Success,None,26110.36
7968,Success,Severe,35699.91
2385,Success,None,29264.36
3904,Ongoing,Severe,7620.21
10137,Ongoing,Severe,3742.76
6612,Failure,Severe,6666.83
13388,Ongoing,Mild,27425.35
14839,Failure,Mild,28066.48
8177,Ongoing,None,13603.86
8331,Failure,Mild,7881.61
12093,Failure,None,10608.58
7848,Ongoing,Mild,5061.79
306,Success,Severe,48332.78
8075,Failure,Mild,17046.37
2363,Ongoing,Mild,28473.58
4033,Success,Mild,9244.69
6528,Ongoing,None,43133.86
8485,Ongoing,None,38902.3
12116,Failure,Mild,12762.36
3192,Ongoing,Mild,49349.65
13028,Failure,None,18702.15
6549,Ongoing,Mild,13615.0
11248,Ongoing,None,10715.44
7854,Failure,Mild,37867.32
4367,Ongoing,None,26319.95
875,Ongoing,Mild,29751.95
4853,Failure,None,18302.83
6845,Failure,Mild,12346.91
12221,Success,Severe,10246.36
14852,Success,Mild,5504.94
12160,Success,None,19845.57
2580,Failure,Severe,40095.21
11310,Ongoing,Mild,5857.75
4929,Success,Mild,31053.6
3142,Success,Severe,9969.67
6444,Failure,None,36725.42
14077,Ongoing,Mild,45515.08
7599,Success,Mild,32474.29
14754,Failure,None,43194.76
13395,Failure,None,30440.58
5802,Failure,None,29975.78
720,Failure,None,31241.84
14886,Failure,Mild,37116.41
5146,Failure,Severe,47876.58
11781,Ongoing,Severe,44378.33
10446,Success,Mild,42255.62
3585,Success,None,1752.17
6652,Success,Mild,16563.12
5813,Success,Mild,35910.88
7030,Success,None,21175.37
1980,Failure,None,43219.8
1170,Success,None,31762.96
7821,Success,Severe,23707.24
2014,Success,None,19752.32
12623,Success,Mild,41641.67
5967,Success,None,32157.13
12051,Failure,Severe,10174.72
2074,Success,Severe,1945.23
14825,Ongoing,Severe,48721.48
4083,Ongoing,None,11534.22
113,Success,None,19056.9
6292,Success,Severe,44907.62
6736,Ongoing,Severe,35225.14
2139,Success,None,41778.48
10194,Ongoing,Mild,9462.52
5281,Failure,Severe,21890.5
13517,Success,Mild,18700.18
9217,Success,Severe,3762.67
14936,Ongoing,None,14031.77
3599,Failure,Mild,24967.11
5178,Success,Mild,1141.66
9944,Ongoing,Severe,14045.21
10640,Ongoing,None,18190.77
13957,Success,Mild,15532.33
5570,Failure,Severe,29239.51
10019,Ongoing,None,30812.61
13958,Ongoing,None,30255.2
9203,Success,None,40071.7
14530,Failure,Severe,42409.89
8543,Failure,Mild,45411.21
8285,Failure,Mild,10985.89
13012,Success,Severe,19570.13
14677,Ongoing,None,40334.76
2354,Success,None,16432.95
2346,Success,None,36031.91
2311,Ongoing,Severe,13000.69
6456,Failure,Severe,43147.02
366,Success,Severe,38223.56
6103,Success,None,3267.16
13652,Failure,Mild,10027.22
5331,Ongoing,Mild,46374.44
14484,Success,Severe,38693.29
12296,Success,None,13163.74
5583,Ongoing,Severe,29648.48
590,Ongoing,None,15119.77
3711,Failure,Mild,22314.53
40,Ongoing,Mild,44827.21
1580,Ongoing,None,10614.79
7546,Ongoing,Mild,31784.58
1147,Failure,Mild,40191.66
12884,Ongoing,None,47193.4
5540,Ongoing,None,5705.6
4964,Failure,Mild,9546.72
2479,Ongoing,None,31862.81
802,Ongoing,Severe,26804.09
14385,Failure,None,46663.9
5998,Failure,Severe,46901.64
12212,Failure,Mild,27101.57
824,Success,None,21010.35
13683,Failure,Severe,48398.12
14660,Failure,Severe,25759.06
13933,Ongoing,Severe,3178.3
3514,Success,Mild,14489.77
2648,Ongoing,Mild,15193.39
5741,Ongoing,Mild,46492.66
519,Success,Severe,29116.31
3411,Ongoing,None,29273.33
13693,Ongoing,Mild,36631.81
6246,Success,None,35437.94
14218,Ongoing,Severe,30874.98
10428,Ongoing,None,6571.88
394,Ongoing,None,26787.24
12906,Failure,Mild,18484.31
532,Ongoing,None,3419.58
96,Ongoing,Mild,45036.87
12104,Success,Mild,43087.31
7553,Failure,Mild,36653.09
14056,Failure,Severe,23322.21
5831,Success,None,4412.55
11691,Failure,Mild,41838.85
7162,Ongoing,Mild,39067.13
3095,Ongoing,None,4490.76
7069,Failure,Severe,38767.62
12397,Ongoing,Mild,11017.09
9622,Success,Mild,11469.13
13283,Success,Severe,40776.4
14309,Failure,None,3139.84
2282,Ongoing,Severe,37649.26
3805,Success,Severe,1256.76
13153,Success,Mild,4983.76
6920,Ongoing,Mild,13941.42
3031,Ongoing,Mild,47010.57
14337,Failure,None,38928.46
8772,Success,Mild,24484.42
6190,Ongoing,Mild,21286.87
5974,Failure,Severe,24251.89
6030,Ongoing,Mild,38089.42
1542,Success,Mild,42704.01
2775,Success,None,10291.19
12406,Failure,None,33027.27
987,Success,None,9225.03
2280,Failure,None,30173.41
5358,Success,None,32433.15
11558,Ongoing,Mild,42936.83
2112,Failure,None,6494.85
14887,Success,Severe,42941.48
12368,Success,Mild,31896.02
14380,Failure,Severe,46402.29
14136,Ongoing,Severe,34932.95
1391,Ongoing,Mild,49579.07
4510,Failure,Severe,14189.86
7424,Failure,Severe,22316.88
9210,Failure,Severe,37943.19
2057,Success,Mild,23158.15
7760,Success,Severe,17520.31
1525,Success,None,37363.66
9982,Success,None,31053.43
11106,Failure,Mild,13418.44
4719,Ongoing,Mild,37776.03
6844,Failure,Mild,39644.57
7953,Ongoing,Mild,19174.77
7628,Ongoing,Severe,21468.29
5192,Ongoing,Severe,46708.85
13654,Success,Severe,24107.28
5913,Failure,Severe,43542.95
3467,Failure,None,37867.54
6666,Ongoing,Severe,46431.49
12910,Failure,Mild,23421.19
12129,Ongoing,Severe,5304.36
3421,Success,Severe,14901.2
11393,Failure,Mild,43181.97
8198,Ongoing,Severe,40839.06
9815,Success,None,15375.15
11591,Failure,Severe,16669.84
13253,Success,Mild,3358.26
6096,Failure,Mild,11716.23
11771,Ongoing,None,41860.08
12101,Failure,Severe,3027.38
13813,Failure,None,35683.46
3863,Ongoing,Mild,31584.99
2736,Ongoing,Severe,22868.91
1568,Success,Mild,31953.45
7336,Failure,None,7089.31
10968,Success,Severe,8147.57
7650,Ongoing,Severe,11890.64
35,Success,Mild,21401.37
8763,Failure,Severe,21560.82
8606,Success,Mild,49501.91
14567,Success,None,4023.65
7747,Success,None,30065.99
2668,Failure,None,8615.6
6777,Failure,Mild,27651.78
329,Ongoing,None,9590.61
13236,Ongoing,Severe,17313.43
14371,Success,Severe,1848.25
10637,Ongoing,Severe,29043.56
5167,Success,None,25093.79
1513,Failure,None,32959.68
7698,Success,Severe,32315.02
4522,Ongoing,Mild,13994.11
11507,Success,Severe,48119.28
14772,Success,Mild,23517.97
4549,Failure,Mild,2427.52
7722,Ongoing,Severe,4574.65
10213,Ongoing,None,30768.44
6037,Failure,None,30628.46
8882,Success,Mild,13547.09
8315,Success,Mild,39153.31
13249,Failure,Severe,40769.65
7320,Ongoing,None,48352.47
6897,Success,Severe,37667.68
12605,Ongoing,Severe,11344.2
14305,Failure,Severe,38499.47
9160,Failure,Mild,15811.78
10566,Success,None,18759.36
462,Ongoing,Mild,38465.59
10933,Failure,Mild,10874.85
9407,Ongoing,Severe,48652.3
430,Ongoing,Mild,3558.67
11257,Success,None,12190.13
6533,Success,None,22282.35
12670,Success,Mild,6723.25
8618,Success,Mild,12913.61
9630,Failure,Severe,22564.82
5471,Ongoing,Mild,42025.29
12563,Ongoing,None,7426.19
2340,Ongoing,Severe,9439.2
370,Failure,Severe,23515.07
10168,Ongoing,Severe,23954.59
13019,Success,None,8624.27
14492,Failure,Mild,11124.09
3876,Failure,Mild,5318.67
14133,Success,None,13094.46
578,Ongoing,None,48799.57
2416,Failure,Mild,29721.79
2977,Ongoing,Mild,3939.01
10769,Failure,None,6685.84
11675,Failure,Severe,33672.18
11828,Failure,Severe,49598.16
2598,Success,Mild,25600.33
10467,Success,Mild,38871.55
13550,Success,Mild,11630.46
3199,Ongoing,Mild,31812.58
876,Ongoing,None,47870.31
13570,Success,Mild,32525.26
2521,Success,None,24525.95
3015,Success,Mild,11194.62
681,Success,None,23560.97
3906,Ongoing,Mild,46435.21
9786,Success,None,13704.54
8409,Failure,Severe,19859.62
4183,Ongoing,Severe,1123.99
9842,Ongoing,Severe,12866.21
2440,Success,None,16582.89
352,Ongoing,Severe,17882.08
1159,Ongoing,Severe,31805.8
2601,Failure,Severe,21336.39
14642,Success,Severe,42849.57
11881,Failure,Severe,44608.53
4020,Failure,None,17403.12
10191,Ongoing,Mild,28209.44
9036,Failure,Mild,36545.74
3214,Failure,Mild,35902.68
5931,Ongoing,Severe,44671.79
1110,Failure,Mild,1875.61
7240,Failure,Severe,42244.79
2107,Failure,Mild,39946.93
9202,Failure,Severe,16974.29
4217,Ongoing,None,36922.52
2156,Failure,Severe,31809.36
3935,Success,Severe,28303.09
6041,Success,Severe,20384.24
3113,Success,Mild,41627.39
10340,Success,None,2374.28
2635,Success,None,7491.02
6069,Failure,Mild,8659.35
3189,Failure,Severe,30291.4
10534,Success,None,17069.36
11181,Success,Severe,3121.61
7406,Ongoing,Severe,37285.41
11353,Failure,None,30461.36
1678,Success,Mild,28867.45
7485,Ongoing,Mild,17120.58
12850,Ongoing,None,27327.11
2473,Success,Severe,48914.35
1074,Success,None,17587.07
1796,Success,Mild,35560.84
1646,Success,Mild,17385.9
11357,Success,Mild,26731.09
4058,Failure,Severe,8660.41
11097,Failure,Mild,18059.37
12099,Failure,Severe,27243.85
3551,Failure,Severe,24585.74
1516,Success,Mild,42760.27
3941,Failure,Severe,23019.51
14171,Success,Severe,48606.03
14465,Ongoing,Severe,31196.58
14270,Ongoing,Severe,42152.21
6665,Ongoing,Severe,22763.32
7955,Failure,None,34900.84
286,Success,None,39225.36
789,Success,Mild,49309.35
4236,Failure,Mild,1686.6
10213,Ongoing,None,3111.07
6408,Ongoing,Severe,24554.06
9992,Ongoing,Mild,14529.62
8265,Success,Mild,21705.07
6087,Ongoing,Mild,37375.24
1145,Ongoing,None,20795.78
14237,Ongoing,Severe,1719.65
11226,Success,Mild,5563.01
4648,Success,Mild,42949.3
11148,Success,Severe,43155.08
6253,Ongoing,Severe,42926.71
10896,Failure,Mild,6404.04
13110,Failure,Severe,17449.4
11914,Failure,Mild,2900.89
3068,Failure,None,22692.68
8016,Success,None,28594.49
11501,Success,Mild,5888.88
12686,Ongoing,Severe,38887.56
1534,Ongoing,None,31200.77
9409,Success,Mild,39064.8
3175,Ongoing,Mild,11060.2
13690,Success,None,23744.11
14077,Ongoing,Severe,30308.85
14865,Ongoing,None,42373.22
11413,Success,Mild,35805.21
5316,Success,Severe,34793.0
12149,Failure,Severe,3627.84
11653,Success,Severe,34438.35
7475,Failure,None,6308.0
8659,Success,Mild,24462.56
10482,Ongoing,Severe,39840.97
13961,Ongoing,Mild,19967.18
4159,Ongoing,None,27156.31
4654,Ongoing,Mild,8147.7
12847,Success,Severe,32498.28
5147,Ongoing,Mild,43157.45
8636,Ongoing,Severe,23043.81
2775,Ongoing,None,34476.08
1606,Success,None,3066.71
9779,Ongoing,Mild,2188.56
4695,Success,None,37380.66
8304,Success,None,12598.06
5314,Ongoing,Mild,16158.7
7830,Ongoing,Severe,11452.33
11144,Success,Severe,30984.09
10804,Success,Severe,34961.83
4410,Success,Mild,37126.7
9805,Success,Severe,27573.07
14539,Success,None,12700.7
2311,Success,None,7564.18
14214,Ongoing,Mild,6562.11
8469,Ongoing,None,40397.01
10755,Success,Mild,1486.29
13276,Failure,None,20882.36
477,Failure,Severe,8563.71
3311,Success,Mild,6620.56
12556,Failure,Mild,20217.71
4034,Success,None,34015.04
6510,Ongoing,Severe,7970.73
14822,Failure,None,28304.05
11108,Ongoing,Severe,4689.53
4291,Success,Severe,24652.87
9361,Ongoing,None,9884.09
4943,Ongoing,None,9918.59
357,Failure,None,35183.07
7283,Success,None,42134.65
14662,Ongoing,Severe,35964.85
112,Failure,Severe,33537.95
2962,Success,None,7348.86
3571,Failure,Mild,4400.11
10606,Ongoing,None,25312.98
2275,Success,Severe,11819.24
6574,Success,None,20960.04
7328,Success,Severe,23661.05
2334,Success,None,25502.23
7007,Failure,Mild,27925.0
3067,Failure,Mild,38853.03
7453,Success,None,43750.54
2303,Failure,Severe,13823.11
2140,Success,Severe,38520.81
4575,Failure,Mild,2519.38
6616,Failure,None,28143.15
3948,Success,Mild,41205.56
2586,Failure,Severe,2502.44
10292,Ongoing,Severe,10757.17
13405,Ongoing,None,21643.13
14086,Success,Severe,35464.37
3511,Ongoing,None,1626.98
14982,Success,None,37956.69
7783,Ongoing,Mild,41906.42
662,Ongoing,Mild,11793.2
3630,Success,None,21084.5
10256,Success,Mild,47207.26
7987,Success,None,43215.29
6354,Success,None,23118.61
1676,Failure,None,28087.28
6944,Ongoing,None,27475.27
4504,Success,Mild,3277.33
5188,Failure,None,2431.9
14616,Success,Severe,19643.88
10070,Failure,None,29292.01
12509,Success,Severe,20825.22
12075,Ongoing,Severe,13978.68
5279,Failure,Mild,7063.97
10701,Success,Mild,43335.63
191,Success,None,48544.55
10251,Success,None,2674.28
6190,Failure,Mild,22400.96
9517,Failure,Mild,43882.34
14145,Success,Severe,19205.26
6931,Failure,None,4765.47
3169,Success,None,29548.52
7723,Success,Mild,13419.53
7213,Success,None,19686.67
866,Success,Severe,10446.57
8375,Success,Mild,40071.95
14230,Failure,Mild,31884.82
13035,Success,Severe,11216.43
14588,Ongoing,Severe,23775.15
12535,Ongoing,Severe,6074.34
3594,Failure,None,34631.35
14321,Failure,Severe,10745.06
9227,Ongoing,None,21919.36
11391,Ongoing,Mild,41451.57
5652,Success,None,8273.81
3532,Ongoing,Severe,18329.05
14501,Success,Mild,33484.34
14231,Ongoing,Severe,27459.84
7479,Failure,Severe,23619.27
7885,Success,Severe,38135.6
10205,Failure,None,14033.11
2996,Ongoing,None,37640.1
5033,Success,Mild,48291.24
8438,Ongoing,Mild,5737.95
3151,Success,Severe,43209.9
3960,Ongoing,Mild,47361.59
3427,Success,Severe,5836.11
714,Failure,Severe,37293.57
8871,Ongoing,Mild,13872.55
10182,Failure,Severe,14437.49
2480,Ongoing,Mild,40433.94
4384,Success,Mild,5404.75
4076,Ongoing,Mild,33930.78
5733,Failure,Severe,19573.44
3150,Failure,Severe,34805.35
2758,Ongoing,Severe,24626.09
3833,Failure,None,42425.65
6362,Ongoing,None,38022.73
3927,Failure,None,40071.32
10645,Failure,None,29656.12
13128,Failure,None,9963.67
203,Success,None,35811.75
4347,Failure,Severe,28291.71
11817,Failure,None,41009.31
4000,Success,Mild,16038.3
9942,Failure,Severe,3089.86
6179,Ongoing,Severe,40467.13
11454,Failure,Mild,47433.4
9493,Failure,Mild,29205.28
9443,Success,Mild,2917.13
4565,Failure,Severe,35483.68
9627,Failure,Severe,12984.38
5409,Ongoing,Severe,17040.3
12137,Ongoing,Mild,2421.49
5100,Failure,Mild,27205.84
2285,Ongoing,Severe,31298.53
3814,Failure,None,17549.45
9264,Success,Mild,17916.41
11300,Success,Severe,18371.39
1182,Success,Mild,15757.22
12550,Ongoing,None,35386.5
14687,Success,Severe,8400.15
14284,Failure,None,47183.48
9426,Success,None,16364.93
4910,Ongoing,Severe,36930.48
2069,Success,Mild,12043.56
9509,Failure,Mild,39095.36
1720,Failure,Severe,12616.08
354,Ongoing,Severe,17538.85
12545,Success,Severe,5814.18
7490,Success,None,39251.62
7828,Failure,Severe,30176.76
5583,Success,Severe,3991.13
2028,Failure,None,8540.21
6172,Success,Severe,33990.97
9890,Failure,Mild,30984.15
12783,Ongoing,Mild,24709.52
10701,Failure,None,44362.57
3571,Failure,None,26709.33
4978,Ongoing,Mild,24854.65
835,Success,Severe,19546.95
5879,Ongoing,None,13876.15
6573,Success,Severe,36226.82
7525,Failure,Mild,17725.71
14131,Success,Mild,44917.8
8309,Failure,Mild,22543.84
5492,Failure,Severe,33345.62
13220,Failure,Mild,30255.23
596,Failure,Mild,15655.8
11351,Failure,None,19495.87
8012,Success,Severe,34744.16
12176,Success,None,16461.95
12443,Failure,Severe,19236.76
8007,Failure,Severe,21935.39
6696,Failure,Mild,40092.14
7082,Ongoing,Severe,39881.41
766,Ongoing,None,43163.66
4969,Failure,Mild,48293.48
4408,Failure,None,38734.34
9375,Ongoing,Mild,35769.04
7328,Failure,Mild,38965.49
6614,Failure,None,36428.35
12420,Success,None,18351.45
9910,Success,Mild,18804.28
9027,Success,Severe,39284.44
2694,Success,Severe,27406.49
14904,Success,Mild,37232.18
9322,Ongoing,None,48044.91
4180,Failure,Mild,5092.69
3069,Ongoing,Mild,42756.24
8918,Success,Severe,15401.54
6783,Failure,Mild,19714.11
447,Ongoing,Mild,44221.67
4037,Ongoing,Mild,25447.38
8626,Ongoing,Mild,18923.21
882,Ongoing,None,38802.12
8982,Ongoing,Severe,47631.96
10628,Success,None,25758.59
13429,Failure,Mild,32739.1
236,Ongoing,None,40292.02
819,Success,Severe,43888.05
5262,Failure,Mild,44137.99
4014,Success,Severe,21906.62
5914,Success,Severe,12693.28
10676,Failure,None,14075.33
7568,Ongoing,None,15728.01
4075,Success,Severe,45081.91
7591,Failure,Mild,29418.18
7926,Ongoing,Mild,44640.46
13514,Failure,Severe,21724.89
14929,Failure,Mild,41933.27
12844,Failure,Mild,44736.35
5325,Ongoing,None,21157.27
14579,Ongoing,Severe,3206.59
354,Success,None,13586.24
3685,Failure,None,30795.14
6498,Failure,Severe,33885.37
13049,Ongoing,Severe,23280.41
11998,Failure,Severe,48252.57
8780,Failure,None,39537.25
734,Success,None,35441.16
7961,Success,Severe,3374.01
126,Failure,None,34414.92
5803,Success,None,45656.79
14971,Ongoing,Mild,31095.89
14680,Success,Mild,39601.03
7675,Failure,Severe,25070.72
419,Success,Severe,27747.19
3430,Failure,Mild,1097.05
6224,Failure,Severe,22047.33
9644,Failure,Mild,8051.35
451,Failure,Mild,48550.75
5762,Ongoing,None,5824.61
8151,Success,Severe,4213.27
4708,Success,None,33184.13
14715,Success,Severe,11636.24
13949,Success,Severe,35863.4
4818,Ongoing,None,32703.52
13709,Ongoing,Mild,2173.54
9781,Ongoing,Severe,25851.12
8537,Success,Mild,38497.92
13905,Ongoing,Severe,24082.08
5077,Ongoing,Severe,35523.86
13784,Success,Severe,49310.77
10700,Success,Severe,41683.16
4112,Failure,Mild,20830.56
6734,Success,None,9466.98
7797,Success,Severe,25199.29
6828,Ongoing,Mild,26044.35
11734,Failure,Severe,12997.11
6576,Ongoing,Severe,28445.65
13965,Success,Mild,12063.27
6972,Ongoing,None,27987.01
10270,Ongoing,Severe,48410.52
8507,Success,None,19010.59
7181,Ongoing,Mild,20933.16
6127,Ongoing,Severe,21461.53
790,Ongoing,None,29730.58
2454,Ongoing,Severe,37478.3
4972,Success,Severe,34742.11
8262,Success,Mild,24706.95
9065,Success,Severe,25681.19
13257,Ongoing,Mild,45267.26
6707,Failure,Severe,6993.8
9214,Failure,Mild,8937.2
3493,Success,Severe,3453.49
12710,Failure,Mild,47417.23
4853,Failure,Severe,37945.84
1963,Failure,None,13318.46
10827,Failure,None,23877.04
2510,Failure,Mild,43351.1
4550,Failure,None,37000.31
169,Failure,Severe,10039.8
4196,Ongoing,Mild,45437.76
12249,Ongoing,Severe,32907.39
14896,Ongoing,None,31695.58
8492,Success,Mild,44882.27
13632,Ongoing,Mild,21586.04
13890,Failure,None,29006.26
11601,Ongoing,Severe,32211.46
12970,Failure,Severe,21679.68
2348,Ongoing,Severe,39440.38
13393,Failure,Mild,16577.88
7239,Failure,None,12438.01
14345,Ongoing,Severe,24674.64
4106,Failure,Severe,45062.62
6771,Success,Severe,31367.85
1639,Failure,Severe,47150.79
12531,Failure,Severe,26308.83
6416,Failure,Mild,44782.23
8144,Success,None,47738.38
7973,Success,None,34328.56
2951,Success,None,22210.8
9028,Ongoing,Mild,23370.87
5229,Success,Mild,5743.51
4568,Success,Severe,6496.14
14240,Ongoing,None,4551.66
5622,Failure,Severe,36402.81
6218,Ongoing,Mild,34304.09
5202,Success,Mild,1734.67
5374,Success,Severe,38649.94
13843,Success,None,11706.96
1813,Success,None,17614.66
8636,Ongoing,Mild,34368.09
14410,Failure,Mild,6049.85
14031,Ongoing,None,39264.35
9346,Ongoing,Severe,6088.92
651,Ongoing,Severe,14910.56
9025,Ongoing,Severe,13365.54
966,Failure,Mild,45076.96
4497,Failure,None,28357.25
12331,Failure,None,8029.19
579,Failure,Mild,32222.46
2030,Ongoing,Severe,20352.76
795,Failure,Severe,15629.35
10913,Failure,None,19711.8
13660,Failure,Mild,28483.66
7704,Ongoing,Severe,46247.79
3475,Failure,Mild,32013.82
13601,Success,Mild,21415.54
11449,Success,Severe,40050.93
6529,Ongoing,None,9994.08
1855,Failure,None,21735.8
472,Failure,Severe,13361.86
972,Failure,Severe,14246.29
9923,Success,Mild,23090.62
849,Failure,Severe,10796.88
9181,Ongoing,None,28724.93
2672,Success,Mild,25936.11
6488,Success,Mild,2836.55
8967,Ongoing,None,40242.81
2225,Ongoing,Mild,38946.76
8298,Success,Severe,32591.56
7024,Success,None,8819.49
3302,Ongoing,None,39758.38
11198,Ongoing,Severe,16055.57
4852,Ongoing,Mild,9246.24
2042,Failure,Severe,23551.76
2606,Failure,Severe,8945.78
6780,Success,Mild,45339.5
8235,Ongoing,Severe,25129.8
7214,Success,None,8699.95
14183,Success,Mild,5634.44
4013,Failure,None,25118.2
7927,Ongoing,Severe,6509.57
12930,Success,Mild,19451.31
12930,Ongoing,None,38344.73
12971,Ongoing,Severe,19599.53
5332,Success,None,24313.53
5719,Success,None,41213.3
10201,Ongoing,None,24772.14
12436,Failure,None,19524.72
470,Ongoing,None,18905.22
8669,Success,Severe,48135.07
6228,Success,None,48590.7
1881,Success,Mild,8897.23
11635,Success,Severe,33811.12
9128,Failure,None,44720.34
8929,Ongoing,Severe,43132.56
6951,Ongoing,Severe,11690.23
8933,Ongoing,Mild,27087.11
2812,Failure,Severe,8814.97
6720,Ongoing,None,11522.25
12793,Success,None,1835.88
14195,Success,Mild,18271.38
14314,Success,Severe,29019.99
5501,Failure,None,2767.79
4998,Ongoing,Severe,10914.84
13059,Success,Severe,35988.66
7482,Success,None,29064.8
12517,Failure,Mild,43993.74
8408,Ongoing,Mild,24365.74
9102,Success,Severe,31251.86
14004,Failure,Severe,27721.1
11258,Ongoing,None,11732.23
8251,Ongoing,None,33151.71
1587,Ongoing,None,1650.65
3031,Failure,Severe,17730.51
14683,Failure,Mild,41752.02
9825,Failure,Mild,30955.51
2287,Success,None,17164.89
3291,Success,None,1433.4
13072,Success,None,21477.02
11311,Failure,Mild,19755.04
7349,Ongoing,None,1246.46
3315,Failure,Severe,16631.27
223,Ongoing,Severe,14844.43
1491,Success,Severe,3168.64
1101,Failure,Severe,22230.31
1490,Failure,Severe,3414.29
8829,Ongoing,None,9579.51
6067,Failure,Severe,30039.69
1107,Ongoing,Mild,27892.1
7473,Failure,Severe,3740.62
13264,Failure,None,38340.66
9289,Success,Mild,43682.08
7122,Ongoing,Mild,3597.14
9378,Ongoing,Severe,10165.6
14265,Success,None,36633.08
8192,Success,Severe,38368.97
8174,Ongoing,Mild,22181.0
10836,Failure,Severe,18632.56
3940,Ongoing,Mild,8691.33
3966,Ongoing,Mild,15917.13
13489,Ongoing,None,17938.74
14869,Failure,Mild,4164.15
8115,Failure,None,17790.37
12380,Ongoing,Severe,31598.43
2280,Success,Mild,38237.2
10364,Ongoing,Mild,27089.06
13489,Success,Mild,16996.87
13217,Ongoing,Severe,38944.39
5786,Ongoing,None,49181.22
8551,Success,Severe,35747.16
6134,Ongoing,Mild,46010.8
10991,Success,Severe,27407.94
1136,Success,Severe,38248.35
1983,Success,Mild,5301.83
1250,Success,Mild,40260.09
12786,Ongoing,Severe,37147.7
4543,Ongoing,Severe,48235.0
4392,Ongoing,None,1269.2
10560,Ongoing,None,14683.01
6001,Failure,Severe,22936.09
10657,Failure,None,47687.08
2805,Success,Mild,3175.08
7012,Ongoing,Mild,7143.36
14928,Failure,None,29610.4
13880,Success,Mild,27340.28
12656,Failure,None,21387.11
2629,Success,Severe,11305.75
2530,Success,None,43972.05
7223,Success,Severe,25968.12
2506,Success,None,44167.88
3688,Success,Mild,11016.74
1578,Ongoing,None,29513.45
8845,Failure,Severe,2108.93
3275,Ongoing,Mild,35816.04
6565,Failure,Severe,44182.76
6833,Ongoing,Mild,28482.35
3551,Success,Mild,42974.67
6779,Success,Severe,7112.85
11958,Ongoing,None,39285.18
10064,Ongoing,None,44378.97
14181,Failure,Severe,45106.2
7874,Ongoing,None,23901.94
6737,Success,Mild,3070.31
8439,Success,Mild,16631.66
5616,Ongoing,Mild,19705.88
1837,Success,None,48306.01
5833,Ongoing,None,47602.79
8078,Ongoing,None,16690.9
6955,Ongoing,Severe,31378.18
14016,Ongoing,Mild,13969.52
6215,Ongoing,Mild,10913.33
3343,Success,None,11217.65
12192,Ongoing,Mild,34281.21
1838,Ongoing,Mild,15280.76
1802,Success,None,41619.66
5094,Failure,None,34771.17
9812,Success,Severe,5022.44
2373,Failure,None,27730.13
14508,Failure,None,35399.55
11625,Failure,Severe,37073.07
8331,Failure,None,22568.6
4722,Ongoing,None,14415.55
7505,Success,Severe,28327.79
6039,Failure,None,46072.05
1970,Failure,Mild,24936.67
11423,Success,None,43519.7
4089,Failure,Mild,48235.86
4262,Ongoing,None,24124.17
10833,Success,None,4487.4
3160,Failure,Severe,24886.08
1734,Failure,Severe,7776.39
4635,Success,None,10161.67
2376,Success,None,33822.76
5487,Failure,Severe,8393.25
4684,Success,None,8553.07
5042,Success,None,21184.45
9505,Ongoing,None,4061.24
7478,Ongoing,Mild,37475.86
4799,Ongoing,Mild,48564.19
14695,Failure,Severe,11546.31
7436,Failure,Severe,39082.86
5735,Failure,None,45226.52
9746,Ongoing,Mild,33566.27
1057,Ongoing,Severe,33103.53
186,Failure,Mild,31632.21
5474,Ongoing,None,22927.54
3684,Ongoing,Mild,27232.09
1222,Success,Mild,3591.89
722,Ongoing,Severe,40915.54
6023,Success,Severe,34439.78
11133,Success,Severe,48353.57
8105,Failure,Severe,22953.66
1629,Failure,None,10431.69
3905,Ongoing,None,31318.43
3573,Failure,None,12312.08
2214,Failure,Mild,21914.67
12580,Success,None,38164.28
11023,Success,None,45035.01
13239,Ongoing,Mild,46560.64
7380,Ongoing,Severe,26102.81
5586,Failure,None,6012.08
5693,Success,None,22959.48
6113,Success,None,40735.09
6754,Failure,Severe,39879.23
7722,Failure,Severe,42981.18
7737,Ongoing,Mild,29804.44
3468,Failure,Severe,24655.63
4357,Success,Mild,41559.28
8681,Failure,Severe,8468.61
10314,Failure,None,22992.76
3849,Success,None,20680.95
10864,Success,Mild,24871.77
13406,Ongoing,Severe,29618.53
8965,Ongoing,Mild,21317.75
2170,Success,None,45818.51
9545,Failure,Mild,42735.07
6085,Failure,None,12869.0
2161,Failure,None,44438.34
6754,Ongoing,Severe,17092.19
1497,Failure,None,47916.97
7883,Failure,None,41103.24
10002,Success,None,48767.86
2990,Ongoing,Severe,22156.14
3785,Ongoing,None,46450.87
3696,Ongoing,None,36055.01
4003,Failure,Mild,1431.84
13748,Success,Mild,30785.37
849,Failure,None,49557.97
4002,Failure,Severe,40579.68
1118,Failure,Mild,16981.26
1600,Ongoing,None,17462.22
6932,Ongoing,Mild,19668.87
1899,Success,Mild,4563.89
7311,Failure,None,36547.76
9312,Failure,Mild,17038.0
1226,Failure,Severe,20586.28
6921,Success,Mild,10618.68
4959,Success,Mild,16272.65
1935,Ongoing,Mild,16644.7
5850,Failure,None,12237.71
6398,Success,None,10703.96
14829,Failure,Mild,35158.89
10230,Ongoing,None,8307.96
7078,Success,Mild,19731.19
14043,Failure,None,6288.24
5672,Ongoing,Severe,49035.28
10043,Success,Mild,30318.88
8522,Failure,Mild,15734.93
8673,Success,Severe,24313.11
13444,Ongoing,Severe,12412.77
3185,Failure,Severe,11067.13
937,Failure,Mild,4523.16
12789,Success,None,47560.31
12116,Success,None,41951.8
5110,Success,Severe,19188.96
12116,Success,Severe,26351.3
7978,Failure,Severe,37899.5
5985,Success,Mild,27104.76
13773,Ongoing,None,24066.47
5304,Failure,None,10720.81
11356,Ongoing,None,3486.01
9537,Failure,None,30000.31
12057,Success,None,29842.29
12121,Ongoing,None,45974.09
10065,Success,None,14825.03
8621,Ongoing,None,12780.31
12922,Ongoing,None,47909.95
11824,Success,Mild,30368.83
7864,Ongoing,Mild,26752.01
1508,Success,Severe,24335.41
4046,Ongoing,Severe,16146.43
11191,Ongoing,Mild,26455.88
12219,Success,None,39895.5
14511,Success,None,20316.44
12040,Success,Severe,19596.94
10484,Ongoing,None,27641.91
11941,Success,Mild,36715.34
5341,Ongoing,Severe,15788.5
14300,Ongoing,Mild,43823.94
6002,Failure,None,29370.75
4883,Failure,Severe,36633.78
9201,Failure,None,27605.99
5611,Success,Mild,4985.32
14557,Ongoing,Mild,32072.57
10179,Failure,Severe,29320.31
12115,Ongoing,Mild,42225.71
1567,Failure,Severe,47169.5
9187,Success,Severe,45019.04
14954,Success,None,2489.27
8126,Ongoing,Mild,42886.88
8146,Success,Mild,6490.71
10621,Ongoing,Severe,42834.8
9769,Success,Severe,7989.13
1812,Success,Mild,6043.36
1996,Failure,Mild,29464.05
10090,Ongoing,None,37036.21
2062,Ongoing,Mild,12353.71
13013,Success,Mild,21689.2
11217,Failure,Severe,29321.2
2823,Success,None,33958.82
3016,Ongoing,None,17349.66
3413,Failure,Severe,45106.53
14637,Success,Severe,22666.78
3630,Failure,Severe,30970.76
2397,Ongoing,Mild,3079.14
5644,Failure,Severe,36480.16
8931,Ongoing,Severe,33683.13
7962,Ongoing,Mild,34811.03
889,Failure,None,9702.62
9177,Success,None,8972.77
2850,Success,None,41809.69
892,Failure,Mild,26073.83
14442,Ongoing,Severe,15750.81
12770,Success,Severe,47405.02
12344,Failure,Severe,13274.88
4140,Failure,Mild,39536.88
5356,Failure,Mild,6655.68
4856,Ongoing,Mild,5517.57
12425,Success,Severe,15006.89
7934,Failure,Mild,6285.12
4545,Success,Severe,28808.69
3244,Failure,Severe,16332.72
13577,Success,Severe,40014.33
12850,Failure,Severe,30922.9
14080,Success,None,46995.92
6010,Ongoing,Severe,29739.1
5694,Failure,Severe,25960.65
13277,Success,Mild,40918.07
3104,Ongoing,Mild,21140.5
12803,Success,Severe,31018.6
600,Ongoing,Mild,39891.31
14307,Ongoing,Severe,24843.48
3946,Failure,None,24077.22
11264,Success,None,26862.7
2850,Ongoing,Mild,28073.89
903,Failure,Mild,2804.06
9634,Failure,Mild,34512.29
9443,Success,None,21856.36
11137,Ongoing,None,19120.56
11822,Failure,None,46151.16
4553,Success,Mild,23222.08
6355,Success,Severe,40690.24
6154,Ongoing,None,31719.93
14487,Failure,Mild,29948.75
11548,Failure,Severe,8393.45
8991,Ongoing,None,3004.95
14290,Failure,Severe,23426.1
13466,Failure,Severe,47145.78
1238,Failure,None,7967.89
4711,Ongoing,Severe,2900.56
6665,Failure,Severe,43034.21
14851,Failure,None,39671.59
11963,Failure,Severe,8595.12
14938,Success,Severe,33194.99
6092,Failure,Severe,47442.95
6081,Ongoing,None,2926.73
14056,Success,Mild,42343.84
7399,Failure,None,41890.82
1386,Success,None,44970.15
3462,Ongoing,Severe,31831.84
13389,Success,Severe,17693.28
2626,Failure,Mild,22386.49
1559,Failure,None,49071.81
618,Failure,None,4291.76
2197,Ongoing,Severe,16002.23
2622,Failure,Mild,7503.7
9716,Failure,None,12760.73
11432,Ongoing,None,37214.74
10183,Failure,Severe,6926.14
14052,Success,None,38039.92
10873,Ongoing,Severe,22584.87
4599,Failure,Severe,3921.93
5590,Success,Severe,5006.18
3708,Ongoing,None,26323.13
4469,Ongoing,Mild,22541.58
5559,Failure,Severe,1371.41
3300,Failure,None,4616.34
10232,Failure,None,40868.72
7393,Success,Mild,32681.8
7267,Success,Severe,26297.57
12004,Ongoing,Mild,11207.21
4221,Failure,None,4718.26
6506,Ongoing,Mild,30117.32
6261,Ongoing,Severe,38412.54
333,Ongoing,Severe,18133.38
5077,Ongoing,None,23143.39
8973,Success,None,2158.74
11793,Ongoing,Mild,12623.71
4982,Failure,Mild,21213.44
12586,Success,None,2241.0
3897,Success,None,20351.81
1199,Ongoing,Mild,32721.87
1171,Ongoing,None,14246.77
5028,Ongoing,Mild,5167.83
926,Ongoing,None,23545.02
14449,Success,Severe,26422.02
3578,Ongoing,Severe,19791.4
13677,Failure,None,12661.97
410,Failure,Mild,9220.44
9937,Success,None,26508.99
8998,Success,Mild,49827.23
9124,Success,None,21755.59
11156,Failure,Severe,43181.76
5737,Success,Severe,33928.79
5152,Ongoing,Severe,16167.13
7156,Ongoing,Severe,15630.3
10159,Ongoing,Mild,36744.88
5594,Ongoing,Severe,38933.5
14646,Failure,None,48491.86
13081,Success,Severe,37752.25
2973,Ongoing,None,39045.41
10149,Failure,None,39887.17
8294,Success,Severe,33221.6
4609,Ongoing,Mild,48047.26
4126,Failure,Mild,4039.54
14971,Failure,Mild,9545.46
3476,Failure,Severe,31970.16
10289,Success,Mild,47843.4
13987,Ongoing,None,29342.94
4638,Success,Severe,35270.24
7066,Ongoing,Mild,28383.38
1261,Ongoing,None,18875.48
2433,Success,Severe,47835.46
11291,Success,Severe,49824.76
8325,Success,None,11637.7
4888,Ongoing,Mild,35489.14
5616,Success,Severe,44728.67
6178,Failure,None,41980.59
1008,Failure,None,31007.1
6052,Success,Mild,7801.43
7491,Success,None,35632.01
3498,Failure,Severe,34545.6
14814,Ongoing,None,1820.31
11587,Success,Severe,42021.42
14597,Failure,None,38864.06
4918,Failure,Mild,49774.29
129,Ongoing,None,46792.93
13448,Failure,Mild,3896.16
4031,Ongoing,None,36717.51
4051,Success,None,11308.79
1872,Ongoing,Mild,19598.55
3470,Ongoing,None,26359.11
13270,Ongoing,Mild,4724.22
6866,Success,None,28117.33
10072,Ongoing,Severe,2096.55
3710,Ongoing,Mild,30646.21
9787,Failure,None,19108.99
1127,Ongoing,Severe,24828.59
9324,Success,Severe,38782.02
11771,Ongoing,Mild,23207.63
2578,Ongoing,Severe,29316.61
11567,Failure,Severe,47593.73
12134,Failure,Severe,19278.79
6409,Failure,Mild,17639.66
2625,Success,Mild,17086.5
9019,Ongoing,Mild,8120.53
2108,Success,Mild,41912.05
2219,Success,Severe,14332.31
14529,Success,Mild,9579.67
14225,Success,Severe,26012.42
3434,Failure,Severe,19589.95
3048,Ongoing,Severe,11945.79
9448,Success,Mild,10777.31
3557,Failure,Severe,22957.58
5378,Failure,Mild,25322.05
7091,Success,Severe,27538.53
3193,Failure,Mild,35809.9
5551,Success,None,17665.01
8807,Failure,Mild,20932.76
6863,Success,Severe,23499.73
11877,Ongoing,Severe,40265.42
3979,Ongoing,None,11869.01
2552,Ongoing,None,39054.95
14696,Failure,Severe,23159.13
5578,Ongoing,Mild,46213.4
4855,Ongoing,Severe,29049.47
6540,Success,Mild,24296.77
10080,Success,Mild,29655.45
1049,Success,Severe,14339.84
8468,Ongoing,Mild,17626.14
13105,Failure,Mild,38585.98
289,Ongoing,Severe,29139.49
1961,Ongoing,None,9063.3
2043,Success,Severe,37182.6
11518,Ongoing,Severe,22536.94
1853,Success,None,9371.34
11296,Success,None,7823.32
201,Failure,Severe,28097.05
11618,Success,Severe,40007.8
3937,Failure,None,11158.86
6149,Failure,Mild,41675.6
13573,Failure,Severe,8915.89
4685,Success,Severe,1274.62
14643,Ongoing,Severe,17139.7
13426,Failure,None,27511.12
2903,Success,Mild,1538.15
1431,Failure,Severe,1533.5
12359,Failure,Mild,28422.42
7814,Success,None,11910.12
10677,Ongoing,Severe,14892.51
8492,Failure,Severe,2331.01
8307,Ongoing,Severe,33017.54
4126,Failure,None,16436.24
6982,Ongoing,None,19376.71
4577,Ongoing,Severe,7233.42
12472,Failure,Severe,36189.74
10107,Ongoing,Mild,14399.52
10299,Failure,None,47580.8
3454,Success,Severe,39985.04
10093,Failure,Mild,41741.09
11510,Success,None,23688.03
7713,Success,None,31753.18
11492,Success,None,41864.79
772,Ongoing,Mild,33120.69
7709,Success,Mild,11843.41
13868,Success,Mild,31277.15
6576,Failure,Mild,7633.15
9566,Failure,Severe,34037.59
14404,Ongoing,None,23539.99
14779,Ongoing,Mild,31785.38
4867,Ongoing,Severe,27534.84
14499,Failure,Severe,47611.08
14473,Failure,None,28101.2
355,Ongoing,Mild,25110.32
5345,Success,None,27164.54
9379,Success,Mild,40323.81
4265,Ongoing,Severe,13219.23
8803,Ongoing,Severe,45909.81
3708,Ongoing,Mild,48106.19
10080,Success,Mild,39862.36
3197,Success,Severe,33351.19
405,Success,None,3163.01
13629,Success,Mild,47778.6
8976,Ongoing,Mild,31458.68
5497,Success,None,6574.17
10617,Ongoing,Severe,27473.57
3899,Success,None,42012.87
196,Ongoing,None,43699.73
3042,Failure,Mild,14948.77
9715,Failure,None,23531.71
11334,Success,None,9456.05
4079,Success,Mild,23645.98
6294,Failure,Severe,2307.22
11382,Ongoing,Severe,11429.07
8341,Failure,Mild,27513.01
7146,Failure,Mild,19087.89
10766,Failure,None,6116.66
5277,Ongoing,Mild,22660.93
4148,Failure,Mild,19371.66
12812,Success,Mild,44820.11
2499,Success,None,6767.01
9118,Success,Mild,41272.39
4772,Failure,None,23354.86
7486,Ongoing,None,18803.54
5895,Success,Severe,25052.25
12768,Failure,Severe,47695.84
10667,Success,None,24362.84
3105,Success,None,36394.84
7261,Failure,Mild,16960.61
2499,Ongoing,Severe,45099.49
8820,Failure,Severe,15783.18
3239,Failure,None,45482.05
2998,Success,Severe,19029.05
1504,Failure,Mild,43244.29
962,Success,Severe,10071.68
9462,Success,Severe,19816.26
1183,Failure,Mild,6407.05
6083,Success,None,42563.51
7901,Failure,None,10321.1
9556,Success,None,17673.78
8066,Success,Severe,15802.81
738,Ongoing,Mild,7151.42
3228,Failure,Severe,48614.64
3726,Success,Mild,9389.92
13993,Ongoing,Severe,10410.53
3411,Failure,Mild,23937.66
12923,Success,Mild,47342.02
5948,Success,Mild,42344.13
4964,Success,None,26843.06
777,Failure,Mild,41021.38
6976,Failure,Severe,23640.88
5250,Failure,None,19351.26
10822,Ongoing,None,18391.64
12772,Ongoing,Mild,10761.98
14461,Success,Mild,5968.71
13222,Ongoing,None,48530.1
3398,Ongoing,Severe,9720.32
5208,Failure,None,31099.63
2171,Failure,Severe,18181.96
11172,Failure,Severe,36803.1
11320,Ongoing,None,48923.11
9575,Ongoing,Mild,40932.81
10727,Ongoing,Severe,43174.29
12330,Failure,None,14416.45
494,Failure,None,47049.51
3654,Failure,None,5537.7
12105,Failure,Mild,2774.41
9766,Success,Mild,47188.62
708,Ongoing,Severe,23017.06
5853,Failure,Mild,46350.99
731,Failure,None,6062.72
4731,Success,None,42619.08
4549,Success,None,19807.53
4825,Ongoing,None,9936.05
1107,Success,Severe,17403.39
11245,Failure,Mild,19670.23
4902,Failure,Severe,20440.85
6979,Success,Mild,4437.98
425,Failure,Severe,46231.24
14593,Ongoing,None,19891.24
11341,Failure,None,16654.73
10828,Success,None,44484.76
2355,Ongoing,None,24436.48
7584,Failure,Mild,42162.97
1836,Failure,Mild,20480.58
4665,Success,Severe,1153.49
1089,Ongoing,Severe,14476.65
9613,Ongoing,None,27833.35
13452,Ongoing,Severe,27005.95
13022,Failure,Severe,34898.29
4282,Success,None,19397.86
3553,Ongoing,Mild,9270.4
724,Failure,Severe,8092.98
11406,Success,None,1032.68
3451,Failure,Mild,5448.2
3636,Success,Severe,12430.61
3381,Failure,Severe,42225.85
4784,Ongoing,Severe,4279.83
9025,Failure,Mild,10597.62
7648,Failure,Mild,37569.9
10934,Ongoing,Mild,24293.08
8772,Ongoing,Severe,35108.39
13681,Success,None,19475.37
1033,Success,None,9176.7
6197,Success,None,22179.03
3792,Success,Mild,23357.69
2880,Failure,Mild,32043.86
6445,Failure,Severe,14248.85
3276,Ongoing,Severe,47465.68
10728,Success,Severe,9724.21
9839,Failure,Mild,38058.49
2308,Failure,Mild,30007.74
10192,Ongoing,Mild,13870.7
12094,Success,Severe,33022.43
5079,Failure,None,6429.48
10475,Success,None,11149.2
3843,Ongoing,None,35916.27
799,Ongoing,Severe,1383.6
5223,Failure,Mild,19097.16
2338,Failure,Mild,36626.41
7135,Ongoing,None,9458.73
692,Failure,Mild,34391.24
14436,Success,None,12004.08
8732,Failure,Severe,10467.09
6146,Ongoing,Mild,11326.91
4724,Success,Mild,4928.82
12333,Success,None,19629.15
10043,Failure,Severe,3665.61
6822,Success,Severe,14769.26
14746,Success,Severe,12584.38
4613,Failure,Severe,28551.23
11933,Success,Severe,42216.31
6378,Success,Severe,12010.34
1505,Failure,Severe,25985.46
14752,Success,Severe,48455.46
5668,Failure,Severe,22565.86
2023,Ongoing,Severe,47066.54
9968,Ongoing,Severe,4020.4
5039,Ongoing,Severe,48740.78
11081,Ongoing,None,24963.53
9371,Success,Mild,21686.77
1674,Success,None,23072.23
3640,Success,Mild,15570.72
378,Failure,Severe,14147.57
1972,Success,Mild,41687.05
13661,Ongoing,None,29723.74
3531,Success,Severe,46342.19
14504,Failure,Mild,41211.85
10986,Failure,Severe,27322.55
8055,Failure,Mild,28130.72
10021,Failure,Severe,47247.34
3713,Failure,None,9853.21
238,Ongoing,None,28427.7
12488,Failure,Severe,25618.82
4146,Failure,Mild,48039.64
10510,Failure,Severe,21234.55
14055,Success,None,40361.78
11617,Ongoing,Severe,49683.04
5274,Failure,None,20559.79
7480,Success,Severe,47537.35
10166,Failure,None,13177.96
9852,Ongoing,None,37127.92
743,Success,Severe,12873.67
7949,Success,Severe,31703.83
4612,Success,None,5944.08
12171,Ongoing,None,18354.52
3385,Success,None,13147.82
10314,Failure,Severe,24304.86
4715,Success,Severe,42463.89
14924,Success,Severe,20964.87
6965,Success,Mild,45095.34
9658,Success,None,47053.07
5919,Ongoing,Mild,27493.2
9113,Ongoing,Mild,28029.76
4252,Ongoing,Mild,47624.47
3157,Ongoing,Severe,31194.48
14536,Ongoing,Mild,31245.81
9658,Success,Severe,49346.11
1452,Success,Severe,20119.94
5058,Ongoing,None,43702.45
13415,Success,Mild,36070.43
4971,Ongoing,None,27865.19
2603,Failure,Severe,10111.4
559,Success,Mild,10105.65
13895,Ongoing,Mild,27978.4
488,Failure,Mild,42540.6
12405,Success,Mild,40115.44
14720,Success,None,11375.0
9458,Failure,None,26391.88
14351,Ongoing,Severe,48736.33
2143,Ongoing,None,44127.27
6453,Ongoing,Severe,36568.83
10352,Ongoing,Severe,42858.3
6173,Success,None,5097.5
1357,Success,Severe,41601.75
10705,Ongoing,Severe,39780.65
9544,Success,Severe,23737.91
11391,Ongoing,Mild,37012.15
6922,Ongoing,Severe,40842.32
7255,Failure,Mild,15736.03
7861,Failure,Mild,44093.99
9475,Success,None,2037.14
5838,Ongoing,Mild,41392.26
8790,Ongoing,None,7016.96
7669,Ongoing,None,8243.69
2087,Failure,Severe,23603.7
10776,Success,Mild,47477.96
11188,Ongoing,None,16514.23
10267,Failure,None,31085.48
12103,Ongoing,None,13349.31
3148,Failure,Mild,10470.32
1108,Success,None,32170.61
11992,Ongoing,Severe,8963.25
456,Success,Severe,40830.44
4570,Failure,Severe,15945.34
5825,Failure,Mild,40920.79
1952,Failure,Severe,2532.04
4683,Ongoing,Severe,28352.23
2679,Success,Mild,39137.26
275,Ongoing,None,20085.87
8705,Ongoing,None,33446.36
2165,Success,None,24275.84
4189,Ongoing,Mild,6825.36
1178,Success,None,22549.71
5966,Success,None,11452.56
13465,Ongoing,Mild,31664.16
7322,Failure,Severe,6597.91
1928,Ongoing,None,1487.03
9390,Ongoing,None,2586.47
8710,Ongoing,None,36172.47
2694,Ongoing,Severe,17646.55
3260,Ongoing,Severe,12435.81
11422,Ongoing,None,3365.99
2136,Failure,Mild,19890.69
13467,Success,None,24783.99
3700,Failure,None,9403.0
3258,Failure,None,44654.03
13057,Ongoing,None,11484.42
14189,Success,Severe,21261.68
781,Ongoing,Severe,5752.18
11636,Failure,Mild,40005.48
8026,Failure,Severe,36965.62
5322,Ongoing,Mild,40085.78
10515,Ongoing,Severe,42613.32
7304,Ongoing,Mild,32165.66
2218,Success,Severe,25385.4
6898,Failure,Severe,7784.2
11113,Ongoing,Mild,26047.43
2486,Ongoing,Severe,42731.05
9252,Failure,Severe,31651.64
5811,Ongoing,None,19361.38
10994,Success,Severe,25115.67
11271,Ongoing,Severe,32041.44
13581,Failure,Severe,27530.79
3945,Success,None,25638.99
14630,Ongoing,Mild,33962.6
4576,Success,Severe,41715.26
13950,Success,Severe,49910.1
5407,Ongoing,Severe,18204.06
10380,Ongoing,Severe,44638.26
8620,Ongoing,None,5033.73
14077,Ongoing,Mild,32355.48
9822,Success,Mild,39359.86
8119,Success,Severe,14086.29
808,Ongoing,None,22639.45
1913,Ongoing,Severe,21926.78
14716,Failure,None,32785.23
8653,Failure,Severe,29900.09
7549,Ongoing,None,31982.74
7305,Success,Severe,13767.08
13381,Ongoing,None,1804.77
9943,Ongoing,Severe,25566.43
6712,Failure,Severe,34513.11
1218,Success,Mild,38155.77
10234,Ongoing,Mild,11245.5
1126,Success,Severe,22841.22
7110,Success,None,41053.9
7783,Success,None,4508.31
2136,Success,Mild,29713.58
10849,Success,None,42796.56
1345,Ongoing,None,9843.7
4310,Ongoing,Severe,45383.29
12638,Success,Mild,7085.94
7398,Failure,None,35440.35
7677,Ongoing,Severe,4598.95
5954,Success,None,38518.68
12028,Ongoing,None,3515.06
6486,Success,Severe,30125.24
5893,Success,Mild,10345.4
4541,Success,None,2399.0
8040,Failure,None,1406.75
14837,Failure,Mild,47972.25
2452,Failure,Severe,28042.03
14430,Ongoing,None,19193.95
95,Ongoing,Mild,21437.63
3476,Ongoing,None,9364.29
2216,Failure,Severe,24544.65
4651,Ongoing,None,7324.51
7203,Failure,Mild,22487.47
1769,Ongoing,Mild,2167.91
7367,Ongoing,Severe,23317.21
10725,Success,Severe,49297.47
12014,Failure,None,8410.6
6847,Failure,Severe,28929.49
1169,Success,Severe,30205.08
8284,Success,Severe,3302.34
1910,Failure,Mild,42839.16
14524,Success,Severe,24497.28
7542,Failure,Mild,45956.19
13251,Failure,None,27248.21
13890,Success,Mild,28334.57
13365,Success,None,19716.18
14728,Failure,None,31925.55
2850,Success,Severe,27524.56
11683,Success,Severe,13141.14
570,Ongoing,None,41915.58
14223,Failure,Severe,5752.84
10224,Ongoing,Mild,12098.32
9968,Success,Severe,48558.75
3831,Failure,None,31617.01
14645,Failure,Severe,12779.17
1260,Success,Severe,40335.7
2607,Ongoing,Severe,27674.24
13980,Failure,Mild,39803.12
7278,Failure,Mild,38898.08
7185,Failure,None,45524.24
8301,Success,None,44745.56
4330,Failure,Mild,1056.72
287,Failure,None,2763.61
10862,Failure,None,39281.36
4570,Success,None,7542.35
54,Ongoing,None,21891.32
12564,Ongoing,Mild,12112.5
9096,Ongoing,Mild,11582.05
11674,Failure,None,9631.39
14237,Success,None,41498.06
5686,Failure,None,46439.35
12862,Ongoing,None,32884.42
5876,Ongoing,None,43401.96
1119,Ongoing,Mild,26456.33
11723,Ongoing,Mild,39369.43
7433,Ongoing,Severe,1932.32
1817,Ongoing,None,49189.51
12421,Ongoing,Severe,39451.84
12366,Success,Severe,38157.58
11817,Success,None,47663.68
4371,Success,Severe,22671.29
727,Ongoing,Severe,7319.46
7127,Failure,Mild,4615.82
11980,Ongoing,Severe,35338.25
4804,Ongoing,None,14608.69
14282,Success,Severe,2667.79
5671,Success,Severe,14059.7
10997,Failure,Severe,45718.19
4701,Ongoing,Mild,42828.64
4326,Success,Mild,45247.18
2625,Ongoing,Severe,14385.95
9763,Success,None,45663.47
1404,Success,Mild,6141.62
9991,Success,Severe,25845.75
14569,Failure,Severe,4880.67
6113,Failure,None,14691.46
6272,Ongoing,None,1138.05
2035,Ongoing,None,26939.61
4110,Success,Mild,9337.3
1867,Ongoing,Severe,24423.76
3,Success,Mild,8807.75
5657,Ongoing,Mild,45718.32
13471,Ongoing,Severe,32432.84
5863,Ongoing,None,12341.33
4619,Success,Mild,17405.16
14350,Failure,Severe,20035.36
6902,Success,Mild,33101.44
7321,Ongoing,Mild,47140.56
5326,Ongoing,Severe,11914.53
8875,Failure,Severe,15837.28
13880,Failure,Severe,26190.06
6313,Ongoing,None,2529.33
14265,Failure,None,43281.18
3771,Success,Severe,45825.12
4442,Failure,None,11852.49
5178,Failure,Mild,14501.33
10179,Ongoing,Severe,13499.57
3757,Success,Mild,42969.19
14279,Ongoing,Mild,37093.87
6026,Success,Severe,35029.59
537,Success,Mild,4089.41
12309,Failure,Severe,20674.18
9761,Failure,None,25194.97
8062,Ongoing,Mild,41607.91
5781,Ongoing,Severe,10877.64
7104,Failure,Severe,18458.89
4106,Failure,Severe,21497.22
974,Success,Severe,16820.37
3291,Ongoing,Mild,5898.87
11103,Ongoing,None,3676.23
10360,Success,Mild,39670.17
9583,Success,Severe,48482.99
2357,Success,None,7484.47
7418,Success,Mild,25378.39
14361,Ongoing,Severe,41170.6
14938,Ongoing,Mild,43384.59
11163,Ongoing,Mild,19954.53
9175,Failure,Mild,9024.52
4999,Failure,Severe,17391.22
10005,Failure,None,15112.4
10493,Failure,None,1612.07
11225,Success,Severe,16934.23
7567,Failure,Severe,38766.01
13302,Success,None,15800.71
8185,Ongoing,Severe,26037.14
9650,Failure,None,44357.0
14098,Ongoing,Mild,7450.82
5382,Failure,Severe,31654.88
9668,Ongoing,Severe,48222.59
347,Ongoing,Mild,37739.02
1155,Ongoing,Mild,37085.49
2084,Ongoing,Severe,44078.34
6123,Failure,Mild,39924.87
2525,Failure,Severe,43220.53
12900,Failure,Mild,7915.72
14414,Ongoing,Severe,5660.85
11551,Failure,Mild,30080.36
12248,Success,Mild,34657.63
13166,Ongoing,Severe,26579.71
14356,Success,None,11725.3
7538,Success,Severe,32161.96
12054,Failure,None,33506.05
13789,Failure,None,19151.16
1790,Failure,Mild,10871.59
8960,Ongoing,Severe,37385.39
4102,Failure,Mild,21558.42
7611,Failure,None,44858.49
3350,Ongoing,Mild,47875.52
13265,Success,Severe,34586.16
4415,Success,Severe,46714.58
12735,Success,Severe,48918.61
3829,Ongoing,None,2368.55
7184,Ongoing,Mild,3901.32
1978,Success,Mild,14462.08
8140,Ongoing,Mild,1601.25
5029,Ongoing,None,3227.83
6398,Ongoing,Severe,16431.2
13365,Ongoing,Mild,34260.17
4955,Failure,Mild,22865.17
4743,Ongoing,Mild,2127.95
14833,Success,Mild,6734.5
85,Success,Mild,5640.27
514,Ongoing,Mild,49545.22
11448,Ongoing,Severe,22910.77
4768,Failure,Severe,29205.49
1754,Ongoing,Mild,21808.74
8578,Failure,Severe,10954.85
12853,Success,Severe,42134.63
7873,Failure,Mild,7786.22
12020,Ongoing,Mild,13781.89
7968,Ongoing,Severe,13994.01
13583,Success,Mild,49864.66
13686,Success,None,26740.35
2505,Ongoing,Severe,23914.62
13560,Failure,Mild,13417.63
12073,Ongoing,Mild,46563.23
7041,Ongoing,Severe,49882.77
9522,Ongoing,None,46713.11
4450,Success,None,15130.0
4400,Failure,Mild,27069.92
12285,Success,Severe,33918.46
1315,Ongoing,Severe,12651.31
4488,Success,Severe,12390.51
33,Success,Mild,21255.05
6325,Failure,None,4827.72
3027,Success,Mild,16068.92
6726,Ongoing,Severe,9614.68
7971,Ongoing,Mild,6137.77
9812,Ongoing,Severe,18976.53
3344,Ongoing,None,23847.99
7489,Success,Severe,11529.85
8084,Failure,Severe,35878.69
1104,Ongoing,Severe,25093.93
12994,Ongoing,None,19911.38
8751,Failure,None,44996.62
7014,Failure,Severe,19976.61
1914,Ongoing,Severe,23858.58
14521,Ongoing,None,12762.41
1279,Success,Mild,10762.97
6384,Ongoing,Severe,47222.97
3597,Ongoing,None,14246.21
10091,Failure,Mild,9912.87
3995,Failure,Severe,1785.29
7138,Failure,Severe,30875.68
151,Failure,Mild,42791.32
2924,Success,Mild,48685.86
14155,Ongoing,None,29070.41
13589,Success,Mild,10369.45
5821,Ongoing,Severe,1264.6
6185,Ongoing,None,28752.83
2582,Failure,None,34953.8
11667,Ongoing,Severe,47215.84
398,Success,None,44704.33
11952,Failure,None,22521.68
14066,Failure,Severe,45510.38
12747,Ongoing,None,27973.94
6126,Success,None,24715.04
9239,Ongoing,Mild,47136.75
2468,Success,None,35997.56
1010,Success,Severe,4849.94
11389,Ongoing,Severe,29109.84
11779,Success,Mild,15685.94
8424,Success,Mild,8408.39
9757,Failure,Mild,43386.41
5014,Failure,Severe,16614.73
278,Success,Severe,12499.19
4492,Ongoing,None,47915.87
12778,Failure,Mild,38528.45
3517,Failure,None,29849.8
10278,Ongoing,Mild,4188.86
12206,Ongoing,Severe,41925.2
8692,Failure,Severe,48029.68
11155,Success,Mild,28255.92
11583,Success,Mild,37003.71
9018,Failure,Mild,45767.71
3904,Failure,Mild,11398.81
4980,Failure,Mild,33146.29
8183,Failure,Severe,41847.47
12277,Success,None,18040.09
3720,Failure,None,45176.86
6515,Ongoing,None,4108.46
12769,Ongoing,Mild,33030.59
14056,Failure,Severe,1998.57
8024,Failure,None,24775.74
2328,Ongoing,Severe,47088.52
2532,Success,Severe,12543.71
13319,Success,None,43792.61
3555,Ongoing,Severe,38245.34
2275,Success,None,27687.17
2493,Success,Severe,4735.77
8844,Failure,Severe,16594.36
13029,Failure,Severe,4533.13
9983,Success,None,5122.11
208,Ongoing,Severe,33834.51
298,Failure,Severe,18683.35
4885,Success,Mild,6002.29
10957,Success,Severe,14854.84
12532,Success,Severe,21885.32
4174,Success,Mild,37012.56
9523,Success,Mild,47396.94
9393,Ongoing,Severe,29550.27
5916,Ongoing,None,25007.67
13221,Success,Mild,32569.14
12300,Success,Mild,47928.59
5031,Ongoing,None,9150.75
1275,Ongoing,Mild,47128.96
614,Ongoing,Severe,46210.43
1986,Failure,Mild,12850.52
5306,Ongoing,None,7334.69
1636,Success,Mild,35211.71
3829,Failure,Mild,44048.47
9066,Failure,Mild,42634.14
1130,Success,Mild,9982.09
10090,Ongoing,Mild,2037.75
1244,Ongoing,Severe,38333.0
8271,Success,None,37618.27
13352,Success,Severe,31404.3
250,Ongoing,None,30240.98
3477,Success,Severe,4926.44
12655,Success,Severe,3611.6
6442,Success,Severe,46938.33
11956,Failure,Mild,36851.35
615,Success,Severe,30096.77
59,Ongoing,Severe,11058.43
3171,Failure,None,46630.65
14558,Failure,None,18344.87
4288,Failure,Severe,46402.72
10485,Failure,Mild,18020.74
7613,Success,None,44048.54
14807,Ongoing,Mild,44425.03
12360,Failure,Severe,27000.82
13540,Failure,None,40371.17
8698,Ongoing,None,47120.59
6646,Failure,Severe,41709.31
5651,Failure,Mild,11707.24
13609,Success,None,49238.46
6220,Failure,Severe,17173.16
9458,Success,Mild,40333.38
5240,Failure,Severe,46633.46
8471,Ongoing,Severe,2841.05
8530,Success,Severe,15163.69
1340,Success,Mild,22918.93
9942,Failure,Severe,28176.65
288,Success,Mild,45772.97
13967,Success,Severe,43630.55
9649,Failure,Mild,32750.2
2754,Failure,Mild,30196.81
12593,Failure,None,23699.14
8697,Ongoing,None,29763.76
8177,Ongoing,Mild,30955.92
1255,Ongoing,Severe,43775.94
6433,Failure,Severe,2224.48
10957,Failure,Mild,47827.49
14382,Success,None,27705.64
12275,Success,Severe,46981.47
12489,Failure,Mild,18897.66
4186,Ongoing,Mild,40489.41
11609,Success,None,17319.56
4590,Ongoing,Severe,36257.82
2043,Success,None,30964.86
61,Ongoing,Mild,20537.92
4718,Ongoing,Severe,9881.29
8669,Failure,None,37458.82
5270,Ongoing,None,35587.05
6280,Ongoing,None,46262.64
4372,Failure,None,8802.92
1036,Failure,Severe,20157.52
800,Success,Severe,18888.1
11151,Success,Mild,22040.29
1443,Success,None,24256.27
9939,Ongoing,None,48002.54
2576,Ongoing,None,5956.41
9548,Ongoing,Severe,26989.2
5766,Ongoing,Mild,7284.69
8127,Failure,Mild,3710.95
13421,Ongoing,Mild,31639.7
6674,Ongoing,Severe,48868.28
7585,Ongoing,Mild,14236.87
12949,Failure,Severe,38790.54
10776,Ongoing,None,37066.28
2115,Failure,None,36549.49
7208,Ongoing,None,28520.43
11305,Failure,None,39218.18
5049,Success,Mild,31422.16
12974,Ongoing,None,34732.18
490,Failure,Mild,23786.91
13879,Ongoing,None,38106.68
11020,Ongoing,Mild,48138.84
8651,Success,None,35510.23
14979,Failure,Severe,17803.96
4138,Failure,None,7353.26
1926,Failure,None,45780.45
5432,Failure,Mild,1052.86
5472,Failure,Severe,37465.24
9206,Ongoing,Severe,40173.32
4136,Success,Mild,13986.34
226,Success,Mild,43835.81
6669,Failure,None,3710.35
10154,Failure,Mild,49590.37
14848,Failure,None,40270.42
1058,Success,Mild,31258.68
12119,Success,Mild,49525.89
2943,Success,None,28547.08
11779,Ongoing,None,26401.36
14420,Failure,Severe,37154.2
4306,Failure,Mild,47260.22
9862,Ongoing,Mild,22359.17
7308,Failure,Mild,32830.05
13988,Success,Severe,16836.77
7130,Ongoing,None,43923.74
2735,Failure,Mild,29367.03
6202,Ongoing,None,48525.64
2837,Success,Mild,41652.09
11989,Success,Mild,7050.15
2292,Ongoing,Severe,19791.83
5972,Success,Mild,15404.58
6553,Success,Mild,3868.74
5241,Ongoing,Severe,8584.91
3153,Ongoing,Mild,14775.81
13114,Failure,Severe,35290.0
2227,Ongoing,None,40166.3
11019,Success,Severe,47695.14
6082,Ongoing,Mild,23448.88
2654,Success,Mild,36125.07
4665,Ongoing,Mild,19305.39
2754,Ongoing,Severe,18755.52
951,Failure,None,44091.43
13382,Failure,Severe,38103.36
9742,Failure,None,2816.1
10208,Failure,Severe,21302.88
12651,Failure,Severe,12548.61
12389,Failure,None,29229.62
597,Ongoing,Severe,35207.68
7201,Failure,Severe,40954.89
2008,Success,Mild,36005.19
3949,Failure,Severe,3808.71
9296,Ongoing,Mild,21824.22
3283,Ongoing,None,14677.46
3552,Failure,None,31417.56
5506,Ongoing,Mild,17311.37
13054,Ongoing,None,43325.4
252,Ongoing,None,18089.45
12741,Ongoing,Severe,41576.59
1537,Ongoing,None,41433.56
13154,Success,None,18928.17
2411,Ongoing,None,38896.83
10765,Failure,None,48175.87
1002,Success,None,9745.68
9899,Success,None,24780.05
8641,Success,None,35771.46
14056,Ongoing,Severe,46009.14
9014,Success,Severe,26158.89
10376,Ongoing,Severe,13583.5
9908,Success,Mild,42251.24
6059,Ongoing,Severe,44405.09
3151,Ongoing,None,4520.11
6317,Success,Severe,24705.74
14652,Failure,Mild,47178.69
1424,Failure,None,48067.07
3481,Failure,Severe,3770.21
1041,Ongoing,Severe,2650.65
504,Failure,None,16633.35
7137,Ongoing,Severe,2997.95
3238,Ongoing,Mild,35557.72
5821,Success,None,20893.72
7895,Ongoing,Severe,43490.36
12045,Failure,Severe,43702.79
7214,Ongoing,None,9888.89
4733,Success,Mild,7475.84
10732,Success,Severe,43197.63
9218,Ongoing,Mild,37901.36
11805,Success,Mild,39532.51
11878,Ongoing,Severe,47547.11
8506,Success,None,43176.35
1921,Success,Severe,31672.17
7865,Ongoing,Mild,35736.43
9384,Failure,Mild,42248.47
10090,Success,None,10854.56
3000,Success,Severe,26945.23
3743,Success,Mild,35722.63
4387,Success,None,4073.25
1368,Ongoing,None,7774.46
5881,Ongoing,None,4644.62
9765,Success,Mild,36924.82
9026,Failure,Severe,48423.41
13488,Success,None,2269.22
2985,Success,Severe,20526.57
1270,Failure,Severe,38895.98
14744,Ongoing,None,7325.61
11649,Success,Severe,4961.01
11007,Failure,Severe,18135.86
6638,Success,Severe,32741.99
6990,Ongoing,Severe,34283.68
14473,Success,Severe,6262.86
3666,Ongoing,None,13040.65
10694,Ongoing,None,23972.39
1782,Failure,Mild,37208.47
13421,Success,None,41321.25
5008,Ongoing,Mild,25303.24
11030,Success,Severe,33775.97
40,Ongoing,None,11310.73
1492,Success,Severe,20923.25
14883,Success,None,39106.9
963,Ongoing,Severe,22262.11
6747,Ongoing,Mild,20927.79
7988,Ongoing,Severe,6466.6
14829,Ongoing,Mild,11729.72
612,Success,Mild,11796.03
3588,Ongoing,None,34624.18
6737,Failure,Mild,3052.53
4167,Failure,Severe,46940.06
13379,Failure,Mild,41567.66
14122,Success,Mild,18480.75
2704,Success,Severe,36441.87
12034,Success,None,11475.29
1608,Success,Severe,42252.34
7099,Success,Mild,1476.64
2740,Ongoing,Severe,4139.17
3849,Failure,None,12673.18
2560,Success,Severe,18623.6
8698,Failure,Severe,25459.83
3681,Success,Mild,48321.82
14887,Failure,Mild,42314.1
3482,Failure,Severe,4521.59
5042,Success,Mild,5737.29
12660,Failure,Severe,13958.97
5513,Ongoing,None,29790.07
10467,Ongoing,None,17434.54
13809,Success,None,18823.19
1379,Ongoing,Mild,25869.08
5702,Ongoing,Severe,42187.99
7681,Success,Mild,39482.58
5493,Ongoing,Mild,45232.79
12368,Ongoing,Severe,35239.93
965,Success,Severe,42599.85
3546,Ongoing,Mild,22193.83
1896,Failure,None,10956.44
7821,Ongoing,None,17745.3
6272,Ongoing,Severe,30110.22
453,Failure,Mild,27359.19
12515,Ongoing,Mild,14008.24
607,Success,Severe,23761.58
1431,Success,Mild,16059.55
3748,Success,Severe,4177.04
10201,Success,None,7779.39
481,Failure,None,7248.07
5573,Ongoing,Mild,33579.15
10517,Success,Mild,40605.58
12362,Failure,Severe,43777.76
7066,Success,None,29128.45
7027,Failure,Mild,22192.82
5913,Ongoing,Severe,18816.89
3825,Success,Mild,1653.39
3960,Ongoing,None,35794.63
1687,Success,Severe,36471.31
1939,Ongoing,Mild,36292.49
8803,Failure,Mild,14958.9
7856,Success,Mild,19552.62
2008,Success,None,30858.42
1865,Ongoing,None,22872.35
14069,Success,Mild,6222.31
3906,Ongoing,None,22742.36
13927,Success,Severe,47170.21
11533,Failure,Severe,35037.61
5317,Success,Severe,46916.87
10959,Success,None,34456.81
12025,Success,Mild,41402.3
1616,Failure,Mild,16715.36
9521,Failure,Mild,13573.66
3774,Failure,None,40936.91
11308,Failure,Mild,7454.06
13275,Failure,Mild,25129.52
7404,Success,None,20165.65
10391,Ongoing,Severe,48603.15
9637,Success,Severe,33933.89
2610,Failure,Mild,30348.72
1485,Success,Severe,41783.01
12621,Success,Mild,34727.42
4152,Success,Mild,12043.41
6438,Success,Mild,15254.33
8658,Success,Severe,48102.82
12146,Ongoing,None,15923.13
8283,Failure,Severe,41108.82
12393,Failure,None,42200.41
5192,Ongoing,None,44985.45
11107,Failure,Mild,17106.65
1014,Failure,None,37659.25
5897,Ongoing,Severe,31601.0
6544,Success,None,11218.78
3688,Failure,Severe,15715.55
7317,Ongoing,Mild,34479.58
2664,Ongoing,None,18388.06
12379,Failure,Mild,36395.74
14774,Ongoing,Mild,41908.88
10848,Failure,Mild,45779.4
247,Failure,Mild,2944.67
1412,Success,Severe,44961.99
8238,Ongoing,Severe,39471.72
4823,Success,Severe,21689.99
2969,Failure,Severe,16257.7
12872,Ongoing,Mild,25042.09
11904,Ongoing,None,3887.71
13997,Failure,Mild,36759.62
9951,Success,Mild,6398.56
3375,Failure,Mild,11252.16
1571,Ongoing,None,23990.23
14685,Success,None,28638.99
8124,Ongoing,Mild,32278.88
12591,Ongoing,None,21691.57
8330,Success,None,35958.54
11165,Ongoing,Severe,48272.16
8703,Ongoing,None,14825.65
5542,Success,Severe,25731.79
11788,Ongoing,Severe,44623.77
1563,Failure,None,38649.45
5100,Ongoing,Mild,4707.07
11506,Failure,Mild,8474.72
7319,Failure,Mild,33234.39
10277,Failure,None,29778.09
13917,Ongoing,None,44409.08
13553,Success,Severe,47509.32
9966,Success,Mild,21206.04
9894,Success,Severe,26772.82
2533,Success,None,35126.88
12889,Ongoing,None,15459.97
6799,Failure,Severe,34692.24
8514,Ongoing,None,4074.41
10193,Failure,Severe,1078.71
1031,Failure,Severe,19344.63
13627,Success,Mild,16752.16
11796,Ongoing,Mild,20879.26
4394,Success,None,43596.54
6028,Success,Mild,40483.49
12642,Success,Severe,20677.0
3224,Failure,Mild,44102.74
6798,Failure,Severe,39430.19
387,Failure,None,20278.01
6257,Success,Severe,10783.82
2802,Ongoing,None,41919.25
7581,Ongoing,Severe,32879.02
9126,Success,Mild,26772.87
1128,Ongoing,Severe,48598.79
8196,Failure,None,21184.99
14752,Failure,Mild,15888.68
824,Success,Mild,17056.96
4067,Success,Mild,44603.66
5294,Ongoing,Severe,12211.75
6669,Ongoing,Mild,23067.31
11124,Failure,Mild,10730.75
3484,Ongoing,None,30840.68
9718,Failure,Mild,6568.72
7856,Failure,None,44125.0
8323,Ongoing,Severe,33895.88
12491,Success,None,5996.37
9069,Ongoing,None,21604.75
14810,Ongoing,None,10956.21
13537,Success,None,18244.03
8791,Ongoing,Mild,40287.27
5708,Ongoing,Severe,5333.92
6303,Ongoing,Severe,36253.92
4278,Ongoing,Mild,6377.09
10823,Failure,None,39631.01
1969,Success,Severe,38295.18
8553,Failure,Severe,24527.6
9062,Ongoing,Severe,48083.94
13281,Ongoing,Mild,18723.18
1705,Success,Severe,6912.82
11688,Failure,Severe,19092.65
11913,Ongoing,Severe,44025.29
2138,Ongoing,Severe,3085.02
9278,Ongoing,Mild,48496.61
4855,Failure,Severe,29023.62
6037,Failure,Mild,17797.84
7774,Success,None,3797.62
8769,Failure,None,30787.79
8929,Failure,None,37273.96
5923,Success,Mild,32247.09
12039,Ongoing,Mild,21545.72
370,Success,Mild,44938.2
13903,Ongoing,Severe,19813.78
2035,Ongoing,Mild,14351.2
3826,Failure,None,35464.21
12690,Success,Mild,49615.3
2931,Ongoing,Severe,43533.44
1748,Success,Severe,7955.14
316,Success,None,25541.47
2722,Failure,Severe,30637.48
2630,Ongoing,Severe,26515.99
14672,Failure,None,5624.95
7228,Success,None,13503.32
3374,Success,Severe,38400.89
3071,Success,None,2636.04
3835,Success,Severe,30227.98
7587,Success,None,10133.65
13627,Failure,None,31466.87
5895,Ongoing,Mild,41683.24
12201,Failure,Severe,41445.31
13419,Success,Severe,45651.85
9521,Success,None,30617.22
5179,Failure,Mild,12340.69
2267,Ongoing,Mild,16115.37
11832,Failure,None,11516.22
13910,Ongoing,Severe,9943.01
723,Success,Mild,37493.42
3848,Ongoing,Severe,23937.59
7703,Success,Severe,25153.38
1324,Ongoing,Mild,15247.84
9390,Failure,None,6364.66
7148,Success,Mild,17694.28
2526,Success,None,49626.97
2815,Success,Mild,27397.48
11753,Ongoing,Severe,20084.14
13360,Ongoing,None,43554.45
6057,Success,Severe,9214.43
12588,Ongoing,None,42860.0
2569,Success,Severe,26558.85
7978,Ongoing,Severe,15145.88
1144,Failure,None,46009.18
9866,Success,Severe,26041.71
9397,Failure,None,32350.56
14671,Success,Mild,2273.97
6847,Failure,Mild,27519.98
6871,Ongoing,None,27411.74
414,Ongoing,Severe,38380.89
3761,Success,None,45767.15
6304,Ongoing,Severe,44832.58
510,Ongoing,Mild,41142.83
5583,Success,Severe,34571.34
7399,Failure,Mild,7894.04
11717,Failure,Mild,33805.97
9591,Ongoing,None,41136.81
6332,Ongoing,None,6331.07
8672,Success,None,1576.63
5778,Failure,None,24280.69
1620,Success,None,44712.88
213,Failure,Severe,23598.14
12996,Failure,Severe,18438.12
2735,Ongoing,Mild,35599.61
5876,Ongoing,Mild,38513.58
2173,Failure,Severe,14190.99
3052,Success,Mild,1873.9
6967,Ongoing,Mild,14478.1
4713,Failure,Mild,12441.7
5886,Failure,Severe,14966.02
10238,Success,Mild,10227.41
4750,Failure,None,2822.72
251,Failure,Severe,49954.67
6833,Ongoing,None,15427.32
14738,Failure,Mild,34368.74
13541,Ongoing,Severe,23812.18
6119,Success,None,45957.9
5242,Success,None,44748.84
11031,Success,Mild,36769.67
10069,Success,None,28826.8
3241,Success,Mild,3612.53
5593,Ongoing,Severe,24125.46
3267,Failure,None,6655.73
4579,Ongoing,Mild,30885.81
5886,Ongoing,None,12583.14
2829,Failure,Severe,43376.24
1022,Ongoing,None,15760.37
10836,Failure,Severe,7785.48
13252,Success,Mild,24449.29
14685,Ongoing,Severe,48046.04
3414,Failure,Mild,26386.97
9146,Failure,None,31559.4
14174,Failure,None,46064.9
10007,Ongoing,Severe,11489.53
8225,Success,Severe,20527.01
13877,Ongoing,Severe,19293.08
12502,Ongoing,Severe,46826.91
4686,Success,None,26846.8
6676,Failure,None,17558.72
1291,Success,Mild,15947.21
8992,Success,Severe,39514.53
4876,Success,Mild,11021.13
6094,Failure,None,15403.18
8738,Failure,None,10481.45
12933,Failure,None,45387.17
14968,Success,Severe,6414.46
11045,Ongoing,Severe,19898.14
6098,Ongoing,Mild,43370.42
11745,Failure,Mild,41525.38
3610,Failure,Severe,29631.21
10840,Failure,None,18004.28
4250,Failure,None,36008.67
3456,Ongoing,Mild,48182.86
14822,Success,Severe,40417.0
2164,Ongoing,Severe,49587.44
11736,Success,Mild,12577.61
9974,Failure,None,7300.01
14610,Success,None,34255.17
6086,Failure,None,3534.3
14483,Failure,Mild,12114.45
5565,Success,Severe,3367.32
5026,Failure,Mild,46412.57
11320,Ongoing,None,25164.97
8741,Ongoing,None,33872.39
12376,Ongoing,Severe,30926.37
6048,Failure,None,19883.76
3252,Failure,Mild,34852.56
7888,Failure,Severe,10269.17
14343,Failure,Mild,32459.95
4558,Success,Severe,2764.71
1531,Ongoing,Severe,34376.34
740,Success,Severe,15277.37
1756,Ongoing,None,21576.92
7898,Ongoing,Severe,5172.61
12633,Failure,Mild,17579.96
12293,Failure,Severe,44640.26
516,Ongoing,Mild,5230.8
9124,Success,Mild,2310.73
12723,Success,Mild,13575.32
13828,Ongoing,None,8698.47
6715,Failure,Mild,36642.64
9932,Success,Mild,45313.82
9178,Success,None,33516.96
13339,Success,None,18372.64
492,Ongoing,None,42715.48
751,Success,Mild,5981.23
2437,Ongoing,Severe,10620.66
3992,Success,None,4919.23
2866,Success,None,7040.73
650,Ongoing,Mild,20796.4
9436,Failure,Severe,19124.16
5217,Ongoing,None,25924.07
10469,Success,Mild,48037.89
1333,Failure,None,4573.33
1658,Failure,Severe,23121.05
3714,Ongoing,Severe,23009.75
7387,Failure,Mild,24006.48
8600,Failure,Mild,45326.47
185,Failure,Mild,19911.81
11304,Failure,None,11583.75
11388,Failure,Severe,20210.4
10300,Failure,None,49847.55
12942,Ongoing,Mild,18754.34
6678,Ongoing,Mild,44845.71
4084,Success,Mild,29658.47
5784,Success,Severe,25260.46
5678,Ongoing,Severe,45325.13
2121,Success,Mild,40010.38
6222,Ongoing,Mild,8902.17
3341,Success,None,43311.5
5891,Failure,None,16062.77
3351,Failure,Severe,45444.99
4247,Failure,Severe,22863.73
1690,Ongoing,Severe,30751.6
12658,Ongoing,Severe,33037.19
14689,Success,Severe,8070.08
12565,Ongoing,None,1201.09
875,Ongoing,Severe,6361.85
13170,Ongoing,None,19242.04
13849,Success,Severe,9949.16
12000,Ongoing,Severe,41165.14
5659,Ongoing,Severe,38561.59
8194,Failure,Mild,47455.39
124,Ongoing,None,12412.02
9242,Success,Mild,11954.69
9940,Success,Mild,2398.29
8045,Failure,Mild,49308.02
13043,Failure,Mild,40065.85
2255,Failure,None,46455.46
13637,Ongoing,Mild,37702.75
846,Ongoing,Mild,24581.8
8586,Success,Mild,30188.64
11309,Failure,Mild,32585.41
1614,Success,None,1870.08
2634,Ongoing,Severe,19623.42
5685,Ongoing,Severe,19623.85
1938,Success,Mild,47491.55
14407,Ongoing,Severe,15442.45
14543,Ongoing,None,12430.99
7388,Failure,Severe,38553.89
9518,Success,Severe,44926.78
8221,Ongoing,Severe,26465.55
11106,Failure,Mild,19931.44
4121,Failure,Severe,21792.4
2000,Failure,Mild,23572.91
570,Failure,Severe,41159.93
296,Ongoing,Severe,41451.04
10738,Success,None,46399.25
1851,Ongoing,Mild,30369.23
8244,Ongoing,None,16341.13
6628,Failure,Mild,7643.54
636,Success,Severe,36700.9
14938,Ongoing,Severe,22760.93
14470,Ongoing,None,42276.68
964,Success,Mild,34599.03
10766,Ongoing,Severe,48262.41
423,Success,None,20736.9
12647,Success,Severe,34574.22
1900,Failure,None,30881.15
919,Success,Mild,16030.42
7256,Success,Severe,18963.88
7118,Success,Mild,2395.22
1967,Success,Mild,11654.67
8705,Failure,Mild,30134.32
3351,Success,None,42262.8
14677,Failure,None,48124.87
13468,Success,Mild,1746.92
12114,Ongoing,Severe,4652.68
13755,Ongoing,Severe,36879.03
10120,Success,None,17613.4
6216,Failure,Severe,26142.28
2317,Ongoing,Mild,17014.42
5142,Success,None,7400.18
7178,Failure,None,8432.08
10949,Failure,Severe,16977.37
2419,Failure,None,19935.15
5282,Success,None,13225.56
13685,Success,Severe,38511.08
8012,Success,None,23745.64
11054,Ongoing,None,2578.47
14541,Success,Mild,17062.92
3324,Failure,Mild,24544.19
10109,Ongoing,Severe,46623.65
9552,Failure,Mild,21996.45
3379,Failure,Mild,23797.88
11027,Failure,Mild,6682.7
5920,Success,Severe,6455.74
14063,Failure,None,7516.8
4228,Ongoing,Severe,28280.15
8657,Success,Mild,40226.52
12591,Failure,Severe,36196.18
4487,Ongoing,None,7600.18
1453,Ongoing,Mild,20882.09
1033,Ongoing,None,11397.28
350,Ongoing,Mild,29650.13
11307,Success,None,13536.07
8383,Success,None,27145.98
1387,Success,Severe,35440.53
14852,Failure,Mild,49431.79
254,Failure,Mild,9023.21
3944,Success,None,14270.3
4719,Ongoing,None,3549.24
6557,Success,None,23315.49
5924,Success,Mild,14420.9
13062,Success,None,8790.74
13261,Ongoing,None,1752.98
12669,Success,Mild,44615.21
11821,Success,None,46644.9
7043,Ongoing,Severe,42862.54
10994,Failure,None,12340.02
869,Success,Severe,15036.28
12203,Success,None,2450.99
14494,Ongoing,Mild,25833.73
4911,Success,None,17697.46
11055,Failure,None,28141.34
8724,Ongoing,None,28747.93
14179,Failure,Mild,18294.84
4371,Failure,Mild,32588.89
11761,Ongoing,Mild,38414.93
3971,Ongoing,None,42031.1
1008,Failure,None,29557.68
8053,Ongoing,Mild,15577.09
9168,Failure,None,3130.33
327,Success,Severe,2602.3
9679,Failure,Mild,19283.9
14804,Ongoing,None,15469.79
10603,Ongoing,None,3661.34
8565,Failure,Severe,2329.94
9963,Ongoing,Severe,20423.85
9715,Success,Severe,45343.56
11189,Failure,None,45934.9
14609,Failure,None,36751.05
123,Failure,None,37326.03
4020,Ongoing,Mild,37368.1
9304,Failure,Mild,17594.01
2693,Success,Severe,6839.83
6397,Failure,None,38009.98
12512,Success,Mild,25270.01
7243,Ongoing,None,22477.96
2672,Success,Severe,32549.44
5261,Success,Mild,13765.87
8693,Ongoing,None,32335.44
9005,Failure,Mild,19475.49
4574,Ongoing,Severe,32130.39
9735,Ongoing,Severe,41095.89
11411,Failure,Mild,15386.74
14965,Success,Mild,6550.69
8832,Success,Severe,48351.63
3127,Ongoing,Mild,12400.9
9393,Success,Severe,3723.27
13936,Ongoing,None,18632.29
3359,Success,None,8184.62
5486,Success,None,41846.13
6486,Success,Mild,46776.1
7355,Success,None,39347.26
1089,Success,Severe,33341.03
2046,Failure,Severe,21527.94
9867,Ongoing,None,1373.7
11851,Failure,Mild,9653.34
4433,Success,Mild,48104.75
10683,Ongoing,Severe,36717.92
9313,Ongoing,Severe,47706.72
9483,Failure,Mild,40242.36
9618,Ongoing,Severe,30044.52
4516,Ongoing,None,44732.35
5637,Success,Mild,15771.93
5999,Success,None,32043.45
601,Ongoing,Severe,45591.08
11300,Success,Mild,3957.51
12593,Ongoing,Mild,14730.64
3112,Ongoing,None,45100.61
2854,Failure,Severe,1601.31
3840,Success,Mild,15629.69
11140,Ongoing,Mild,17604.9
8564,Failure,Mild,26397.24
267,Success,Severe,17739.7
14381,Failure,Mild,13282.22
4209,Failure,Severe,48178.17
7987,Ongoing,Mild,22075.83
7074,Ongoing,None,31367.73
4292,Ongoing,None,30056.43
7982,Ongoing,Severe,28346.82
14504,Success,Mild,4846.79
3444,Failure,Severe,41467.65
2964,Failure,None,24608.39
5335,Failure,Mild,37532.86
2943,Success,None,25059.75
11117,Failure,None,29606.82
12048,Success,Mild,26110.74
5383,Failure,Severe,35266.78
9470,Success,None,26118.32
4159,Ongoing,None,16586.14
5448,Failure,None,11392.22
13899,Success,Mild,4910.48
9329,Failure,Severe,41735.81
11367,Success,None,45597.07
1863,Ongoing,Severe,9592.02
6956,Failure,Mild,12402.64
5876,Ongoing,Severe,11256.69
3204,Success,Mild,21104.6
13805,Failure,Severe,35206.65
641,Success,Mild,33211.16
5716,Ongoing,Mild,45823.27
9920,Ongoing,None,3339.61
7263,Failure,Mild,18020.16
12933,Success,Mild,42543.43
4998,Success,None,10973.17
12867,Success,None,35534.26
9123,Success,Severe,5231.1
12825,Success,Severe,2257.91
7510,Ongoing,None,18866.22
13778,Failure,None,1375.83
7396,Ongoing,Severe,14594.74
3887,Success,Severe,30055.66
