trial_id,enrollment_date,treatment_start_date,treatment_end_date
3554,2023-02-26,2023-06-11,2024-08-23
3818,2023-01-01,2023-11-09,2024-02-23
7283,2023-09-17,2023-09-25,2024-01-15
10682,2023-02-23,2023-09-14,2024-01-28
12639,2023-05-24,2023-08-18,2024-09-01
2747,2023-08-25,2023-02-07,2024-01-28
8894,2023-02-26,2023-04-15,2024-02-22
8350,2023-07-22,2023-10-06,2024-06-13
5518,2023-01-26,2023-12-15,2024-06-05
9786,2023-02-18,2023-04-11,2024-04-16
13688,2023-03-03,2023-04-10,2024-12-22
4517,2023-01-15,2023-03-20,2024-12-24
6277,2023-10-01,2023-11-20,2024-02-21
9263,2023-09-07,2023-11-09,2024-03-13
9093,2023-05-24,2023-09-19,2024-01-15
3178,2023-02-22,2023-09-04,2024-02-03
7899,2023-06-11,2023-01-14,2024-04-02
11504,2023-04-09,2023-12-04,2024-01-03
4198,2023-07-03,2023-10-05,2024-09-06
5608,2023-09-23,2023-04-02,2024-05-17
11359,2023-01-10,2023-02-07,2024-04-08
9068,2023-06-04,2023-10-27,2024-09-28
10494,2023-06-19,2023-11-26,2024-02-10
13037,2023-07-28,2023-12-04,2024-08-14
6034,2023-02-12,2023-04-28,2024-07-25
5554,2023-05-06,2023-07-18,2024-05-06
13958,2023-12-17,2023-01-03,2024-07-06
9331,2023-10-07,2023-07-09,2024-06-12
10279,2023-11-12,2023-07-11,2024-05-14
5448,2023-02-16,2023-09-05,2024-01-11
6100,2023-03-15,2023-06-16,2024-12-03
690,2023-04-18,2023-02-10,2024-09-18
1104,2023-03-18,2023-06-22,2024-09-18
9827,2023-01-16,2023-12-07,2024-06-27
887,2023-02-21,2023-06-03,2024-12-20
875,2023-08-06,2023-04-04,2024-04-19
5945,2023-05-17,2023-09-11,2024-01-01
1255,2023-11-12,2023-03-05,2024-06-05
5092,2023-04-14,2023-04-26,2024-03-08
9482,2023-04-24,2023-02-14,2024-01-03
7899,2023-10-20,2023-02-08,2024-09-15
8979,2023-09-04,2023-03-04,2024-01-14
4040,2023-01-01,2023-06-15,2024-01-01
2705,2023-08-06,2023-01-14,2024-11-03
13869,2023-08-18,2023-11-25,2024-07-25
14012,2023-09-19,2023-05-09,2024-06-03
5928,2023-02-21,2023-11-23,2024-05-18
14384,2023-07-26,2023-04-26,2024-11-17
2635,2023-12-09,2023-01-28,2024-06-19
877,2023-02-01,2023-08-21,2024-03-04
7278,2023-06-05,2023-07-25,2024-02-24
12833,2023-08-04,2023-10-21,2024-06-02
5278,2023-11-26,2023-03-16,2024-11-26
7010,2023-09-10,2023-08-20,2024-01-02
3768,2023-06-13,2023-02-01,2024-09-05
10481,2023-08-24,2023-02-06,2024-03-13
14897,2023-05-19,2023-07-03,2024-02-14
1357,2023-02-27,2023-10-05,2024-07-25
9216,2023-10-24,2023-03-23,2024-11-21
9294,2023-07-12,2023-04-04,2024-01-21
14939,2023-02-26,2023-12-26,2024-04-01
13591,2023-03-06,2023-09-09,2024-08-10
11726,2023-04-26,2023-07-02,2024-05-28
3175,2023-10-14,2023-08-22,2024-02-16
10166,2023-01-15,2023-03-21,2024-08-20
1595,2023-07-20,2023-05-13,2024-07-16
14642,2023-05-27,2023-10-21,2024-10-19
2216,2023-03-10,2023-11-26,2024-11-01
4359,2023-04-28,2023-08-04,2024-02-19
10111,2023-11-10,2023-08-10,2024-02-02
6222,2023-12-25,2023-08-20,2024-11-09
8204,2023-03-04,2023-04-07,2024-08-09
10764,2023-03-02,2023-12-24,2024-06-07
7283,2023-10-07,2023-11-20,2024-07-03
1888,2023-10-09,2023-05-26,2024-09-23
14924,2023-04-02,2023-06-01,2024-04-21
13837,2023-06-01,2023-11-07,2024-10-18
3354,2023-05-04,2023-08-07,2024-09-03
1258,2023-02-13,2023-04-06,2024-10-02
11392,2023-11-13,2023-08-01,2024-09-03
13980,2023-11-05,2023-09-22,2024-11-13
1727,2023-02-10,2023-10-07,2024-07-16
341,2023-08-03,2023-10-02,2024-09-28
11829,2023-03-02,2023-08-13,2024-01-23
14145,2023-06-11,2023-10-04,2024-05-03
9356,2023-09-27,2023-02-09,2024-08-22
5348,2023-02-23,2023-11-21,2024-05-13
5017,2023-09-16,2023-09-08,2024-01-19
14084,2023-02-06,2023-12-18,2024-03-10
965,2023-07-08,2023-07-01,2024-09-06
8851,2023-05-14,2023-10-01,2024-07-02
13778,2023-12-22,2023-05-11,2024-07-07
13457,2023-03-19,2023-09-16,2024-04-23
936,2023-08-16,2023-10-12,2024-08-03
9327,2023-11-18,2023-06-23,2024-01-24
9505,2023-01-18,2023-05-24,2024-09-05
9819,2023-11-24,2023-10-26,2024-08-12
10309,2023-09-03,2023-03-10,2024-05-23
932,2023-04-13,2023-10-04,2024-11-22
7146,2023-06-01,2023-10-21,2024-12-06
3591,2023-01-12,2023-01-20,2024-01-09
3913,2023-12-23,2023-01-23,2024-08-06
14353,2023-08-28,2023-01-13,2024-08-11
10305,2023-11-09,2023-07-19,2024-05-16
3461,2023-11-21,2023-10-18,2024-11-15
911,2023-03-02,2023-10-02,2024-07-14
6329,2023-07-18,2023-06-06,2024-11-11
3690,2023-01-11,2023-11-21,2024-01-22
10024,2023-04-10,2023-03-01,2024-10-17
6186,2023-09-15,2023-09-18,2024-07-14
7798,2023-04-11,2023-02-19,2024-06-06
518,2023-12-02,2023-01-13,2024-03-09
2356,2023-12-26,2023-08-11,2024-09-08
1663,2023-10-15,2023-04-24,2024-07-18
5517,2023-05-27,2023-02-19,2024-11-09
1629,2023-07-22,2023-04-07,2024-07-15
10450,2023-07-09,2023-09-13,2024-11-13
9428,2023-05-09,2023-07-21,2024-12-06
1031,2023-04-21,2023-12-22,2024-12-17
6231,2023-08-05,2023-05-04,2024-06-14
1951,2023-03-02,2023-09-23,2024-04-23
13114,2023-03-21,2023-02-11,2024-10-15
775,2023-06-09,2023-02-23,2024-10-09
2688,2023-11-27,2023-04-15,2024-03-20
9871,2023-08-17,2023-03-25,2024-04-01
5109,2023-06-13,2023-09-16,2024-05-17
9978,2023-07-19,2023-03-10,2024-10-27
4777,2023-07-05,2023-07-05,2024-12-03
5399,2023-07-17,2023-12-21,2024-02-17
7120,2023-05-05,2023-01-05,2024-06-22
1780,2023-05-15,2023-06-17,2024-09-15
4227,2023-05-23,2023-02-05,2024-07-14
8229,2023-12-19,2023-05-14,2024-04-09
11139,2023-11-23,2023-11-28,2024-11-13
7316,2023-07-13,2023-11-19,2024-04-17
610,2023-04-13,2023-08-22,2024-12-05
2682,2023-06-21,2023-08-05,2024-08-24
13002,2023-05-26,2023-03-21,2024-06-03
10792,2023-11-27,2023-08-06,2024-01-05
8920,2023-09-14,2023-03-16,2024-06-25
9932,2023-01-20,2023-08-13,2024-07-26
6442,2023-02-23,2023-11-02,2024-12-07
14462,2023-08-27,2023-05-04,2024-12-19
1071,2023-04-19,2023-03-16,2024-03-24
11622,2023-09-17,2023-02-21,2024-02-13
8974,2023-08-27,2023-10-27,2024-04-26
14207,2023-12-11,2023-12-19,2024-09-08
207,2023-11-26,2023-09-14,2024-09-28
14187,2023-10-18,2023-12-16,2024-04-13
1097,2023-09-22,2023-08-07,2024-06-11
4994,2023-08-04,2023-12-28,2024-01-02
4443,2023-05-24,2023-10-09,2024-05-06
11329,2023-10-06,2023-05-06,2024-05-03
12270,2023-07-22,2023-03-19,2024-03-21
14365,2023-12-24,2023-05-01,2024-07-24
13429,2023-02-11,2023-09-14,2024-07-08
8783,2023-12-26,2023-11-21,2024-10-23
14878,2023-01-12,2023-05-20,2024-06-22
3497,2023-04-13,2023-07-28,2024-06-24
3766,2023-09-24,2023-12-25,2024-09-02
5835,2023-12-27,2023-08-11,2024-07-10
12153,2023-06-18,2023-07-02,2024-02-13
7585,2023-05-08,2023-04-02,2024-04-03
4951,2023-02-17,2023-05-13,2024-06-01
12572,2023-12-08,2023-12-19,2024-04-27
3330,2023-08-12,2023-09-13,2024-08-18
4971,2023-06-19,2023-07-16,2024-10-20
8680,2023-12-07,2023-01-14,2024-10-05
14231,2023-03-19,2023-01-11,2024-09-21
6714,2023-07-12,2023-12-17,2024-08-09
3589,2023-06-02,2023-12-19,2024-05-02
11249,2023-04-05,2023-05-11,2024-03-10
5928,2023-06-24,2023-07-15,2024-09-18
4752,2023-04-23,2023-05-24,2024-10-25
8749,2023-04-27,2023-08-27,2024-01-26
734,2023-05-20,2023-11-13,2024-08-02
8487,2023-04-25,2023-08-07,2024-07-15
4880,2023-03-10,2023-08-27,2024-08-16
13985,2023-01-27,2023-05-03,2024-07-25
3675,2023-11-12,2023-07-27,2024-06-05
13594,2023-09-17,2023-11-02,2024-02-18
14262,2023-01-26,2023-07-13,2024-12-07
2609,2023-08-10,2023-12-03,2024-02-11
10004,2023-03-16,2023-11-21,2024-11-05
5586,2023-12-09,2023-04-09,2024-07-07
14522,2023-11-01,2023-03-03,2024-05-07
4265,2023-02-09,2023-02-10,2024-07-22
5966,2023-05-07,2023-01-28,2024-12-21
8184,2023-05-21,2023-01-27,2024-11-24
13151,2023-07-02,2023-10-15,2024-11-12
4171,2023-01-24,2023-07-08,2024-04-04
12108,2023-07-27,2023-03-23,2024-09-24
14382,2023-11-07,2023-08-07,2024-09-15
6853,2023-02-11,2023-11-21,2024-08-20
14428,2023-11-25,2023-01-01,2024-10-08
13113,2023-10-16,2023-06-27,2024-10-21
13626,2023-07-01,2023-01-12,2024-02-12
4561,2023-09-28,2023-01-28,2024-09-02
10886,2023-10-21,2023-05-16,2024-06-17
152,2023-09-20,2023-12-03,2024-12-28
14077,2023-05-05,2023-12-21,2024-06-15
14112,2023-01-15,2023-04-19,2024-06-07
4922,2023-10-20,2023-01-24,2024-04-24
11956,2023-06-16,2023-08-22,2024-01-25
3927,2023-02-20,2023-11-28,2024-01-05
4716,2023-12-19,2023-12-14,2024-09-17
12619,2023-01-05,2023-06-12,2024-08-11
8012,2023-02-09,2023-11-13,2024-11-08
306,2023-05-12,2023-03-10,2024-04-07
4765,2023-08-12,2023-05-02,2024-01-04
12273,2023-08-19,2023-11-01,2024-02-23
6176,2023-12-18,2023-09-12,2024-10-05
1195,2023-03-26,2023-01-11,2024-02-18
13151,2023-09-13,2023-05-09,2024-10-23
14155,2023-07-12,2023-12-05,2024-04-01
14397,2023-02-05,2023-09-07,2024-12-18
352,2023-06-25,2023-07-23,2024-06-09
12753,2023-10-22,2023-06-26,2024-12-14
5121,2023-08-18,2023-10-18,2024-11-22
10639,2023-05-27,2023-05-12,2024-08-08
12777,2023-10-19,2023-04-20,2024-09-16
3617,2023-01-12,2023-10-15,2024-09-02
2882,2023-09-09,2023-05-23,2024-09-15
10944,2023-05-26,2023-04-22,2024-03-25
7090,2023-10-03,2023-03-11,2024-04-10
2746,2023-05-13,2023-07-17,2024-07-08
5291,2023-08-25,2023-04-15,2024-04-06
10447,2023-08-01,2023-05-25,2024-03-11
1655,2023-10-20,2023-10-11,2024-12-01
9194,2023-10-01,2023-06-04,2024-03-23
14768,2023-03-03,2023-07-16,2024-08-02
10896,2023-07-09,2023-08-10,2024-08-17
12703,2023-05-11,2023-09-22,2024-08-07
3132,2023-10-27,2023-05-18,2024-05-16
10453,2023-03-20,2023-05-28,2024-11-06
10169,2023-09-06,2023-03-15,2024-02-13
10959,2023-07-07,2023-06-07,2024-09-05
14231,2023-12-07,2023-07-03,2024-04-07
13287,2023-07-26,2023-12-06,2024-05-27
7353,2023-09-04,2023-03-06,2024-06-18
5999,2023-05-26,2023-04-12,2024-12-22
1737,2023-01-12,2023-08-13,2024-01-21
13242,2023-10-10,2023-01-17,2024-08-10
10652,2023-10-11,2023-12-15,2024-09-12
13522,2023-12-18,2023-10-07,2024-08-06
4126,2023-01-08,2023-11-03,2024-02-08
282,2023-03-25,2023-05-11,2024-06-16
3516,2023-08-18,2023-08-17,2024-06-13
12838,2023-08-14,2023-12-23,2024-02-21
12256,2023-03-13,2023-09-03,2024-06-12
1126,2023-01-09,2023-07-23,2024-05-15
6302,2023-07-17,2023-06-18,2024-02-24
13123,2023-01-14,2023-07-22,2024-02-09
10100,2023-02-04,2023-12-26,2024-03-20
2790,2023-07-27,2023-07-26,2024-03-04
13813,2023-09-20,2023-05-01,2024-07-21
5286,2023-11-12,2023-06-27,2024-09-10
7674,2023-11-16,2023-04-10,2024-10-20
9475,2023-04-11,2023-04-20,2024-02-18
4370,2023-11-01,2023-02-28,2024-10-21
8682,2023-08-14,2023-08-19,2024-05-07
9019,2023-12-05,2023-05-20,2024-02-25
13033,2023-05-25,2023-01-17,2024-08-14
6339,2023-01-25,2023-11-24,2024-10-07
10514,2023-04-01,2023-03-03,2024-01-22
10562,2023-02-11,2023-09-28,2024-08-27
12376,2023-07-13,2023-11-27,2024-12-18
12274,2023-11-26,2023-06-26,2024-02-14
13231,2023-07-12,2023-05-22,2024-04-26
6551,2023-07-19,2023-05-27,2024-03-12
3695,2023-06-06,2023-03-17,2024-08-03
9846,2023-01-04,2023-10-14,2024-04-03
2334,2023-03-22,2023-07-15,2024-08-18
6598,2023-12-22,2023-01-12,2024-02-20
7580,2023-09-05,2023-03-03,2024-08-03
2363,2023-12-12,2023-05-21,2024-08-14
14026,2023-01-28,2023-09-04,2024-12-26
14553,2023-01-17,2023-07-25,2024-06-07
11649,2023-12-27,2023-11-20,2024-06-13
798,2023-04-24,2023-01-12,2024-01-12
9519,2023-05-15,2023-01-14,2024-03-05
1795,2023-07-02,2023-12-27,2024-08-09
11112,2023-05-04,2023-09-12,2024-11-20
4424,2023-09-23,2023-05-24,2024-06-16
14808,2023-03-21,2023-11-03,2024-10-04
10982,2023-11-18,2023-06-13,2024-10-08
3671,2023-02-18,2023-09-22,2024-04-27
10517,2023-07-19,2023-10-05,2024-07-23
102,2023-02-02,2023-01-03,2024-12-22
13017,2023-06-02,2023-08-12,2024-09-28
3101,2023-03-13,2023-08-06,2024-06-20
14847,2023-12-09,2023-02-13,2024-04-02
8132,2023-07-14,2023-12-05,2024-09-07
9322,2023-02-02,2023-01-05,2024-03-16
7081,2023-02-08,2023-10-23,2024-09-13
10654,2023-04-16,2023-11-22,2024-07-15
9985,2023-04-20,2023-11-16,2024-02-14
4829,2023-08-22,2023-12-18,2024-04-01
8502,2023-09-18,2023-11-18,2024-11-26
2039,2023-08-11,2023-04-11,2024-10-08
12901,2023-04-06,2023-02-15,2024-05-11
13951,2023-03-09,2023-07-17,2024-12-18
3941,2023-08-24,2023-05-24,2024-05-02
9418,2023-05-27,2023-02-07,2024-06-04
8208,2023-11-11,2023-08-21,2024-04-03
9559,2023-04-15,2023-08-19,2024-04-15
13824,2023-09-09,2023-01-10,2024-05-09
7936,2023-05-09,2023-02-28,2024-07-10
12326,2023-03-07,2023-04-06,2024-08-22
3143,2023-05-25,2023-03-06,2024-04-22
3586,2023-10-13,2023-12-20,2024-04-20
11558,2023-12-06,2023-06-01,2024-08-14
7514,2023-03-08,2023-03-21,2024-03-12
1872,2023-01-28,2023-11-06,2024-06-13
8368,2023-12-23,2023-10-20,2024-08-12
3886,2023-05-01,2023-07-10,2024-03-02
554,2023-08-25,2023-09-20,2024-10-19
651,2023-08-16,2023-09-19,2024-06-28
8895,2023-08-15,2023-04-20,2024-09-12
1580,2023-10-17,2023-07-23,2024-04-28
5627,2023-02-09,2023-01-20,2024-07-08
697,2023-04-11,2023-04-03,2024-02-09
12253,2023-03-11,2023-10-07,2024-04-10
5689,2023-05-11,2023-06-15,2024-01-23
9377,2023-01-23,2023-06-01,2024-07-06
5975,2023-12-03,2023-02-15,2024-12-11
8123,2023-06-21,2023-08-14,2024-07-09
7682,2023-12-05,2023-03-08,2024-04-01
779,2023-12-24,2023-04-18,2024-03-18
9809,2023-01-03,2023-12-14,2024-09-14
5206,2023-10-28,2023-06-24,2024-04-11
11997,2023-03-07,2023-07-22,2024-07-25
10766,2023-01-07,2023-02-20,2024-10-21
12318,2023-01-28,2023-11-04,2024-08-03
14529,2023-11-01,2023-02-05,2024-02-14
6336,2023-09-13,2023-12-07,2024-08-10
410,2023-06-22,2023-10-11,2024-10-16
931,2023-01-21,2023-11-20,2024-06-22
10159,2023-05-05,2023-11-13,2024-05-12
12626,2023-07-18,2023-05-18,2024-05-11
9275,2023-08-24,2023-11-20,2024-10-17
658,2023-10-09,2023-06-07,2024-01-11
5941,2023-04-26,2023-02-25,2024-11-21
5948,2023-07-14,2023-01-09,2024-08-25
14162,2023-05-03,2023-01-04,2024-03-15
9653,2023-06-24,2023-07-27,2024-12-24
872,2023-05-04,2023-02-23,2024-12-04
2456,2023-03-13,2023-09-23,2024-09-11
4733,2023-06-27,2023-10-14,2024-08-10
13857,2023-06-11,2023-12-27,2024-08-06
47,2023-05-12,2023-07-06,2024-11-19
49,2023-05-23,2023-11-21,2024-11-27
9073,2023-08-25,2023-07-23,2024-03-04
11917,2023-08-15,2023-08-02,2024-05-04
12055,2023-03-21,2023-01-17,2024-01-10
3653,2023-05-23,2023-11-01,2024-02-01
2325,2023-12-26,2023-03-02,2024-02-17
13249,2023-05-09,2023-09-12,2024-09-09
9788,2023-01-23,2023-10-16,2024-08-05
8360,2023-08-08,2023-12-16,2024-05-01
6221,2023-01-13,2023-02-22,2024-04-08
8798,2023-06-05,2023-10-07,2024-05-26
12747,2023-03-08,2023-05-07,2024-08-19
9916,2023-01-14,2023-07-09,2024-02-06
5966,2023-09-20,2023-12-23,2024-02-27
2304,2023-07-09,2023-10-18,2024-06-28
6923,2023-02-05,2023-03-16,2024-03-15
2508,2023-07-09,2023-05-03,2024-08-02
3372,2023-08-11,2023-02-08,2024-07-14
5414,2023-07-13,2023-05-19,2024-07-20
2034,2023-11-20,2023-07-18,2024-01-22
13936,2023-10-15,2023-10-26,2024-06-25
8734,2023-08-08,2023-10-06,2024-11-01
7422,2023-08-07,2023-08-25,2024-05-14
10758,2023-11-14,2023-08-17,2024-07-22
12606,2023-04-14,2023-06-09,2024-07-15
4355,2023-04-12,2023-07-10,2024-11-01
7372,2023-04-08,2023-03-05,2024-05-27
7151,2023-04-07,2023-06-24,2024-01-22
1750,2023-04-05,2023-05-08,2024-08-18
3680,2023-11-23,2023-05-10,2024-11-01
5495,2023-10-14,2023-10-03,2024-06-11
11491,2023-12-03,2023-05-05,2024-04-17
9714,2023-03-13,2023-09-22,2024-10-05
13995,2023-01-11,2023-11-11,2024-02-20
12627,2023-07-16,2023-05-10,2024-06-05
10382,2023-10-28,2023-09-22,2024-10-01
14471,2023-08-07,2023-05-07,2024-05-03
13854,2023-05-14,2023-09-09,2024-05-05
11500,2023-05-27,2023-08-21,2024-11-18
4702,2023-06-27,2023-04-27,2024-09-19
11096,2023-02-13,2023-11-02,2024-02-03
1906,2023-01-03,2023-02-28,2024-02-18
8354,2023-08-08,2023-06-07,2024-11-22
4430,2023-02-11,2023-04-18,2024-02-06
1617,2023-11-19,2023-01-07,2024-09-05
5857,2023-05-10,2023-07-21,2024-05-20
4534,2023-05-25,2023-10-26,2024-12-05
5097,2023-06-17,2023-02-11,2024-08-14
1440,2023-10-08,2023-12-14,2024-06-18
9403,2023-07-20,2023-04-09,2024-03-19
11491,2023-05-12,2023-01-19,2024-12-17
5798,2023-01-12,2023-10-17,2024-05-16
6068,2023-04-03,2023-06-20,2024-05-11
4700,2023-12-21,2023-12-20,2024-10-05
13937,2023-02-10,2023-05-03,2024-05-19
8005,2023-01-06,2023-04-28,2024-11-07
5802,2023-10-03,2023-04-15,2024-07-10
2598,2023-04-06,2023-08-28,2024-06-23
12589,2023-08-19,2023-12-02,2024-08-18
11811,2023-11-16,2023-10-23,2024-11-02
7496,2023-12-06,2023-12-07,2024-09-17
12687,2023-12-17,2023-05-19,2024-10-08
1745,2023-07-19,2023-06-23,2024-09-08
38,2023-12-13,2023-06-21,2024-06-21
14829,2023-09-19,2023-04-08,2024-02-01
4455,2023-09-20,2023-05-13,2024-08-19
2983,2023-02-17,2023-10-28,2024-01-01
12113,2023-07-05,2023-01-08,2024-10-03
13610,2023-08-23,2023-12-26,2024-12-26
5843,2023-07-23,2023-05-03,2024-10-11
14143,2023-05-20,2023-10-12,2024-11-12
5828,2023-11-26,2023-03-06,2024-09-25
11466,2023-12-12,2023-07-24,2024-07-10
12719,2023-03-21,2023-04-07,2024-09-21
4778,2023-12-21,2023-12-04,2024-04-25
1077,2023-11-13,2023-02-26,2024-12-04
2745,2023-11-15,2023-04-12,2024-01-05
2701,2023-10-15,2023-09-14,2024-03-09
4223,2023-04-22,2023-03-07,2024-11-16
13400,2023-07-04,2023-04-26,2024-10-15
7201,2023-12-06,2023-11-20,2024-12-11
10047,2023-02-16,2023-08-13,2024-04-24
3337,2023-04-08,2023-08-22,2024-11-24
14156,2023-09-18,2023-03-25,2024-03-24
2078,2023-05-24,2023-03-14,2024-08-22
5686,2023-10-28,2023-03-22,2024-05-06
11811,2023-07-03,2023-06-17,2024-06-20
6748,2023-06-01,2023-12-17,2024-12-24
12106,2023-02-07,2023-05-23,2024-06-01
571,2023-11-03,2023-10-25,2024-04-05
13685,2023-05-21,2023-04-21,2024-09-27
12696,2023-07-07,2023-10-04,2024-09-05
2465,2023-03-20,2023-03-11,2024-09-23
14592,2023-09-27,2023-04-22,2024-10-15
3938,2023-08-13,2023-10-01,2024-10-25
12922,2023-09-02,2023-01-05,2024-01-03
914,2023-12-27,2023-06-18,2024-02-15
10874,2023-11-06,2023-03-26,2024-12-28
13907,2023-12-20,2023-06-22,2024-04-20
3617,2023-06-21,2023-11-02,2024-03-07
4109,2023-03-09,2023-10-01,2024-05-21
6767,2023-08-21,2023-03-23,2024-11-21
10233,2023-08-17,2023-05-23,2024-02-03
14274,2023-03-18,2023-06-09,2024-11-10
14040,2023-05-14,2023-04-06,2024-09-10
4836,2023-07-28,2023-08-16,2024-02-20
14341,2023-02-26,2023-09-20,2024-06-09
10551,2023-08-09,2023-10-17,2024-12-20
7656,2023-04-17,2023-02-12,2024-06-26
7748,2023-09-27,2023-07-11,2024-07-28
11958,2023-11-18,2023-02-02,2024-02-22
7918,2023-11-01,2023-06-10,2024-11-15
3170,2023-01-10,2023-11-02,2024-02-14
9889,2023-07-14,2023-06-28,2024-08-10
2588,2023-07-02,2023-04-28,2024-05-19
1086,2023-07-01,2023-03-25,2024-09-05
9394,2023-03-04,2023-07-10,2024-12-28
3266,2023-04-19,2023-09-15,2024-08-03
3217,2023-11-25,2023-11-24,2024-03-27
13396,2023-02-26,2023-10-13,2024-02-13
7340,2023-05-26,2023-11-01,2024-09-06
8441,2023-04-12,2023-05-11,2024-09-04
8189,2023-07-01,2023-05-01,2024-12-05
3352,2023-03-11,2023-03-27,2024-08-03
8047,2023-03-25,2023-08-22,2024-09-02
4004,2023-03-09,2023-08-03,2024-07-12
5052,2023-08-23,2023-12-17,2024-10-25
644,2023-02-21,2023-05-18,2024-08-27
4693,2023-04-25,2023-02-16,2024-05-21
87,2023-02-21,2023-03-26,2024-10-28
10551,2023-06-12,2023-06-07,2024-08-26
14616,2023-01-27,2023-05-25,2024-02-03
4807,2023-01-19,2023-11-13,2024-02-27
6262,2023-03-19,2023-09-22,2024-11-14
2448,2023-08-18,2023-06-04,2024-03-07
713,2023-05-06,2023-09-18,2024-07-17
3557,2023-11-27,2023-12-08,2024-07-07
6237,2023-09-22,2023-01-15,2024-11-20
6840,2023-12-20,2023-09-17,2024-08-01
7884,2023-11-26,2023-04-07,2024-01-01
13956,2023-01-25,2023-08-26,2024-07-27
13732,2023-02-02,2023-07-26,2024-01-05
1741,2023-04-27,2023-08-15,2024-11-25
8944,2023-08-01,2023-01-17,2024-04-16
13413,2023-08-09,2023-07-15,2024-03-03
11350,2023-07-18,2023-01-23,2024-04-12
868,2023-04-02,2023-11-18,2024-07-05
9265,2023-12-13,2023-04-04,2024-11-24
5831,2023-06-27,2023-11-12,2024-09-11
8589,2023-10-26,2023-10-07,2024-01-19
9577,2023-01-12,2023-06-09,2024-03-19
7713,2023-07-04,2023-05-10,2024-11-06
13905,2023-06-13,2023-11-26,2024-01-07
14100,2023-07-13,2023-08-09,2024-08-16
3226,2023-07-16,2023-11-14,2024-12-25
6772,2023-03-06,2023-11-24,2024-04-19
12383,2023-04-12,2023-10-14,2024-10-07
12940,2023-05-16,2023-08-16,2024-10-13
14660,2023-03-23,2023-05-27,2024-09-16
13449,2023-06-01,2023-01-05,2024-12-23
4622,2023-07-27,2023-02-12,2024-12-06
12118,2023-02-14,2023-02-28,2024-07-18
2589,2023-08-08,2023-12-22,2024-08-04
13729,2023-06-18,2023-09-22,2024-03-05
2572,2023-07-02,2023-10-10,2024-01-20
6309,2023-02-02,2023-05-14,2024-01-02
4571,2023-09-15,2023-11-13,2024-04-23
9002,2023-02-22,2023-04-27,2024-12-08
12197,2023-02-01,2023-09-18,2024-01-24
4468,2023-07-03,2023-07-16,2024-12-17
1671,2023-05-01,2023-11-06,2024-06-25
3889,2023-03-06,2023-09-20,2024-03-21
6465,2023-10-16,2023-09-13,2024-04-16
14969,2023-10-06,2023-12-16,2024-01-10
13379,2023-02-19,2023-08-24,2024-07-12
11634,2023-09-12,2023-02-14,2024-07-21
2346,2023-06-03,2023-05-13,2024-02-12
11345,2023-11-28,2023-04-26,2024-11-04
1895,2023-12-17,2023-11-28,2024-02-07
7697,2023-06-19,2023-04-18,2024-05-03
5830,2023-08-02,2023-10-25,2024-06-08
9057,2023-01-05,2023-03-26,2024-07-22
11012,2023-10-28,2023-01-12,2024-12-18
3632,2023-01-06,2023-09-15,2024-12-04
14635,2023-01-12,2023-05-22,2024-03-13
7570,2023-04-24,2023-06-13,2024-03-24
1638,2023-12-11,2023-05-19,2024-10-08
10486,2023-02-12,2023-02-28,2024-07-05
5110,2023-02-25,2023-02-17,2024-01-06
8226,2023-01-15,2023-10-21,2024-08-16
6522,2023-01-20,2023-05-08,2024-06-15
1614,2023-12-19,2023-11-26,2024-01-20
2510,2023-03-01,2023-03-28,2024-08-26
8689,2023-02-19,2023-06-19,2024-03-12
8786,2023-04-26,2023-04-09,2024-01-25
4291,2023-03-21,2023-09-02,2024-01-12
5132,2023-08-20,2023-02-01,2024-07-01
13743,2023-10-16,2023-12-01,2024-06-16
5682,2023-02-27,2023-01-28,2024-11-02
13152,2023-04-06,2023-08-11,2024-06-14
5761,2023-02-11,2023-05-01,2024-08-06
4926,2023-07-28,2023-06-28,2024-03-15
8592,2023-04-02,2023-01-22,2024-10-02
9487,2023-03-05,2023-04-26,2024-06-19
1765,2023-07-12,2023-01-26,2024-07-05
12337,2023-06-02,2023-07-03,2024-12-21
12302,2023-04-25,2023-08-14,2024-09-13
10164,2023-09-06,2023-11-14,2024-12-20
9020,2023-06-11,2023-12-11,2024-06-15
4761,2023-04-26,2023-07-07,2024-08-27
5180,2023-06-09,2023-01-16,2024-11-09
4351,2023-07-13,2023-06-07,2024-09-26
5344,2023-01-22,2023-08-10,2024-04-18
652,2023-10-18,2023-12-11,2024-04-05
14771,2023-06-22,2023-06-17,2024-09-07
10078,2023-12-04,2023-01-20,2024-05-07
7202,2023-10-25,2023-04-01,2024-03-12
8635,2023-12-16,2023-07-11,2024-12-26
5320,2023-10-15,2023-05-18,2024-09-12
10569,2023-01-10,2023-06-03,2024-09-05
3357,2023-07-28,2023-03-24,2024-10-20
10500,2023-05-07,2023-05-06,2024-04-24
2317,2023-10-20,2023-08-02,2024-05-28
1382,2023-06-07,2023-12-04,2024-10-04
12016,2023-04-20,2023-09-10,2024-06-28
6056,2023-02-14,2023-12-12,2024-02-28
11263,2023-09-25,2023-03-02,2024-12-02
4578,2023-12-10,2023-02-16,2024-06-08
4901,2023-05-25,2023-04-18,2024-05-18
3312,2023-10-24,2023-04-28,2024-05-03
14658,2023-09-15,2023-07-13,2024-12-01
4112,2023-02-03,2023-10-08,2024-01-18
1267,2023-12-18,2023-05-23,2024-09-28
13651,2023-02-01,2023-02-26,2024-10-25
5671,2023-01-28,2023-02-03,2024-07-20
13990,2023-09-28,2023-02-25,2024-08-05
2431,2023-09-08,2023-11-11,2024-03-26
6648,2023-04-04,2023-10-16,2024-09-11
9929,2023-06-28,2023-08-22,2024-04-22
5058,2023-09-16,2023-04-19,2024-05-21
2143,2023-12-26,2023-01-02,2024-03-17
1091,2023-01-01,2023-05-06,2024-01-16
9513,2023-12-07,2023-07-10,2024-07-28
13090,2023-06-08,2023-01-27,2024-04-05
1336,2023-12-28,2023-02-05,2024-11-28
703,2023-06-26,2023-01-22,2024-10-04
11652,2023-02-06,2023-07-04,2024-07-18
8244,2023-03-10,2023-04-15,2024-10-24
12702,2023-10-07,2023-12-23,2024-11-08
2375,2023-11-05,2023-06-03,2024-12-01
904,2023-12-14,2023-10-09,2024-12-24
10532,2023-07-26,2023-02-15,2024-03-10
8559,2023-07-12,2023-01-26,2024-05-09
7593,2023-09-18,2023-05-24,2024-07-02
4904,2023-03-20,2023-12-28,2024-02-08
14347,2023-01-28,2023-02-16,2024-11-10
9903,2023-10-01,2023-10-26,2024-06-10
1546,2023-12-22,2023-12-06,2024-08-15
14981,2023-07-06,2023-04-23,2024-08-22
9217,2023-12-27,2023-01-17,2024-11-04
7759,2023-03-09,2023-04-09,2024-12-26
3507,2023-04-07,2023-01-16,2024-12-18
11704,2023-04-04,2023-09-14,2024-01-20
3285,2023-04-23,2023-10-08,2024-11-11
9736,2023-05-07,2023-11-14,2024-05-09
4644,2023-01-25,2023-06-21,2024-01-18
5461,2023-11-16,2023-04-19,2024-12-18
8402,2023-03-02,2023-05-13,2024-05-08
4504,2023-01-14,2023-02-04,2024-03-06
6933,2023-02-21,2023-07-14,2024-05-10
5617,2023-07-05,2023-08-08,2024-01-17
6522,2023-04-04,2023-02-16,2024-12-06
9565,2023-03-11,2023-10-09,2024-01-19
923,2023-08-06,2023-02-22,2024-01-09
8270,2023-01-22,2023-05-04,2024-10-04
3849,2023-10-25,2023-09-17,2024-02-07
4634,2023-01-02,2023-02-09,2024-12-24
14266,2023-04-04,2023-07-26,2024-06-17
14263,2023-08-24,2023-03-11,2024-09-14
1029,2023-08-18,2023-07-24,2024-01-27
1453,2023-07-25,2023-04-03,2024-08-14
2994,2023-11-17,2023-02-16,2024-02-16
12344,2023-04-04,2023-07-18,2024-08-09
3974,2023-05-10,2023-07-01,2024-07-03
3421,2023-08-04,2023-08-22,2024-02-11
9634,2023-10-01,2023-04-20,2024-12-23
10175,2023-09-08,2023-02-27,2024-10-28
6446,2023-11-26,2023-07-02,2024-07-16
1773,2023-10-03,2023-10-10,2024-12-23
2151,2023-03-02,2023-02-28,2024-01-01
6208,2023-12-24,2023-02-16,2024-01-20
5191,2023-08-14,2023-02-11,2024-09-26
1240,2023-09-28,2023-07-28,2024-02-28
12195,2023-04-05,2023-02-08,2024-07-25
2378,2023-03-16,2023-03-22,2024-04-02
9311,2023-03-25,2023-02-23,2024-03-27
13626,2023-04-11,2023-05-13,2024-04-24
2572,2023-02-17,2023-04-21,2024-09-22
14097,2023-11-06,2023-11-27,2024-08-17
6563,2023-05-12,2023-09-21,2024-02-16
14732,2023-02-26,2023-12-14,2024-04-21
14644,2023-06-16,2023-07-08,2024-12-06
7053,2023-12-01,2023-05-07,2024-09-28
3375,2023-10-16,2023-06-02,2024-03-13
12747,2023-01-01,2023-05-27,2024-05-05
10085,2023-05-04,2023-02-15,2024-07-15
2338,2023-05-24,2023-07-21,2024-12-11
12645,2023-02-17,2023-10-11,2024-06-03
4592,2023-08-22,2023-12-14,2024-08-12
3296,2023-12-27,2023-07-09,2024-05-18
3810,2023-09-17,2023-10-04,2024-12-08
913,2023-07-12,2023-10-23,2024-02-11
2656,2023-10-13,2023-05-06,2024-12-12
13260,2023-11-02,2023-03-04,2024-03-25
9561,2023-11-13,2023-03-16,2024-09-13
5487,2023-10-10,2023-11-28,2024-10-23
10097,2023-07-20,2023-10-11,2024-07-10
2877,2023-02-28,2023-03-25,2024-06-12
7343,2023-01-26,2023-02-24,2024-05-21
9532,2023-03-07,2023-11-13,2024-06-02
6147,2023-10-23,2023-11-02,2024-12-26
7117,2023-12-27,2023-03-22,2024-07-14
2774,2023-03-08,2023-10-25,2024-06-26
12289,2023-05-27,2023-01-02,2024-09-13
1964,2023-01-26,2023-08-25,2024-03-27
6899,2023-05-04,2023-02-19,2024-12-25
8260,2023-03-04,2023-04-10,2024-03-05
3308,2023-08-26,2023-07-03,2024-04-19
11009,2023-02-01,2023-01-19,2024-09-24
1855,2023-07-15,2023-08-24,2024-09-10
3419,2023-12-22,2023-11-05,2024-11-18
1734,2023-12-18,2023-11-28,2024-12-17
1460,2023-08-21,2023-11-14,2024-04-07
8917,2023-03-10,2023-01-24,2024-10-23
7411,2023-02-21,2023-04-24,2024-04-11
5658,2023-12-03,2023-03-28,2024-11-25
9477,2023-07-17,2023-10-28,2024-02-04
11914,2023-12-06,2023-06-17,2024-05-26
7433,2023-04-04,2023-05-17,2024-01-17
7843,2023-12-17,2023-01-17,2024-01-23
9582,2023-11-19,2023-07-22,2024-04-15
5334,2023-04-20,2023-01-26,2024-06-05
12022,2023-01-16,2023-08-11,2024-09-13
7723,2023-02-11,2023-10-15,2024-06-20
10272,2023-09-11,2023-08-02,2024-12-22
8812,2023-12-28,2023-04-13,2024-10-25
12745,2023-10-18,2023-10-27,2024-07-14
4078,2023-08-01,2023-04-26,2024-05-02
7125,2023-12-16,2023-10-01,2024-01-08
785,2023-12-16,2023-06-03,2024-08-16
14868,2023-10-14,2023-09-02,2024-06-10
8707,2023-09-15,2023-10-06,2024-04-24
12631,2023-02-19,2023-10-10,2024-12-28
9205,2023-01-16,2023-01-02,2024-03-10
4725,2023-02-15,2023-10-11,2024-09-17
13354,2023-10-12,2023-02-12,2024-07-01
1464,2023-03-04,2023-07-18,2024-02-06
123,2023-11-20,2023-10-20,2024-08-25
11722,2023-01-08,2023-02-13,2024-09-13
5532,2023-05-09,2023-08-23,2024-01-25
2878,2023-08-22,2023-12-20,2024-06-23
5539,2023-07-01,2023-11-21,2024-02-28
8320,2023-05-22,2023-05-14,2024-05-16
13669,2023-02-18,2023-01-22,2024-02-13
1719,2023-01-22,2023-04-07,2024-12-15
6851,2023-06-13,2023-09-14,2024-03-19
44,2023-01-12,2023-07-02,2024-12-14
11454,2023-05-03,2023-06-04,2024-12-03
11903,2023-03-26,2023-08-20,2024-08-27
6089,2023-11-26,2023-10-22,2024-03-16
4850,2023-02-25,2023-05-03,2024-04-23
11635,2023-05-02,2023-09-04,2024-05-28
13389,2023-04-07,2023-12-20,2024-12-05
11825,2023-05-01,2023-03-07,2024-04-01
6338,2023-10-11,2023-03-09,2024-01-12
3005,2023-06-08,2023-12-26,2024-08-15
10766,2023-06-18,2023-11-24,2024-05-22
11992,2023-05-23,2023-11-13,2024-06-18
9067,2023-08-21,2023-05-24,2024-01-14
5978,2023-01-01,2023-11-24,2024-11-19
13139,2023-04-23,2023-08-21,2024-11-06
7813,2023-07-16,2023-05-22,2024-03-06
10385,2023-06-04,2023-07-08,2024-12-03
8289,2023-07-25,2023-08-27,2024-08-26
9349,2023-03-01,2023-07-23,2024-02-27
6241,2023-11-28,2023-08-27,2024-07-05
12780,2023-07-07,2023-07-07,2024-10-07
11226,2023-04-27,2023-09-02,2024-09-14
4300,2023-09-04,2023-09-14,2024-08-05
3891,2023-09-27,2023-02-18,2024-01-28
14895,2023-06-16,2023-07-03,2024-05-09
5124,2023-06-17,2023-07-11,2024-03-17
6958,2023-02-26,2023-06-06,2024-06-16
2297,2023-06-05,2023-02-06,2024-10-19
445,2023-05-26,2023-04-12,2024-11-06
12163,2023-08-23,2023-12-03,2024-09-20
4317,2023-04-15,2023-09-25,2024-09-01
1743,2023-07-09,2023-05-09,2024-08-10
870,2023-03-25,2023-04-21,2024-04-03
6822,2023-11-27,2023-02-21,2024-10-28
2792,2023-02-15,2023-06-27,2024-03-21
20,2023-08-27,2023-04-21,2024-09-20
5407,2023-06-11,2023-12-13,2024-06-02
11793,2023-09-28,2023-09-28,2024-03-09
913,2023-06-28,2023-04-13,2024-07-08
4838,2023-08-25,2023-11-04,2024-07-26
329,2023-08-26,2023-04-24,2024-09-12
9928,2023-12-12,2023-06-08,2024-03-12
8875,2023-08-04,2023-10-16,2024-12-19
10004,2023-03-14,2023-05-22,2024-09-20
7539,2023-09-23,2023-12-03,2024-08-15
10616,2023-03-17,2023-03-15,2024-12-25
4254,2023-12-07,2023-03-10,2024-05-05
12465,2023-07-04,2023-09-22,2024-03-12
5817,2023-11-05,2023-09-22,2024-10-11
13324,2023-12-21,2023-11-04,2024-08-04
7271,2023-08-24,2023-12-19,2024-10-16
11341,2023-02-16,2023-05-23,2024-08-17
8211,2023-08-14,2023-09-26,2024-09-22
1749,2023-12-25,2023-08-07,2024-02-26
5101,2023-10-18,2023-05-07,2024-10-27
2165,2023-02-16,2023-07-11,2024-01-08
12589,2023-08-01,2023-07-08,2024-06-10
5031,2023-10-26,2023-12-12,2024-11-18
1356,2023-03-07,2023-02-05,2024-12-20
9687,2023-09-03,2023-07-05,2024-01-15
3028,2023-04-09,2023-01-03,2024-02-20
3845,2023-11-14,2023-11-05,2024-11-06
11231,2023-05-02,2023-06-21,2024-03-18
12344,2023-04-20,2023-02-24,2024-09-26
9274,2023-01-04,2023-01-21,2024-06-10
1017,2023-11-16,2023-11-06,2024-05-02
3602,2023-12-13,2023-01-15,2024-10-18
9571,2023-12-21,2023-04-02,2024-02-20
11453,2023-09-07,2023-04-16,2024-04-03
7117,2023-08-13,2023-04-12,2024-01-16
397,2023-09-01,2023-04-27,2024-12-21
11246,2023-08-18,2023-12-28,2024-12-02
6116,2023-02-26,2023-06-07,2024-09-08
2630,2023-07-07,2023-07-17,2024-08-05
2878,2023-03-21,2023-04-20,2024-03-01
11689,2023-06-06,2023-03-23,2024-03-16
4844,2023-07-24,2023-01-25,2024-10-11
2302,2023-09-23,2023-10-19,2024-11-22
13994,2023-07-14,2023-01-09,2024-02-09
4589,2023-06-15,2023-11-12,2024-05-13
9410,2023-10-20,2023-07-18,2024-11-19
9337,2023-08-27,2023-09-12,2024-08-07
10467,2023-07-11,2023-04-18,2024-12-23
13933,2023-04-03,2023-04-09,2024-02-20
6687,2023-08-20,2023-11-03,2024-11-07
12172,2023-12-23,2023-01-01,2024-04-08
8930,2023-12-26,2023-05-07,2024-08-16
8417,2023-07-26,2023-10-18,2024-06-22
14657,2023-05-18,2023-03-26,2024-06-24
7957,2023-07-27,2023-07-05,2024-01-21
8172,2023-01-07,2023-11-11,2024-01-06
4883,2023-03-16,2023-10-19,2024-11-03
12499,2023-08-03,2023-06-18,2024-06-07
4272,2023-08-18,2023-07-15,2024-10-24
13175,2023-05-08,2023-06-21,2024-03-18
91,2023-07-06,2023-12-02,2024-10-17
3153,2023-06-16,2023-07-24,2024-09-20
12162,2023-06-21,2023-10-24,2024-12-01
1717,2023-12-05,2023-08-09,2024-02-01
4240,2023-07-06,2023-03-18,2024-06-11
8696,2023-02-23,2023-07-24,2024-01-08
13415,2023-05-28,2023-12-23,2024-03-02
4980,2023-12-24,2023-10-15,2024-11-23
1966,2023-04-04,2023-09-03,2024-05-09
5481,2023-02-05,2023-05-07,2024-08-12
10993,2023-07-09,2023-03-13,2024-08-03
8052,2023-03-11,2023-10-22,2024-05-08
5043,2023-12-07,2023-05-12,2024-12-09
4653,2023-03-26,2023-09-26,2024-10-02
4831,2023-08-23,2023-04-08,2024-05-06
6636,2023-07-08,2023-10-23,2024-12-25
946,2023-06-09,2023-08-15,2024-03-27
920,2023-09-24,2023-04-18,2024-12-10
4634,2023-01-15,2023-05-19,2024-07-24
10021,2023-03-27,2023-12-12,2024-04-19
3188,2023-12-17,2023-02-07,2024-03-04
11939,2023-05-01,2023-09-16,2024-09-27
5322,2023-10-18,2023-02-15,2024-05-03
5315,2023-02-27,2023-05-28,2024-01-12
6360,2023-11-01,2023-02-12,2024-05-22
14111,2023-11-01,2023-11-02,2024-09-17
5770,2023-07-28,2023-10-12,2024-10-24
14424,2023-07-04,2023-12-07,2024-05-03
10270,2023-07-22,2023-10-14,2024-06-01
7798,2023-04-19,2023-08-09,2024-01-20
7817,2023-12-20,2023-12-16,2024-01-14
6278,2023-01-08,2023-01-10,2024-04-18
5197,2023-05-21,2023-01-24,2024-06-28
9740,2023-08-15,2023-08-15,2024-08-04
12661,2023-05-11,2023-06-07,2024-12-24
10363,2023-07-25,2023-08-17,2024-11-22
8907,2023-01-25,2023-02-02,2024-12-13
10608,2023-10-02,2023-12-01,2024-05-05
2663,2023-07-09,2023-04-16,2024-08-21
10040,2023-07-20,2023-10-17,2024-03-11
3670,2023-06-17,2023-01-19,2024-05-26
11929,2023-07-02,2023-12-04,2024-08-23
10294,2023-02-11,2023-08-09,2024-08-12
4877,2023-01-15,2023-06-04,2024-03-02
11422,2023-02-15,2023-11-01,2024-07-03
3595,2023-05-15,2023-02-28,2024-04-15
11319,2023-08-02,2023-08-26,2024-02-04
6077,2023-08-14,2023-06-21,2024-05-13
8928,2023-07-03,2023-09-10,2024-12-11
9462,2023-06-19,2023-06-16,2024-02-04
7147,2023-04-14,2023-08-22,2024-01-08
11995,2023-05-08,2023-07-17,2024-12-07
692,2023-05-27,2023-10-22,2024-01-28
1869,2023-06-07,2023-11-09,2024-12-13
9257,2023-02-17,2023-12-02,2024-06-16
5172,2023-10-28,2023-04-24,2024-06-24
12370,2023-10-15,2023-05-19,2024-03-05
6410,2023-05-24,2023-12-16,2024-01-17
8835,2023-06-09,2023-05-16,2024-07-03
14430,2023-11-07,2023-04-03,2024-10-07
1283,2023-10-10,2023-02-09,2024-06-08
10269,2023-04-04,2023-12-08,2024-03-12
10698,2023-12-07,2023-12-06,2024-06-06
10333,2023-04-09,2023-05-16,2024-12-03
6670,2023-04-03,2023-08-26,2024-03-22
13655,2023-08-07,2023-06-17,2024-03-21
8713,2023-09-08,2023-12-18,2024-03-08
13247,2023-05-11,2023-08-04,2024-04-23
3737,2023-06-25,2023-05-16,2024-09-15
10769,2023-07-20,2023-03-12,2024-07-16
14322,2023-11-23,2023-10-17,2024-04-08
2815,2023-01-15,2023-05-16,2024-07-04
5378,2023-08-26,2023-04-03,2024-12-01
9889,2023-01-11,2023-08-24,2024-02-03
3631,2023-01-12,2023-07-16,2024-07-23
6007,2023-03-27,2023-09-26,2024-04-09
7266,2023-05-13,2023-12-26,2024-10-20
13719,2023-07-13,2023-01-05,2024-04-27
11734,2023-02-09,2023-12-20,2024-03-15
9784,2023-06-27,2023-02-09,2024-10-14
3226,2023-08-03,2023-06-19,2024-02-05
12685,2023-05-20,2023-08-02,2024-08-03
5910,2023-04-14,2023-10-08,2024-09-16
4102,2023-05-27,2023-04-01,2024-03-13
14519,2023-02-19,2023-07-20,2024-02-14
9637,2023-05-24,2023-12-04,2024-01-05
10482,2023-10-21,2023-11-27,2024-07-07
8031,2023-07-12,2023-09-23,2024-05-04
5449,2023-10-09,2023-07-24,2024-03-23
5475,2023-12-15,2023-09-24,2024-05-19
4837,2023-02-06,2023-06-15,2024-05-13
6794,2023-12-22,2023-01-11,2024-09-15
12161,2023-04-18,2023-08-22,2024-11-18
10577,2023-04-26,2023-08-20,2024-01-07
12448,2023-09-24,2023-11-18,2024-01-28
3290,2023-09-23,2023-08-25,2024-08-16
9842,2023-10-16,2023-11-05,2024-12-22
12130,2023-04-23,2023-02-25,2024-11-16
10268,2023-02-16,2023-09-26,2024-06-25
5129,2023-11-15,2023-08-12,2024-10-28
7266,2023-05-15,2023-08-08,2024-11-06
6337,2023-03-24,2023-03-06,2024-06-17
8907,2023-12-03,2023-05-09,2024-12-18
3222,2023-12-09,2023-08-01,2024-02-27
12482,2023-09-02,2023-12-01,2024-12-06
8199,2023-09-17,2023-11-24,2024-05-23
12263,2023-04-22,2023-08-27,2024-06-25
826,2023-04-03,2023-11-03,2024-07-12
4028,2023-06-01,2023-09-04,2024-01-24
14955,2023-09-20,2023-02-18,2024-10-26
375,2023-02-07,2023-06-28,2024-01-27
5162,2023-08-22,2023-06-13,2024-12-14
12261,2023-05-04,2023-10-21,2024-10-01
13675,2023-12-04,2023-01-07,2024-09-05
4338,2023-10-05,2023-02-14,2024-09-26
5040,2023-03-27,2023-04-22,2024-11-27
7175,2023-10-15,2023-09-09,2024-07-10
5827,2023-07-23,2023-01-28,2024-11-12
8536,2023-07-08,2023-04-21,2024-05-04
8726,2023-07-11,2023-05-06,2024-12-04
7267,2023-11-05,2023-05-13,2024-07-27
9920,2023-09-14,2023-11-28,2024-01-07
6729,2023-09-26,2023-04-18,2024-04-06
12838,2023-05-10,2023-12-10,2024-06-19
6867,2023-07-19,2023-08-26,2024-05-16
13374,2023-08-27,2023-05-05,2024-06-27
1430,2023-04-05,2023-02-24,2024-04-16
11133,2023-03-20,2023-10-07,2024-08-06
12508,2023-08-09,2023-02-12,2024-07-01
6137,2023-05-28,2023-05-02,2024-01-26
733,2023-03-08,2023-05-02,2024-11-04
14748,2023-04-11,2023-07-23,2024-03-04
11472,2023-08-20,2023-01-13,2024-08-18
7981,2023-09-08,2023-08-20,2024-08-16
11763,2023-05-01,2023-09-13,2024-10-04
9098,2023-04-28,2023-01-22,2024-07-25
5572,2023-03-12,2023-02-04,2024-01-04
14737,2023-08-27,2023-11-06,2024-04-24
4603,2023-12-10,2023-01-03,2024-11-15
9372,2023-08-15,2023-09-22,2024-02-22
14889,2023-04-05,2023-07-15,2024-11-01
14167,2023-09-14,2023-07-10,2024-07-09
11227,2023-09-12,2023-02-15,2024-06-11
4752,2023-08-23,2023-11-14,2024-10-09
3179,2023-10-05,2023-03-24,2024-10-19
9398,2023-03-28,2023-04-02,2024-03-20
8522,2023-02-09,2023-01-15,2024-04-04
7961,2023-11-26,2023-10-20,2024-05-28
4905,2023-03-06,2023-06-18,2024-10-12
9928,2023-11-19,2023-01-17,2024-02-15
12782,2023-09-04,2023-09-03,2024-06-23
10344,2023-06-03,2023-11-24,2024-08-07
9520,2023-05-05,2023-07-09,2024-01-04
2462,2023-02-14,2023-06-28,2024-11-08
3041,2023-05-11,2023-06-20,2024-07-27
2811,2023-12-25,2023-12-08,2024-12-16
12227,2023-11-15,2023-05-18,2024-11-24
5098,2023-02-08,2023-06-03,2024-07-18
4683,2023-05-18,2023-01-06,2024-06-03
10578,2023-11-18,2023-06-03,2024-10-11
4062,2023-05-22,2023-10-16,2024-11-21
12615,2023-05-16,2023-03-17,2024-05-13
8771,2023-05-13,2023-10-18,2024-08-27
2426,2023-09-02,2023-04-02,2024-05-09
721,2023-01-27,2023-07-16,2024-05-04
6915,2023-03-26,2023-02-12,2024-03-10
9019,2023-01-12,2023-03-27,2024-01-14
2493,2023-11-24,2023-05-16,2024-07-16
5356,2023-10-13,2023-11-16,2024-01-26
760,2023-06-14,2023-04-18,2024-06-13
11022,2023-10-06,2023-09-20,2024-05-27
9781,2023-07-03,2023-11-25,2024-06-13
4395,2023-06-22,2023-06-23,2024-11-12
8179,2023-06-11,2023-09-11,2024-08-25
14401,2023-11-11,2023-09-07,2024-09-06
4647,2023-06-23,2023-04-04,2024-11-03
9278,2023-10-26,2023-01-28,2024-09-27
6205,2023-12-03,2023-02-09,2024-11-02
85,2023-09-21,2023-01-19,2024-08-12
13285,2023-11-19,2023-09-07,2024-05-19
659,2023-06-22,2023-10-23,2024-10-13
185,2023-03-22,2023-01-16,2024-10-06
1289,2023-11-10,2023-11-13,2024-06-12
6458,2023-03-10,2023-06-26,2024-06-06
6983,2023-09-19,2023-07-22,2024-08-26
10049,2023-12-25,2023-07-22,2024-07-17
7466,2023-12-08,2023-07-12,2024-06-27
5616,2023-02-16,2023-10-21,2024-08-25
6380,2023-05-09,2023-01-09,2024-10-25
12063,2023-12-26,2023-05-28,2024-03-06
4046,2023-09-25,2023-03-28,2024-09-16
3486,2023-05-17,2023-10-13,2024-09-13
3557,2023-09-10,2023-04-24,2024-01-13
12429,2023-09-28,2023-02-21,2024-07-02
1524,2023-04-01,2023-07-09,2024-04-01
11438,2023-06-03,2023-06-20,2024-12-28
8692,2023-05-16,2023-11-21,2024-05-16
3448,2023-07-20,2023-02-10,2024-07-21
2329,2023-11-11,2023-01-08,2024-02-16
3189,2023-04-01,2023-05-14,2024-05-22
267,2023-08-19,2023-04-19,2024-04-25
1398,2023-05-12,2023-08-12,2024-11-19
12562,2023-04-26,2023-04-10,2024-01-23
9750,2023-04-04,2023-04-15,2024-02-13
8815,2023-09-11,2023-08-08,2024-04-09
6885,2023-10-17,2023-10-27,2024-07-23
14905,2023-03-14,2023-10-14,2024-06-20
13213,2023-11-07,2023-06-27,2024-09-05
4161,2023-11-27,2023-12-25,2024-04-18
14364,2023-12-10,2023-09-07,2024-07-15
359,2023-05-10,2023-07-03,2024-01-17
11911,2023-10-15,2023-04-15,2024-09-17
6745,2023-08-02,2023-10-15,2024-08-17
7988,2023-07-04,2023-08-17,2024-03-15
5707,2023-02-09,2023-05-01,2024-11-20
6648,2023-08-18,2023-09-03,2024-04-16
12141,2023-12-24,2023-01-25,2024-03-06
14230,2023-07-01,2023-03-23,2024-01-05
2386,2023-03-07,2023-05-14,2024-09-13
5867,2023-05-22,2023-12-19,2024-06-06
11862,2023-09-04,2023-09-20,2024-06-07
3585,2023-04-21,2023-03-14,2024-08-15
9610,2023-09-28,2023-07-22,2024-04-18
5718,2023-02-14,2023-08-10,2024-11-20
970,2023-07-19,2023-06-09,2024-10-23
8609,2023-08-05,2023-03-13,2024-07-11
616,2023-11-27,2023-03-28,2024-07-16
2607,2023-05-14,2023-07-13,2024-01-20
15,2023-06-17,2023-03-02,2024-09-22
11406,2023-02-20,2023-09-20,2024-09-04
1143,2023-12-06,2023-01-23,2024-02-14
7535,2023-04-01,2023-11-23,2024-02-04
10408,2023-05-04,2023-06-04,2024-10-11
7574,2023-10-04,2023-04-03,2024-06-18
11077,2023-07-20,2023-01-13,2024-04-19
1530,2023-12-16,2023-03-02,2024-04-05
598,2023-09-07,2023-02-26,2024-08-12
2465,2023-01-20,2023-05-22,2024-07-07
7610,2023-10-09,2023-11-17,2024-04-25
2168,2023-12-03,2023-03-23,2024-03-08
6425,2023-03-18,2023-08-12,2024-01-04
4134,2023-08-11,2023-08-20,2024-02-02
1793,2023-07-17,2023-11-21,2024-06-23
4032,2023-11-07,2023-01-23,2024-02-23
14683,2023-01-21,2023-06-24,2024-12-11
855,2023-04-12,2023-10-28,2024-10-04
12479,2023-06-24,2023-04-12,2024-01-20
9864,2023-07-24,2023-09-22,2024-06-18
3329,2023-09-12,2023-06-17,2024-08-25
9653,2023-06-19,2023-09-28,2024-02-27
2242,2023-10-19,2023-03-15,2024-08-02
11884,2023-11-18,2023-05-08,2024-08-24
10688,2023-01-01,2023-05-05,2024-03-22
14760,2023-05-16,2023-06-04,2024-07-09
10381,2023-12-02,2023-12-26,2024-06-28
9538,2023-09-07,2023-01-14,2024-08-14
9658,2023-05-01,2023-03-02,2024-01-14
8529,2023-04-04,2023-07-05,2024-09-01
7238,2023-05-12,2023-08-15,2024-05-28
7452,2023-04-22,2023-07-02,2024-10-23
6151,2023-08-18,2023-12-27,2024-05-22
10592,2023-01-07,2023-05-16,2024-01-27
4376,2023-08-07,2023-06-11,2024-09-01
2276,2023-02-19,2023-08-05,2024-02-22
10886,2023-11-06,2023-07-16,2024-10-18
12966,2023-05-17,2023-04-06,2024-08-07
12873,2023-12-10,2023-07-18,2024-06-26
7809,2023-03-18,2023-10-09,2024-05-13
6751,2023-12-13,2023-04-04,2024-06-22
8019,2023-03-19,2023-04-24,2024-06-28
3341,2023-01-27,2023-01-19,2024-01-24
14394,2023-07-26,2023-05-21,2024-11-09
3768,2023-07-06,2023-11-05,2024-09-17
13031,2023-12-03,2023-02-11,2024-11-21
13140,2023-06-20,2023-01-28,2024-10-14
2448,2023-02-13,2023-02-24,2024-02-26
5010,2023-06-08,2023-07-05,2024-10-26
2299,2023-08-13,2023-07-27,2024-12-09
6131,2023-01-02,2023-06-21,2024-05-04
14324,2023-09-16,2023-10-16,2024-01-14
9847,2023-06-24,2023-08-21,2024-01-13
6363,2023-02-03,2023-05-17,2024-11-15
8845,2023-07-09,2023-09-01,2024-08-07
14457,2023-09-19,2023-01-25,2024-12-08
3783,2023-05-25,2023-09-12,2024-06-19
8523,2023-06-12,2023-10-07,2024-11-17
9472,2023-03-12,2023-09-27,2024-07-14
6766,2023-02-02,2023-03-14,2024-08-01
10985,2023-02-17,2023-10-25,2024-01-15
5174,2023-01-27,2023-06-21,2024-11-13
11896,2023-09-16,2023-07-07,2024-03-25
5862,2023-11-13,2023-06-21,2024-02-01
10995,2023-11-11,2023-06-08,2024-02-25
13897,2023-10-16,2023-12-26,2024-12-13
10653,2023-03-13,2023-07-28,2024-07-04
3946,2023-12-14,2023-11-25,2024-04-04
7022,2023-11-17,2023-02-28,2024-04-22
12541,2023-12-16,2023-12-23,2024-12-15
4483,2023-11-18,2023-03-19,2024-01-20
926,2023-06-07,2023-09-25,2024-07-08
1659,2023-04-25,2023-06-24,2024-12-23
13850,2023-08-26,2023-03-10,2024-02-23
10932,2023-09-24,2023-05-05,2024-10-11
202,2023-05-22,2023-11-21,2024-09-05
9512,2023-10-26,2023-04-03,2024-05-15
3668,2023-06-17,2023-01-22,2024-08-20
10111,2023-09-24,2023-07-23,2024-04-11
6871,2023-02-02,2023-06-21,2024-12-15
9643,2023-07-08,2023-12-13,2024-08-22
6117,2023-01-26,2023-03-04,2024-06-16
7592,2023-11-22,2023-02-11,2024-11-26
12467,2023-01-20,2023-10-28,2024-05-12
1784,2023-07-27,2023-09-06,2024-11-21
3668,2023-06-24,2023-08-20,2024-03-27
10603,2023-05-01,2023-01-19,2024-12-04
1122,2023-09-19,2023-03-12,2024-10-22
14208,2023-09-17,2023-03-14,2024-04-09
9275,2023-06-20,2023-11-24,2024-03-14
13340,2023-01-08,2023-02-07,2024-02-07
13036,2023-04-13,2023-07-26,2024-06-17
8123,2023-11-15,2023-03-26,2024-09-07
10045,2023-10-19,2023-06-22,2024-12-16
5690,2023-02-26,2023-04-15,2024-01-02
2184,2023-01-25,2023-01-15,2024-08-02
10880,2023-05-25,2023-10-19,2024-03-03
3539,2023-10-03,2023-02-21,2024-09-17
7016,2023-02-03,2023-07-13,2024-11-20
12205,2023-08-11,2023-12-24,2024-02-07
9169,2023-03-17,2023-09-10,2024-02-21
3006,2023-10-19,2023-03-16,2024-05-14
7330,2023-10-06,2023-08-25,2024-07-21
1709,2023-02-23,2023-01-25,2024-03-25
5352,2023-02-12,2023-11-02,2024-01-12
8075,2023-01-15,2023-03-23,2024-04-04
6561,2023-05-21,2023-03-03,2024-03-02
1717,2023-06-08,2023-09-23,2024-11-21
12235,2023-07-14,2023-08-10,2024-05-12
4990,2023-09-06,2023-03-03,2024-12-16
10163,2023-09-12,2023-04-08,2024-02-06
659,2023-01-01,2023-07-13,2024-07-11
282,2023-08-24,2023-11-11,2024-11-23
7987,2023-01-20,2023-07-15,2024-01-12
5426,2023-12-10,2023-11-22,2024-03-09
484,2023-11-01,2023-09-18,2024-03-08
14583,2023-03-14,2023-06-11,2024-09-12
13855,2023-08-17,2023-11-24,2024-06-12
3998,2023-02-16,2023-02-20,2024-11-02
6052,2023-08-26,2023-02-18,2024-06-11
14837,2023-02-27,2023-06-09,2024-04-06
14016,2023-10-01,2023-12-21,2024-04-17
11652,2023-03-02,2023-12-22,2024-08-17
7745,2023-02-22,2023-03-11,2024-03-20
5947,2023-01-07,2023-07-20,2024-12-17
8733,2023-08-06,2023-06-08,2024-04-07
2206,2023-12-23,2023-03-20,2024-07-14
12388,2023-07-27,2023-03-06,2024-11-19
12196,2023-05-07,2023-02-21,2024-11-22
881,2023-04-22,2023-01-09,2024-09-14
14373,2023-08-01,2023-05-22,2024-07-23
6900,2023-01-10,2023-08-13,2024-04-16
14839,2023-11-20,2023-12-19,2024-11-15
951,2023-03-21,2023-11-04,2024-11-11
1277,2023-01-07,2023-03-09,2024-01-25
3544,2023-02-24,2023-03-28,2024-10-08
7865,2023-04-26,2023-07-10,2024-10-11
9566,2023-11-09,2023-01-13,2024-10-09
13063,2023-08-05,2023-10-12,2024-08-08
14535,2023-02-18,2023-03-27,2024-01-19
1032,2023-08-16,2023-07-21,2024-06-12
9930,2023-02-10,2023-09-06,2024-04-02
10086,2023-07-09,2023-06-14,2024-03-19
9664,2023-02-04,2023-11-02,2024-02-23
8742,2023-12-22,2023-02-28,2024-10-05
5113,2023-12-17,2023-10-11,2024-09-19
8811,2023-08-09,2023-08-15,2024-05-08
11714,2023-11-09,2023-10-05,2024-08-03
1931,2023-08-14,2023-02-06,2024-11-16
6518,2023-05-26,2023-03-13,2024-03-04
10174,2023-04-14,2023-11-03,2024-11-17
1184,2023-09-14,2023-09-22,2024-03-16
7717,2023-02-25,2023-05-24,2024-05-01
9472,2023-03-27,2023-02-23,2024-04-07
11881,2023-07-18,2023-07-23,2024-07-02
92,2023-06-21,2023-10-09,2024-01-09
3886,2023-11-11,2023-12-23,2024-08-05
2460,2023-06-16,2023-09-10,2024-12-12
5922,2023-03-25,2023-04-28,2024-02-05
4557,2023-03-15,2023-10-23,2024-06-07
10524,2023-08-09,2023-10-28,2024-02-05
6050,2023-08-07,2023-02-07,2024-05-25
322,2023-02-27,2023-08-19,2024-01-14
11137,2023-11-03,2023-10-10,2024-01-06
8264,2023-08-22,2023-01-02,2024-12-10
8389,2023-02-12,2023-12-07,2024-11-19
6526,2023-11-15,2023-07-03,2024-03-22
6253,2023-07-09,2023-08-18,2024-09-19
3151,2023-05-28,2023-07-15,2024-01-19
13326,2023-02-15,2023-12-22,2024-03-24
12801,2023-07-18,2023-09-22,2024-10-03
4129,2023-05-12,2023-06-20,2024-10-13
5213,2023-05-09,2023-06-12,2024-07-25
8552,2023-03-14,2023-05-17,2024-04-08
10602,2023-03-11,2023-02-07,2024-07-20
12047,2023-07-02,2023-05-07,2024-06-14
1940,2023-04-12,2023-05-04,2024-02-03
13580,2023-10-25,2023-03-23,2024-12-12
14470,2023-08-20,2023-12-20,2024-06-08
11345,2023-04-06,2023-05-12,2024-06-24
1381,2023-12-11,2023-01-02,2024-09-07
12034,2023-06-11,2023-09-01,2024-08-01
14667,2023-04-25,2023-11-11,2024-12-25
4612,2023-02-11,2023-10-10,2024-09-11
8539,2023-09-24,2023-04-20,2024-05-03
743,2023-01-27,2023-12-05,2024-11-14
11696,2023-05-12,2023-03-07,2024-10-26
11737,2023-04-26,2023-04-02,2024-05-13
3137,2023-10-16,2023-11-12,2024-09-11
7585,2023-10-27,2023-11-07,2024-05-20
6642,2023-05-19,2023-01-02,2024-09-01
10019,2023-07-04,2023-03-03,2024-05-23
9764,2023-05-07,2023-01-23,2024-08-24
321,2023-11-25,2023-11-20,2024-12-27
11488,2023-04-10,2023-11-15,2024-09-01
1626,2023-10-23,2023-05-07,2024-12-19
2559,2023-10-06,2023-08-02,2024-05-27
14753,2023-02-09,2023-07-08,2024-07-12
3896,2023-02-17,2023-10-03,2024-04-09
285,2023-04-23,2023-08-13,2024-05-05
10917,2023-05-04,2023-02-16,2024-09-07
14930,2023-01-09,2023-12-05,2024-09-09
11811,2023-06-11,2023-11-01,2024-12-16
13767,2023-12-13,2023-02-09,2024-12-19
8341,2023-04-10,2023-10-20,2024-02-02
6839,2023-04-03,2023-03-07,2024-02-14
1196,2023-01-11,2023-08-21,2024-09-26
14947,2023-03-22,2023-01-12,2024-04-23
2165,2023-09-14,2023-10-18,2024-06-18
12940,2023-08-09,2023-01-02,2024-01-20
1180,2023-12-13,2023-06-18,2024-12-16
7869,2023-08-20,2023-05-20,2024-01-02
13375,2023-02-15,2023-06-20,2024-11-09
6528,2023-11-21,2023-06-27,2024-07-12
2800,2023-07-15,2023-02-22,2024-07-13
10852,2023-09-20,2023-10-01,2024-12-16
8327,2023-09-19,2023-07-22,2024-02-08
6307,2023-07-08,2023-05-02,2024-08-04
5327,2023-08-14,2023-11-08,2024-10-06
3783,2023-07-04,2023-01-14,2024-01-03
155,2023-04-27,2023-04-23,2024-10-28
6407,2023-01-09,2023-06-25,2024-05-03
12109,2023-02-16,2023-12-21,2024-08-26
2829,2023-01-15,2023-04-12,2024-09-17
10041,2023-09-28,2023-05-24,2024-03-16
1079,2023-07-05,2023-07-09,2024-02-06
13685,2023-08-21,2023-03-02,2024-01-25
6676,2023-01-04,2023-07-07,2024-04-22
1139,2023-03-22,2023-02-13,2024-06-16
3164,2023-03-08,2023-02-25,2024-07-05
6129,2023-06-20,2023-08-01,2024-05-14
10591,2023-10-09,2023-11-12,2024-09-02
7927,2023-04-16,2023-08-26,2024-04-15
7607,2023-06-20,2023-10-09,2024-07-06
2362,2023-02-20,2023-06-03,2024-09-07
4861,2023-07-24,2023-06-27,2024-02-22
1580,2023-02-21,2023-08-28,2024-03-09
5792,2023-06-11,2023-02-25,2024-02-14
1567,2023-06-27,2023-08-06,2024-05-17
1540,2023-04-01,2023-09-08,2024-12-16
764,2023-05-05,2023-01-13,2024-02-19
7237,2023-07-17,2023-01-11,2024-09-20
3479,2023-07-20,2023-04-15,2024-12-05
2469,2023-10-12,2023-03-25,2024-06-21
4707,2023-11-18,2023-04-15,2024-03-17
1109,2023-06-06,2023-11-24,2024-08-13
6205,2023-11-16,2023-08-13,2024-03-14
5217,2023-09-11,2023-05-11,2024-02-24
3498,2023-07-04,2023-02-27,2024-05-09
13896,2023-11-17,2023-03-18,2024-06-15
5778,2023-09-23,2023-10-26,2024-01-13
8913,2023-04-09,2023-08-25,2024-01-09
10815,2023-08-19,2023-09-21,2024-11-28
7655,2023-12-13,2023-02-21,2024-03-02
9736,2023-04-15,2023-01-05,2024-12-21
5020,2023-10-06,2023-02-02,2024-07-16
5277,2023-06-12,2023-12-26,2024-11-26
6333,2023-05-16,2023-09-19,2024-10-27
13485,2023-04-03,2023-07-14,2024-02-02
11008,2023-12-02,2023-11-05,2024-05-28
911,2023-12-26,2023-04-27,2024-05-19
12891,2023-05-25,2023-04-04,2024-05-27
6762,2023-06-17,2023-04-06,2024-05-15
13852,2023-12-20,2023-03-21,2024-01-11
8818,2023-05-02,2023-03-23,2024-07-20
4855,2023-09-26,2023-02-19,2024-01-06
7116,2023-12-15,2023-06-09,2024-03-04
11065,2023-12-17,2023-05-12,2024-08-19
8680,2023-03-13,2023-02-16,2024-04-16
13750,2023-02-27,2023-07-12,2024-01-03
1055,2023-06-22,2023-11-06,2024-09-09
6994,2023-06-21,2023-11-01,2024-12-25
4524,2023-03-19,2023-09-21,2024-07-11
14592,2023-02-10,2023-10-07,2024-08-02
1329,2023-07-18,2023-01-17,2024-06-13
1293,2023-03-21,2023-04-26,2024-03-27
11646,2023-07-17,2023-06-12,2024-02-20
11249,2023-05-02,2023-01-22,2024-04-06
4526,2023-05-28,2023-10-15,2024-03-12
4915,2023-06-18,2023-03-20,2024-06-25
6778,2023-07-20,2023-06-02,2024-12-09
3969,2023-05-26,2023-04-15,2024-02-19
1077,2023-10-15,2023-10-24,2024-04-14
12774,2023-02-03,2023-01-01,2024-10-19
290,2023-12-23,2023-03-03,2024-08-24
930,2023-08-11,2023-06-28,2024-06-20
6100,2023-03-21,2023-02-01,2024-01-20
14468,2023-08-16,2023-05-28,2024-02-03
3627,2023-07-27,2023-01-20,2024-08-02
3325,2023-10-10,2023-07-01,2024-03-12
3202,2023-02-13,2023-07-21,2024-01-16
11798,2023-02-02,2023-04-27,2024-06-21
12,2023-03-12,2023-09-27,2024-01-20
14632,2023-05-21,2023-05-16,2024-03-01
8033,2023-01-09,2023-11-09,2024-11-17
515,2023-08-20,2023-08-25,2024-08-16
8089,2023-12-17,2023-05-22,2024-12-23
6279,2023-04-03,2023-10-09,2024-02-02
12930,2023-01-14,2023-06-19,2024-11-28
6952,2023-08-03,2023-10-07,2024-11-28
9465,2023-05-14,2023-12-17,2024-02-22
8747,2023-11-12,2023-02-15,2024-03-09
11054,2023-05-02,2023-07-24,2024-12-06
1543,2023-08-22,2023-03-02,2024-06-10
8831,2023-04-02,2023-07-18,2024-05-20
6592,2023-10-05,2023-05-02,2024-05-11
348,2023-11-05,2023-12-03,2024-12-21
10273,2023-06-14,2023-02-08,2024-10-23
581,2023-02-06,2023-12-27,2024-06-11
3043,2023-10-11,2023-11-16,2024-03-12
7931,2023-01-22,2023-08-23,2024-08-12
9545,2023-02-02,2023-11-14,2024-09-27
943,2023-08-09,2023-06-17,2024-06-24
413,2023-03-02,2023-03-06,2024-04-22
1862,2023-10-12,2023-04-21,2024-01-04
3447,2023-08-13,2023-09-03,2024-07-24
5087,2023-02-03,2023-06-01,2024-02-19
547,2023-08-20,2023-03-23,2024-06-08
9914,2023-05-15,2023-10-04,2024-05-19
5977,2023-11-20,2023-02-21,2024-09-17
2952,2023-01-12,2023-12-13,2024-09-24
6122,2023-04-06,2023-05-12,2024-10-24
6327,2023-02-21,2023-02-09,2024-02-05
4103,2023-04-13,2023-08-26,2024-04-12
1899,2023-11-26,2023-01-15,2024-11-09
2857,2023-06-06,2023-11-24,2024-07-08
4727,2023-12-26,2023-12-06,2024-10-14
3478,2023-12-27,2023-02-06,2024-03-07
4365,2023-06-12,2023-01-21,2024-12-20
11925,2023-03-12,2023-04-25,2024-05-18
6119,2023-10-27,2023-04-23,2024-11-26
1933,2023-06-01,2023-11-23,2024-02-28
2204,2023-12-08,2023-09-16,2024-03-07
5139,2023-04-18,2023-03-03,2024-12-16
4409,2023-12-06,2023-02-04,2024-05-19
6582,2023-12-22,2023-02-16,2024-08-08
7607,2023-04-28,2023-03-15,2024-01-24
6325,2023-01-06,2023-11-12,2024-04-05
1013,2023-01-03,2023-02-19,2024-08-13
13206,2023-03-22,2023-06-19,2024-08-11
3331,2023-12-18,2023-05-16,2024-02-19
11278,2023-01-11,2023-04-26,2024-04-18
14215,2023-10-05,2023-12-09,2024-10-14
2735,2023-07-06,2023-08-25,2024-04-03
2462,2023-06-27,2023-06-15,2024-06-08
2040,2023-08-28,2023-12-23,2024-10-01
12192,2023-02-13,2023-11-16,2024-12-12
9295,2023-06-18,2023-03-23,2024-09-08
8474,2023-05-10,2023-10-03,2024-03-13
10943,2023-10-06,2023-05-24,2024-04-19
13763,2023-07-20,2023-03-13,2024-10-18
8778,2023-04-23,2023-02-28,2024-03-08
14523,2023-11-09,2023-11-21,2024-11-25
669,2023-10-02,2023-02-05,2024-11-13
7619,2023-02-07,2023-08-05,2024-05-14
9891,2023-04-02,2023-06-03,2024-04-10
4260,2023-02-19,2023-12-05,2024-05-24
14212,2023-12-14,2023-03-26,2024-06-14
7548,2023-10-07,2023-07-11,2024-08-06
2658,2023-07-21,2023-09-17,2024-04-23
9903,2023-12-18,2023-10-09,2024-06-24
107,2023-12-12,2023-09-13,2024-07-12
4438,2023-11-21,2023-03-25,2024-07-20
1885,2023-06-20,2023-05-06,2024-09-21
13250,2023-03-10,2023-10-04,2024-11-14
4886,2023-12-20,2023-11-18,2024-06-22
12080,2023-07-22,2023-08-28,2024-06-17
14197,2023-12-27,2023-07-16,2024-06-02
1890,2023-06-21,2023-06-15,2024-08-28
9752,2023-02-23,2023-11-05,2024-10-17
4462,2023-09-04,2023-07-14,2024-11-19
2854,2023-01-06,2023-03-26,2024-12-27
3602,2023-12-07,2023-03-04,2024-09-27
2226,2023-05-09,2023-06-11,2024-10-13
3894,2023-03-18,2023-09-27,2024-08-05
13010,2023-07-23,2023-12-19,2024-04-26
1409,2023-02-02,2023-02-17,2024-08-06
3295,2023-12-20,2023-01-21,2024-12-24
14557,2023-12-08,2023-05-25,2024-04-25
2718,2023-04-15,2023-09-15,2024-09-08
14429,2023-10-15,2023-02-06,2024-01-03
1005,2023-04-21,2023-01-05,2024-05-18
4557,2023-07-23,2023-03-09,2024-11-01
12621,2023-07-27,2023-08-25,2024-02-14
2509,2023-08-04,2023-09-16,2024-06-11
1544,2023-06-22,2023-08-26,2024-05-08
6704,2023-04-13,2023-11-03,2024-05-11
13317,2023-04-11,2023-01-16,2024-04-16
8981,2023-10-28,2023-12-28,2024-10-27
4600,2023-01-07,2023-03-02,2024-07-21
8349,2023-10-20,2023-11-23,2024-11-19
668,2023-12-07,2023-10-18,2024-04-08
13267,2023-09-16,2023-01-26,2024-11-11
13422,2023-11-20,2023-01-06,2024-01-14
6205,2023-06-09,2023-11-08,2024-03-03
5501,2023-07-23,2023-05-26,2024-10-17
3048,2023-10-21,2023-09-17,2024-06-04
7742,2023-08-19,2023-05-15,2024-01-07
247,2023-04-02,2023-09-20,2024-12-09
4861,2023-03-25,2023-08-12,2024-04-27
8744,2023-07-09,2023-08-24,2024-07-14
6330,2023-02-02,2023-09-07,2024-10-07
8043,2023-12-15,2023-06-11,2024-12-12
4798,2023-06-20,2023-07-08,2024-03-11
14958,2023-06-06,2023-02-20,2024-10-08
4172,2023-02-21,2023-12-13,2024-04-07
8025,2023-07-24,2023-07-22,2024-03-16
5774,2023-07-24,2023-01-17,2024-06-09
8158,2023-08-06,2023-12-24,2024-08-14
13100,2023-06-21,2023-10-18,2024-09-27
8354,2023-06-06,2023-02-25,2024-05-04
2883,2023-10-04,2023-06-04,2024-05-28
2385,2023-11-14,2023-06-13,2024-07-05
5782,2023-08-20,2023-05-17,2024-08-05
1414,2023-03-03,2023-05-04,2024-10-27
13412,2023-08-12,2023-05-18,2024-04-01
11145,2023-10-02,2023-06-13,2024-07-03
12522,2023-12-22,2023-10-02,2024-06-17
641,2023-04-21,2023-11-04,2024-09-17
3870,2023-08-19,2023-10-10,2024-05-18
10185,2023-08-10,2023-03-09,2024-12-22
12501,2023-01-27,2023-01-23,2024-11-01
9919,2023-03-22,2023-10-22,2024-06-13
13666,2023-10-05,2023-02-13,2024-02-05
8064,2023-03-15,2023-09-08,2024-07-18
13207,2023-07-22,2023-01-26,2024-07-16
6325,2023-07-02,2023-12-08,2024-06-15
4416,2023-03-20,2023-09-06,2024-04-05
5594,2023-11-04,2023-08-21,2024-06-10
11806,2023-05-13,2023-01-03,2024-03-05
6377,2023-05-10,2023-10-27,2024-03-26
10871,2023-05-09,2023-06-14,2024-05-27
11715,2023-10-21,2023-06-06,2024-02-09
63,2023-03-13,2023-01-17,2024-07-10
8409,2023-03-15,2023-12-01,2024-08-08
14226,2023-12-12,2023-11-04,2024-06-14
12975,2023-09-19,2023-11-02,2024-10-15
1414,2023-12-20,2023-02-03,2024-03-09
2604,2023-09-04,2023-07-27,2024-12-06
4616,2023-01-14,2023-12-09,2024-09-03
14845,2023-11-26,2023-07-19,2024-02-25
13431,2023-07-20,2023-08-27,2024-12-22
2704,2023-07-05,2023-10-14,2024-12-21
7429,2023-04-18,2023-12-20,2024-09-06
7408,2023-07-02,2023-12-12,2024-06-01
3405,2023-08-04,2023-04-04,2024-09-08
3324,2023-08-25,2023-05-27,2024-08-04
1918,2023-11-08,2023-07-10,2024-09-28
1530,2023-02-14,2023-07-22,2024-03-18
12599,2023-12-16,2023-02-20,2024-01-28
6906,2023-12-13,2023-12-13,2024-01-26
14264,2023-07-16,2023-04-04,2024-10-05
7895,2023-07-08,2023-04-19,2024-11-18
1079,2023-02-18,2023-05-04,2024-01-21
13443,2023-10-27,2023-09-09,2024-07-22
3395,2023-06-16,2023-07-14,2024-02-17
6164,2023-09-02,2023-03-27,2024-02-16
14679,2023-04-06,2023-11-12,2024-09-01
4212,2023-02-09,2023-06-24,2024-02-20
7879,2023-05-12,2023-02-15,2024-10-22
4787,2023-02-07,2023-12-18,2024-06-21
8241,2023-01-01,2023-06-21,2024-01-09
9568,2023-01-10,2023-10-24,2024-08-23
3429,2023-06-24,2023-08-24,2024-01-09
10266,2023-07-27,2023-12-24,2024-04-02
12427,2023-04-16,2023-08-28,2024-09-12
12705,2023-05-28,2023-10-18,2024-05-22
13088,2023-10-03,2023-10-23,2024-07-14
3500,2023-09-01,2023-03-20,2024-03-27
4317,2023-07-13,2023-07-26,2024-02-09
8674,2023-03-17,2023-05-06,2024-03-03
4087,2023-11-06,2023-02-27,2024-04-02
10792,2023-04-16,2023-08-10,2024-02-28
13047,2023-02-07,2023-05-03,2024-01-21
4584,2023-05-23,2023-11-07,2024-07-27
4813,2023-06-19,2023-05-07,2024-09-03
3178,2023-01-19,2023-06-01,2024-12-05
13999,2023-11-24,2023-03-20,2024-10-15
7616,2023-08-16,2023-09-05,2024-06-15
7930,2023-04-27,2023-05-28,2024-03-12
4170,2023-07-13,2023-07-17,2024-05-22
14082,2023-07-05,2023-07-21,2024-02-14
3098,2023-11-06,2023-06-23,2024-05-15
974,2023-04-01,2023-09-08,2024-11-08
781,2023-05-13,2023-10-08,2024-05-08
9226,2023-09-04,2023-04-26,2024-06-28
12855,2023-07-03,2023-10-13,2024-04-16
14209,2023-01-05,2023-12-06,2024-07-19
6990,2023-02-07,2023-12-25,2024-08-04
14639,2023-10-19,2023-05-05,2024-02-24
9537,2023-04-25,2023-05-22,2024-08-24
14988,2023-07-20,2023-08-27,2024-12-04
1249,2023-09-05,2023-04-23,2024-11-20
8302,2023-05-17,2023-10-01,2024-07-19
154,2023-10-12,2023-03-17,2024-08-21
12795,2023-08-05,2023-07-27,2024-05-05
3827,2023-08-24,2023-09-11,2024-03-24
5361,2023-01-03,2023-12-17,2024-02-21
770,2023-04-02,2023-02-01,2024-02-10
7420,2023-06-05,2023-03-20,2024-10-25
10848,2023-05-27,2023-10-06,2024-09-18
12450,2023-07-10,2023-02-07,2024-08-09
3259,2023-05-14,2023-01-15,2024-05-18
7310,2023-10-01,2023-08-22,2024-11-21
13089,2023-11-18,2023-02-18,2024-08-13
6971,2023-05-26,2023-07-06,2024-05-10
5083,2023-09-06,2023-03-25,2024-06-16
6658,2023-02-07,2023-05-22,2024-02-16
3567,2023-08-23,2023-06-14,2024-03-03
14804,2023-03-17,2023-03-10,2024-09-19
11822,2023-01-22,2023-01-11,2024-03-09
12127,2023-11-25,2023-05-04,2024-10-23
5301,2023-10-08,2023-12-25,2024-10-09
137,2023-06-08,2023-06-25,2024-11-25
13039,2023-06-05,2023-04-09,2024-05-13
11138,2023-01-22,2023-09-25,2024-08-28
12898,2023-01-02,2023-03-20,2024-12-22
3061,2023-09-25,2023-04-11,2024-01-01
2988,2023-09-23,2023-12-19,2024-07-06
12912,2023-10-24,2023-07-01,2024-11-18
13902,2023-09-26,2023-01-05,2024-02-17
13262,2023-10-27,2023-12-02,2024-04-09
12686,2023-02-22,2023-05-13,2024-05-14
11106,2023-08-15,2023-07-02,2024-11-28
13422,2023-06-08,2023-01-22,2024-11-11
14064,2023-02-10,2023-08-11,2024-08-26
9529,2023-02-24,2023-09-19,2024-12-27
7567,2023-10-23,2023-04-05,2024-09-18
13048,2023-06-16,2023-10-12,2024-06-18
11337,2023-07-18,2023-06-06,2024-02-12
10359,2023-05-09,2023-05-02,2024-10-24
10388,2023-02-02,2023-02-14,2024-01-28
478,2023-10-26,2023-04-26,2024-01-10
10582,2023-12-28,2023-02-18,2024-09-05
3615,2023-12-28,2023-03-09,2024-10-11
1602,2023-11-22,2023-11-18,2024-10-14
6195,2023-02-20,2023-08-11,2024-06-10
5770,2023-03-20,2023-11-16,2024-04-24
387,2023-10-08,2023-01-13,2024-11-06
6376,2023-05-01,2023-06-26,2024-03-08
8007,2023-05-14,2023-01-14,2024-05-28
11610,2023-02-07,2023-06-04,2024-11-25
8273,2023-02-20,2023-02-18,2024-05-24
5672,2023-07-21,2023-04-13,2024-07-28
8355,2023-09-10,2023-06-03,2024-08-10
13623,2023-01-22,2023-03-14,2024-04-20
5484,2023-02-20,2023-09-21,2024-06-26
375,2023-01-13,2023-11-07,2024-12-25
11341,2023-01-21,2023-08-19,2024-05-18
14706,2023-04-28,2023-06-11,2024-09-13
3765,2023-01-08,2023-10-19,2024-12-22
14358,2023-08-03,2023-06-27,2024-12-02
14807,2023-06-01,2023-08-03,2024-06-18
9981,2023-10-15,2023-04-06,2024-05-24
8312,2023-04-06,2023-04-20,2024-08-20
1799,2023-05-28,2023-10-18,2024-02-19
9192,2023-04-10,2023-04-03,2024-09-12
11865,2023-09-02,2023-10-24,2024-02-05
9878,2023-04-20,2023-01-02,2024-05-17
9913,2023-06-09,2023-09-21,2024-11-18
10102,2023-05-02,2023-05-24,2024-05-02
6053,2023-11-01,2023-08-03,2024-07-23
14500,2023-04-11,2023-06-10,2024-03-07
13979,2023-06-07,2023-06-06,2024-05-03
207,2023-01-16,2023-03-23,2024-06-26
2159,2023-06-28,2023-11-06,2024-11-23
10553,2023-08-19,2023-08-11,2024-11-16
11950,2023-02-04,2023-06-27,2024-08-17
13853,2023-10-21,2023-06-24,2024-04-01
4113,2023-04-09,2023-03-27,2024-05-07
3962,2023-11-01,2023-10-25,2024-05-14
4805,2023-09-22,2023-05-06,2024-02-11
5201,2023-05-03,2023-08-07,2024-03-03
3511,2023-12-11,2023-09-23,2024-09-25
3136,2023-04-03,2023-03-15,2024-08-01
7364,2023-07-22,2023-02-01,2024-06-05
5364,2023-12-24,2023-11-07,2024-08-26
11346,2023-05-10,2023-02-24,2024-12-21
526,2023-09-22,2023-11-28,2024-11-16
10586,2023-11-06,2023-12-25,2024-01-25
6367,2023-03-02,2023-11-13,2024-05-13
6468,2023-09-05,2023-02-20,2024-03-02
14776,2023-05-21,2023-11-08,2024-04-08
12200,2023-10-04,2023-07-01,2024-01-07
431,2023-12-19,2023-12-17,2024-03-03
7601,2023-07-14,2023-02-04,2024-05-22
5555,2023-07-03,2023-02-11,2024-12-17
6272,2023-07-02,2023-11-18,2024-05-10
3514,2023-05-25,2023-11-04,2024-06-01
11389,2023-12-17,2023-01-09,2024-09-24
6966,2023-05-08,2023-03-15,2024-01-19
2392,2023-12-05,2023-09-10,2024-02-24
11758,2023-07-08,2023-11-20,2024-12-25
9962,2023-01-14,2023-05-09,2024-03-01
863,2023-01-24,2023-08-07,2024-09-18
11904,2023-03-18,2023-08-20,2024-04-05
1451,2023-03-09,2023-11-22,2024-02-07
871,2023-09-19,2023-04-28,2024-11-11
14054,2023-10-23,2023-09-05,2024-10-18
5817,2023-07-25,2023-02-09,2024-02-09
6931,2023-10-01,2023-05-17,2024-07-27
2920,2023-09-11,2023-01-16,2024-04-18
13646,2023-10-27,2023-03-09,2024-06-01
9108,2023-01-22,2023-01-27,2024-07-04
10816,2023-03-02,2023-08-26,2024-09-17
8077,2023-03-03,2023-08-09,2024-01-03
3489,2023-03-08,2023-06-21,2024-01-06
5639,2023-06-06,2023-08-22,2024-03-19
12529,2023-11-08,2023-08-17,2024-05-27
4572,2023-12-18,2023-01-22,2024-07-12
11327,2023-03-03,2023-01-26,2024-06-08
6556,2023-03-08,2023-12-11,2024-04-17
4764,2023-03-11,2023-12-03,2024-11-06
12783,2023-09-23,2023-08-16,2024-04-15
5683,2023-12-27,2023-03-07,2024-01-22
13494,2023-12-21,2023-05-14,2024-03-15
1277,2023-02-20,2023-07-19,2024-11-06
13778,2023-10-28,2023-03-22,2024-05-25
10611,2023-12-23,2023-05-05,2024-08-27
1323,2023-02-25,2023-09-12,2024-11-26
1369,2023-08-27,2023-06-16,2024-07-23
7211,2023-02-17,2023-11-28,2024-04-13
678,2023-03-05,2023-09-22,2024-08-22
14587,2023-08-07,2023-03-14,2024-05-11
7323,2023-01-10,2023-07-12,2024-05-19
4671,2023-09-14,2023-07-05,2024-09-13
1908,2023-03-16,2023-06-18,2024-11-23
8320,2023-07-23,2023-04-01,2024-06-11
9179,2023-03-07,2023-03-13,2024-06-26
14565,2023-06-19,2023-04-15,2024-11-24
1742,2023-08-02,2023-05-06,2024-09-16
14885,2023-01-12,2023-05-28,2024-03-27
6145,2023-09-20,2023-11-18,2024-01-03
6288,2023-12-28,2023-07-13,2024-01-25
11882,2023-02-15,2023-05-17,2024-07-24
14357,2023-05-05,2023-09-08,2024-01-10
9021,2023-04-25,2023-09-27,2024-08-04
13602,2023-11-23,2023-08-07,2024-10-24
837,2023-04-03,2023-03-25,2024-05-16
9834,2023-05-09,2023-04-12,2024-06-13
7862,2023-04-26,2023-08-09,2024-04-17
11282,2023-12-12,2023-01-25,2024-09-20
602,2023-10-24,2023-03-23,2024-07-03
11435,2023-07-04,2023-07-26,2024-04-07
5419,2023-07-06,2023-01-12,2024-10-10
1081,2023-07-21,2023-10-03,2024-03-07
6028,2023-06-21,2023-03-09,2024-04-19
12543,2023-08-19,2023-03-25,2024-11-02
4889,2023-02-07,2023-08-26,2024-02-05
6290,2023-03-12,2023-11-18,2024-09-23
549,2023-10-18,2023-12-25,2024-12-10
2287,2023-07-02,2023-11-28,2024-03-06
2087,2023-06-01,2023-05-17,2024-01-01
5714,2023-06-22,2023-05-02,2024-06-11
13297,2023-05-11,2023-02-02,2024-09-09
8269,2023-09-05,2023-07-03,2024-01-21
4011,2023-02-22,2023-02-23,2024-10-25
1231,2023-11-17,2023-12-24,2024-08-06
12054,2023-03-13,2023-07-05,2024-12-22
10112,2023-01-15,2023-12-25,2024-06-02
8839,2023-04-15,2023-05-19,2024-11-02
7721,2023-02-19,2023-03-07,2024-02-02
3022,2023-02-19,2023-06-09,2024-01-08
14575,2023-08-16,2023-11-20,2024-09-14
2614,2023-06-13,2023-02-04,2024-10-07
6053,2023-12-12,2023-01-20,2024-04-08
2291,2023-10-23,2023-10-11,2024-11-11
13007,2023-03-07,2023-05-11,2024-11-27
14508,2023-07-28,2023-06-03,2024-02-26
7963,2023-07-24,2023-01-22,2024-05-24
11522,2023-10-23,2023-07-14,2024-07-22
14927,2023-03-25,2023-06-07,2024-12-21
13705,2023-01-23,2023-07-01,2024-09-04
10805,2023-07-16,2023-06-22,2024-10-11
202,2023-06-05,2023-02-03,2024-05-14
14541,2023-11-26,2023-11-28,2024-07-25
8953,2023-02-07,2023-06-13,2024-11-21
94,2023-03-03,2023-08-23,2024-07-25
3308,2023-07-02,2023-12-28,2024-11-01
14029,2023-01-17,2023-10-13,2024-04-26
12164,2023-04-18,2023-09-08,2024-09-14
9978,2023-09-26,2023-04-21,2024-12-06
1388,2023-12-21,2023-11-15,2024-08-19
11618,2023-12-12,2023-03-10,2024-02-21
5809,2023-03-11,2023-12-25,2024-11-07
14812,2023-07-08,2023-04-26,2024-10-02
889,2023-03-25,2023-02-13,2024-02-20
14208,2023-08-22,2023-11-08,2024-03-13
14889,2023-01-22,2023-05-19,2024-08-27
7314,2023-01-14,2023-04-06,2024-04-19
12950,2023-07-24,2023-08-10,2024-02-16
10648,2023-02-07,2023-05-08,2024-10-02
10876,2023-10-18,2023-04-17,2024-06-04
8893,2023-02-21,2023-01-11,2024-01-04
12971,2023-04-07,2023-06-22,2024-11-02
9599,2023-03-26,2023-01-10,2024-07-18
5769,2023-01-20,2023-01-25,2024-09-16
11884,2023-03-19,2023-03-24,2024-09-12
6968,2023-07-19,2023-02-21,2024-07-10
12696,2023-02-27,2023-03-25,2024-01-18
5243,2023-05-08,2023-11-09,2024-01-12
5603,2023-05-28,2023-02-16,2024-12-25
3606,2023-01-07,2023-04-01,2024-07-01
12277,2023-07-02,2023-12-19,2024-01-10
2623,2023-11-14,2023-03-22,2024-08-14
5455,2023-07-18,2023-11-24,2024-02-16
3000,2023-01-07,2023-08-16,2024-02-26
12730,2023-12-07,2023-12-26,2024-03-03
4214,2023-04-02,2023-06-14,2024-10-09
2636,2023-03-18,2023-05-27,2024-02-07
6226,2023-12-22,2023-12-01,2024-12-21
3147,2023-11-06,2023-03-02,2024-09-22
13194,2023-05-03,2023-04-06,2024-12-17
10421,2023-07-25,2023-06-18,2024-01-23
7114,2023-02-13,2023-10-12,2024-12-02
8378,2023-10-16,2023-06-06,2024-10-02
1094,2023-07-10,2023-04-16,2024-01-09
99,2023-03-26,2023-11-21,2024-07-04
10434,2023-10-02,2023-06-17,2024-06-25
14421,2023-04-04,2023-01-08,2024-06-05
3191,2023-11-27,2023-07-21,2024-06-09
3753,2023-10-07,2023-12-19,2024-09-15
6298,2023-01-08,2023-10-22,2024-05-24
1437,2023-04-01,2023-05-21,2024-02-24
9252,2023-03-18,2023-02-03,2024-08-02
14910,2023-04-24,2023-05-28,2024-05-26
298,2023-02-09,2023-12-25,2024-11-04
3887,2023-07-12,2023-08-13,2024-09-23
9569,2023-12-02,2023-03-26,2024-01-21
341,2023-01-26,2023-10-28,2024-05-06
3373,2023-02-26,2023-12-17,2024-03-27
5305,2023-07-23,2023-12-11,2024-10-21
10984,2023-10-02,2023-07-10,2024-09-26
7083,2023-03-13,2023-03-17,2024-12-07
2699,2023-03-15,2023-04-04,2024-04-13
530,2023-01-04,2023-12-11,2024-05-24
91,2023-03-09,2023-01-20,2024-04-11
12315,2023-07-05,2023-07-01,2024-10-09
8897,2023-09-24,2023-12-21,2024-01-06
5718,2023-07-26,2023-01-19,2024-02-13
3622,2023-11-24,2023-05-01,2024-10-05
3265,2023-10-13,2023-11-15,2024-04-19
7284,2023-06-10,2023-05-23,2024-03-26
62,2023-04-07,2023-03-15,2024-02-14
9722,2023-02-01,2023-07-16,2024-01-05
4795,2023-12-08,2023-01-09,2024-12-22
4519,2023-09-03,2023-09-10,2024-04-09
1453,2023-01-12,2023-07-05,2024-09-18
7093,2023-01-27,2023-08-22,2024-10-09
7179,2023-03-28,2023-02-02,2024-05-11
1559,2023-06-17,2023-01-21,2024-04-06
14095,2023-06-05,2023-10-24,2024-10-01
3254,2023-08-02,2023-01-05,2024-04-21
12329,2023-06-27,2023-05-26,2024-05-23
12775,2023-03-02,2023-10-23,2024-10-16
11586,2023-10-20,2023-11-13,2024-11-11
1021,2023-09-09,2023-09-13,2024-01-10
9639,2023-02-02,2023-11-27,2024-04-05
8448,2023-10-24,2023-01-09,2024-07-25
1217,2023-09-03,2023-03-16,2024-08-18
4592,2023-09-14,2023-08-16,2024-04-21
4587,2023-01-21,2023-05-20,2024-04-10
12765,2023-02-20,2023-05-24,2024-04-08
11568,2023-08-09,2023-07-23,2024-01-10
9677,2023-03-17,2023-04-12,2024-11-12
13077,2023-04-02,2023-10-05,2024-03-01
14734,2023-11-19,2023-11-25,2024-04-19
4996,2023-12-08,2023-07-11,2024-12-05
374,2023-06-04,2023-08-23,2024-04-26
6349,2023-06-02,2023-02-01,2024-11-01
3292,2023-08-02,2023-08-06,2024-08-02
5396,2023-05-12,2023-03-23,2024-11-11
3350,2023-06-09,2023-07-23,2024-11-03
8179,2023-12-22,2023-03-03,2024-06-13
1720,2023-06-25,2023-12-20,2024-06-07
6353,2023-11-05,2023-04-24,2024-08-03
6531,2023-02-03,2023-02-07,2024-09-20
13622,2023-01-08,2023-03-02,2024-09-20
12120,2023-09-05,2023-12-20,2024-05-05
13690,2023-04-09,2023-09-27,2024-09-16
12486,2023-05-18,2023-10-17,2024-02-17
526,2023-12-14,2023-09-28,2024-09-14
11130,2023-10-10,2023-10-08,2024-02-09
4565,2023-10-28,2023-03-18,2024-04-18
10169,2023-08-10,2023-08-09,2024-06-25
13554,2023-09-25,2023-12-27,2024-10-08
6451,2023-11-10,2023-09-20,2024-04-28
4014,2023-08-06,2023-06-18,2024-04-10
5759,2023-11-21,2023-10-25,2024-12-16
13925,2023-08-07,2023-09-07,2024-04-12
6667,2023-04-15,2023-03-14,2024-03-21
2487,2023-08-11,2023-03-12,2024-05-27
8059,2023-10-17,2023-11-24,2024-04-18
4626,2023-11-09,2023-10-03,2024-03-28
1563,2023-06-25,2023-07-07,2024-12-27
2578,2023-10-09,2023-11-28,2024-04-25
9225,2023-02-27,2023-08-06,2024-04-20
5297,2023-01-15,2023-04-01,2024-03-07
4027,2023-07-03,2023-10-21,2024-03-09
7522,2023-12-20,2023-01-18,2024-09-11
10226,2023-09-13,2023-11-13,2024-10-09
3666,2023-08-26,2023-02-10,2024-04-13
6063,2023-10-11,2023-04-03,2024-09-02
12016,2023-09-27,2023-02-19,2024-03-02
3826,2023-04-25,2023-10-07,2024-04-02
3406,2023-03-19,2023-11-08,2024-08-19
1998,2023-05-11,2023-04-22,2024-04-08
3470,2023-11-20,2023-03-12,2024-07-10
13545,2023-08-09,2023-06-18,2024-04-05
14602,2023-05-25,2023-11-15,2024-07-28
9534,2023-01-11,2023-01-25,2024-09-04
13060,2023-09-14,2023-10-16,2024-05-15
12733,2023-02-07,2023-08-19,2024-04-19
1406,2023-02-28,2023-09-11,2024-10-08
5155,2023-04-14,2023-05-15,2024-07-14
4700,2023-12-13,2023-06-10,2024-09-03
14102,2023-01-03,2023-05-01,2024-06-25
478,2023-07-10,2023-10-17,2024-08-28
14577,2023-06-20,2023-04-24,2024-10-15
13098,2023-05-07,2023-09-01,2024-03-13
11475,2023-07-23,2023-05-20,2024-06-01
5538,2023-05-01,2023-01-12,2024-11-28
3154,2023-12-12,2023-05-02,2024-04-16
13921,2023-05-01,2023-07-10,2024-05-01
5160,2023-12-15,2023-05-13,2024-04-23
10859,2023-02-01,2023-08-23,2024-02-09
8077,2023-01-09,2023-07-09,2024-04-03
7163,2023-03-08,2023-09-04,2024-08-05
6110,2023-07-15,2023-02-06,2024-12-04
7675,2023-06-21,2023-06-09,2024-03-05
13047,2023-06-12,2023-10-03,2024-05-06
13608,2023-01-20,2023-08-05,2024-07-02
9124,2023-03-24,2023-10-13,2024-10-27
13855,2023-11-03,2023-03-19,2024-09-28
2343,2023-06-06,2023-08-24,2024-12-15
11459,2023-01-10,2023-07-12,2024-08-23
10193,2023-05-21,2023-07-21,2024-01-06
13052,2023-01-03,2023-04-13,2024-10-02
11705,2023-12-24,2023-11-02,2024-01-19
7949,2023-04-28,2023-02-17,2024-03-10
14316,2023-12-16,2023-01-01,2024-11-12
9410,2023-02-26,2023-08-03,2024-11-11
8613,2023-10-25,2023-04-02,2024-06-16
9439,2023-01-15,2023-06-23,2024-08-09
10516,2023-03-07,2023-05-06,2024-08-04
6910,2023-08-02,2023-02-25,2024-12-22
8782,2023-09-18,2023-02-11,2024-06-14
6576,2023-05-19,2023-08-20,2024-06-27
11994,2023-05-28,2023-09-12,2024-12-07
5122,2023-03-28,2023-03-05,2024-08-07
4825,2023-05-02,2023-01-25,2024-05-06
6509,2023-04-10,2023-11-13,2024-09-12
14034,2023-12-16,2023-06-01,2024-10-19
12481,2023-10-06,2023-09-19,2024-10-16
8714,2023-08-02,2023-07-15,2024-10-06
11767,2023-08-15,2023-02-18,2024-04-06
12084,2023-11-02,2023-09-18,2024-09-21
9575,2023-05-26,2023-01-23,2024-04-06
10933,2023-10-01,2023-01-09,2024-07-01
2835,2023-02-19,2023-12-06,2024-12-01
9533,2023-04-21,2023-12-28,2024-07-10
14774,2023-09-28,2023-08-19,2024-01-01
746,2023-01-19,2023-02-19,2024-02-03
6308,2023-04-15,2023-04-21,2024-11-22
7902,2023-03-16,2023-08-13,2024-03-17
1285,2023-11-18,2023-10-20,2024-06-27
8708,2023-02-19,2023-06-21,2024-07-18
9751,2023-12-10,2023-02-05,2024-02-24
7244,2023-06-03,2023-04-08,2024-11-08
13365,2023-07-25,2023-05-20,2024-01-27
13361,2023-03-05,2023-04-08,2024-01-27
2103,2023-03-17,2023-09-14,2024-05-13
4441,2023-10-04,2023-01-11,2024-08-10
12092,2023-06-22,2023-04-07,2024-06-20
3546,2023-01-05,2023-06-25,2024-08-09
8320,2023-05-13,2023-09-19,2024-03-18
8668,2023-07-22,2023-08-11,2024-09-22
7267,2023-08-01,2023-03-15,2024-11-10
3093,2023-04-24,2023-07-02,2024-07-01
14474,2023-07-18,2023-10-14,2024-09-18
5291,2023-05-14,2023-12-05,2024-02-24
2318,2023-12-03,2023-04-21,2024-03-05
4173,2023-10-26,2023-01-05,2024-07-24
13000,2023-02-18,2023-09-07,2024-01-08
11071,2023-08-19,2023-04-14,2024-11-20
169,2023-09-23,2023-04-11,2024-05-28
8019,2023-01-07,2023-02-06,2024-01-06
2672,2023-06-25,2023-04-11,2024-01-10
12260,2023-08-06,2023-10-24,2024-06-24
3136,2023-06-17,2023-02-24,2024-10-24
8090,2023-03-04,2023-03-09,2024-04-03
3395,2023-02-28,2023-09-21,2024-09-25
5754,2023-09-18,2023-09-27,2024-09-28
4893,2023-03-18,2023-03-28,2024-03-13
9326,2023-04-27,2023-06-02,2024-10-08
1466,2023-07-16,2023-05-03,2024-12-05
4447,2023-07-15,2023-08-09,2024-10-22
8882,2023-02-16,2023-02-03,2024-05-05
2194,2023-09-15,2023-03-18,2024-05-10
3731,2023-05-08,2023-08-16,2024-10-19
12986,2023-08-28,2023-07-19,2024-07-10
3873,2023-09-19,2023-07-10,2024-04-03
11939,2023-04-12,2023-09-07,2024-04-04
968,2023-06-20,2023-09-10,2024-10-18
10862,2023-03-22,2023-05-03,2024-08-17
11027,2023-12-06,2023-09-05,2024-09-01
2965,2023-11-20,2023-07-20,2024-02-08
8182,2023-12-12,2023-02-12,2024-08-18
13078,2023-01-27,2023-01-20,2024-02-24
7391,2023-11-10,2023-10-14,2024-07-27
11351,2023-07-21,2023-11-10,2024-07-19
4643,2023-10-16,2023-08-05,2024-03-22
12789,2023-10-09,2023-01-16,2024-05-17
12627,2023-07-16,2023-08-20,2024-05-14
12748,2023-10-20,2023-02-21,2024-06-20
2610,2023-12-27,2023-08-21,2024-10-11
13988,2023-10-10,2023-03-22,2024-05-21
10058,2023-04-26,2023-06-08,2024-09-19
12691,2023-05-13,2023-02-13,2024-08-10
3681,2023-04-21,2023-03-09,2024-10-25
2904,2023-01-12,2023-04-20,2024-07-25
8456,2023-09-25,2023-09-23,2024-02-17
13845,2023-09-25,2023-08-01,2024-09-27
5396,2023-12-07,2023-06-08,2024-11-05
13650,2023-06-09,2023-08-23,2024-01-01
12155,2023-08-16,2023-05-13,2024-10-08
5338,2023-01-15,2023-11-07,2024-10-08
2254,2023-08-14,2023-03-23,2024-10-06
8422,2023-12-12,2023-11-04,2024-07-05
1714,2023-12-21,2023-02-19,2024-04-14
10114,2023-07-03,2023-08-13,2024-03-05
2892,2023-05-27,2023-09-03,2024-03-21
4638,2023-09-04,2023-04-26,2024-05-21
6793,2023-07-20,2023-03-02,2024-12-01
1161,2023-12-18,2023-03-05,2024-06-08
5872,2023-09-10,2023-04-01,2024-11-20
4730,2023-06-06,2023-07-16,2024-12-08
3624,2023-02-20,2023-08-13,2024-10-17
1803,2023-04-21,2023-10-08,2024-01-02
13405,2023-03-26,2023-10-17,2024-08-10
2779,2023-12-06,2023-02-17,2024-01-21
9994,2023-03-06,2023-09-01,2024-09-28
3107,2023-04-03,2023-05-01,2024-10-21
1251,2023-01-21,2023-10-11,2024-04-11
14667,2023-09-05,2023-08-06,2024-06-25
12988,2023-09-25,2023-11-16,2024-06-06
5216,2023-01-26,2023-01-24,2024-01-13
11804,2023-11-24,2023-06-09,2024-06-23
8888,2023-11-11,2023-08-02,2024-07-04
3296,2023-09-23,2023-08-12,2024-07-14
3165,2023-07-13,2023-11-16,2024-06-11
8950,2023-07-21,2023-04-13,2024-09-19
1063,2023-08-28,2023-11-05,2024-05-18
13592,2023-07-12,2023-05-21,2024-04-23
2210,2023-05-22,2023-12-27,2024-01-22
4536,2023-04-21,2023-02-15,2024-11-25
230,2023-04-06,2023-09-17,2024-06-03
716,2023-03-01,2023-08-24,2024-04-01
8870,2023-12-17,2023-07-13,2024-11-02
1226,2023-11-10,2023-02-12,2024-06-23
12747,2023-11-01,2023-01-27,2024-08-20
11194,2023-09-25,2023-06-23,2024-08-12
10147,2023-05-05,2023-03-02,2024-03-03
13400,2023-12-01,2023-05-01,2024-03-17
6942,2023-06-23,2023-10-03,2024-01-17
3625,2023-08-17,2023-01-04,2024-07-14
13859,2023-01-01,2023-06-07,2024-09-18
9006,2023-07-12,2023-03-25,2024-10-05
1512,2023-07-21,2023-04-20,2024-06-01
10591,2023-02-05,2023-07-11,2024-02-01
3170,2023-08-03,2023-02-25,2024-01-19
12503,2023-05-11,2023-11-21,2024-12-26
9788,2023-12-15,2023-05-24,2024-10-24
9067,2023-11-17,2023-08-20,2024-03-18
10963,2023-03-12,2023-02-24,2024-03-03
1414,2023-08-01,2023-04-16,2024-07-12
4861,2023-10-04,2023-06-27,2024-08-14
5571,2023-03-06,2023-11-11,2024-04-17
479,2023-09-14,2023-09-19,2024-11-09
7922,2023-06-05,2023-12-20,2024-05-10
14528,2023-01-08,2023-12-21,2024-10-21
13410,2023-10-22,2023-04-02,2024-06-03
9872,2023-05-09,2023-02-11,2024-01-03
9569,2023-02-05,2023-08-08,2024-08-07
2108,2023-09-20,2023-10-20,2024-02-24
6502,2023-01-10,2023-08-01,2024-08-02
825,2023-01-28,2023-03-14,2024-05-14
9083,2023-06-05,2023-01-22,2024-11-01
96,2023-01-15,2023-06-09,2024-11-13
7987,2023-09-10,2023-06-07,2024-07-22
7268,2023-03-28,2023-01-23,2024-12-09
9536,2023-08-23,2023-01-14,2024-03-21
5973,2023-06-18,2023-06-01,2024-07-21
6850,2023-01-03,2023-10-02,2024-07-17
9961,2023-02-14,2023-08-22,2024-06-08
13655,2023-10-15,2023-04-11,2024-02-06
624,2023-10-27,2023-10-04,2024-04-05
3203,2023-07-27,2023-03-16,2024-06-16
13778,2023-07-12,2023-07-25,2024-09-18
8870,2023-01-10,2023-05-09,2024-08-13
11291,2023-02-08,2023-03-22,2024-10-19
10089,2023-11-13,2023-11-23,2024-09-16
2185,2023-11-16,2023-01-03,2024-08-28
14367,2023-11-25,2023-11-05,2024-02-19
5481,2023-11-07,2023-03-05,2024-04-01
12248,2023-12-16,2023-11-16,2024-03-06
608,2023-08-08,2023-01-23,2024-12-14
10874,2023-10-07,2023-10-14,2024-06-28
10352,2023-12-17,2023-04-19,2024-03-23
11272,2023-05-15,2023-09-24,2024-12-01
10490,2023-12-10,2023-12-19,2024-05-07
3802,2023-04-14,2023-11-01,2024-09-17
539,2023-07-01,2023-01-18,2024-06-01
11747,2023-07-13,2023-04-25,2024-10-01
4794,2023-02-13,2023-10-23,2024-02-24
7993,2023-08-19,2023-03-05,2024-07-26
14078,2023-11-12,2023-12-15,2024-06-08
6168,2023-07-26,2023-06-10,2024-02-18
5416,2023-05-08,2023-12-25,2024-02-17
4928,2023-08-11,2023-03-10,2024-08-24
6605,2023-08-05,2023-01-17,2024-01-26
5660,2023-10-25,2023-04-16,2024-05-10
708,2023-01-13,2023-10-28,2024-10-26
9960,2023-02-21,2023-12-15,2024-05-16
1560,2023-07-14,2023-05-05,2024-10-26
6993,2023-09-01,2023-05-10,2024-11-10
14465,2023-09-23,2023-02-13,2024-01-15
2970,2023-08-24,2023-02-16,2024-02-20
8859,2023-09-17,2023-06-01,2024-06-06
6012,2023-07-08,2023-03-21,2024-07-27
3943,2023-01-18,2023-12-09,2024-11-26
4324,2023-09-02,2023-11-24,2024-12-13
2599,2023-09-01,2023-09-01,2024-09-08
12409,2023-12-21,2023-02-16,2024-05-24
14735,2023-09-21,2023-09-18,2024-09-20
4851,2023-08-08,2023-08-28,2024-10-26
4047,2023-11-10,2023-12-20,2024-11-05
12244,2023-10-02,2023-01-27,2024-01-12
10226,2023-08-18,2023-04-17,2024-03-15
6901,2023-12-01,2023-11-05,2024-10-16
8947,2023-10-20,2023-08-20,2024-06-20
12077,2023-07-15,2023-04-23,2024-11-06
10897,2023-11-17,2023-11-16,2024-04-24
855,2023-10-14,2023-03-03,2024-07-11
9082,2023-07-16,2023-04-21,2024-09-14
5543,2023-07-28,2023-02-20,2024-06-18
9651,2023-06-06,2023-09-15,2024-10-06
9304,2023-01-24,2023-06-16,2024-12-17
7407,2023-03-15,2023-07-27,2024-06-13
3471,2023-03-01,2023-07-25,2024-08-12
11324,2023-11-11,2023-12-19,2024-07-02
1608,2023-04-04,2023-10-05,2024-06-15
12970,2023-08-27,2023-07-14,2024-02-14
4214,2023-07-02,2023-06-19,2024-08-26
6758,2023-12-07,2023-02-07,2024-05-09
11186,2023-10-07,2023-11-01,2024-12-10
10910,2023-01-09,2023-01-21,2024-12-09
14663,2023-06-11,2023-08-24,2024-01-20
7275,2023-10-21,2023-03-28,2024-05-28
5445,2023-09-06,2023-09-16,2024-01-24
7372,2023-01-26,2023-08-03,2024-04-10
4242,2023-07-22,2023-02-20,2024-09-15
5056,2023-07-28,2023-01-11,2024-05-19
8640,2023-06-03,2023-06-08,2024-11-01
1226,2023-11-04,2023-03-06,2024-04-02
4840,2023-05-06,2023-04-24,2024-07-17
13419,2023-07-19,2023-07-07,2024-12-04
811,2023-06-10,2023-08-09,2024-10-03
8100,2023-08-10,2023-01-16,2024-02-27
10237,2023-08-11,2023-07-03,2024-05-28
14555,2023-02-11,2023-11-12,2024-12-15
5796,2023-09-28,2023-07-18,2024-01-04
144,2023-05-22,2023-06-14,2024-10-19
14217,2023-11-22,2023-05-22,2024-10-25
13452,2023-11-04,2023-12-08,2024-04-02
13419,2023-05-26,2023-03-07,2024-11-19
10190,2023-11-05,2023-02-26,2024-08-05
1172,2023-12-01,2023-10-22,2024-06-24
218,2023-04-25,2023-09-27,2024-12-20
4865,2023-07-01,2023-11-26,2024-05-19
10851,2023-12-10,2023-03-14,2024-09-12
13405,2023-03-14,2023-10-11,2024-06-13
13972,2023-07-12,2023-10-28,2024-12-08
1559,2023-04-17,2023-07-24,2024-11-17
12986,2023-04-26,2023-01-01,2024-02-09
10092,2023-11-21,2023-12-14,2024-08-05
13292,2023-06-13,2023-08-27,2024-04-24
11463,2023-02-11,2023-12-25,2024-01-18
7110,2023-09-28,2023-02-26,2024-06-21
5511,2023-07-11,2023-09-06,2024-08-11
8393,2023-06-20,2023-08-08,2024-07-26
11716,2023-04-19,2023-04-16,2024-08-14
3005,2023-09-06,2023-03-15,2024-09-23
3395,2023-10-24,2023-02-18,2024-06-10
13865,2023-08-10,2023-07-25,2024-02-18
6860,2023-08-04,2023-01-11,2024-06-08
2691,2023-03-11,2023-10-05,2024-02-09
10430,2023-07-10,2023-10-25,2024-02-24
3562,2023-03-15,2023-05-07,2024-12-19
13427,2023-10-01,2023-11-05,2024-12-04
9867,2023-07-13,2023-02-25,2024-02-09
13105,2023-05-01,2023-10-28,2024-05-28
6895,2023-08-06,2023-09-14,2024-08-26
848,2023-08-17,2023-03-08,2024-08-02
601,2023-01-18,2023-06-08,2024-04-14
14045,2023-10-24,2023-07-24,2024-01-06
12328,2023-12-05,2023-07-10,2024-09-03
2179,2023-06-21,2023-03-09,2024-07-01
12369,2023-03-17,2023-05-05,2024-06-13
12690,2023-08-11,2023-10-15,2024-01-28
7177,2023-05-15,2023-08-16,2024-02-20
7528,2023-07-22,2023-03-06,2024-01-12
11354,2023-07-19,2023-03-06,2024-11-05
13581,2023-10-25,2023-09-06,2024-05-07
10122,2023-06-21,2023-06-24,2024-11-11
10073,2023-12-24,2023-04-17,2024-10-02
4964,2023-04-08,2023-10-24,2024-05-23
11073,2023-06-16,2023-11-19,2024-06-02
9362,2023-08-23,2023-08-01,2024-06-21
10855,2023-10-15,2023-07-17,2024-05-15
10774,2023-05-14,2023-05-06,2024-08-17
9466,2023-11-23,2023-09-23,2024-07-09
7735,2023-05-07,2023-03-12,2024-06-04
3128,2023-09-18,2023-09-08,2024-11-07
14634,2023-02-28,2023-01-01,2024-03-16
3859,2023-03-19,2023-04-02,2024-04-01
3199,2023-08-22,2023-05-13,2024-04-07
9530,2023-10-21,2023-09-20,2024-03-16
4699,2023-05-24,2023-07-13,2024-10-28
11640,2023-04-11,2023-09-19,2024-07-27
8014,2023-08-14,2023-07-14,2024-11-26
8689,2023-09-08,2023-08-26,2024-12-12
655,2023-09-04,2023-10-08,2024-06-10
7567,2023-06-10,2023-09-24,2024-03-02
2749,2023-08-24,2023-08-23,2024-06-19
8048,2023-07-27,2023-09-21,2024-11-28
4482,2023-09-22,2023-04-15,2024-01-15
4026,2023-01-17,2023-04-12,2024-05-17
2834,2023-12-23,2023-05-17,2024-04-25
10638,2023-10-07,2023-04-06,2024-03-17
5083,2023-04-16,2023-06-21,2024-07-06
14906,2023-12-18,2023-10-23,2024-11-01
1310,2023-10-13,2023-02-06,2024-06-21
13985,2023-12-20,2023-07-02,2024-07-08
3154,2023-03-24,2023-08-03,2024-03-16
685,2023-11-01,2023-11-06,2024-01-11
12286,2023-03-06,2023-02-09,2024-06-04
5113,2023-11-22,2023-09-23,2024-10-07
2145,2023-01-12,2023-02-13,2024-06-06
7956,2023-12-26,2023-04-18,2024-09-07
12912,2023-05-08,2023-07-19,2024-06-21
7727,2023-11-17,2023-04-27,2024-04-09
6322,2023-03-17,2023-09-26,2024-06-26
8987,2023-08-05,2023-06-06,2024-12-21
6130,2023-07-16,2023-12-16,2024-01-17
14850,2023-07-24,2023-09-18,2024-11-02
10066,2023-04-05,2023-07-11,2024-12-14
8668,2023-12-28,2023-10-23,2024-06-21
11694,2023-05-14,2023-06-17,2024-12-12
7382,2023-07-28,2023-06-08,2024-05-04
5267,2023-07-04,2023-06-17,2024-12-09
6877,2023-01-20,2023-07-01,2024-01-26
2161,2023-06-12,2023-11-09,2024-05-08
7780,2023-03-23,2023-06-18,2024-08-18
415,2023-02-15,2023-11-24,2024-12-06
3550,2023-01-07,2023-05-25,2024-10-01
1958,2023-12-18,2023-01-08,2024-07-25
2212,2023-01-17,2023-09-28,2024-01-08
14636,2023-07-27,2023-10-23,2024-10-05
2116,2023-02-06,2023-02-07,2024-05-24
11414,2023-01-18,2023-09-25,2024-11-02
477,2023-04-08,2023-01-10,2024-08-10
2883,2023-10-17,2023-01-09,2024-05-28
5674,2023-03-28,2023-05-19,2024-08-13
3859,2023-11-09,2023-07-22,2024-02-18
10492,2023-01-11,2023-09-19,2024-06-24
5803,2023-02-17,2023-08-05,2024-01-27
5925,2023-01-13,2023-07-24,2024-02-22
10061,2023-05-24,2023-05-27,2024-02-11
10054,2023-11-15,2023-02-11,2024-02-13
9092,2023-09-27,2023-11-09,2024-03-14
1042,2023-12-16,2023-06-06,2024-07-07
3264,2023-07-25,2023-08-15,2024-02-22
986,2023-01-24,2023-11-26,2024-07-12
198,2023-01-10,2023-06-04,2024-12-21
7235,2023-10-11,2023-12-09,2024-08-19
2021,2023-07-16,2023-05-22,2024-07-03
7013,2023-08-09,2023-11-02,2024-07-24
5323,2023-02-01,2023-01-10,2024-01-26
7098,2023-02-10,2023-07-28,2024-08-23
8532,2023-07-03,2023-11-25,2024-10-28
14471,2023-11-05,2023-01-16,2024-03-24
13024,2023-04-07,2023-07-08,2024-08-13
4563,2023-09-20,2023-12-03,2024-05-06
11645,2023-09-23,2023-09-25,2024-09-01
4483,2023-10-14,2023-04-08,2024-04-18
7258,2023-09-15,2023-01-11,2024-09-16
869,2023-02-22,2023-01-19,2024-12-06
2713,2023-08-19,2023-05-28,2024-02-06
7937,2023-07-27,2023-06-26,2024-11-24
7611,2023-02-09,2023-04-13,2024-06-05
5100,2023-10-15,2023-09-21,2024-11-06
13638,2023-06-11,2023-09-14,2024-07-10
6107,2023-04-08,2023-06-13,2024-03-28
5163,2023-08-15,2023-12-10,2024-04-13
3842,2023-06-08,2023-11-01,2024-07-06
9708,2023-01-06,2023-07-05,2024-04-02
3047,2023-04-22,2023-04-16,2024-03-27
8064,2023-08-03,2023-06-05,2024-12-06
5825,2023-11-01,2023-05-09,2024-05-18
1658,2023-10-09,2023-02-19,2024-10-25
5609,2023-12-02,2023-01-09,2024-06-03
5639,2023-07-14,2023-07-07,2024-11-09
14465,2023-09-10,2023-08-20,2024-11-24
13948,2023-06-22,2023-12-02,2024-08-04
10610,2023-05-22,2023-11-20,2024-07-22
12434,2023-06-02,2023-11-09,2024-12-13
12329,2023-07-19,2023-04-10,2024-05-28
3106,2023-10-20,2023-06-03,2024-02-17
2276,2023-01-09,2023-10-09,2024-07-08
10982,2023-03-21,2023-10-12,2024-04-05
9154,2023-09-03,2023-03-23,2024-08-02
4990,2023-03-16,2023-10-27,2024-05-08
6453,2023-04-18,2023-10-16,2024-01-20
2691,2023-12-11,2023-12-10,2024-01-24
4314,2023-03-02,2023-07-22,2024-11-10
3362,2023-08-19,2023-12-16,2024-12-12
8756,2023-05-01,2023-11-24,2024-08-27
6897,2023-09-09,2023-10-26,2024-01-24
11949,2023-06-18,2023-11-16,2024-07-26
10771,2023-08-02,2023-12-16,2024-10-14
12699,2023-03-06,2023-11-12,2024-03-06
9386,2023-09-20,2023-02-14,2024-06-19
11472,2023-12-16,2023-01-05,2024-11-16
3704,2023-06-15,2023-04-10,2024-11-22
1825,2023-12-22,2023-04-21,2024-08-22
10955,2023-10-19,2023-01-10,2024-02-09
1584,2023-12-20,2023-04-22,2024-12-25
8275,2023-08-03,2023-11-23,2024-03-20
12626,2023-08-18,2023-03-22,2024-09-15
14630,2023-12-09,2023-03-01,2024-05-06
7770,2023-10-16,2023-12-08,2024-02-09
9747,2023-11-05,2023-03-26,2024-06-10
9589,2023-05-19,2023-03-25,2024-07-05
14384,2023-05-25,2023-02-06,2024-03-10
907,2023-12-15,2023-05-24,2024-08-21
14667,2023-12-15,2023-11-10,2024-05-27
2341,2023-12-23,2023-03-18,2024-07-12
3890,2023-02-25,2023-12-16,2024-10-12
847,2023-03-16,2023-02-21,2024-03-15
3423,2023-10-14,2023-04-12,2024-11-01
3905,2023-06-12,2023-04-07,2024-02-23
3424,2023-01-13,2023-05-16,2024-03-12
9515,2023-07-24,2023-03-01,2024-02-19
12441,2023-02-22,2023-06-19,2024-07-23
14324,2023-01-14,2023-02-14,2024-02-22
14935,2023-07-14,2023-07-10,2024-01-17
14987,2023-01-09,2023-04-18,2024-01-27
11700,2023-07-22,2023-05-26,2024-11-08
14635,2023-06-08,2023-03-24,2024-01-24
4563,2023-06-20,2023-01-26,2024-05-19
12554,2023-08-22,2023-07-22,2024-04-03
7644,2023-08-13,2023-06-24,2024-12-28
10314,2023-08-24,2023-01-10,2024-04-23
6399,2023-12-24,2023-01-01,2024-11-17
14599,2023-04-19,2023-09-14,2024-11-01
2813,2023-12-26,2023-01-26,2024-07-09
3849,2023-05-27,2023-11-15,2024-07-25
2155,2023-08-13,2023-04-04,2024-02-28
69,2023-06-28,2023-07-04,2024-12-13
4904,2023-03-14,2023-05-25,2024-05-15
9666,2023-03-22,2023-10-20,2024-11-06
11665,2023-07-02,2023-05-12,2024-12-12
11346,2023-08-02,2023-05-07,2024-08-02
9029,2023-02-23,2023-03-25,2024-09-15
6880,2023-12-20,2023-06-23,2024-05-24
5637,2023-10-10,2023-11-05,2024-11-20
7807,2023-04-10,2023-06-20,2024-07-16
14088,2023-08-21,2023-01-12,2024-07-19
4971,2023-11-01,2023-09-28,2024-07-24
12310,2023-05-03,2023-10-19,2024-08-22
8669,2023-01-17,2023-01-12,2024-06-24
12064,2023-11-22,2023-12-03,2024-09-13
13405,2023-11-03,2023-10-02,2024-02-15
12002,2023-03-11,2023-05-02,2024-12-07
1154,2023-02-18,2023-10-20,2024-08-22
3518,2023-03-17,2023-11-23,2024-06-20
13127,2023-06-13,2023-06-20,2024-02-20
12495,2023-04-18,2023-07-14,2024-06-05
10875,2023-08-03,2023-07-10,2024-03-23
5411,2023-11-12,2023-12-10,2024-10-15
4712,2023-02-26,2023-04-27,2024-04-03
6463,2023-11-06,2023-11-15,2024-06-20
8912,2023-06-27,2023-01-14,2024-08-05
8817,2023-05-10,2023-08-28,2024-05-04
11773,2023-02-22,2023-02-21,2024-04-16
5097,2023-04-01,2023-10-22,2024-02-14
14028,2023-07-01,2023-03-02,2024-08-26
9673,2023-05-16,2023-04-16,2024-04-10
9202,2023-12-18,2023-07-06,2024-12-09
13193,2023-01-22,2023-06-13,2024-03-20
889,2023-01-20,2023-07-08,2024-10-02
10483,2023-01-01,2023-12-02,2024-12-14
5071,2023-09-23,2023-11-01,2024-12-19
6695,2023-09-16,2023-09-04,2024-04-12
608,2023-08-11,2023-09-26,2024-01-26
418,2023-03-28,2023-06-07,2024-06-05
10856,2023-09-13,2023-12-17,2024-07-26
8369,2023-03-20,2023-07-04,2024-02-04
5325,2023-04-14,2023-01-03,2024-09-07
12760,2023-03-09,2023-05-01,2024-08-18
14003,2023-02-26,2023-08-26,2024-11-06
4039,2023-07-06,2023-02-22,2024-01-18
8620,2023-03-19,2023-07-24,2024-08-18
4412,2023-05-12,2023-07-10,2024-09-24
2492,2023-02-28,2023-03-03,2024-03-04
7638,2023-07-06,2023-03-27,2024-07-07
13691,2023-03-28,2023-08-23,2024-07-11
9714,2023-05-26,2023-02-15,2024-11-11
3946,2023-12-02,2023-01-27,2024-08-27
1654,2023-10-16,2023-01-09,2024-10-17
1888,2023-06-03,2023-03-18,2024-09-13
13888,2023-08-16,2023-07-01,2024-10-06
14082,2023-06-05,2023-06-02,2024-04-14
4147,2023-05-22,2023-10-03,2024-12-10
5702,2023-11-20,2023-01-04,2024-10-05
11167,2023-06-16,2023-11-03,2024-07-24
12995,2023-03-20,2023-06-21,2024-12-19
4240,2023-11-11,2023-11-18,2024-07-12
11828,2023-09-20,2023-08-07,2024-07-03
8285,2023-03-04,2023-10-22,2024-02-17
4246,2023-02-27,2023-09-15,2024-02-01
12223,2023-04-26,2023-05-09,2024-07-12
4017,2023-01-14,2023-09-01,2024-02-20
538,2023-02-04,2023-03-25,2024-11-20
12974,2023-07-11,2023-04-09,2024-05-07
14270,2023-02-15,2023-04-19,2024-12-17
136,2023-09-05,2023-01-08,2024-11-18
10940,2023-05-08,2023-03-10,2024-10-21
14595,2023-05-09,2023-01-07,2024-05-19
9382,2023-11-24,2023-09-14,2024-02-07
14697,2023-10-20,2023-01-01,2024-10-01
4197,2023-04-18,2023-12-28,2024-02-27
7777,2023-02-10,2023-11-19,2024-08-15
13568,2023-06-19,2023-06-06,2024-10-08
1310,2023-09-10,2023-01-25,2024-02-18
3407,2023-06-06,2023-11-13,2024-11-11
1676,2023-01-11,2023-12-06,2024-11-17
57,2023-02-21,2023-04-12,2024-07-01
13288,2023-10-01,2023-08-01,2024-03-13
11657,2023-03-25,2023-06-03,2024-06-24
9215,2023-03-08,2023-11-18,2024-12-18
13465,2023-03-22,2023-02-13,2024-07-13
11567,2023-07-23,2023-04-01,2024-12-04
6381,2023-05-10,2023-11-16,2024-09-12
8822,2023-01-14,2023-08-27,2024-01-08
8902,2023-04-15,2023-09-21,2024-02-03
3661,2023-01-22,2023-12-06,2024-06-23
8825,2023-02-07,2023-07-28,2024-09-20
3022,2023-04-27,2023-11-11,2024-03-25
13018,2023-05-03,2023-02-05,2024-04-22
2431,2023-05-27,2023-10-09,2024-11-02
9719,2023-08-10,2023-01-08,2024-02-02
13354,2023-05-23,2023-11-10,2024-03-18
11323,2023-09-15,2023-09-20,2024-03-01
2062,2023-11-16,2023-07-25,2024-01-23
4205,2023-03-18,2023-06-15,2024-09-10
12013,2023-04-06,2023-03-07,2024-02-23
10028,2023-09-17,2023-07-22,2024-03-26
159,2023-03-03,2023-06-06,2024-04-21
4202,2023-04-13,2023-06-09,2024-08-04
6213,2023-03-15,2023-03-14,2024-07-21
2556,2023-10-25,2023-07-08,2024-12-07
10027,2023-10-18,2023-09-06,2024-12-18
4426,2023-09-02,2023-10-02,2024-04-11
8445,2023-04-08,2023-10-07,2024-09-21
3962,2023-11-12,2023-06-28,2024-02-28
3161,2023-06-03,2023-04-04,2024-06-28
10509,2023-04-16,2023-10-18,2024-06-02
14274,2023-03-25,2023-11-04,2024-12-05
2431,2023-03-19,2023-04-14,2024-05-20
14169,2023-06-24,2023-09-14,2024-10-17
5530,2023-07-26,2023-05-19,2024-11-03
4021,2023-03-12,2023-05-05,2024-05-04
11037,2023-07-10,2023-12-17,2024-08-10
14610,2023-02-18,2023-05-20,2024-12-20
5746,2023-10-13,2023-06-04,2024-03-20
5478,2023-03-01,2023-04-16,2024-08-06
13944,2023-11-21,2023-03-04,2024-08-13
10881,2023-06-11,2023-04-22,2024-02-26
7237,2023-02-24,2023-06-06,2024-10-03
9654,2023-02-05,2023-03-14,2024-02-09
7836,2023-04-10,2023-10-19,2024-06-15
7385,2023-03-21,2023-07-21,2024-06-19
12520,2023-12-28,2023-08-26,2024-01-13
9046,2023-08-05,2023-10-04,2024-08-26
695,2023-04-23,2023-11-21,2024-02-04
14928,2023-12-22,2023-01-22,2024-03-04
10372,2023-01-15,2023-05-04,2024-09-21
11571,2023-06-22,2023-05-18,2024-02-21
14960,2023-02-16,2023-12-21,2024-10-11
2905,2023-04-15,2023-10-08,2024-06-03
12887,2023-04-08,2023-04-01,2024-07-19
1342,2023-02-12,2023-11-19,2024-01-03
8110,2023-07-21,2023-12-28,2024-03-21
203,2023-05-07,2023-07-19,2024-05-06
9428,2023-09-27,2023-11-27,2024-05-05
9558,2023-12-16,2023-12-09,2024-08-22
11906,2023-06-12,2023-06-01,2024-09-24
3378,2023-10-05,2023-09-21,2024-10-14
2532,2023-10-20,2023-09-20,2024-05-02
12204,2023-05-19,2023-08-24,2024-05-19
3843,2023-06-09,2023-12-24,2024-02-04
14387,2023-12-11,2023-11-25,2024-03-07
3832,2023-12-04,2023-07-07,2024-09-16
9428,2023-01-20,2023-06-06,2024-02-18
7551,2023-02-24,2023-05-09,2024-01-23
1115,2023-10-28,2023-07-12,2024-01-14
7492,2023-01-17,2023-11-20,2024-08-21
12977,2023-05-16,2023-01-21,2024-09-17
5463,2023-02-19,2023-08-27,2024-08-14
14092,2023-06-25,2023-02-25,2024-02-17
2510,2023-11-17,2023-12-09,2024-09-17
3692,2023-03-15,2023-04-13,2024-02-03
6478,2023-06-16,2023-05-03,2024-11-17
12852,2023-02-11,2023-09-06,2024-06-20
13979,2023-01-11,2023-10-20,2024-12-18
8657,2023-05-19,2023-08-14,2024-10-02
10789,2023-11-13,2023-07-12,2024-06-24
8417,2023-11-07,2023-11-24,2024-10-16
7630,2023-02-16,2023-02-24,2024-08-21
13574,2023-06-21,2023-02-22,2024-03-17
6193,2023-06-25,2023-11-07,2024-08-07
9190,2023-07-13,2023-08-16,2024-02-04
10134,2023-04-06,2023-11-07,2024-04-25
2212,2023-05-20,2023-10-11,2024-08-20
632,2023-05-22,2023-06-01,2024-04-07
10063,2023-01-07,2023-12-25,2024-02-08
694,2023-01-11,2023-05-07,2024-11-23
8887,2023-10-08,2023-02-19,2024-09-02
5958,2023-10-09,2023-11-16,2024-06-02
3479,2023-07-06,2023-08-22,2024-07-26
12137,2023-09-14,2023-04-06,2024-06-14
10325,2023-01-25,2023-07-08,2024-03-10
3141,2023-04-24,2023-12-25,2024-08-06
6443,2023-01-27,2023-09-01,2024-02-14
2620,2023-06-02,2023-05-02,2024-12-09
5275,2023-07-05,2023-11-18,2024-02-13
9624,2023-04-01,2023-02-26,2024-08-07
3553,2023-03-21,2023-12-01,2024-07-20
8707,2023-06-24,2023-07-28,2024-08-26
10256,2023-09-11,2023-10-20,2024-10-12
10910,2023-11-15,2023-08-25,2024-03-16
9880,2023-02-24,2023-04-27,2024-12-15
5396,2023-05-27,2023-07-22,2024-08-17
12262,2023-09-16,2023-02-05,2024-12-15
12595,2023-07-18,2023-06-24,2024-05-03
14611,2023-08-11,2023-10-28,2024-12-17
6907,2023-05-25,2023-04-02,2024-02-08
298,2023-06-09,2023-07-04,2024-11-14
3102,2023-12-09,2023-03-04,2024-05-20
8399,2023-06-19,2023-10-24,2024-12-12
14257,2023-10-09,2023-10-27,2024-07-26
10452,2023-07-07,2023-03-12,2024-07-25
12081,2023-11-04,2023-01-15,2024-02-05
5723,2023-01-08,2023-07-13,2024-06-02
6923,2023-10-07,2023-11-14,2024-05-27
449,2023-01-22,2023-08-12,2024-07-24
534,2023-11-16,2023-11-12,2024-06-26
11222,2023-05-26,2023-04-23,2024-09-05
10268,2023-02-11,2023-03-09,2024-07-23
14504,2023-03-04,2023-10-10,2024-12-17
10018,2023-11-27,2023-03-16,2024-06-11
7809,2023-05-23,2023-05-01,2024-06-22
11833,2023-12-18,2023-09-01,2024-08-10
8529,2023-04-17,2023-04-20,2024-01-25
14604,2023-10-22,2023-06-15,2024-02-02
4798,2023-02-27,2023-06-23,2024-11-12
7676,2023-08-11,2023-05-25,2024-01-25
2152,2023-03-22,2023-06-23,2024-04-20
4545,2023-01-27,2023-04-01,2024-10-13
14105,2023-03-18,2023-10-15,2024-02-23
7387,2023-11-19,2023-04-21,2024-08-14
3570,2023-02-08,2023-09-13,2024-12-02
5871,2023-03-15,2023-03-20,2024-12-27
5077,2023-08-17,2023-11-09,2024-01-17
165,2023-10-05,2023-02-01,2024-08-13
11606,2023-03-03,2023-11-06,2024-01-10
12406,2023-03-25,2023-02-02,2024-02-25
12330,2023-03-23,2023-03-03,2024-01-23
2779,2023-12-15,2023-07-07,2024-10-22
9055,2023-09-12,2023-08-25,2024-11-23
12889,2023-07-06,2023-10-12,2024-02-28
2695,2023-02-05,2023-08-11,2024-02-28
5524,2023-05-10,2023-02-01,2024-02-25
10787,2023-04-10,2023-02-05,2024-07-16
11985,2023-11-18,2023-10-10,2024-03-24
13472,2023-04-10,2023-03-08,2024-12-11
1733,2023-10-08,2023-07-15,2024-03-14
10931,2023-04-19,2023-08-14,2024-04-16
5785,2023-05-07,2023-11-21,2024-08-01
7802,2023-12-02,2023-04-04,2024-08-04
4599,2023-08-01,2023-03-06,2024-03-16
10166,2023-01-04,2023-04-17,2024-12-22
1038,2023-07-19,2023-01-24,2024-11-04
5326,2023-05-11,2023-05-02,2024-03-22
1917,2023-05-04,2023-01-06,2024-05-21
14919,2023-09-15,2023-12-21,2024-04-13
5511,2023-04-19,2023-09-01,2024-01-11
9174,2023-02-03,2023-07-02,2024-11-11
11601,2023-04-15,2023-10-27,2024-01-22
10834,2023-05-03,2023-10-22,2024-11-04
9434,2023-12-27,2023-10-21,2024-09-16
6926,2023-08-14,2023-09-15,2024-10-02
430,2023-04-12,2023-07-02,2024-11-27
13021,2023-07-06,2023-04-11,2024-03-18
10864,2023-03-20,2023-07-22,2024-06-23
10733,2023-09-03,2023-01-10,2024-04-28
7236,2023-11-21,2023-03-08,2024-05-16
9423,2023-03-12,2023-02-16,2024-05-10
2487,2023-12-10,2023-01-15,2024-06-22
4556,2023-01-23,2023-11-08,2024-06-03
13497,2023-02-07,2023-07-06,2024-11-15
1878,2023-04-17,2023-10-28,2024-12-19
802,2023-07-22,2023-01-02,2024-02-18
11347,2023-06-01,2023-01-08,2024-04-10
1533,2023-03-03,2023-04-09,2024-07-19
7827,2023-09-22,2023-09-10,2024-11-06
12442,2023-05-13,2023-12-02,2024-11-01
5721,2023-04-12,2023-04-22,2024-02-03
428,2023-02-18,2023-12-11,2024-05-07
12133,2023-09-04,2023-07-15,2024-01-10
3015,2023-06-14,2023-08-26,2024-02-10
10933,2023-07-22,2023-06-20,2024-06-04
11161,2023-12-17,2023-11-12,2024-11-12
10860,2023-09-22,2023-06-11,2024-12-01
8952,2023-08-23,2023-04-02,2024-09-18
24,2023-10-27,2023-10-08,2024-01-20
672,2023-08-15,2023-12-22,2024-01-08
7978,2023-06-01,2023-11-28,2024-08-01
13690,2023-06-15,2023-07-04,2024-04-14
13059,2023-12-15,2023-11-04,2024-05-16
12761,2023-09-03,2023-05-03,2024-12-04
3606,2023-08-27,2023-07-13,2024-02-15
1368,2023-05-19,2023-05-18,2024-10-28
7137,2023-05-23,2023-11-20,2024-02-09
2886,2023-08-24,2023-09-21,2024-07-12
10657,2023-07-27,2023-10-15,2024-11-03
3004,2023-07-07,2023-03-11,2024-08-22
13068,2023-09-25,2023-03-16,2024-05-11
1128,2023-10-23,2023-05-05,2024-03-21
4997,2023-10-12,2023-01-23,2024-05-02
12602,2023-02-28,2023-03-26,2024-08-26
10113,2023-01-07,2023-10-01,2024-11-05
8574,2023-01-18,2023-03-01,2024-12-27
11286,2023-01-21,2023-10-26,2024-11-08
5489,2023-10-16,2023-03-28,2024-11-01
6055,2023-03-26,2023-02-25,2024-02-17
7341,2023-01-14,2023-03-05,2024-05-01
11713,2023-10-01,2023-07-11,2024-06-17
12637,2023-11-12,2023-02-03,2024-11-11
14037,2023-02-26,2023-06-16,2024-03-06
8031,2023-06-02,2023-10-02,2024-02-26
494,2023-12-28,2023-01-07,2024-05-09
2915,2023-02-11,2023-05-21,2024-05-14
4342,2023-10-05,2023-03-07,2024-12-01
775,2023-05-12,2023-04-18,2024-03-11
9335,2023-05-12,2023-01-20,2024-01-21
8293,2023-06-22,2023-03-23,2024-06-12
2637,2023-07-02,2023-09-01,2024-04-01
3212,2023-05-02,2023-09-21,2024-07-04
9651,2023-06-07,2023-06-26,2024-07-25
9025,2023-06-01,2023-06-08,2024-02-08
8093,2023-01-11,2023-06-18,2024-07-11
12334,2023-06-10,2023-08-13,2024-09-10
13420,2023-06-08,2023-06-15,2024-03-08
14797,2023-08-25,2023-05-23,2024-08-06
5975,2023-08-22,2023-03-01,2024-07-22
1363,2023-03-12,2023-08-11,2024-09-18
10867,2023-12-17,2023-04-07,2024-05-09
1765,2023-04-10,2023-01-07,2024-07-03
5405,2023-06-01,2023-08-02,2024-04-14
11110,2023-12-27,2023-04-04,2024-10-03
2952,2023-02-10,2023-04-03,2024-06-17
12384,2023-09-20,2023-01-08,2024-04-20
11870,2023-11-12,2023-10-17,2024-02-11
5559,2023-02-11,2023-04-14,2024-05-06
8891,2023-01-04,2023-01-07,2024-11-22
586,2023-12-18,2023-08-16,2024-11-11
11283,2023-10-19,2023-05-05,2024-04-10
13736,2023-12-01,2023-05-09,2024-05-23
1466,2023-04-15,2023-11-10,2024-12-18
4044,2023-02-01,2023-12-17,2024-01-27
1570,2023-12-26,2023-10-22,2024-12-13
10297,2023-04-12,2023-05-11,2024-08-23
8779,2023-03-08,2023-03-27,2024-02-18
7535,2023-05-15,2023-11-04,2024-12-03
13139,2023-01-22,2023-03-04,2024-04-23
5782,2023-03-10,2023-04-03,2024-02-27
10982,2023-10-06,2023-10-07,2024-08-03
5048,2023-06-21,2023-01-26,2024-04-04
14032,2023-03-03,2023-01-13,2024-04-13
3350,2023-05-16,2023-01-17,2024-09-24
4660,2023-05-19,2023-03-16,2024-06-10
10612,2023-11-22,2023-09-12,2024-01-16
12714,2023-06-20,2023-07-02,2024-05-17
1255,2023-10-16,2023-01-24,2024-12-13
7005,2023-09-26,2023-03-11,2024-08-03
13457,2023-06-25,2023-10-05,2024-08-15
2068,2023-06-14,2023-09-26,2024-09-17
5844,2023-09-08,2023-07-18,2024-08-08
14801,2023-04-05,2023-03-01,2024-12-02
5036,2023-03-24,2023-06-20,2024-04-09
6937,2023-08-05,2023-10-12,2024-08-09
14658,2023-07-13,2023-05-13,2024-04-11
11120,2023-11-11,2023-10-15,2024-03-03
8479,2023-12-10,2023-04-10,2024-11-03
13957,2023-09-21,2023-09-08,2024-05-11
11525,2023-07-17,2023-11-23,2024-05-02
9644,2023-11-24,2023-10-06,2024-04-25
1278,2023-11-28,2023-04-25,2024-04-14
13395,2023-04-20,2023-09-05,2024-04-24
3507,2023-06-06,2023-12-22,2024-10-06
4020,2023-02-06,2023-01-19,2024-04-17
14298,2023-05-09,2023-09-05,2024-02-03
5466,2023-06-25,2023-07-07,2024-06-28
14270,2023-06-04,2023-04-09,2024-12-19
6791,2023-01-28,2023-01-26,2024-08-28
3663,2023-03-24,2023-03-24,2024-08-19
9342,2023-07-03,2023-12-26,2024-06-25
4483,2023-01-04,2023-12-08,2024-11-16
802,2023-08-21,2023-02-10,2024-12-02
8785,2023-03-08,2023-12-14,2024-07-13
3977,2023-10-28,2023-01-26,2024-03-19
3034,2023-10-19,2023-07-24,2024-02-25
13707,2023-04-11,2023-11-18,2024-12-08
7396,2023-07-10,2023-11-16,2024-12-01
4515,2023-06-03,2023-11-10,2024-01-13
12649,2023-02-28,2023-10-07,2024-08-18
3029,2023-05-20,2023-01-18,2024-02-08
12870,2023-12-08,2023-06-18,2024-08-21
11526,2023-09-22,2023-12-17,2024-12-01
14322,2023-07-10,2023-04-04,2024-09-26
6807,2023-06-11,2023-11-15,2024-05-06
4832,2023-05-23,2023-10-24,2024-01-15
7856,2023-08-07,2023-04-23,2024-04-18
11303,2023-08-25,2023-03-17,2024-02-26
7922,2023-05-01,2023-02-02,2024-12-03
4501,2023-09-03,2023-03-14,2024-10-28
13099,2023-11-04,2023-07-01,2024-09-22
3928,2023-06-25,2023-02-22,2024-08-11
321,2023-02-04,2023-02-13,2024-09-02
1160,2023-07-20,2023-08-12,2024-07-13
8732,2023-02-08,2023-09-24,2024-11-07
2218,2023-07-10,2023-12-14,2024-08-11
6066,2023-11-25,2023-04-24,2024-08-24
9409,2023-05-23,2023-03-03,2024-07-10
11162,2023-07-20,2023-10-21,2024-02-01
11565,2023-12-23,2023-05-08,2024-06-13
8393,2023-09-19,2023-10-12,2024-07-25
3298,2023-06-19,2023-09-25,2024-12-20
11975,2023-04-07,2023-11-16,2024-05-07
10958,2023-03-11,2023-04-27,2024-10-12
7238,2023-08-18,2023-08-03,2024-06-08
10313,2023-05-19,2023-08-19,2024-09-06
1389,2023-06-25,2023-11-23,2024-09-24
5116,2023-02-05,2023-03-24,2024-09-03
9516,2023-02-25,2023-09-26,2024-03-08
4024,2023-03-10,2023-07-07,2024-12-09
2817,2023-03-03,2023-03-15,2024-08-14
10941,2023-11-14,2023-08-10,2024-01-16
698,2023-07-08,2023-05-01,2024-02-04
11630,2023-12-16,2023-02-02,2024-03-20
7562,2023-12-25,2023-05-07,2024-07-25
13684,2023-02-08,2023-01-12,2024-07-23
3857,2023-04-15,2023-10-12,2024-04-09
14739,2023-04-17,2023-04-20,2024-07-02
6108,2023-01-10,2023-06-21,2024-06-20
4072,2023-05-27,2023-04-14,2024-09-08
4935,2023-07-07,2023-08-18,2024-12-02
8775,2023-09-26,2023-12-28,2024-02-20
11246,2023-05-09,2023-04-23,2024-12-08
13587,2023-01-16,2023-08-18,2024-08-19
13215,2023-08-08,2023-07-10,2024-11-19
10203,2023-05-28,2023-10-01,2024-12-10
5648,2023-01-13,2023-09-05,2024-03-01
12585,2023-08-08,2023-10-04,2024-07-03
6859,2023-07-03,2023-03-17,2024-02-26
2874,2023-02-16,2023-10-19,2024-06-07
1845,2023-12-22,2023-01-24,2024-06-26
5033,2023-02-16,2023-03-14,2024-02-17
1862,2023-05-17,2023-05-19,2024-05-16
3709,2023-07-28,2023-07-27,2024-09-02
9341,2023-04-06,2023-07-10,2024-03-10
215,2023-10-17,2023-02-18,2024-12-14
12732,2023-05-19,2023-03-21,2024-05-10
5615,2023-11-10,2023-04-21,2024-12-14
4294,2023-07-19,2023-01-10,2024-02-09
8442,2023-08-14,2023-11-14,2024-05-11
8207,2023-03-12,2023-05-27,2024-05-06
7568,2023-08-18,2023-12-03,2024-02-02
13497,2023-12-10,2023-06-05,2024-01-03
1636,2023-04-09,2023-12-16,2024-05-04
3410,2023-08-22,2023-09-27,2024-11-05
7856,2023-04-04,2023-09-06,2024-10-10
13503,2023-04-10,2023-06-08,2024-06-13
12051,2023-04-27,2023-06-18,2024-03-09
4574,2023-09-25,2023-08-22,2024-07-05
11405,2023-11-02,2023-06-22,2024-08-18
9878,2023-07-22,2023-11-18,2024-11-12
368,2023-05-03,2023-11-11,2024-09-17
472,2023-02-01,2023-11-20,2024-12-27
1909,2023-04-17,2023-06-10,2024-06-14
11744,2023-02-07,2023-11-22,2024-10-03
489,2023-09-07,2023-03-01,2024-03-02
961,2023-07-05,2023-05-13,2024-11-08
477,2023-09-21,2023-11-17,2024-04-21
9021,2023-08-27,2023-02-05,2024-01-14
3521,2023-08-13,2023-10-27,2024-07-25
6654,2023-05-14,2023-10-14,2024-01-22
5333,2023-01-05,2023-03-23,2024-02-15
4605,2023-08-04,2023-08-18,2024-11-19
14344,2023-12-03,2023-05-03,2024-01-12
9854,2023-07-22,2023-07-22,2024-04-01
1651,2023-12-20,2023-11-09,2024-12-19
10500,2023-09-24,2023-05-19,2024-07-28
7139,2023-09-02,2023-03-14,2024-07-02
6943,2023-11-05,2023-01-14,2024-05-21
7263,2023-04-24,2023-12-20,2024-12-18
715,2023-07-26,2023-03-13,2024-12-12
14932,2023-07-04,2023-10-25,2024-07-26
12992,2023-04-02,2023-09-24,2024-06-19
4872,2023-10-26,2023-08-25,2024-06-12
9526,2023-03-21,2023-05-25,2024-07-13
4533,2023-12-07,2023-09-11,2024-03-22
12456,2023-11-20,2023-06-05,2024-08-22
8833,2023-01-04,2023-09-02,2024-10-11
9486,2023-12-07,2023-09-23,2024-03-04
2991,2023-02-02,2023-05-18,2024-02-16
8762,2023-08-21,2023-07-10,2024-12-01
7430,2023-04-01,2023-12-19,2024-11-17
1727,2023-05-05,2023-06-24,2024-01-27
10145,2023-08-26,2023-08-21,2024-02-19
11676,2023-04-18,2023-12-18,2024-01-03
9821,2023-10-12,2023-12-01,2024-06-04
9784,2023-12-17,2023-11-10,2024-01-12
6821,2023-10-10,2023-04-19,2024-03-25
4845,2023-03-09,2023-04-26,2024-03-19
105,2023-03-26,2023-09-10,2024-07-03
1989,2023-04-23,2023-05-27,2024-08-23
14842,2023-08-25,2023-10-27,2024-02-10
12724,2023-03-18,2023-05-07,2024-02-21
3351,2023-11-03,2023-03-08,2024-10-06
2568,2023-07-12,2023-08-15,2024-10-03
12356,2023-12-01,2023-09-09,2024-09-26
3035,2023-06-02,2023-03-27,2024-03-08
3248,2023-02-06,2023-02-13,2024-09-12
1155,2023-03-17,2023-10-28,2024-06-18
9820,2023-12-18,2023-04-22,2024-12-13
12395,2023-09-15,2023-10-08,2024-07-22
647,2023-11-07,2023-08-06,2024-08-09
9538,2023-02-23,2023-08-26,2024-10-06
10064,2023-07-03,2023-08-28,2024-06-15
9635,2023-11-23,2023-09-03,2024-05-06
12990,2023-06-04,2023-03-03,2024-05-24
12953,2023-08-01,2023-03-06,2024-03-20
1771,2023-08-20,2023-11-13,2024-04-27
8113,2023-02-20,2023-01-07,2024-10-21
5295,2023-05-20,2023-11-20,2024-05-19
3146,2023-09-04,2023-09-07,2024-09-18
4054,2023-10-04,2023-01-25,2024-09-19
137,2023-04-01,2023-06-25,2024-06-22
2658,2023-01-16,2023-02-17,2024-06-08
5200,2023-03-10,2023-11-04,2024-02-28
6656,2023-04-13,2023-01-05,2024-07-12
13155,2023-08-01,2023-01-22,2024-11-15
1775,2023-09-05,2023-05-07,2024-06-13
3822,2023-05-28,2023-10-16,2024-08-16
585,2023-06-18,2023-05-09,2024-08-04
4913,2023-12-15,2023-12-17,2024-03-22
9835,2023-02-22,2023-12-24,2024-01-16
12859,2023-11-25,2023-06-03,2024-09-17
6083,2023-07-02,2023-10-15,2024-09-13
9570,2023-07-13,2023-12-17,2024-05-25
11463,2023-06-14,2023-04-16,2024-05-25
10032,2023-05-01,2023-11-08,2024-05-17
9904,2023-11-06,2023-01-06,2024-09-10
9399,2023-12-19,2023-03-12,2024-02-20
8023,2023-05-21,2023-08-26,2024-01-11
150,2023-07-20,2023-10-20,2024-12-17
11362,2023-01-01,2023-11-10,2024-07-26
7817,2023-06-19,2023-04-09,2024-07-26
4312,2023-09-20,2023-09-15,2024-04-11
13732,2023-11-08,2023-06-08,2024-04-03
6698,2023-04-24,2023-11-08,2024-09-05
4698,2023-02-14,2023-11-18,2024-04-14
2004,2023-05-07,2023-11-20,2024-10-22
14981,2023-10-24,2023-02-10,2024-03-07
1787,2023-04-12,2023-04-01,2024-01-24
2733,2023-08-16,2023-07-27,2024-07-16
1239,2023-10-27,2023-09-15,2024-04-01
9289,2023-05-12,2023-03-16,2024-11-18
10668,2023-04-20,2023-11-09,2024-02-11
9661,2023-06-06,2023-09-23,2024-03-16
7453,2023-12-09,2023-08-25,2024-05-20
10564,2023-01-28,2023-02-18,2024-05-12
4613,2023-04-28,2023-03-21,2024-02-03
10418,2023-05-12,2023-11-10,2024-01-27
14817,2023-09-21,2023-05-13,2024-08-18
11633,2023-12-16,2023-01-07,2024-04-09
1676,2023-06-12,2023-01-05,2024-06-14
7345,2023-05-02,2023-08-24,2024-09-13
1366,2023-04-24,2023-02-16,2024-08-09
10118,2023-03-07,2023-12-04,2024-10-18
12199,2023-10-11,2023-01-04,2024-01-19
8891,2023-12-22,2023-09-21,2024-03-04
1075,2023-04-27,2023-05-19,2024-04-24
8134,2023-12-03,2023-10-06,2024-02-15
8017,2023-10-04,2023-01-24,2024-06-25
6416,2023-12-24,2023-07-01,2024-04-03
6020,2023-11-20,2023-08-10,2024-06-26
10131,2023-01-23,2023-08-06,2024-07-14
10027,2023-04-23,2023-09-05,2024-05-05
1411,2023-11-15,2023-09-02,2024-04-25
13663,2023-07-13,2023-11-24,2024-01-18
5113,2023-12-12,2023-04-14,2024-03-01
4653,2023-08-05,2023-07-13,2024-05-21
2019,2023-09-20,2023-09-17,2024-03-05
7550,2023-01-07,2023-01-15,2024-06-07
12991,2023-05-27,2023-02-17,2024-04-16
5395,2023-03-13,2023-03-20,2024-08-14
7675,2023-02-06,2023-11-20,2024-08-12
9339,2023-12-08,2023-07-10,2024-05-07
11315,2023-04-09,2023-04-09,2024-11-22
9079,2023-09-05,2023-01-04,2024-09-19
7843,2023-08-18,2023-11-02,2024-02-10
898,2023-11-14,2023-01-20,2024-11-22
6272,2023-09-10,2023-08-25,2024-05-01
14633,2023-11-02,2023-12-15,2024-02-04
12905,2023-02-27,2023-12-12,2024-05-09
14029,2023-12-06,2023-07-02,2024-01-26
2970,2023-07-04,2023-08-09,2024-10-13
4063,2023-01-12,2023-07-04,2024-01-20
13884,2023-02-05,2023-12-24,2024-12-18
5553,2023-10-21,2023-08-11,2024-02-26
7408,2023-02-13,2023-05-23,2024-03-23
12169,2023-11-20,2023-04-09,2024-11-25
12818,2023-06-11,2023-05-13,2024-12-15
6821,2023-07-04,2023-10-04,2024-05-03
7600,2023-10-13,2023-03-11,2024-12-04
7038,2023-06-06,2023-05-27,2024-05-12
5297,2023-07-16,2023-09-28,2024-02-11
12428,2023-01-03,2023-07-11,2024-11-21
2824,2023-12-15,2023-10-12,2024-10-20
14347,2023-08-20,2023-09-21,2024-08-13
10659,2023-02-13,2023-04-02,2024-09-03
8143,2023-06-05,2023-01-22,2024-06-09
13642,2023-03-02,2023-03-21,2024-08-14
6204,2023-01-10,2023-06-27,2024-07-07
10743,2023-07-25,2023-10-17,2024-05-03
7447,2023-03-06,2023-03-02,2024-03-05
60,2023-01-16,2023-03-13,2024-07-09
9600,2023-01-06,2023-12-16,2024-07-21
1139,2023-09-27,2023-12-06,2024-10-12
9991,2023-03-28,2023-09-13,2024-01-04
11958,2023-04-21,2023-01-17,2024-09-24
5086,2023-03-09,2023-03-27,2024-02-08
3227,2023-05-18,2023-04-18,2024-03-22
5666,2023-09-20,2023-08-05,2024-05-19
6719,2023-04-07,2023-08-01,2024-08-03
2222,2023-05-08,2023-06-24,2024-01-25
3344,2023-04-05,2023-08-24,2024-08-11
4178,2023-08-02,2023-04-17,2024-09-06
3689,2023-02-19,2023-12-10,2024-09-08
2818,2023-06-07,2023-10-26,2024-10-27
6308,2023-11-25,2023-10-10,2024-04-17
7215,2023-03-06,2023-04-22,2024-09-06
828,2023-02-02,2023-01-21,2024-11-26
5386,2023-04-25,2023-05-05,2024-10-02
6474,2023-12-07,2023-12-06,2024-07-05
13727,2023-09-02,2023-06-21,2024-12-23
9751,2023-07-04,2023-12-22,2024-01-24
1737,2023-10-18,2023-08-23,2024-07-21
11222,2023-05-25,2023-05-08,2024-02-06
11914,2023-07-28,2023-02-18,2024-08-17
2396,2023-09-07,2023-12-08,2024-05-17
13681,2023-10-03,2023-05-28,2024-07-05
13551,2023-11-28,2023-10-22,2024-05-20
3535,2023-04-18,2023-07-15,2024-10-20
6543,2023-03-15,2023-08-13,2024-03-27
4065,2023-09-01,2023-10-21,2024-02-01
3878,2023-07-09,2023-04-16,2024-04-12
12728,2023-02-12,2023-10-04,2024-04-13
14536,2023-10-28,2023-02-15,2024-02-18
6387,2023-06-16,2023-02-24,2024-03-20
13805,2023-10-25,2023-08-22,2024-10-07
10950,2023-12-25,2023-02-25,2024-01-13
8557,2023-02-20,2023-06-12,2024-07-09
11209,2023-08-05,2023-10-28,2024-02-20
1299,2023-02-17,2023-10-13,2024-05-15
12587,2023-07-28,2023-02-16,2024-09-26
4102,2023-03-26,2023-04-10,2024-08-15
272,2023-04-11,2023-06-08,2024-08-24
10550,2023-08-18,2023-03-03,2024-12-17
6636,2023-09-05,2023-03-14,2024-10-16
10657,2023-09-28,2023-06-01,2024-12-23
10532,2023-04-13,2023-12-23,2024-04-04
11770,2023-05-24,2023-02-10,2024-09-11
6238,2023-09-05,2023-01-08,2024-02-16
1566,2023-01-09,2023-03-24,2024-12-19
13410,2023-02-03,2023-05-04,2024-11-19
4049,2023-07-16,2023-10-22,2024-08-27
1341,2023-08-06,2023-05-09,2024-02-18
4030,2023-03-17,2023-02-13,2024-01-26
10089,2023-11-05,2023-01-21,2024-05-10
2943,2023-01-20,2023-09-13,2024-04-19
11805,2023-09-13,2023-01-04,2024-12-28
11,2023-10-26,2023-04-20,2024-04-03
6147,2023-12-19,2023-04-23,2024-09-27
13911,2023-05-01,2023-05-12,2024-05-24
11406,2023-04-21,2023-06-16,2024-04-18
12812,2023-02-07,2023-10-25,2024-11-11
2788,2023-03-12,2023-09-21,2024-10-04
9385,2023-12-19,2023-05-12,2024-08-21
3908,2023-01-04,2023-03-18,2024-05-01
13522,2023-12-03,2023-10-07,2024-06-08
10626,2023-04-26,2023-05-17,2024-09-23
1866,2023-01-24,2023-02-05,2024-05-25
12776,2023-02-12,2023-03-11,2024-06-19
12569,2023-03-18,2023-12-13,2024-12-02
264,2023-03-27,2023-06-14,2024-09-11
8994,2023-06-18,2023-11-02,2024-10-10
390,2023-12-23,2023-02-24,2024-02-25
9796,2023-12-16,2023-08-12,2024-07-12
4852,2023-09-27,2023-02-13,2024-10-05
4821,2023-02-23,2023-05-09,2024-01-08
13373,2023-07-02,2023-07-02,2024-11-05
133,2023-05-05,2023-09-07,2024-10-02
5512,2023-08-05,2023-06-01,2024-11-03
3467,2023-09-02,2023-10-06,2024-07-19
14212,2023-08-28,2023-09-25,2024-07-28
92,2023-01-01,2023-10-10,2024-10-02
11799,2023-04-14,2023-04-05,2024-01-28
2791,2023-04-06,2023-10-06,2024-08-25
14798,2023-10-11,2023-12-24,2024-05-12
1540,2023-10-06,2023-09-27,2024-11-08
3684,2023-07-28,2023-07-18,2024-09-12
9761,2023-06-25,2023-06-18,2024-04-22
4468,2023-04-23,2023-07-22,2024-09-16
10780,2023-02-08,2023-10-24,2024-09-18
2694,2023-09-16,2023-11-23,2024-09-07
6777,2023-02-28,2023-01-19,2024-09-08
4706,2023-03-01,2023-09-22,2024-05-18
10332,2023-06-21,2023-05-10,2024-10-27
10646,2023-10-14,2023-12-09,2024-05-13
2722,2023-09-05,2023-03-28,2024-01-15
10443,2023-08-18,2023-04-02,2024-05-14
11839,2023-02-08,2023-08-16,2024-07-22
5494,2023-03-17,2023-05-13,2024-07-10
9256,2023-11-27,2023-02-09,2024-09-22
5332,2023-10-05,2023-10-15,2024-02-05
11664,2023-04-03,2023-06-19,2024-02-03
6437,2023-09-17,2023-03-07,2024-02-21
7980,2023-12-18,2023-05-27,2024-07-23
5376,2023-12-06,2023-04-02,2024-07-25
3254,2023-03-04,2023-12-08,2024-08-10
8667,2023-06-24,2023-09-10,2024-11-06
2025,2023-04-01,2023-10-17,2024-02-14
9965,2023-07-11,2023-07-22,2024-01-05
5305,2023-10-22,2023-10-04,2024-02-03
3194,2023-01-19,2023-08-10,2024-11-23
9850,2023-04-18,2023-01-04,2024-04-27
12234,2023-12-26,2023-01-25,2024-07-10
13764,2023-03-11,2023-02-12,2024-01-03
14347,2023-09-02,2023-05-19,2024-06-20
9577,2023-11-26,2023-02-16,2024-01-10
12840,2023-01-27,2023-07-07,2024-09-22
9594,2023-09-17,2023-05-05,2024-09-26
8852,2023-03-04,2023-08-23,2024-09-03
79,2023-05-24,2023-03-18,2024-03-09
10609,2023-05-09,2023-07-16,2024-05-11
3721,2023-06-24,2023-01-01,2024-03-10
6191,2023-12-13,2023-03-11,2024-05-18
3530,2023-04-14,2023-04-09,2024-04-06
12695,2023-08-12,2023-01-21,2024-06-23
6422,2023-09-03,2023-10-04,2024-10-21
7311,2023-06-28,2023-01-16,2024-10-12
8770,2023-08-07,2023-12-12,2024-03-27
11961,2023-08-06,2023-03-06,2024-12-01
2447,2023-04-17,2023-03-21,2024-07-17
13538,2023-02-07,2023-06-04,2024-12-03
10377,2023-02-05,2023-09-27,2024-02-25
5877,2023-08-11,2023-10-05,2024-11-02
10337,2023-12-15,2023-06-02,2024-07-25
3631,2023-06-13,2023-07-28,2024-03-17
7947,2023-10-19,2023-03-01,2024-06-09
8404,2023-08-23,2023-05-24,2024-02-18
11291,2023-10-05,2023-07-16,2024-08-10
9084,2023-07-27,2023-03-13,2024-02-27
9435,2023-05-25,2023-12-12,2024-03-15
1809,2023-07-09,2023-01-03,2024-09-14
5431,2023-08-24,2023-01-17,2024-05-10
652,2023-12-07,2023-04-01,2024-09-17
6152,2023-08-22,2023-09-25,2024-06-02
5684,2023-06-12,2023-07-15,2024-05-04
500,2023-09-28,2023-07-24,2024-11-12
9750,2023-08-03,2023-02-15,2024-12-26
14385,2023-06-18,2023-09-08,2024-09-13
11594,2023-05-12,2023-01-12,2024-10-12
9401,2023-02-02,2023-12-17,2024-06-04
5963,2023-11-17,2023-05-21,2024-11-28
12838,2023-08-13,2023-07-25,2024-07-24
8673,2023-03-13,2023-06-28,2024-03-15
14820,2023-04-21,2023-10-11,2024-07-14
12324,2023-03-19,2023-02-14,2024-12-28
12024,2023-07-27,2023-08-08,2024-12-25
5778,2023-11-03,2023-11-11,2024-10-09
13752,2023-07-13,2023-08-09,2024-01-03
11902,2023-03-22,2023-12-15,2024-05-17
12918,2023-06-27,2023-03-02,2024-02-01
3497,2023-12-23,2023-01-09,2024-09-27
14864,2023-11-24,2023-11-13,2024-06-27
2620,2023-02-01,2023-03-08,2024-12-16
5888,2023-07-22,2023-11-26,2024-01-21
2267,2023-04-18,2023-04-26,2024-04-03
778,2023-05-07,2023-02-19,2024-06-26
10630,2023-07-05,2023-01-13,2024-01-10
11665,2023-10-05,2023-09-28,2024-02-06
265,2023-12-17,2023-11-23,2024-04-28
1811,2023-11-13,2023-10-20,2024-11-07
11585,2023-06-19,2023-05-17,2024-06-17
8321,2023-07-28,2023-01-20,2024-01-27
3000,2023-04-05,2023-11-22,2024-05-16
7533,2023-02-27,2023-12-20,2024-10-16
11134,2023-07-04,2023-08-23,2024-01-08
13835,2023-05-03,2023-07-14,2024-12-14
10356,2023-12-22,2023-05-24,2024-08-14
6693,2023-05-20,2023-06-04,2024-05-24
12906,2023-05-22,2023-10-01,2024-03-06
11262,2023-02-12,2023-09-26,2024-10-08
9294,2023-11-01,2023-08-14,2024-07-06
14657,2023-01-20,2023-07-27,2024-03-09
3771,2023-11-19,2023-12-24,2024-06-10
10559,2023-01-02,2023-01-15,2024-03-11
11683,2023-11-09,2023-04-01,2024-12-27
14686,2023-05-14,2023-07-17,2024-06-20
10884,2023-09-15,2023-03-23,2024-03-09
3518,2023-06-17,2023-03-18,2024-05-19
11005,2023-06-09,2023-08-28,2024-04-11
14815,2023-04-20,2023-03-05,2024-09-13
9693,2023-07-06,2023-09-02,2024-10-24
13040,2023-08-14,2023-01-27,2024-08-07
13348,2023-07-05,2023-11-01,2024-05-13
890,2023-07-19,2023-11-16,2024-05-28
11706,2023-04-22,2023-07-28,2024-06-06
8506,2023-09-20,2023-10-24,2024-09-20
1864,2023-09-14,2023-02-07,2024-10-03
11264,2023-07-14,2023-08-02,2024-04-08
10297,2023-09-12,2023-08-27,2024-01-07
8506,2023-03-26,2023-07-27,2024-05-18
8363,2023-12-05,2023-08-22,2024-05-17
13850,2023-09-27,2023-02-26,2024-01-01
8042,2023-09-12,2023-10-16,2024-12-18
5142,2023-03-16,2023-06-11,2024-07-18
10395,2023-11-02,2023-06-07,2024-01-22
4897,2023-03-02,2023-05-20,2024-08-23
10248,2023-09-08,2023-04-16,2024-02-19
3068,2023-10-13,2023-05-27,2024-01-25
7795,2023-05-20,2023-03-20,2024-09-26
57,2023-12-10,2023-11-14,2024-06-11
14785,2023-07-17,2023-02-01,2024-11-07
14299,2023-07-25,2023-01-08,2024-03-07
9066,2023-03-25,2023-11-14,2024-11-06
13398,2023-04-26,2023-08-13,2024-05-18
14283,2023-11-16,2023-04-04,2024-06-19
1678,2023-09-14,2023-01-28,2024-10-04
7789,2023-03-03,2023-06-07,2024-12-24
12371,2023-05-18,2023-08-11,2024-07-07
14635,2023-01-26,2023-02-01,2024-03-17
12760,2023-10-22,2023-12-05,2024-01-18
8408,2023-03-15,2023-07-22,2024-04-01
14180,2023-06-18,2023-01-25,2024-03-06
6358,2023-04-19,2023-07-17,2024-05-04
3905,2023-12-26,2023-01-27,2024-04-18
9352,2023-10-16,2023-06-20,2024-05-05
5439,2023-04-12,2023-09-21,2024-02-13
7984,2023-10-27,2023-10-14,2024-08-18
12839,2023-05-22,2023-02-19,2024-03-02
9112,2023-11-14,2023-07-10,2024-07-09
3193,2023-10-25,2023-08-10,2024-02-07
9881,2023-12-05,2023-08-02,2024-08-08
14969,2023-11-05,2023-08-10,2024-10-17
9249,2023-08-27,2023-05-04,2024-09-13
2663,2023-01-08,2023-04-16,2024-02-19
13072,2023-07-19,2023-08-14,2024-02-10
8734,2023-03-07,2023-10-11,2024-08-07
7199,2023-10-07,2023-01-16,2024-04-27
14453,2023-11-02,2023-04-09,2024-07-02
864,2023-12-01,2023-11-23,2024-12-02
5541,2023-06-03,2023-07-26,2024-11-14
1831,2023-08-01,2023-05-03,2024-02-14
790,2023-05-18,2023-12-11,2024-04-20
9530,2023-08-26,2023-07-23,2024-03-08
9699,2023-08-20,2023-07-12,2024-03-13
10847,2023-12-23,2023-09-05,2024-07-10
10132,2023-09-28,2023-10-18,2024-09-24
2665,2023-10-22,2023-04-07,2024-08-21
4436,2023-07-23,2023-08-21,2024-10-25
8781,2023-10-28,2023-11-27,2024-07-01
5094,2023-08-06,2023-07-20,2024-08-06
6882,2023-02-20,2023-11-12,2024-01-22
1833,2023-09-14,2023-03-19,2024-07-13
1395,2023-10-07,2023-05-09,2024-12-12
11762,2023-02-24,2023-11-09,2024-09-03
11156,2023-07-14,2023-02-27,2024-10-11
12257,2023-10-04,2023-01-27,2024-07-05
6766,2023-07-08,2023-07-24,2024-08-01
3100,2023-07-23,2023-06-08,2024-03-12
2115,2023-07-16,2023-09-17,2024-07-15
12256,2023-03-05,2023-08-24,2024-03-28
7492,2023-06-18,2023-11-19,2024-03-10
7251,2023-07-19,2023-11-01,2024-03-25
3284,2023-02-26,2023-08-07,2024-06-14
6850,2023-11-02,2023-04-28,2024-04-26
3737,2023-05-28,2023-01-04,2024-01-03
10600,2023-03-25,2023-12-23,2024-08-07
5887,2023-03-28,2023-08-05,2024-08-11
1425,2023-07-28,2023-05-09,2024-05-27
8013,2023-01-09,2023-10-07,2024-02-16
7652,2023-12-04,2023-10-18,2024-06-22
7697,2023-10-11,2023-12-16,2024-07-25
13252,2023-07-23,2023-05-07,2024-04-11
1673,2023-09-02,2023-07-07,2024-06-20
1817,2023-08-09,2023-11-26,2024-11-28
4050,2023-09-24,2023-07-14,2024-10-26
9177,2023-09-21,2023-04-18,2024-04-02
6793,2023-09-18,2023-04-01,2024-09-13
9648,2023-12-16,2023-11-28,2024-05-05
6869,2023-10-09,2023-12-10,2024-12-20
2763,2023-07-18,2023-09-25,2024-08-11
1694,2023-01-06,2023-04-24,2024-07-25
7301,2023-09-23,2023-07-04,2024-06-10
12421,2023-01-27,2023-10-26,2024-12-19
12288,2023-09-23,2023-03-15,2024-02-02
3303,2023-06-22,2023-05-04,2024-02-13
9792,2023-09-06,2023-05-10,2024-01-14
13737,2023-06-14,2023-03-22,2024-03-12
9336,2023-07-18,2023-12-13,2024-06-17
2058,2023-08-28,2023-05-13,2024-09-23
3038,2023-09-10,2023-06-16,2024-06-22
14554,2023-04-07,2023-07-12,2024-06-01
10534,2023-07-26,2023-08-10,2024-12-02
999,2023-03-03,2023-10-24,2024-01-14
3055,2023-02-17,2023-07-28,2024-04-25
6742,2023-11-24,2023-11-08,2024-12-02
5660,2023-04-12,2023-04-12,2024-08-08
13183,2023-01-23,2023-05-03,2024-12-11
9382,2023-11-01,2023-09-25,2024-07-11
12179,2023-09-21,2023-06-07,2024-11-15
2762,2023-08-02,2023-03-16,2024-05-24
6976,2023-07-19,2023-08-07,2024-03-09
1856,2023-12-22,2023-10-20,2024-03-26
14594,2023-01-23,2023-05-20,2024-07-08
6344,2023-10-19,2023-06-15,2024-07-26
9205,2023-06-14,2023-12-28,2024-07-21
12091,2023-03-09,2023-05-05,2024-03-28
4437,2023-12-17,2023-03-24,2024-12-10
13280,2023-02-21,2023-02-05,2024-11-10
11041,2023-09-01,2023-07-25,2024-05-06
670,2023-10-01,2023-06-08,2024-04-27
795,2023-01-26,2023-11-04,2024-09-23
7403,2023-04-22,2023-07-22,2024-03-06
11584,2023-03-12,2023-12-07,2024-03-22
14993,2023-06-22,2023-08-20,2024-05-19
14336,2023-06-03,2023-09-25,2024-08-08
8358,2023-03-17,2023-05-09,2024-10-03
13987,2023-09-03,2023-11-16,2024-04-08
8229,2023-04-17,2023-11-06,2024-04-17
1098,2023-05-07,2023-01-14,2024-04-15
12718,2023-04-14,2023-07-15,2024-11-17
1084,2023-05-19,2023-03-27,2024-05-12
10280,2023-02-19,2023-01-27,2024-02-20
14399,2023-09-14,2023-04-12,2024-01-27
10115,2023-02-16,2023-06-18,2024-10-14
8338,2023-09-20,2023-03-27,2024-08-14
8812,2023-04-05,2023-07-23,2024-07-24
11970,2023-06-11,2023-08-16,2024-07-16
13555,2023-11-17,2023-11-11,2024-10-19
7734,2023-10-03,2023-12-07,2024-07-22
369,2023-07-13,2023-01-13,2024-02-19
9993,2023-05-28,2023-10-07,2024-03-19
13937,2023-02-28,2023-10-19,2024-03-25
14896,2023-04-27,2023-08-26,2024-11-20
3203,2023-01-15,2023-11-05,2024-02-08
1547,2023-06-17,2023-02-18,2024-04-18
13604,2023-09-22,2023-05-12,2024-05-11
6250,2023-10-23,2023-07-23,2024-04-07
2558,2023-06-25,2023-08-16,2024-12-07
8733,2023-12-26,2023-04-12,2024-05-24
2240,2023-07-23,2023-08-11,2024-02-03
9254,2023-08-18,2023-01-09,2024-06-03
8907,2023-11-13,2023-07-18,2024-10-24
13772,2023-07-13,2023-01-03,2024-01-08
1670,2023-10-14,2023-06-08,2024-03-11
3626,2023-07-11,2023-02-22,2024-08-17
13428,2023-11-19,2023-09-26,2024-12-27
7080,2023-01-24,2023-06-15,2024-03-21
13950,2023-04-28,2023-06-25,2024-11-19
3349,2023-01-12,2023-05-12,2024-10-27
4963,2023-07-28,2023-02-22,2024-05-26
4584,2023-07-06,2023-08-28,2024-11-16
4991,2023-07-07,2023-10-04,2024-11-14
6364,2023-12-10,2023-10-06,2024-10-22
1367,2023-04-22,2023-12-17,2024-06-06
10276,2023-04-10,2023-04-19,2024-10-04
13927,2023-08-01,2023-12-27,2024-09-22
14271,2023-07-28,2023-01-02,2024-06-05
4430,2023-03-10,2023-11-27,2024-02-05
9229,2023-11-03,2023-08-05,2024-04-06
8603,2023-05-17,2023-05-20,2024-04-03
5575,2023-06-28,2023-06-20,2024-12-15
14803,2023-01-07,2023-10-03,2024-03-20
614,2023-04-18,2023-08-05,2024-02-07
5129,2023-12-17,2023-04-03,2024-12-13
11301,2023-02-22,2023-03-20,2024-08-19
9885,2023-10-14,2023-08-06,2024-07-09
11875,2023-12-10,2023-07-22,2024-07-21
2728,2023-07-12,2023-12-18,2024-01-03
13857,2023-08-08,2023-04-04,2024-07-23
7895,2023-02-11,2023-09-14,2024-06-11
10478,2023-02-01,2023-05-19,2024-04-04
357,2023-01-09,2023-11-19,2024-03-17
5241,2023-08-14,2023-02-05,2024-07-12
3935,2023-03-25,2023-08-28,2024-07-28
7133,2023-05-27,2023-02-16,2024-06-25
11222,2023-04-02,2023-10-19,2024-09-02
11433,2023-05-12,2023-02-28,2024-02-24
1857,2023-09-22,2023-10-19,2024-07-04
6784,2023-10-05,2023-02-08,2024-05-02
1929,2023-02-25,2023-01-27,2024-06-17
14603,2023-10-25,2023-07-06,2024-10-26
8591,2023-09-20,2023-05-06,2024-04-17
14324,2023-04-21,2023-03-27,2024-12-07
7539,2023-12-21,2023-02-22,2024-07-15
2314,2023-02-17,2023-11-12,2024-12-24
14299,2023-06-02,2023-03-14,2024-10-28
4453,2023-10-24,2023-04-10,2024-05-15
2371,2023-06-21,2023-03-02,2024-11-02
2934,2023-12-14,2023-12-03,2024-04-26
7774,2023-07-06,2023-02-20,2024-08-28
2467,2023-10-06,2023-04-12,2024-08-23
11721,2023-01-07,2023-06-12,2024-11-21
11030,2023-10-15,2023-07-12,2024-01-23
8950,2023-08-23,2023-12-14,2024-08-08
11560,2023-10-18,2023-10-15,2024-06-20
13201,2023-05-12,2023-06-26,2024-02-24
5883,2023-01-22,2023-02-26,2024-11-02
1099,2023-02-14,2023-03-22,2024-05-07
11919,2023-07-28,2023-02-15,2024-05-19
973,2023-05-18,2023-12-08,2024-06-08
7112,2023-06-14,2023-09-16,2024-03-09
2365,2023-08-21,2023-11-05,2024-02-01
10124,2023-12-06,2023-08-02,2024-08-06
9450,2023-10-07,2023-12-05,2024-06-09
6002,2023-05-26,2023-12-24,2024-02-22
11226,2023-10-20,2023-02-11,2024-05-11
11960,2023-08-20,2023-08-14,2024-07-14
7492,2023-04-14,2023-05-01,2024-05-15
5348,2023-11-11,2023-11-06,2024-07-09
9664,2023-04-16,2023-08-07,2024-08-02
8696,2023-02-08,2023-03-14,2024-05-05
10576,2023-05-02,2023-07-01,2024-05-07
11054,2023-07-24,2023-12-24,2024-10-28
1741,2023-11-09,2023-05-22,2024-12-02
14544,2023-03-08,2023-05-07,2024-12-18
8162,2023-02-19,2023-10-20,2024-09-01
4594,2023-03-20,2023-06-14,2024-02-17
10810,2023-03-17,2023-01-05,2024-02-19
10337,2023-06-01,2023-11-18,2024-02-08
3867,2023-03-02,2023-05-08,2024-01-25
14502,2023-09-05,2023-07-26,2024-11-04
389,2023-06-13,2023-07-18,2024-11-03
4478,2023-06-09,2023-07-02,2024-01-09
14394,2023-09-16,2023-02-19,2024-05-17
14859,2023-04-27,2023-04-02,2024-10-12
5568,2023-01-02,2023-11-13,2024-11-28
1313,2023-09-03,2023-06-22,2024-07-11
4646,2023-04-27,2023-12-13,2024-05-07
5836,2023-12-19,2023-05-02,2024-05-16
4550,2023-05-18,2023-06-25,2024-05-17
14326,2023-06-17,2023-01-05,2024-05-26
3353,2023-07-22,2023-05-04,2024-09-12
2752,2023-09-12,2023-06-16,2024-02-03
11705,2023-08-08,2023-04-21,2024-11-08
6247,2023-02-01,2023-03-09,2024-05-17
634,2023-10-09,2023-05-21,2024-12-13
12942,2023-11-07,2023-03-02,2024-07-15
4208,2023-11-07,2023-03-14,2024-09-28
11837,2023-02-01,2023-05-18,2024-11-06
6851,2023-10-09,2023-12-06,2024-02-08
4273,2023-12-07,2023-06-04,2024-02-27
11323,2023-05-27,2023-03-01,2024-01-03
7270,2023-04-09,2023-04-01,2024-01-24
2496,2023-02-07,2023-03-10,2024-07-21
2827,2023-03-16,2023-05-02,2024-01-17
3063,2023-12-08,2023-08-22,2024-07-14
12694,2023-10-11,2023-10-25,2024-06-10
5629,2023-08-17,2023-11-06,2024-02-08
3445,2023-10-04,2023-05-20,2024-09-23
13996,2023-04-20,2023-03-12,2024-09-18
11215,2023-12-24,2023-07-13,2024-08-01
5698,2023-08-15,2023-06-19,2024-07-23
611,2023-04-16,2023-03-23,2024-05-14
5437,2023-12-25,2023-08-04,2024-04-15
13458,2023-08-05,2023-11-28,2024-03-17
10088,2023-05-10,2023-12-10,2024-05-04
5920,2023-04-18,2023-10-09,2024-11-19
463,2023-06-05,2023-11-18,2024-12-15
4386,2023-12-03,2023-12-18,2024-01-17
775,2023-02-08,2023-09-13,2024-12-10
11530,2023-12-28,2023-11-11,2024-05-05
25,2023-10-10,2023-09-13,2024-06-26
7564,2023-06-21,2023-07-20,2024-12-01
7235,2023-02-27,2023-09-25,2024-03-06
3030,2023-11-23,2023-01-09,2024-07-24
12487,2023-10-19,2023-12-17,2024-03-19
10795,2023-06-27,2023-02-03,2024-05-04
8889,2023-09-09,2023-06-27,2024-02-07
2831,2023-12-24,2023-01-12,2024-08-10
12558,2023-12-25,2023-10-01,2024-04-14
6576,2023-12-15,2023-08-02,2024-02-19
3129,2023-05-01,2023-06-21,2024-01-10
7207,2023-03-24,2023-04-13,2024-02-09
2919,2023-04-19,2023-05-12,2024-02-01
9007,2023-06-05,2023-04-15,2024-06-22
356,2023-03-16,2023-09-09,2024-08-02
8750,2023-05-03,2023-10-07,2024-09-22
13052,2023-09-09,2023-02-26,2024-03-17
10485,2023-07-23,2023-02-28,2024-11-07
12438,2023-04-24,2023-03-28,2024-02-07
10075,2023-12-27,2023-11-12,2024-10-02
8852,2023-01-14,2023-07-25,2024-08-07
11884,2023-05-08,2023-09-26,2024-05-21
11813,2023-05-11,2023-11-11,2024-04-18
1083,2023-05-10,2023-04-27,2024-05-06
10947,2023-03-17,2023-04-09,2024-05-09
13307,2023-04-13,2023-08-07,2024-02-16
3107,2023-05-19,2023-12-02,2024-01-24
14815,2023-05-28,2023-09-05,2024-01-22
1391,2023-12-27,2023-03-17,2024-12-08
12876,2023-10-01,2023-11-13,2024-02-23
7849,2023-01-20,2023-05-11,2024-02-02
12261,2023-09-17,2023-12-13,2024-09-27
4295,2023-11-01,2023-06-21,2024-02-26
11845,2023-06-08,2023-10-09,2024-01-20
340,2023-08-22,2023-10-26,2024-01-28
1975,2023-05-01,2023-09-05,2024-06-09
5804,2023-12-19,2023-09-19,2024-09-23
7006,2023-05-04,2023-08-13,2024-03-04
2060,2023-05-28,2023-03-10,2024-04-09
4331,2023-09-04,2023-12-20,2024-09-27
12124,2023-01-12,2023-06-23,2024-03-08
11228,2023-06-15,2023-02-27,2024-01-24
8052,2023-01-24,2023-06-20,2024-05-15
13272,2023-08-27,2023-01-24,2024-11-18
6826,2023-10-09,2023-12-07,2024-03-14
12139,2023-01-17,2023-07-19,2024-10-03
2747,2023-04-13,2023-10-17,2024-08-02
14257,2023-08-02,2023-08-25,2024-12-11
4461,2023-12-08,2023-01-14,2024-02-10
1534,2023-11-19,2023-02-23,2024-07-17
14390,2023-04-27,2023-02-10,2024-04-04
7832,2023-06-23,2023-09-21,2024-03-17
1461,2023-07-13,2023-02-05,2024-04-08
14396,2023-05-01,2023-06-08,2024-10-02
9544,2023-02-11,2023-11-24,2024-01-06
7623,2023-01-09,2023-02-12,2024-06-10
7662,2023-10-13,2023-07-24,2024-03-15
4851,2023-06-23,2023-06-12,2024-07-28
8661,2023-11-13,2023-04-02,2024-09-23
1487,2023-05-25,2023-10-24,2024-04-16
1551,2023-07-16,2023-11-07,2024-08-25
178,2023-05-16,2023-04-05,2024-08-26
7916,2023-02-10,2023-11-27,2024-11-13
14870,2023-05-08,2023-11-13,2024-03-24
13267,2023-06-26,2023-01-02,2024-06-18
8441,2023-10-09,2023-03-23,2024-08-16
1165,2023-01-07,2023-04-05,2024-04-17
9187,2023-08-02,2023-01-02,2024-08-18
5377,2023-06-12,2023-05-25,2024-04-11
7109,2023-11-07,2023-04-27,2024-09-05
7112,2023-04-12,2023-01-09,2024-10-16
8836,2023-08-21,2023-07-25,2024-09-23
13146,2023-11-19,2023-09-11,2024-08-25
1684,2023-05-27,2023-12-22,2024-04-21
11621,2023-08-27,2023-10-12,2024-03-01
8550,2023-08-10,2023-12-05,2024-09-27
13316,2023-09-26,2023-01-24,2024-02-01
6727,2023-01-03,2023-12-13,2024-08-06
6647,2023-03-04,2023-01-24,2024-12-21
6088,2023-12-08,2023-04-20,2024-11-14
12581,2023-11-13,2023-06-28,2024-08-12
6477,2023-08-18,2023-08-01,2024-06-05
13910,2023-12-07,2023-04-16,2024-12-18
1612,2023-06-11,2023-06-05,2024-07-07
6673,2023-04-27,2023-07-05,2024-05-04
11187,2023-06-26,2023-01-03,2024-04-23
14825,2023-02-20,2023-12-03,2024-10-03
6335,2023-02-05,2023-08-07,2024-02-24
704,2023-07-02,2023-07-09,2024-10-25
12097,2023-02-13,2023-04-07,2024-05-24
7886,2023-09-22,2023-11-18,2024-02-22
14136,2023-05-07,2023-06-28,2024-11-15
10269,2023-03-27,2023-10-15,2024-02-15
11847,2023-05-18,2023-09-22,2024-01-10
4038,2023-10-04,2023-07-07,2024-05-26
4828,2023-06-09,2023-10-20,2024-03-05
5384,2023-12-24,2023-12-24,2024-02-24
3364,2023-03-09,2023-12-14,2024-02-17
8683,2023-06-19,2023-11-08,2024-10-16
10651,2023-03-25,2023-08-13,2024-07-16
10650,2023-06-02,2023-07-05,2024-04-03
13153,2023-09-09,2023-06-16,2024-04-02
3226,2023-07-01,2023-12-19,2024-09-15
6998,2023-01-18,2023-12-14,2024-12-08
14458,2023-11-25,2023-01-18,2024-03-01
7563,2023-10-21,2023-09-22,2024-02-07
10014,2023-12-25,2023-08-05,2024-09-21
11730,2023-03-07,2023-04-21,2024-08-22
9362,2023-06-08,2023-01-10,2024-12-19
2192,2023-04-19,2023-10-02,2024-06-22
13065,2023-12-15,2023-05-07,2024-05-25
1659,2023-08-15,2023-09-02,2024-03-13
5358,2023-08-19,2023-12-11,2024-12-27
13993,2023-01-16,2023-04-27,2024-01-16
14875,2023-09-05,2023-02-27,2024-06-14
11657,2023-04-06,2023-10-13,2024-09-22
13580,2023-08-18,2023-09-01,2024-03-06
13192,2023-01-23,2023-11-12,2024-09-23
8467,2023-01-10,2023-02-11,2024-10-26
13586,2023-09-24,2023-03-25,2024-06-01
12953,2023-10-11,2023-07-12,2024-04-01
8906,2023-01-27,2023-02-04,2024-03-19
1815,2023-08-02,2023-03-19,2024-10-22
7181,2023-03-22,2023-09-07,2024-09-05
1871,2023-01-03,2023-11-22,2024-07-26
12996,2023-12-03,2023-03-16,2024-04-24
4524,2023-11-10,2023-06-24,2024-06-12
9081,2023-11-27,2023-11-26,2024-07-27
7590,2023-03-11,2023-09-21,2024-02-08
9816,2023-08-12,2023-09-17,2024-05-08
9792,2023-12-06,2023-07-04,2024-10-24
3047,2023-10-22,2023-06-11,2024-08-04
8569,2023-06-20,2023-08-12,2024-02-09
12627,2023-07-04,2023-09-25,2024-10-02
14040,2023-12-13,2023-03-21,2024-06-19
3579,2023-12-09,2023-06-28,2024-10-24
3421,2023-09-02,2023-01-01,2024-01-25
6279,2023-08-28,2023-01-11,2024-10-01
511,2023-10-02,2023-03-22,2024-09-28
4830,2023-04-11,2023-01-27,2024-11-07
13070,2023-02-26,2023-05-15,2024-03-18
12619,2023-03-09,2023-06-21,2024-12-18
13164,2023-03-04,2023-08-21,2024-01-25
1216,2023-10-06,2023-11-07,2024-06-05
13814,2023-10-10,2023-01-18,2024-01-17
14435,2023-10-25,2023-08-16,2024-09-15
9407,2023-11-11,2023-08-10,2024-08-02
10532,2023-04-08,2023-10-19,2024-02-11
14918,2023-11-26,2023-08-16,2024-09-23
6423,2023-06-22,2023-03-12,2024-09-16
5360,2023-02-09,2023-02-10,2024-12-19
10134,2023-08-06,2023-12-16,2024-12-05
12560,2023-05-23,2023-06-14,2024-04-15
14127,2023-08-26,2023-03-28,2024-07-22
10544,2023-07-11,2023-07-22,2024-05-01
5001,2023-07-05,2023-02-10,2024-05-12
14869,2023-08-15,2023-04-19,2024-04-25
5546,2023-04-23,2023-08-26,2024-05-26
9450,2023-12-22,2023-04-21,2024-03-12
6999,2023-03-26,2023-06-12,2024-09-08
4168,2023-05-14,2023-03-06,2024-10-26
5094,2023-10-09,2023-06-14,2024-01-26
10863,2023-01-11,2023-01-06,2024-08-10
14260,2023-10-16,2023-06-09,2024-06-09
148,2023-01-16,2023-05-28,2024-11-20
10138,2023-11-23,2023-12-03,2024-05-07
10517,2023-11-20,2023-08-16,2024-07-04
5643,2023-08-17,2023-11-06,2024-11-19
1968,2023-01-28,2023-09-23,2024-01-25
9179,2023-03-17,2023-12-08,2024-09-01
13932,2023-05-25,2023-05-25,2024-09-09
1771,2023-04-11,2023-11-06,2024-06-23
7791,2023-12-11,2023-06-11,2024-03-22
6755,2023-03-25,2023-01-15,2024-06-03
4185,2023-04-27,2023-02-07,2024-12-23
4934,2023-08-27,2023-10-01,2024-04-11
389,2023-01-16,2023-10-16,2024-09-09
6032,2023-12-25,2023-02-20,2024-02-01
14419,2023-09-08,2023-03-19,2024-11-27
6301,2023-01-20,2023-07-17,2024-05-05
3024,2023-01-26,2023-11-16,2024-05-22
9579,2023-09-10,2023-10-24,2024-01-12
8748,2023-01-22,2023-08-10,2024-06-20
5533,2023-10-03,2023-10-02,2024-04-14
13791,2023-06-17,2023-07-17,2024-04-27
12203,2023-06-05,2023-09-10,2024-11-18
5429,2023-10-21,2023-02-13,2024-06-06
10676,2023-03-02,2023-11-10,2024-07-03
94,2023-06-12,2023-02-22,2024-01-13
14105,2023-08-05,2023-10-08,2024-04-17
11160,2023-06-03,2023-07-24,2024-12-23
4317,2023-09-24,2023-11-16,2024-08-19
3370,2023-05-19,2023-04-13,2024-09-19
131,2023-08-15,2023-12-13,2024-04-22
1279,2023-05-18,2023-04-22,2024-12-23
10744,2023-02-20,2023-04-12,2024-04-26
2170,2023-02-25,2023-04-10,2024-05-10
14663,2023-11-08,2023-01-06,2024-03-09
11617,2023-05-14,2023-01-07,2024-11-01
6170,2023-03-08,2023-12-04,2024-08-27
5418,2023-02-10,2023-11-14,2024-09-27
1255,2023-01-17,2023-11-23,2024-01-11
6706,2023-09-19,2023-09-14,2024-04-06
663,2023-07-21,2023-12-27,2024-04-04
13887,2023-06-10,2023-01-12,2024-08-14
6230,2023-10-10,2023-05-09,2024-06-22
9824,2023-08-11,2023-10-15,2024-12-07
7271,2023-01-24,2023-03-16,2024-07-18
6187,2023-09-24,2023-07-13,2024-01-15
12713,2023-04-01,2023-08-26,2024-03-19
11272,2023-07-21,2023-08-19,2024-08-01
6226,2023-02-07,2023-11-24,2024-07-01
11330,2023-08-24,2023-12-09,2024-04-24
10002,2023-11-01,2023-10-26,2024-06-08
4426,2023-11-14,2023-09-22,2024-09-23
14560,2023-09-18,2023-03-08,2024-04-19
6382,2023-07-21,2023-04-11,2024-05-12
9512,2023-03-01,2023-03-23,2024-12-02
13221,2023-03-13,2023-06-23,2024-06-27
3114,2023-02-23,2023-04-11,2024-10-28
331,2023-12-18,2023-06-16,2024-04-07
10589,2023-05-13,2023-12-07,2024-07-08
4819,2023-03-17,2023-07-27,2024-06-25
95,2023-09-07,2023-05-26,2024-04-18
8357,2023-05-01,2023-04-22,2024-03-24
9880,2023-09-24,2023-01-04,2024-02-10
8523,2023-08-22,2023-07-22,2024-04-12
14157,2023-01-07,2023-06-24,2024-05-05
14129,2023-06-08,2023-05-17,2024-09-03
3584,2023-02-14,2023-10-24,2024-07-26
1264,2023-11-18,2023-06-11,2024-08-08
7222,2023-12-06,2023-06-09,2024-08-02
1564,2023-11-21,2023-12-26,2024-05-21
10648,2023-01-24,2023-05-10,2024-07-04
11174,2023-11-20,2023-05-02,2024-05-28
7063,2023-08-14,2023-10-02,2024-06-01
6822,2023-06-03,2023-04-23,2024-08-24
12666,2023-06-06,2023-06-01,2024-11-11
8758,2023-10-19,2023-06-01,2024-01-02
8710,2023-11-22,2023-02-22,2024-09-24
11592,2023-11-13,2023-03-13,2024-12-02
14461,2023-11-18,2023-04-14,2024-07-23
7959,2023-04-15,2023-05-03,2024-03-17
2324,2023-05-14,2023-01-02,2024-08-04
10188,2023-01-10,2023-07-08,2024-10-28
10653,2023-05-13,2023-08-20,2024-11-28
4937,2023-12-17,2023-03-16,2024-08-08
6588,2023-12-15,2023-10-06,2024-10-03
12146,2023-01-19,2023-10-07,2024-04-10
4035,2023-12-04,2023-11-05,2024-05-28
8979,2023-09-12,2023-10-01,2024-08-24
5966,2023-12-14,2023-05-05,2024-12-20
11455,2023-09-14,2023-09-03,2024-04-05
2483,2023-12-28,2023-10-16,2024-05-03
2749,2023-12-20,2023-01-05,2024-02-19
10353,2023-01-23,2023-08-15,2024-07-17
9033,2023-01-22,2023-05-08,2024-05-22
4330,2023-09-17,2023-04-28,2024-11-08
7495,2023-01-23,2023-04-15,2024-10-07
14226,2023-02-26,2023-09-12,2024-01-03
3922,2023-05-26,2023-10-07,2024-02-08
14039,2023-06-27,2023-06-10,2024-09-05
5592,2023-07-09,2023-09-01,2024-03-07
9310,2023-01-28,2023-09-06,2024-11-02
9258,2023-10-08,2023-12-21,2024-01-18
2765,2023-06-20,2023-06-09,2024-08-17
3924,2023-12-06,2023-04-25,2024-07-18
4194,2023-02-04,2023-08-14,2024-07-25
536,2023-07-28,2023-09-21,2024-09-16
2284,2023-01-10,2023-10-21,2024-01-15
12625,2023-06-13,2023-08-06,2024-11-26
9173,2023-03-13,2023-01-05,2024-10-13
7165,2023-11-17,2023-11-23,2024-12-17
5096,2023-05-01,2023-09-01,2024-05-04
9188,2023-09-24,2023-03-13,2024-04-07
14600,2023-11-25,2023-02-05,2024-11-27
11931,2023-08-23,2023-10-06,2024-05-22
7195,2023-04-23,2023-07-23,2024-10-20
5828,2023-07-13,2023-10-24,2024-02-07
2897,2023-01-10,2023-11-22,2024-06-27
7454,2023-01-03,2023-01-08,2024-03-12
5728,2023-03-24,2023-05-23,2024-08-10
6991,2023-07-15,2023-06-04,2024-06-18
14864,2023-10-04,2023-03-25,2024-06-13
12156,2023-03-03,2023-01-23,2024-11-12
4424,2023-09-10,2023-06-28,2024-03-07
2923,2023-11-08,2023-05-17,2024-04-05
9652,2023-10-20,2023-11-12,2024-11-12
13811,2023-09-03,2023-10-22,2024-07-23
10109,2023-02-15,2023-09-17,2024-11-19
4172,2023-05-24,2023-05-27,2024-03-17
292,2023-10-05,2023-11-24,2024-01-14
14413,2023-03-11,2023-05-15,2024-12-05
14554,2023-07-05,2023-09-25,2024-09-14
9251,2023-03-28,2023-04-08,2024-04-07
1190,2023-08-09,2023-09-16,2024-09-24
2060,2023-08-16,2023-01-12,2024-09-02
460,2023-03-18,2023-09-14,2024-08-18
7381,2023-10-12,2023-04-14,2024-12-25
4449,2023-08-11,2023-01-01,2024-12-26
9401,2023-01-11,2023-10-06,2024-01-28
5363,2023-01-15,2023-06-26,2024-06-02
1513,2023-05-20,2023-09-04,2024-12-16
3260,2023-10-09,2023-03-17,2024-02-23
8959,2023-04-15,2023-11-11,2024-08-15
13077,2023-11-04,2023-10-08,2024-03-25
13769,2023-01-25,2023-02-05,2024-11-14
8605,2023-05-12,2023-04-06,2024-10-16
13655,2023-12-14,2023-12-15,2024-08-21
7134,2023-05-08,2023-06-05,2024-06-21
7264,2023-12-08,2023-03-25,2024-06-22
9961,2023-11-28,2023-02-16,2024-08-13
13523,2023-12-27,2023-06-07,2024-04-07
2334,2023-05-23,2023-08-15,2024-05-24
908,2023-08-14,2023-03-14,2024-02-05
6798,2023-01-02,2023-08-20,2024-01-13
12164,2023-02-25,2023-07-02,2024-01-12
1417,2023-10-03,2023-06-02,2024-02-22
5136,2023-06-08,2023-01-13,2024-08-25
7649,2023-09-27,2023-07-19,2024-12-09
2000,2023-07-19,2023-12-20,2024-04-04
8806,2023-09-19,2023-11-16,2024-11-01
4506,2023-01-13,2023-07-01,2024-09-12
5730,2023-05-12,2023-02-02,2024-10-08
9535,2023-10-15,2023-06-12,2024-11-12
3114,2023-02-06,2023-02-04,2024-11-07
10053,2023-10-26,2023-11-14,2024-06-02
10155,2023-07-06,2023-05-10,2024-06-14
11261,2023-01-14,2023-05-09,2024-09-20
8378,2023-03-03,2023-11-02,2024-07-07
960,2023-01-21,2023-10-09,2024-10-13
12367,2023-06-08,2023-03-18,2024-03-12
8625,2023-02-24,2023-11-15,2024-06-13
4085,2023-06-22,2023-11-03,2024-05-10
6556,2023-06-02,2023-10-08,2024-12-17
12206,2023-05-10,2023-06-17,2024-04-28
7289,2023-06-08,2023-08-24,2024-01-26
2020,2023-11-03,2023-02-08,2024-03-02
9956,2023-06-25,2023-11-13,2024-01-23
9883,2023-01-04,2023-06-28,2024-07-09
510,2023-05-25,2023-10-19,2024-11-24
5131,2023-09-16,2023-12-20,2024-01-12
11555,2023-10-17,2023-01-18,2024-03-15
8699,2023-12-05,2023-07-06,2024-06-26
8157,2023-02-11,2023-02-05,2024-05-07
13974,2023-01-06,2023-11-19,2024-04-13
6704,2023-01-16,2023-07-12,2024-06-20
5607,2023-01-05,2023-07-25,2024-01-04
14184,2023-01-27,2023-07-06,2024-09-24
8090,2023-06-24,2023-02-25,2024-07-11
4440,2023-08-18,2023-05-26,2024-02-27
5097,2023-01-10,2023-12-25,2024-06-12
1353,2023-11-04,2023-02-05,2024-10-15
10039,2023-10-27,2023-01-15,2024-11-28
13064,2023-05-22,2023-12-22,2024-04-11
4956,2023-06-07,2023-03-24,2024-07-10
6392,2023-01-18,2023-08-25,2024-03-23
13695,2023-09-14,2023-08-01,2024-09-24
4786,2023-05-09,2023-08-08,2024-10-20
3509,2023-04-23,2023-06-11,2024-11-08
2114,2023-11-13,2023-01-28,2024-04-04
4712,2023-10-18,2023-09-13,2024-05-08
1801,2023-11-03,2023-05-04,2024-01-07
1725,2023-01-12,2023-09-25,2024-08-12
7206,2023-10-23,2023-09-04,2024-07-23
462,2023-08-18,2023-01-18,2024-10-15
10723,2023-06-23,2023-06-02,2024-08-07
10356,2023-06-14,2023-12-05,2024-09-24
4858,2023-01-22,2023-07-08,2024-06-24
12894,2023-04-24,2023-04-18,2024-05-13
8881,2023-01-11,2023-11-14,2024-07-14
2517,2023-11-08,2023-07-27,2024-06-08
3434,2023-02-27,2023-05-16,2024-05-01
6622,2023-04-03,2023-09-16,2024-09-12
14850,2023-03-09,2023-07-16,2024-04-02
9522,2023-08-19,2023-06-01,2024-06-14
574,2023-12-12,2023-06-19,2024-04-06
5838,2023-01-23,2023-07-20,2024-12-04
494,2023-09-15,2023-11-02,2024-08-24
11850,2023-08-24,2023-08-12,2024-11-02
2549,2023-12-26,2023-05-10,2024-06-16
14068,2023-06-18,2023-01-15,2024-03-08
3429,2023-03-12,2023-12-08,2024-06-23
8516,2023-01-27,2023-01-11,2024-09-26
6359,2023-02-22,2023-09-01,2024-08-08
10235,2023-11-07,2023-03-03,2024-06-26
12328,2023-11-28,2023-01-05,2024-04-15
14415,2023-01-01,2023-06-24,2024-10-08
608,2023-12-10,2023-05-17,2024-09-21
8299,2023-03-18,2023-10-25,2024-10-22
9053,2023-10-05,2023-09-03,2024-09-27
6487,2023-01-16,2023-01-28,2024-11-16
14811,2023-03-13,2023-07-05,2024-06-21
11584,2023-05-17,2023-07-19,2024-07-24
12707,2023-01-21,2023-03-01,2024-10-23
13913,2023-10-25,2023-12-17,2024-01-05
12943,2023-08-02,2023-04-25,2024-06-03
7437,2023-04-25,2023-02-06,2024-07-13
11064,2023-08-09,2023-03-15,2024-06-09
13354,2023-02-12,2023-06-11,2024-01-01
5576,2023-07-18,2023-03-25,2024-09-09
5071,2023-04-26,2023-06-24,2024-07-28
8200,2023-02-09,2023-03-23,2024-06-11
1229,2023-06-06,2023-04-19,2024-04-26
2040,2023-12-06,2023-12-07,2024-01-26
2357,2023-12-08,2023-01-22,2024-12-06
13577,2023-03-27,2023-12-16,2024-11-09
7329,2023-09-22,2023-11-01,2024-03-10
1604,2023-11-25,2023-12-10,2024-06-27
4967,2023-08-21,2023-04-22,2024-07-18
4217,2023-05-13,2023-01-17,2024-06-06
10583,2023-09-23,2023-10-22,2024-05-23
14955,2023-01-02,2023-04-01,2024-07-20
1129,2023-06-17,2023-08-20,2024-05-23
7854,2023-01-09,2023-04-18,2024-03-03
7244,2023-04-19,2023-09-25,2024-12-24
10085,2023-12-09,2023-08-02,2024-03-23
13992,2023-03-07,2023-11-23,2024-01-20
3628,2023-03-16,2023-07-02,2024-11-23
11064,2023-12-02,2023-06-08,2024-09-06
6707,2023-07-02,2023-02-03,2024-09-09
7195,2023-01-06,2023-08-27,2024-12-12
11860,2023-11-10,2023-06-04,2024-01-28
4737,2023-05-08,2023-08-21,2024-12-13
1546,2023-02-28,2023-01-02,2024-02-06
7985,2023-04-25,2023-11-03,2024-07-06
235,2023-06-16,2023-07-07,2024-02-22
4991,2023-03-20,2023-05-07,2024-10-04
4011,2023-01-22,2023-09-13,2024-01-08
12176,2023-05-14,2023-11-10,2024-06-27
2971,2023-03-06,2023-04-13,2024-07-05
14528,2023-05-16,2023-05-25,2024-03-05
13005,2023-01-24,2023-03-08,2024-11-18
13445,2023-01-08,2023-07-12,2024-05-26
11686,2023-09-12,2023-06-22,2024-09-15
935,2023-09-18,2023-08-02,2024-04-25
9274,2023-01-03,2023-11-03,2024-12-15
1019,2023-07-05,2023-02-21,2024-05-24
10139,2023-05-23,2023-04-01,2024-04-13
3456,2023-03-17,2023-12-25,2024-08-12
13210,2023-12-17,2023-04-02,2024-12-05
13576,2023-09-22,2023-10-07,2024-10-03
11830,2023-06-02,2023-01-19,2024-06-22
13391,2023-03-20,2023-08-27,2024-02-16
5998,2023-12-02,2023-10-04,2024-03-03
12335,2023-09-11,2023-02-14,2024-02-07
8582,2023-12-12,2023-10-16,2024-09-06
13733,2023-04-27,2023-09-24,2024-01-09
5552,2023-05-23,2023-11-16,2024-01-25
9400,2023-07-19,2023-08-19,2024-07-28
9696,2023-07-18,2023-09-28,2024-02-04
13445,2023-01-01,2023-10-02,2024-07-04
5482,2023-05-10,2023-11-19,2024-06-22
2882,2023-04-17,2023-12-05,2024-06-16
13299,2023-04-13,2023-04-07,2024-01-04
12989,2023-08-08,2023-11-04,2024-03-24
5628,2023-11-11,2023-12-14,2024-05-06
9170,2023-11-12,2023-07-03,2024-09-09
9804,2023-06-01,2023-10-10,2024-01-07
320,2023-01-27,2023-03-22,2024-04-06
11071,2023-10-07,2023-07-07,2024-10-16
8039,2023-10-26,2023-05-02,2024-11-07
3525,2023-08-14,2023-05-18,2024-08-12
1930,2023-03-19,2023-08-19,2024-03-06
6889,2023-04-21,2023-05-05,2024-01-25
1960,2023-03-12,2023-05-03,2024-11-24
8082,2023-03-10,2023-11-02,2024-12-24
7021,2023-10-17,2023-08-01,2024-12-11
5179,2023-12-25,2023-08-08,2024-08-12
5259,2023-02-11,2023-07-06,2024-10-20
2682,2023-03-09,2023-10-15,2024-07-19
8259,2023-11-03,2023-06-17,2024-03-26
10046,2023-12-17,2023-03-24,2024-01-04
8257,2023-11-28,2023-08-23,2024-11-06
13085,2023-08-05,2023-05-14,2024-04-08
9220,2023-12-24,2023-09-13,2024-05-23
4848,2023-12-07,2023-04-01,2024-07-28
11540,2023-03-22,2023-12-07,2024-07-17
13053,2023-03-26,2023-09-01,2024-06-09
2809,2023-07-24,2023-05-05,2024-10-27
4011,2023-02-08,2023-05-14,2024-04-11
3685,2023-11-22,2023-01-28,2024-05-07
12335,2023-05-19,2023-12-18,2024-05-13
9629,2023-06-20,2023-07-17,2024-05-19
1128,2023-01-10,2023-11-02,2024-10-08
14654,2023-11-21,2023-01-09,2024-01-26
3275,2023-07-21,2023-05-11,2024-04-05
12020,2023-05-26,2023-07-10,2024-01-28
9172,2023-02-24,2023-06-22,2024-08-23
6959,2023-02-13,2023-12-09,2024-05-03
14876,2023-09-01,2023-09-23,2024-02-08
9441,2023-09-06,2023-09-28,2024-07-05
4479,2023-11-28,2023-06-12,2024-03-04
9673,2023-11-23,2023-11-27,2024-07-17
4817,2023-03-09,2023-01-15,2024-08-02
13447,2023-09-02,2023-11-25,2024-12-13
870,2023-02-26,2023-11-18,2024-08-09
10712,2023-05-19,2023-10-01,2024-01-11
4578,2023-04-09,2023-02-06,2024-01-12
11420,2023-07-25,2023-02-10,2024-02-16
11797,2023-08-19,2023-11-19,2024-12-10
904,2023-09-26,2023-08-18,2024-07-20
2541,2023-03-22,2023-02-24,2024-05-21
2017,2023-08-15,2023-09-13,2024-09-13
13424,2023-02-26,2023-04-04,2024-10-08
7076,2023-01-06,2023-04-25,2024-10-06
10680,2023-02-27,2023-05-06,2024-02-09
6563,2023-03-15,2023-02-08,2024-12-21
5894,2023-04-19,2023-08-27,2024-03-13
2971,2023-01-27,2023-03-04,2024-03-28
6420,2023-12-01,2023-09-20,2024-02-25
8504,2023-06-25,2023-08-23,2024-07-10
790,2023-05-15,2023-10-08,2024-04-17
10044,2023-09-24,2023-07-15,2024-08-28
1723,2023-08-27,2023-04-22,2024-01-24
1447,2023-09-21,2023-03-18,2024-07-26
8894,2023-02-07,2023-05-24,2024-02-17
6185,2023-03-23,2023-10-06,2024-09-24
11063,2023-06-24,2023-06-21,2024-02-17
5177,2023-04-09,2023-04-18,2024-09-16
7902,2023-04-04,2023-08-14,2024-12-12
2035,2023-10-02,2023-09-24,2024-10-05
1603,2023-12-23,2023-06-11,2024-01-13
2103,2023-04-04,2023-09-04,2024-03-21
3238,2023-04-07,2023-03-08,2024-06-15
5672,2023-02-05,2023-01-15,2024-06-24
10605,2023-09-02,2023-09-17,2024-06-15
5014,2023-04-03,2023-01-06,2024-06-28
6981,2023-01-15,2023-12-04,2024-12-08
7347,2023-02-19,2023-06-07,2024-01-17
13957,2023-11-28,2023-10-10,2024-12-23
13090,2023-08-01,2023-07-28,2024-05-13
5211,2023-07-25,2023-02-11,2024-05-13
341,2023-10-21,2023-09-02,2024-03-06
6706,2023-07-02,2023-02-22,2024-01-07
6186,2023-11-26,2023-09-06,2024-05-09
7514,2023-11-11,2023-10-25,2024-06-12
3733,2023-04-20,2023-08-24,2024-11-28
2196,2023-07-16,2023-11-21,2024-07-15
10192,2023-12-13,2023-04-05,2024-03-04
10694,2023-02-23,2023-08-25,2024-05-23
4344,2023-01-23,2023-06-21,2024-04-20
10338,2023-03-14,2023-06-27,2024-07-21
8896,2023-10-04,2023-05-09,2024-10-09
3989,2023-02-02,2023-03-25,2024-02-01
14868,2023-12-25,2023-03-13,2024-05-26
8725,2023-09-16,2023-10-04,2024-03-10
10983,2023-12-13,2023-10-04,2024-12-10
12685,2023-08-17,2023-10-09,2024-09-24
12741,2023-12-25,2023-02-19,2024-10-08
7565,2023-02-04,2023-04-13,2024-05-20
6942,2023-02-14,2023-01-21,2024-04-01
14615,2023-08-01,2023-07-10,2024-02-22
14967,2023-01-05,2023-06-03,2024-05-08
1827,2023-05-12,2023-04-14,2024-06-06
6683,2023-01-15,2023-07-16,2024-07-22
708,2023-11-06,2023-09-23,2024-09-03
808,2023-12-22,2023-01-02,2024-09-13
14977,2023-11-25,2023-05-25,2024-01-05
14631,2023-12-07,2023-02-15,2024-04-25
10220,2023-05-19,2023-07-18,2024-08-26
8815,2023-07-23,2023-02-05,2024-02-20
2807,2023-09-05,2023-04-18,2024-08-27
13405,2023-09-15,2023-01-14,2024-09-17
3346,2023-09-19,2023-03-02,2024-12-25
6794,2023-02-20,2023-11-20,2024-09-11
4995,2023-07-19,2023-10-22,2024-07-18
4332,2023-09-15,2023-02-05,2024-10-15
4782,2023-12-05,2023-07-27,2024-09-21
405,2023-08-27,2023-02-05,2024-08-01
1005,2023-07-24,2023-11-14,2024-12-19
10831,2023-04-07,2023-10-18,2024-11-02
2129,2023-08-24,2023-03-10,2024-02-21
14793,2023-04-15,2023-11-03,2024-07-04
11015,2023-07-19,2023-08-21,2024-07-21
4457,2023-05-12,2023-07-25,2024-07-24
7653,2023-10-26,2023-12-16,2024-07-23
7425,2023-12-27,2023-08-17,2024-02-20
8532,2023-09-02,2023-05-17,2024-01-27
4970,2023-10-04,2023-07-10,2024-07-17
12357,2023-12-01,2023-12-03,2024-12-21
5233,2023-02-28,2023-01-22,2024-11-21
6425,2023-01-02,2023-04-10,2024-06-04
12005,2023-12-05,2023-06-12,2024-11-04
2557,2023-03-12,2023-05-26,2024-03-19
2592,2023-05-11,2023-01-27,2024-03-04
11262,2023-04-17,2023-04-11,2024-02-07
3134,2023-06-14,2023-09-27,2024-09-12
7674,2023-03-27,2023-01-20,2024-10-08
5740,2023-06-20,2023-12-19,2024-01-20
14675,2023-12-12,2023-11-14,2024-09-12
7398,2023-09-09,2023-05-27,2024-10-18
6568,2023-07-27,2023-08-02,2024-01-08
8875,2023-02-12,2023-11-04,2024-01-26
10723,2023-10-17,2023-03-19,2024-06-10
3707,2023-08-04,2023-10-28,2024-05-05
10294,2023-07-25,2023-02-28,2024-06-19
366,2023-05-20,2023-11-15,2024-11-13
4119,2023-01-05,2023-11-23,2024-11-23
11761,2023-09-01,2023-01-05,2024-04-09
6197,2023-03-05,2023-12-10,2024-08-25
9882,2023-11-19,2023-04-17,2024-02-09
2931,2023-10-20,2023-02-21,2024-01-25
1622,2023-02-24,2023-08-16,2024-01-03
6549,2023-07-27,2023-07-26,2024-03-03
3743,2023-04-01,2023-02-05,2024-12-08
5443,2023-08-03,2023-07-22,2024-08-16
1427,2023-04-23,2023-02-15,2024-02-28
13855,2023-02-21,2023-01-04,2024-09-11
2814,2023-07-02,2023-04-16,2024-05-17
14964,2023-09-25,2023-10-24,2024-10-16
3796,2023-11-12,2023-12-28,2024-12-10
779,2023-09-28,2023-07-22,2024-06-11
9681,2023-05-16,2023-05-12,2024-06-23
3368,2023-03-04,2023-07-21,2024-10-25
8347,2023-04-26,2023-07-18,2024-07-03
11332,2023-12-18,2023-05-26,2024-02-20
14293,2023-11-04,2023-03-13,2024-04-08
6536,2023-03-11,2023-12-23,2024-02-17
7627,2023-11-18,2023-06-01,2024-04-20
276,2023-01-13,2023-03-11,2024-06-06
12847,2023-12-10,2023-11-23,2024-05-02
13785,2023-06-03,2023-11-23,2024-05-15
6104,2023-09-16,2023-05-21,2024-05-23
4025,2023-07-09,2023-06-28,2024-02-10
5830,2023-10-15,2023-05-23,2024-09-21
3127,2023-12-06,2023-04-15,2024-05-07
12469,2023-11-19,2023-04-17,2024-02-05
11152,2023-07-21,2023-03-27,2024-10-18
7610,2023-05-04,2023-12-10,2024-06-23
13498,2023-12-21,2023-03-26,2024-01-27
12372,2023-09-19,2023-02-18,2024-07-08
6277,2023-03-09,2023-01-13,2024-12-19
5849,2023-08-24,2023-05-23,2024-07-24
6068,2023-11-11,2023-12-08,2024-08-28
6222,2023-10-27,2023-05-15,2024-07-21
2320,2023-09-19,2023-08-23,2024-08-09
1875,2023-07-05,2023-01-17,2024-01-22
609,2023-08-08,2023-08-21,2024-08-19
11212,2023-11-13,2023-11-10,2024-04-26
8217,2023-07-21,2023-08-09,2024-12-07
9106,2023-02-13,2023-03-16,2024-02-14
2111,2023-01-07,2023-11-16,2024-07-05
3313,2023-01-18,2023-12-04,2024-07-09
3659,2023-05-08,2023-08-20,2024-07-07
13674,2023-09-14,2023-04-28,2024-02-21
2833,2023-06-27,2023-10-23,2024-04-28
11319,2023-02-09,2023-02-04,2024-01-05
4375,2023-09-28,2023-07-28,2024-11-08
8353,2023-07-28,2023-09-09,2024-07-09
10511,2023-08-13,2023-02-07,2024-04-22
8495,2023-04-24,2023-09-11,2024-10-02
7156,2023-06-16,2023-11-04,2024-09-01
14580,2023-12-21,2023-03-26,2024-01-25
2466,2023-11-09,2023-01-28,2024-03-28
12860,2023-05-09,2023-10-13,2024-12-25
7801,2023-02-20,2023-04-10,2024-01-15
14310,2023-10-08,2023-11-06,2024-06-22
8969,2023-12-21,2023-04-09,2024-01-19
2461,2023-09-06,2023-06-18,2024-06-09
3774,2023-06-02,2023-02-08,2024-05-13
13745,2023-11-02,2023-09-25,2024-08-07
662,2023-04-20,2023-04-10,2024-01-10
3802,2023-11-23,2023-09-21,2024-08-02
1447,2023-01-04,2023-05-12,2024-05-16
1297,2023-09-21,2023-03-24,2024-09-06
5108,2023-02-12,2023-09-08,2024-07-16
1808,2023-09-05,2023-06-13,2024-02-18
6618,2023-08-13,2023-06-23,2024-06-25
4582,2023-05-20,2023-05-19,2024-08-08
5022,2023-09-01,2023-07-16,2024-02-18
5078,2023-08-19,2023-07-02,2024-06-03
8860,2023-11-09,2023-05-15,2024-10-14
3103,2023-02-08,2023-01-03,2024-11-20
14556,2023-07-10,2023-01-14,2024-01-19
967,2023-04-04,2023-03-01,2024-12-14
13305,2023-01-28,2023-08-05,2024-06-22
490,2023-01-06,2023-12-23,2024-05-10
8089,2023-02-07,2023-06-05,2024-07-16
6161,2023-07-14,2023-12-17,2024-08-28
2311,2023-01-03,2023-06-12,2024-09-14
11492,2023-01-06,2023-12-10,2024-10-08
1575,2023-11-18,2023-12-06,2024-06-21
2858,2023-06-25,2023-02-28,2024-11-22
1594,2023-08-03,2023-01-27,2024-11-18
7977,2023-04-18,2023-10-25,2024-10-05
11227,2023-10-17,2023-03-23,2024-09-26
3733,2023-10-09,2023-03-22,2024-02-03
3374,2023-01-03,2023-06-26,2024-07-13
3532,2023-07-03,2023-12-11,2024-08-05
11035,2023-07-08,2023-08-08,2024-12-07
11710,2023-02-09,2023-10-02,2024-06-16
14187,2023-02-07,2023-05-16,2024-06-04
11575,2023-08-13,2023-11-08,2024-10-27
12607,2023-04-21,2023-11-19,2024-12-12
8340,2023-06-07,2023-04-28,2024-09-19
7672,2023-12-06,2023-07-02,2024-07-26
339,2023-10-13,2023-01-12,2024-06-11
12144,2023-05-23,2023-08-11,2024-09-26
7335,2023-02-23,2023-01-07,2024-09-09
1600,2023-03-22,2023-11-25,2024-04-15
4398,2023-08-01,2023-02-17,2024-02-17
4957,2023-03-13,2023-05-06,2024-05-06
7216,2023-08-11,2023-03-03,2024-03-21
11051,2023-12-15,2023-08-03,2024-08-21
7262,2023-12-21,2023-07-04,2024-03-15
11805,2023-05-18,2023-12-23,2024-10-20
10312,2023-01-16,2023-06-17,2024-05-03
3832,2023-04-15,2023-10-25,2024-05-17
13835,2023-11-20,2023-09-08,2024-02-13
5551,2023-04-25,2023-05-25,2024-07-20
4760,2023-02-13,2023-07-11,2024-07-27
951,2023-10-28,2023-09-04,2024-06-24
2499,2023-10-13,2023-07-26,2024-05-26
4307,2023-04-24,2023-09-20,2024-10-01
9440,2023-05-05,2023-09-28,2024-12-11
10061,2023-03-16,2023-08-23,2024-06-01
10075,2023-08-16,2023-12-16,2024-08-27
8995,2023-01-18,2023-07-28,2024-04-02
13697,2023-05-16,2023-04-21,2024-01-04
1581,2023-06-11,2023-09-02,2024-06-03
14487,2023-10-26,2023-03-08,2024-09-08
13650,2023-09-19,2023-06-25,2024-05-01
8707,2023-03-23,2023-02-08,2024-03-07
7939,2023-05-15,2023-01-28,2024-10-22
13444,2023-05-08,2023-10-15,2024-01-08
14342,2023-11-25,2023-08-18,2024-08-25
729,2023-06-15,2023-08-03,2024-11-23
12023,2023-09-10,2023-01-05,2024-04-14
3465,2023-11-09,2023-03-27,2024-07-19
6141,2023-06-28,2023-01-20,2024-09-14
6688,2023-03-11,2023-02-09,2024-07-25
197,2023-05-19,2023-04-13,2024-05-26
10378,2023-12-20,2023-04-21,2024-03-14
11513,2023-02-04,2023-04-23,2024-04-21
1072,2023-08-27,2023-08-10,2024-11-07
1899,2023-11-10,2023-04-15,2024-08-08
1951,2023-04-12,2023-04-08,2024-01-20
10505,2023-08-24,2023-02-08,2024-05-04
13163,2023-01-01,2023-04-26,2024-08-01
11924,2023-10-16,2023-02-26,2024-06-24
10986,2023-05-17,2023-01-26,2024-08-01
7930,2023-04-06,2023-11-10,2024-04-22
12454,2023-12-06,2023-01-02,2024-03-22
8458,2023-08-04,2023-08-21,2024-12-12
14924,2023-12-24,2023-08-28,2024-09-27
4101,2023-12-26,2023-08-24,2024-02-12
4698,2023-01-10,2023-08-21,2024-03-24
4543,2023-07-11,2023-09-09,2024-09-18
2289,2023-09-24,2023-01-24,2024-03-07
6084,2023-03-10,2023-08-03,2024-07-22
2259,2023-06-19,2023-02-26,2024-01-23
7272,2023-07-27,2023-04-18,2024-03-05
1647,2023-03-09,2023-06-11,2024-10-02
14065,2023-08-03,2023-07-25,2024-10-28
2700,2023-10-14,2023-10-20,2024-10-14
1693,2023-03-20,2023-08-20,2024-02-14
7223,2023-03-09,2023-03-17,2024-06-23
5267,2023-03-24,2023-12-19,2024-05-23
108,2023-12-05,2023-09-07,2024-02-22
7476,2023-04-08,2023-11-06,2024-12-01
1278,2023-01-26,2023-02-01,2024-06-02
1903,2023-06-23,2023-12-13,2024-10-12
1152,2023-01-04,2023-08-07,2024-02-17
2974,2023-02-26,2023-11-04,2024-01-05
8977,2023-01-27,2023-05-15,2024-07-02
5683,2023-06-01,2023-02-10,2024-08-09
6782,2023-08-07,2023-06-11,2024-03-13
10182,2023-08-12,2023-01-03,2024-05-16
13276,2023-07-17,2023-03-21,2024-11-16
5384,2023-12-27,2023-02-25,2024-10-07
12198,2023-12-18,2023-01-25,2024-07-13
8256,2023-06-10,2023-05-17,2024-12-08
13265,2023-10-01,2023-09-02,2024-07-18
10436,2023-09-19,2023-04-07,2024-03-23
3349,2023-12-25,2023-03-12,2024-06-21
1683,2023-05-22,2023-10-06,2024-03-07
1096,2023-05-06,2023-09-16,2024-11-07
9906,2023-06-24,2023-05-12,2024-05-22
657,2023-11-15,2023-11-08,2024-08-11
8941,2023-08-20,2023-06-03,2024-04-22
7094,2023-01-19,2023-07-20,2024-11-07
10036,2023-10-03,2023-04-16,2024-06-12
3009,2023-05-12,2023-12-10,2024-03-05
3541,2023-10-03,2023-08-07,2024-06-10
1941,2023-10-15,2023-07-09,2024-09-11
8009,2023-05-19,2023-07-20,2024-08-06
13077,2023-09-12,2023-11-28,2024-06-06
14766,2023-08-05,2023-11-23,2024-12-20
2608,2023-07-04,2023-08-04,2024-11-15
11223,2023-12-08,2023-08-11,2024-01-19
5350,2023-10-20,2023-05-11,2024-03-28
14310,2023-11-19,2023-11-09,2024-03-26
9265,2023-07-05,2023-09-18,2024-11-25
2696,2023-09-17,2023-12-14,2024-06-04
14710,2023-07-07,2023-10-23,2024-05-17
8952,2023-11-26,2023-04-19,2024-02-12
5378,2023-12-18,2023-08-26,2024-08-28
13908,2023-11-27,2023-02-19,2024-04-16
362,2023-02-18,2023-12-04,2024-07-04
767,2023-09-09,2023-05-09,2024-08-27
12077,2023-08-07,2023-09-28,2024-12-22
1239,2023-06-15,2023-09-20,2024-08-13
14315,2023-02-26,2023-02-01,2024-07-09
6951,2023-11-27,2023-09-24,2024-02-24
3432,2023-04-02,2023-05-12,2024-11-07
10991,2023-05-19,2023-12-14,2024-09-06
8488,2023-03-13,2023-02-15,2024-06-19
7361,2023-07-06,2023-01-15,2024-03-14
9673,2023-10-24,2023-05-09,2024-10-16
9745,2023-06-06,2023-09-02,2024-02-17
14834,2023-02-17,2023-05-20,2024-02-05
5919,2023-08-06,2023-07-23,2024-04-03
8111,2023-06-24,2023-07-22,2024-11-25
10309,2023-09-13,2023-09-17,2024-01-26
3790,2023-09-17,2023-12-05,2024-02-26
12379,2023-12-28,2023-09-04,2024-05-03
1536,2023-12-20,2023-08-02,2024-06-14
1728,2023-06-11,2023-04-21,2024-01-18
3391,2023-01-11,2023-04-25,2024-02-22
3199,2023-11-20,2023-09-02,2024-11-19
6035,2023-03-11,2023-05-04,2024-10-04
70,2023-04-15,2023-05-10,2024-09-16
4793,2023-04-24,2023-02-16,2024-06-07
2784,2023-09-01,2023-09-20,2024-01-08
7588,2023-03-27,2023-05-19,2024-01-24
10770,2023-07-19,2023-11-15,2024-09-16
9065,2023-03-25,2023-01-07,2024-01-22
12623,2023-11-13,2023-05-11,2024-02-19
10028,2023-02-10,2023-05-01,2024-04-12
13795,2023-12-28,2023-08-24,2024-03-08
2081,2023-04-10,2023-01-01,2024-04-22
13483,2023-07-24,2023-05-27,2024-12-12
4021,2023-09-14,2023-04-01,2024-05-09
6211,2023-12-24,2023-02-22,2024-05-21
11479,2023-01-27,2023-10-20,2024-07-22
1781,2023-06-12,2023-05-08,2024-01-18
7128,2023-06-12,2023-11-26,2024-02-02
8563,2023-10-10,2023-07-13,2024-03-25
2780,2023-01-05,2023-10-26,2024-01-13
6247,2023-10-06,2023-04-16,2024-08-26
9238,2023-03-03,2023-10-02,2024-05-05
9314,2023-03-20,2023-09-16,2024-01-26
9428,2023-02-26,2023-05-24,2024-05-12
1505,2023-06-19,2023-08-28,2024-12-04
6781,2023-07-13,2023-04-10,2024-07-10
5542,2023-09-09,2023-09-08,2024-03-09
12057,2023-04-12,2023-03-12,2024-12-04
4310,2023-05-14,2023-06-27,2024-08-07
4647,2023-10-01,2023-03-25,2024-05-10
14076,2023-06-24,2023-09-11,2024-03-03
9351,2023-12-22,2023-01-08,2024-09-15
3668,2023-06-09,2023-01-12,2024-04-07
8048,2023-10-18,2023-04-27,2024-07-27
2954,2023-07-11,2023-11-16,2024-10-14
14582,2023-01-23,2023-05-20,2024-02-27
14439,2023-09-28,2023-10-25,2024-03-14
5367,2023-05-04,2023-03-19,2024-06-21
12108,2023-03-12,2023-09-20,2024-02-11
6417,2023-01-02,2023-09-18,2024-06-02
7900,2023-12-28,2023-09-08,2024-06-13
8152,2023-01-14,2023-04-01,2024-02-10
68,2023-01-23,2023-12-06,2024-09-20
8641,2023-06-13,2023-10-17,2024-06-17
12668,2023-11-02,2023-12-20,2024-01-17
13400,2023-03-22,2023-02-05,2024-02-03
6895,2023-02-01,2023-09-05,2024-10-09
2454,2023-09-07,2023-10-20,2024-05-16
12045,2023-12-10,2023-03-05,2024-02-07
6432,2023-05-13,2023-12-13,2024-10-16
5489,2023-02-16,2023-11-03,2024-11-11
14733,2023-05-16,2023-01-06,2024-07-15
9144,2023-06-05,2023-01-09,2024-09-02
6666,2023-03-12,2023-06-28,2024-05-09
13932,2023-05-05,2023-04-05,2024-01-04
14606,2023-03-26,2023-09-15,2024-04-28
3596,2023-05-11,2023-12-23,2024-05-06
5796,2023-12-09,2023-11-23,2024-02-02
8661,2023-06-11,2023-12-01,2024-07-07
14204,2023-11-13,2023-03-12,2024-04-02
10962,2023-01-28,2023-04-13,2024-10-04
6000,2023-12-17,2023-09-04,2024-05-18
13233,2023-05-11,2023-07-08,2024-11-19
3567,2023-05-10,2023-08-11,2024-01-23
2777,2023-09-01,2023-04-27,2024-04-07
7420,2023-10-22,2023-06-18,2024-04-26
2598,2023-10-04,2023-06-28,2024-04-26
4384,2023-11-16,2023-01-20,2024-07-16
5875,2023-12-05,2023-06-25,2024-04-10
5308,2023-07-11,2023-05-03,2024-01-04
5486,2023-12-03,2023-11-27,2024-11-28
1388,2023-05-19,2023-02-24,2024-04-17
6328,2023-02-16,2023-06-27,2024-06-26
6197,2023-02-17,2023-05-12,2024-12-01
2480,2023-11-11,2023-10-17,2024-05-06
10692,2023-09-25,2023-08-14,2024-08-27
13692,2023-07-22,2023-10-27,2024-02-03
5583,2023-08-01,2023-04-22,2024-02-12
9859,2023-12-01,2023-11-02,2024-06-28
897,2023-03-12,2023-07-11,2024-12-14
4801,2023-03-15,2023-05-26,2024-07-25
8218,2023-07-07,2023-10-21,2024-01-01
5328,2023-06-14,2023-03-17,2024-10-27
8384,2023-08-19,2023-05-01,2024-12-06
3847,2023-10-22,2023-03-11,2024-08-18
14922,2023-08-10,2023-02-23,2024-01-27
10287,2023-09-22,2023-05-06,2024-11-23
2708,2023-01-14,2023-12-28,2024-04-01
2225,2023-12-24,2023-04-28,2024-11-25
7615,2023-03-27,2023-07-01,2024-03-12
10526,2023-08-24,2023-08-26,2024-03-26
6879,2023-10-20,2023-12-26,2024-12-03
5485,2023-07-10,2023-05-21,2024-09-23
3354,2023-09-17,2023-12-07,2024-12-25
13945,2023-11-23,2023-07-22,2024-09-12
3830,2023-09-01,2023-08-12,2024-02-01
3468,2023-08-06,2023-04-23,2024-08-22
13884,2023-06-16,2023-03-12,2024-03-23
8234,2023-11-22,2023-08-10,2024-02-05
12412,2023-09-02,2023-04-01,2024-07-13
11288,2023-01-20,2023-01-15,2024-06-24
3400,2023-03-27,2023-02-22,2024-12-21
11369,2023-10-19,2023-05-07,2024-02-06
6838,2023-07-24,2023-02-24,2024-05-24
8158,2023-09-28,2023-11-16,2024-01-04
3141,2023-03-05,2023-10-10,2024-03-02
9281,2023-09-07,2023-09-21,2024-01-04
5974,2023-08-15,2023-03-19,2024-11-21
5936,2023-02-25,2023-03-03,2024-03-19
10077,2023-12-24,2023-05-03,2024-05-04
4248,2023-04-07,2023-09-04,2024-04-15
4381,2023-06-06,2023-09-20,2024-08-19
2380,2023-03-22,2023-10-07,2024-04-11
93,2023-06-08,2023-12-19,2024-12-10
5609,2023-12-26,2023-08-25,2024-05-09
4291,2023-10-08,2023-03-16,2024-03-06
2075,2023-10-03,2023-07-08,2024-11-15
5429,2023-03-13,2023-06-10,2024-12-15
5459,2023-10-10,2023-01-21,2024-12-09
3547,2023-10-12,2023-04-15,2024-09-07
7045,2023-01-27,2023-06-17,2024-08-10
2248,2023-10-25,2023-06-08,2024-02-23
5751,2023-10-15,2023-05-01,2024-01-24
14026,2023-08-15,2023-08-09,2024-06-03
3849,2023-10-15,2023-10-13,2024-01-12
14129,2023-11-22,2023-05-02,2024-11-25
13629,2023-09-23,2023-02-28,2024-08-10
10993,2023-07-04,2023-01-13,2024-11-23
3327,2023-01-19,2023-05-24,2024-09-24
7313,2023-07-12,2023-03-18,2024-01-18
8347,2023-11-15,2023-05-02,2024-11-19
2147,2023-12-17,2023-06-13,2024-12-06
7384,2023-12-06,2023-02-14,2024-09-09
13304,2023-08-26,2023-07-03,2024-10-05
11183,2023-06-09,2023-08-17,2024-12-21
7829,2023-03-20,2023-02-14,2024-05-19
6462,2023-06-04,2023-03-28,2024-12-17
1889,2023-09-13,2023-05-12,2024-04-26
12078,2023-05-14,2023-03-13,2024-10-21
13280,2023-05-18,2023-06-26,2024-10-05
11786,2023-04-24,2023-05-05,2024-06-01
5573,2023-09-25,2023-12-08,2024-12-05
12981,2023-10-21,2023-03-25,2024-02-19
10700,2023-07-26,2023-05-14,2024-02-16
9941,2023-08-16,2023-05-11,2024-11-20
11231,2023-11-04,2023-06-14,2024-03-26
4018,2023-01-16,2023-04-22,2024-01-03
6953,2023-06-15,2023-06-04,2024-10-20
9562,2023-04-08,2023-04-01,2024-02-25
883,2023-02-16,2023-07-16,2024-01-13
7483,2023-08-08,2023-12-01,2024-10-20
4214,2023-12-19,2023-07-28,2024-11-16
500,2023-10-02,2023-07-19,2024-03-03
3963,2023-03-09,2023-09-15,2024-11-05
14092,2023-08-18,2023-10-02,2024-07-16
11079,2023-06-11,2023-07-09,2024-02-09
14997,2023-03-06,2023-05-01,2024-01-15
14363,2023-07-23,2023-03-28,2024-11-24
7517,2023-08-28,2023-04-04,2024-09-05
12895,2023-07-28,2023-11-17,2024-03-26
9422,2023-01-04,2023-03-19,2024-05-16
977,2023-02-02,2023-11-02,2024-08-26
5891,2023-09-25,2023-09-22,2024-02-11
7433,2023-07-04,2023-10-22,2024-06-26
195,2023-11-10,2023-08-12,2024-03-13
2332,2023-03-15,2023-12-21,2024-09-16
8555,2023-10-04,2023-09-15,2024-09-20
11266,2023-11-18,2023-07-28,2024-07-26
9694,2023-07-15,2023-08-03,2024-12-09
8555,2023-07-16,2023-05-11,2024-01-28
3236,2023-08-16,2023-03-03,2024-10-14
7975,2023-04-22,2023-12-20,2024-12-26
7596,2023-09-12,2023-07-12,2024-12-27
13074,2023-04-18,2023-07-17,2024-09-06
4576,2023-04-22,2023-03-21,2024-03-12
14072,2023-09-15,2023-09-13,2024-11-22
2703,2023-07-13,2023-09-04,2024-07-28
13745,2023-03-18,2023-02-20,2024-10-28
13400,2023-02-09,2023-10-22,2024-02-25
13284,2023-04-20,2023-04-12,2024-08-08
12697,2023-03-01,2023-02-17,2024-04-16
4041,2023-05-27,2023-12-15,2024-09-12
14656,2023-02-05,2023-05-04,2024-04-23
6632,2023-06-26,2023-01-24,2024-04-22
12778,2023-05-08,2023-02-05,2024-12-09
6393,2023-03-02,2023-09-18,2024-10-15
5983,2023-09-18,2023-10-02,2024-10-24
14133,2023-04-06,2023-07-26,2024-11-13
1271,2023-10-27,2023-01-27,2024-02-25
154,2023-09-19,2023-01-25,2024-12-08
6379,2023-07-08,2023-11-14,2024-05-14
12585,2023-01-18,2023-07-15,2024-10-12
7515,2023-12-26,2023-07-17,2024-11-25
5857,2023-10-18,2023-10-15,2024-01-06
1758,2023-04-24,2023-09-21,2024-01-26
14245,2023-11-25,2023-07-18,2024-03-27
8957,2023-02-18,2023-05-01,2024-07-26
2674,2023-03-10,2023-01-27,2024-03-04
6070,2023-05-16,2023-11-10,2024-08-04
4663,2023-10-16,2023-05-11,2024-10-12
13511,2023-07-26,2023-02-08,2024-11-25
14541,2023-05-04,2023-05-24,2024-03-06
13980,2023-05-05,2023-11-12,2024-08-06
9534,2023-03-07,2023-08-26,2024-11-04
4483,2023-12-01,2023-08-05,2024-08-06
9428,2023-09-07,2023-05-22,2024-12-11
9065,2023-12-14,2023-05-06,2024-11-10
9182,2023-05-07,2023-02-23,2024-05-23
8503,2023-01-06,2023-02-01,2024-03-22
3332,2023-10-12,2023-02-19,2024-06-16
11040,2023-04-14,2023-07-14,2024-05-21
9025,2023-12-07,2023-07-09,2024-03-18
5499,2023-11-13,2023-08-08,2024-07-20
3852,2023-09-28,2023-03-04,2024-05-13
3951,2023-11-10,2023-02-14,2024-05-25
7536,2023-01-21,2023-02-11,2024-11-08
4749,2023-02-24,2023-04-17,2024-11-18
5776,2023-11-08,2023-11-16,2024-09-21
9745,2023-09-03,2023-11-01,2024-04-08
246,2023-03-16,2023-12-03,2024-04-04
9072,2023-11-19,2023-07-16,2024-06-03
8910,2023-08-20,2023-02-16,2024-07-26
13146,2023-05-26,2023-08-18,2024-03-02
12552,2023-02-19,2023-07-26,2024-04-23
14063,2023-08-28,2023-01-27,2024-11-05
12491,2023-01-21,2023-01-27,2024-07-24
4069,2023-04-15,2023-05-16,2024-02-24
885,2023-04-20,2023-12-27,2024-08-05
1160,2023-10-17,2023-04-08,2024-07-08
4239,2023-02-11,2023-04-19,2024-07-16
2948,2023-10-15,2023-08-24,2024-09-13
1293,2023-04-20,2023-12-22,2024-07-28
13910,2023-01-23,2023-07-06,2024-03-02
12563,2023-03-26,2023-03-21,2024-09-14
1967,2023-10-28,2023-09-04,2024-02-16
3116,2023-11-12,2023-03-11,2024-06-27
9063,2023-07-28,2023-10-24,2024-08-18
12760,2023-10-02,2023-05-03,2024-07-03
6199,2023-12-18,2023-07-02,2024-11-08
1642,2023-06-02,2023-07-08,2024-03-22
13143,2023-01-07,2023-08-23,2024-02-09
2791,2023-09-25,2023-09-20,2024-07-11
4740,2023-12-14,2023-10-09,2024-12-24
2843,2023-01-08,2023-02-12,2024-02-28
10355,2023-02-22,2023-10-21,2024-12-03
1715,2023-09-01,2023-12-05,2024-02-25
6400,2023-01-10,2023-11-23,2024-01-03
5231,2023-12-02,2023-03-27,2024-07-01
10596,2023-03-11,2023-09-07,2024-08-09
14841,2023-06-04,2023-04-08,2024-12-06
5409,2023-08-28,2023-08-16,2024-11-17
4493,2023-02-16,2023-08-18,2024-01-06
9231,2023-10-16,2023-10-26,2024-12-07
6047,2023-06-18,2023-11-05,2024-04-14
2762,2023-07-07,2023-08-15,2024-05-03
7582,2023-04-27,2023-03-27,2024-09-20
12660,2023-04-08,2023-08-24,2024-12-24
1697,2023-02-21,2023-01-07,2024-03-17
3130,2023-06-23,2023-12-27,2024-09-09
14321,2023-08-22,2023-06-15,2024-03-14
6970,2023-07-13,2023-04-07,2024-05-20
482,2023-07-22,2023-01-03,2024-06-19
8812,2023-11-10,2023-01-14,2024-09-19
10552,2023-11-06,2023-02-24,2024-05-16
5612,2023-01-03,2023-01-27,2024-08-19
2581,2023-02-21,2023-01-05,2024-08-11
4664,2023-09-06,2023-07-21,2024-06-07
12614,2023-06-10,2023-05-16,2024-11-18
2095,2023-04-09,2023-06-10,2024-07-17
1341,2023-04-08,2023-01-01,2024-06-12
3258,2023-09-14,2023-07-21,2024-04-25
8449,2023-05-16,2023-08-02,2024-02-28
4049,2023-07-26,2023-04-21,2024-06-07
9238,2023-03-06,2023-03-25,2024-04-24
13058,2023-06-01,2023-07-25,2024-01-25
9498,2023-12-17,2023-03-10,2024-05-08
6800,2023-04-19,2023-06-15,2024-06-09
1588,2023-12-28,2023-09-07,2024-02-14
11427,2023-05-12,2023-04-15,2024-03-16
3468,2023-12-27,2023-09-11,2024-04-07
8086,2023-02-21,2023-06-05,2024-06-07
13871,2023-11-20,2023-07-12,2024-11-08
4947,2023-12-13,2023-11-09,2024-12-13
12330,2023-11-22,2023-01-25,2024-05-11
983,2023-02-25,2023-05-20,2024-12-05
5991,2023-03-19,2023-03-08,2024-07-02
2217,2023-04-23,2023-07-15,2024-06-18
3988,2023-05-07,2023-01-09,2024-08-24
5508,2023-08-02,2023-10-26,2024-07-21
2270,2023-01-08,2023-11-14,2024-05-06
4211,2023-06-16,2023-08-02,2024-02-13
5901,2023-06-07,2023-09-01,2024-12-12
10050,2023-09-11,2023-08-09,2024-07-04
9606,2023-05-02,2023-08-13,2024-11-19
896,2023-03-14,2023-01-27,2024-09-04
12079,2023-04-08,2023-07-04,2024-09-22
31,2023-02-27,2023-05-17,2024-05-12
14455,2023-11-21,2023-02-02,2024-12-27
689,2023-06-08,2023-10-03,2024-10-10
9907,2023-07-01,2023-03-06,2024-10-01
13662,2023-09-03,2023-05-21,2024-06-02
5952,2023-08-12,2023-09-05,2024-03-23
14337,2023-06-12,2023-12-26,2024-11-11
10780,2023-07-19,2023-03-27,2024-12-05
12802,2023-05-19,2023-06-08,2024-11-03
14701,2023-12-13,2023-09-08,2024-07-09
11443,2023-11-16,2023-11-10,2024-01-27
14291,2023-04-15,2023-10-10,2024-09-11
10785,2023-11-15,2023-07-15,2024-08-15
12678,2023-09-11,2023-02-02,2024-04-15
1854,2023-10-17,2023-06-03,2024-02-16
466,2023-04-23,2023-04-15,2024-04-20
2598,2023-11-26,2023-07-01,2024-09-27
11058,2023-03-16,2023-01-03,2024-06-18
14664,2023-11-06,2023-10-08,2024-09-26
6268,2023-11-16,2023-05-01,2024-12-19
12006,2023-03-17,2023-04-17,2024-10-07
12217,2023-04-26,2023-03-08,2024-03-18
5279,2023-03-08,2023-05-17,2024-12-17
4710,2023-02-03,2023-04-08,2024-03-05
11612,2023-06-07,2023-11-22,2024-04-10
11277,2023-08-03,2023-11-07,2024-05-03
1134,2023-01-20,2023-11-13,2024-12-12
10018,2023-09-28,2023-09-14,2024-02-03
6719,2023-11-15,2023-06-16,2024-10-10
13157,2023-11-17,2023-11-24,2024-10-28
8909,2023-03-25,2023-09-09,2024-12-27
5151,2023-08-24,2023-09-13,2024-03-18
4762,2023-03-15,2023-09-28,2024-12-22
5678,2023-11-23,2023-01-09,2024-10-04
2026,2023-06-04,2023-01-22,2024-04-17
14867,2023-09-13,2023-11-27,2024-05-09
377,2023-12-26,2023-06-18,2024-02-01
7117,2023-01-27,2023-05-08,2024-04-28
3262,2023-06-25,2023-11-02,2024-01-04
14551,2023-11-03,2023-10-04,2024-05-08
4215,2023-03-12,2023-05-28,2024-01-05
14716,2023-12-21,2023-11-12,2024-07-04
13779,2023-04-10,2023-07-10,2024-01-02
326,2023-10-21,2023-10-07,2024-10-10
7599,2023-07-27,2023-08-21,2024-09-14
4074,2023-09-26,2023-03-10,2024-07-18
6996,2023-03-04,2023-02-28,2024-04-15
13930,2023-07-03,2023-03-23,2024-01-27
5205,2023-04-02,2023-02-22,2024-12-27
5763,2023-09-08,2023-11-21,2024-06-18
6792,2023-07-27,2023-02-04,2024-07-24
7734,2023-02-26,2023-12-05,2024-10-27
13002,2023-09-10,2023-07-09,2024-10-25
8453,2023-08-13,2023-02-28,2024-04-15
11857,2023-02-11,2023-07-21,2024-04-24
1433,2023-08-05,2023-01-21,2024-04-15
8675,2023-01-19,2023-11-24,2024-05-02
7817,2023-07-12,2023-10-02,2024-07-06
9587,2023-10-27,2023-09-09,2024-01-28
4446,2023-03-09,2023-05-06,2024-11-17
6218,2023-04-11,2023-05-18,2024-03-19
5773,2023-10-21,2023-07-09,2024-12-07
9552,2023-05-01,2023-01-06,2024-05-01
2722,2023-01-27,2023-05-01,2024-03-17
550,2023-06-19,2023-04-16,2024-10-06
12201,2023-01-08,2023-11-15,2024-08-11
8573,2023-11-28,2023-05-28,2024-08-09
14953,2023-01-08,2023-04-08,2024-08-11
7538,2023-09-28,2023-06-01,2024-08-16
8605,2023-05-08,2023-06-27,2024-12-23
7983,2023-01-16,2023-09-24,2024-06-01
14840,2023-08-17,2023-05-18,2024-07-17
14237,2023-09-12,2023-07-01,2024-07-02
7542,2023-08-11,2023-01-19,2024-05-17
11602,2023-07-24,2023-07-26,2024-05-10
3138,2023-06-14,2023-10-19,2024-02-23
1497,2023-07-04,2023-09-02,2024-08-01
13955,2023-03-16,2023-09-21,2024-09-16
13568,2023-03-25,2023-01-09,2024-09-11
1752,2023-04-01,2023-05-04,2024-09-23
3989,2023-05-06,2023-12-13,2024-05-25
1538,2023-12-12,2023-10-23,2024-07-22
5705,2023-12-07,2023-08-16,2024-03-27
6057,2023-02-18,2023-10-05,2024-04-05
12054,2023-06-17,2023-01-23,2024-02-22
6777,2023-03-11,2023-09-13,2024-09-04
13564,2023-07-01,2023-05-09,2024-03-01
6166,2023-04-25,2023-05-17,2024-11-11
14386,2023-07-25,2023-07-16,2024-01-03
13255,2023-10-02,2023-03-12,2024-04-10
14216,2023-06-26,2023-03-26,2024-07-20
972,2023-03-18,2023-09-12,2024-01-08
11046,2023-12-09,2023-06-07,2024-11-20
234,2023-10-26,2023-06-28,2024-04-20
11599,2023-01-03,2023-10-25,2024-06-24
8515,2023-08-26,2023-01-17,2024-07-08
3142,2023-04-17,2023-05-09,2024-08-19
1744,2023-03-11,2023-08-16,2024-09-09
8875,2023-08-03,2023-09-18,2024-12-06
13627,2023-02-19,2023-04-06,2024-01-24
8866,2023-05-05,2023-11-11,2024-11-16
5819,2023-11-20,2023-01-01,2024-06-18
4121,2023-01-12,2023-11-13,2024-12-19
14877,2023-02-02,2023-05-15,2024-08-16
1975,2023-12-15,2023-06-02,2024-10-06
3050,2023-10-23,2023-09-20,2024-12-18
1119,2023-11-05,2023-03-15,2024-05-25
11623,2023-06-02,2023-10-06,2024-04-27
5646,2023-04-23,2023-08-25,2024-07-27
11440,2023-09-22,2023-03-23,2024-07-15
12122,2023-08-27,2023-03-23,2024-07-20
7692,2023-08-16,2023-09-05,2024-07-25
12693,2023-09-27,2023-03-14,2024-04-09
7224,2023-03-19,2023-11-16,2024-11-01
13262,2023-11-20,2023-01-17,2024-05-14
757,2023-05-17,2023-06-10,2024-10-11
4333,2023-07-18,2023-12-20,2024-11-20
4793,2023-07-09,2023-03-08,2024-12-15
12162,2023-03-22,2023-07-04,2024-05-02
10904,2023-06-01,2023-05-26,2024-12-27
885,2023-08-06,2023-07-28,2024-07-05
13107,2023-09-11,2023-11-26,2024-02-18
1979,2023-11-27,2023-05-20,2024-01-22
9823,2023-03-11,2023-03-21,2024-10-21
5724,2023-07-25,2023-11-13,2024-03-03
8204,2023-10-26,2023-11-18,2024-07-18
13983,2023-10-11,2023-05-01,2024-06-21
3515,2023-09-14,2023-05-05,2024-09-07
9164,2023-03-10,2023-06-25,2024-10-17
12658,2023-12-10,2023-08-25,2024-12-26
13170,2023-05-16,2023-06-18,2024-11-21
539,2023-06-02,2023-02-08,2024-04-03
12345,2023-10-23,2023-11-13,2024-11-12
7828,2023-02-09,2023-05-22,2024-05-27
695,2023-03-15,2023-04-23,2024-09-15
9995,2023-12-20,2023-11-22,2024-04-23
4667,2023-03-24,2023-07-25,2024-12-03
3711,2023-03-10,2023-12-20,2024-05-10
8944,2023-08-11,2023-04-06,2024-11-26
9093,2023-01-21,2023-12-16,2024-12-28
1257,2023-09-13,2023-08-01,2024-10-03
7670,2023-06-03,2023-05-05,2024-12-11
11460,2023-08-19,2023-06-17,2024-07-13
4957,2023-08-13,2023-11-16,2024-11-22
9578,2023-01-12,2023-11-21,2024-05-24
6959,2023-02-13,2023-07-01,2024-05-08
13810,2023-06-09,2023-02-25,2024-07-13
12150,2023-01-06,2023-03-26,2024-10-05
9631,2023-03-10,2023-01-14,2024-12-28
9471,2023-07-05,2023-11-20,2024-06-02
6379,2023-04-27,2023-06-10,2024-02-12
1116,2023-12-14,2023-08-10,2024-05-04
13736,2023-03-20,2023-05-21,2024-12-25
604,2023-01-22,2023-06-19,2024-12-08
8632,2023-05-01,2023-06-07,2024-01-15
14446,2023-10-08,2023-05-08,2024-02-25
3666,2023-02-16,2023-03-05,2024-08-12
3841,2023-02-01,2023-07-18,2024-06-15
1812,2023-11-13,2023-08-13,2024-03-23
5522,2023-07-08,2023-03-14,2024-09-07
5438,2023-07-25,2023-11-13,2024-04-17
6704,2023-12-05,2023-04-04,2024-12-27
10994,2023-02-11,2023-10-20,2024-11-05
10397,2023-03-03,2023-08-12,2024-06-06
11942,2023-08-13,2023-03-17,2024-08-11
2312,2023-03-22,2023-01-01,2024-12-28
5167,2023-06-21,2023-01-06,2024-08-07
11473,2023-05-09,2023-06-24,2024-04-28
323,2023-05-16,2023-03-05,2024-07-05
2901,2023-10-12,2023-01-18,2024-05-23
466,2023-04-22,2023-08-13,2024-09-19
2347,2023-01-22,2023-01-20,2024-03-24
3532,2023-09-15,2023-07-13,2024-12-23
9669,2023-10-21,2023-05-11,2024-10-18
3421,2023-02-15,2023-11-11,2024-03-09
13679,2023-02-16,2023-04-05,2024-02-19
9566,2023-01-03,2023-11-03,2024-01-06
2777,2023-08-06,2023-04-10,2024-01-11
5523,2023-08-06,2023-10-26,2024-02-20
14656,2023-02-09,2023-10-08,2024-02-03
7421,2023-11-20,2023-06-21,2024-03-06
5897,2023-11-09,2023-09-28,2024-06-20
7019,2023-11-19,2023-03-23,2024-09-08
904,2023-06-24,2023-02-04,2024-05-08
12184,2023-11-17,2023-02-18,2024-08-23
4732,2023-08-24,2023-11-12,2024-10-05
4490,2023-03-17,2023-06-11,2024-06-08
7572,2023-08-22,2023-08-14,2024-11-03
4086,2023-11-24,2023-10-16,2024-06-14
2781,2023-02-23,2023-01-04,2024-03-19
3633,2023-12-12,2023-05-01,2024-12-16
5398,2023-06-11,2023-10-06,2024-11-11
13530,2023-01-06,2023-05-14,2024-06-19
6343,2023-12-08,2023-08-08,2024-08-06
14970,2023-11-03,2023-02-17,2024-01-28
12293,2023-03-11,2023-06-06,2024-11-08
13035,2023-01-03,2023-03-17,2024-10-15
712,2023-03-13,2023-09-16,2024-03-24
930,2023-01-26,2023-01-15,2024-08-09
11725,2023-10-01,2023-06-03,2024-12-08
7932,2023-11-07,2023-01-04,2024-06-17
14074,2023-05-19,2023-08-11,2024-11-12
1052,2023-08-16,2023-10-12,2024-02-27
94,2023-01-02,2023-11-10,2024-05-03
1851,2023-04-26,2023-02-07,2024-09-15
1388,2023-06-19,2023-10-18,2024-12-26
11841,2023-02-25,2023-03-25,2024-07-12
843,2023-05-12,2023-11-17,2024-02-17
1438,2023-06-14,2023-11-21,2024-02-22
6020,2023-11-28,2023-09-24,2024-12-23
2799,2023-03-19,2023-02-10,2024-10-01
7645,2023-09-24,2023-04-01,2024-02-10
12245,2023-09-08,2023-08-15,2024-03-22
11790,2023-05-05,2023-10-18,2024-07-27
3081,2023-08-28,2023-03-14,2024-05-15
1093,2023-04-15,2023-09-02,2024-01-17
12515,2023-02-04,2023-05-21,2024-04-09
2726,2023-09-13,2023-10-13,2024-10-28
848,2023-12-21,2023-03-23,2024-09-20
12474,2023-01-27,2023-05-28,2024-09-28
3313,2023-02-20,2023-09-12,2024-07-25
13476,2023-06-21,2023-05-18,2024-01-25
237,2023-06-13,2023-09-17,2024-11-18
10883,2023-08-19,2023-01-09,2024-06-03
7507,2023-06-01,2023-07-14,2024-03-28
3848,2023-08-10,2023-01-24,2024-11-20
11098,2023-08-13,2023-03-07,2024-09-10
14263,2023-10-21,2023-05-08,2024-04-02
986,2023-11-13,2023-09-10,2024-02-06
8774,2023-02-14,2023-08-15,2024-01-09
14832,2023-01-14,2023-01-05,2024-12-22
894,2023-07-18,2023-04-21,2024-09-28
5420,2023-05-26,2023-10-07,2024-08-17
9941,2023-02-11,2023-02-08,2024-09-16
14639,2023-10-26,2023-09-13,2024-06-23
4152,2023-06-20,2023-11-19,2024-12-08
10808,2023-11-10,2023-02-18,2024-04-24
4933,2023-03-10,2023-07-12,2024-05-07
13237,2023-03-12,2023-03-11,2024-03-28
4405,2023-11-28,2023-01-07,2024-11-21
2471,2023-08-01,2023-08-18,2024-03-12
5647,2023-11-13,2023-03-22,2024-10-27
2835,2023-06-17,2023-04-06,2024-11-27
11394,2023-10-11,2023-06-07,2024-07-28
10135,2023-08-03,2023-09-02,2024-08-14
9392,2023-10-01,2023-11-19,2024-12-10
13471,2023-11-07,2023-08-27,2024-07-18
8976,2023-01-07,2023-01-20,2024-04-06
1626,2023-12-21,2023-09-15,2024-09-27
6737,2023-07-26,2023-09-04,2024-07-25
9369,2023-07-23,2023-04-10,2024-11-23
11960,2023-04-11,2023-01-08,2024-10-18
8937,2023-04-03,2023-05-28,2024-04-11
10891,2023-12-17,2023-10-28,2024-03-10
11908,2023-10-01,2023-12-16,2024-10-01
13381,2023-06-25,2023-04-11,2024-12-09
13689,2023-06-03,2023-05-14,2024-11-02
4333,2023-09-24,2023-03-08,2024-04-16
5411,2023-12-15,2023-06-10,2024-07-23
11538,2023-09-20,2023-01-19,2024-11-21
14310,2023-02-17,2023-09-06,2024-12-27
5408,2023-07-12,2023-03-25,2024-11-02
6181,2023-04-17,2023-10-16,2024-11-11
734,2023-09-18,2023-09-23,2024-10-12
856,2023-10-24,2023-11-23,2024-11-04
10085,2023-02-12,2023-12-05,2024-02-20
3935,2023-09-16,2023-10-15,2024-08-10
14323,2023-04-01,2023-07-18,2024-05-07
8070,2023-11-15,2023-02-19,2024-02-17
2689,2023-04-01,2023-09-19,2024-03-05
9001,2023-06-01,2023-04-08,2024-05-14
9342,2023-05-20,2023-12-11,2024-06-12
8841,2023-03-01,2023-02-24,2024-07-27
13627,2023-10-10,2023-03-03,2024-06-20
5498,2023-03-18,2023-05-10,2024-07-12
12944,2023-02-10,2023-12-13,2024-09-17
13502,2023-11-18,2023-06-17,2024-08-22
9006,2023-02-18,2023-09-02,2024-05-11
10331,2023-01-09,2023-04-15,2024-02-28
5340,2023-01-13,2023-04-25,2024-06-17
8430,2023-05-28,2023-09-16,2024-06-12
8826,2023-04-05,2023-08-04,2024-03-21
423,2023-10-02,2023-07-06,2024-09-17
12896,2023-11-15,2023-04-09,2024-11-06
7553,2023-05-04,2023-03-14,2024-06-16
13908,2023-10-23,2023-04-02,2024-06-19
9322,2023-06-07,2023-08-02,2024-10-12
335,2023-01-12,2023-03-13,2024-04-27
13533,2023-10-01,2023-02-09,2024-07-06
7660,2023-03-04,2023-06-09,2024-05-05
9205,2023-07-21,2023-05-13,2024-04-13
9488,2023-09-18,2023-03-18,2024-11-24
2845,2023-03-16,2023-10-17,2024-11-10
3821,2023-06-26,2023-05-26,2024-06-21
14405,2023-10-23,2023-04-12,2024-12-14
12874,2023-10-25,2023-06-16,2024-01-17
13378,2023-11-10,2023-08-04,2024-12-26
11798,2023-12-09,2023-02-12,2024-10-08
11046,2023-02-05,2023-02-14,2024-10-24
4819,2023-03-04,2023-05-18,2024-03-13
2207,2023-11-10,2023-02-13,2024-01-05
8457,2023-10-11,2023-07-02,2024-01-16
7628,2023-07-06,2023-12-21,2024-12-10
11561,2023-03-04,2023-07-26,2024-05-19
5012,2023-09-12,2023-01-16,2024-07-01
7322,2023-09-09,2023-06-06,2024-05-26
14873,2023-06-09,2023-10-11,2024-06-16
793,2023-06-20,2023-06-14,2024-07-22
4685,2023-06-19,2023-09-11,2024-03-02
3097,2023-10-08,2023-12-10,2024-12-07
14372,2023-01-06,2023-09-28,2024-11-26
8185,2023-01-20,2023-05-17,2024-03-28
4261,2023-07-14,2023-03-27,2024-07-04
5230,2023-07-20,2023-11-27,2024-03-12
12246,2023-03-04,2023-02-11,2024-01-26
2075,2023-06-15,2023-08-01,2024-08-23
1345,2023-09-04,2023-09-07,2024-05-19
3023,2023-05-22,2023-09-07,2024-07-20
9590,2023-09-18,2023-02-08,2024-04-16
13972,2023-09-22,2023-03-18,2024-06-01
11395,2023-01-03,2023-11-17,2024-10-17
10343,2023-11-19,2023-06-27,2024-01-19
6335,2023-01-19,2023-09-02,2024-11-08
9440,2023-05-09,2023-06-23,2024-12-05
2566,2023-06-20,2023-10-03,2024-09-02
7113,2023-12-04,2023-06-21,2024-06-25
2334,2023-03-11,2023-04-28,2024-11-24
2233,2023-02-16,2023-08-07,2024-11-08
589,2023-09-09,2023-03-14,2024-05-16
3066,2023-08-14,2023-01-13,2024-02-25
8665,2023-09-21,2023-02-06,2024-10-13
9793,2023-02-10,2023-04-25,2024-03-05
8645,2023-07-12,2023-01-27,2024-11-05
9411,2023-09-21,2023-02-26,2024-06-27
11308,2023-07-04,2023-12-20,2024-04-18
7040,2023-05-15,2023-11-24,2024-03-03
7601,2023-05-12,2023-02-15,2024-05-17
12600,2023-04-17,2023-06-13,2024-03-19
4439,2023-10-17,2023-08-27,2024-02-14
7868,2023-01-27,2023-10-13,2024-04-05
3198,2023-05-14,2023-03-01,2024-11-23
10484,2023-11-16,2023-10-04,2024-05-14
3009,2023-08-10,2023-07-18,2024-09-04
5765,2023-12-06,2023-04-16,2024-02-19
5070,2023-07-04,2023-08-02,2024-03-11
8086,2023-10-04,2023-08-20,2024-11-26
5420,2023-07-10,2023-09-06,2024-03-02
5046,2023-07-02,2023-08-13,2024-12-26
6855,2023-11-19,2023-11-12,2024-11-28
5375,2023-06-25,2023-04-14,2024-07-24
2378,2023-11-26,2023-08-15,2024-11-05
12425,2023-03-11,2023-12-10,2024-02-20
2005,2023-01-26,2023-03-03,2024-03-14
10110,2023-01-15,2023-01-18,2024-09-26
9560,2023-07-11,2023-08-20,2024-12-14
8947,2023-10-25,2023-03-27,2024-05-24
6375,2023-01-14,2023-10-02,2024-03-20
1201,2023-11-15,2023-06-28,2024-04-07
1776,2023-06-19,2023-08-11,2024-09-06
6335,2023-03-02,2023-10-16,2024-01-09
8610,2023-04-18,2023-03-08,2024-04-27
10628,2023-09-25,2023-09-13,2024-08-24
10067,2023-03-07,2023-05-14,2024-05-14
7931,2023-03-16,2023-01-26,2024-08-18
12126,2023-11-06,2023-01-07,2024-06-02
9973,2023-05-03,2023-01-11,2024-05-27
557,2023-05-17,2023-08-02,2024-07-24
551,2023-06-24,2023-04-03,2024-05-15
5862,2023-01-26,2023-03-28,2024-08-18
10889,2023-07-21,2023-12-19,2024-03-10
12262,2023-12-22,2023-10-21,2024-01-10
10284,2023-04-15,2023-08-06,2024-09-22
8319,2023-02-22,2023-01-22,2024-07-14
13186,2023-04-17,2023-03-10,2024-12-12
14743,2023-07-15,2023-07-03,2024-03-27
891,2023-11-12,2023-10-10,2024-08-19
1655,2023-04-01,2023-12-15,2024-03-19
428,2023-12-08,2023-06-28,2024-08-08
10981,2023-08-17,2023-09-13,2024-09-21
11174,2023-05-04,2023-10-26,2024-07-18
1351,2023-09-20,2023-05-16,2024-01-06
9046,2023-08-09,2023-03-09,2024-12-22
14462,2023-03-08,2023-06-10,2024-10-15
2166,2023-07-02,2023-07-01,2024-10-11
4080,2023-11-24,2023-07-26,2024-05-22
7423,2023-06-02,2023-11-23,2024-06-11
4361,2023-03-05,2023-01-28,2024-01-26
12899,2023-04-14,2023-03-11,2024-02-19
11153,2023-10-06,2023-05-02,2024-04-15
4899,2023-10-14,2023-01-13,2024-10-10
1591,2023-07-11,2023-12-08,2024-02-02
14050,2023-10-09,2023-04-10,2024-07-23
1893,2023-12-15,2023-01-15,2024-05-19
14404,2023-07-16,2023-07-18,2024-07-28
912,2023-09-09,2023-02-20,2024-01-26
10730,2023-03-04,2023-08-23,2024-05-24
2488,2023-08-17,2023-03-20,2024-03-20
7475,2023-06-20,2023-03-07,2024-02-01
4770,2023-04-20,2023-08-14,2024-05-19
10593,2023-11-20,2023-09-19,2024-11-27
486,2023-03-11,2023-03-01,2024-10-27
6693,2023-07-08,2023-04-03,2024-04-05
9121,2023-01-06,2023-10-08,2024-04-17
4649,2023-11-26,2023-12-15,2024-04-05
7849,2023-03-28,2023-02-01,2024-08-01
12048,2023-09-24,2023-05-10,2024-02-27
6862,2023-03-03,2023-06-13,2024-04-23
3625,2023-11-17,2023-10-12,2024-08-10
14374,2023-06-06,2023-01-25,2024-10-16
12534,2023-12-22,2023-02-18,2024-10-19
10129,2023-05-27,2023-07-02,2024-08-21
3942,2023-12-01,2023-06-05,2024-02-01
13239,2023-07-19,2023-10-06,2024-01-25
12714,2023-11-16,2023-01-15,2024-06-11
5022,2023-12-05,2023-05-14,2024-06-10
8294,2023-12-20,2023-02-27,2024-11-20
13022,2023-06-20,2023-01-19,2024-11-08
4366,2023-06-19,2023-10-01,2024-02-25
3864,2023-11-08,2023-03-08,2024-02-09
1578,2023-12-05,2023-06-13,2024-06-15
7274,2023-12-04,2023-01-25,2024-06-08
13606,2023-01-14,2023-05-26,2024-11-03
12670,2023-09-02,2023-02-08,2024-12-28
7289,2023-07-10,2023-12-20,2024-02-25
1244,2023-06-20,2023-04-13,2024-01-03
9847,2023-01-02,2023-02-09,2024-07-08
4047,2023-08-04,2023-04-21,2024-09-03
12604,2023-12-26,2023-08-02,2024-11-13
7746,2023-11-07,2023-01-07,2024-06-02
377,2023-12-26,2023-05-16,2024-05-01
264,2023-05-08,2023-03-13,2024-03-16
4293,2023-08-13,2023-01-24,2024-03-24
2836,2023-09-02,2023-06-21,2024-11-10
11608,2023-12-26,2023-04-16,2024-04-22
5608,2023-07-22,2023-11-20,2024-07-28
7411,2023-05-17,2023-08-22,2024-01-09
168,2023-11-13,2023-11-03,2024-03-25
8532,2023-03-15,2023-03-25,2024-01-07
3961,2023-06-03,2023-12-27,2024-05-18
10799,2023-11-06,2023-09-09,2024-10-24
11029,2023-03-07,2023-10-17,2024-01-20
259,2023-06-10,2023-10-25,2024-01-12
12318,2023-09-22,2023-10-17,2024-04-27
7670,2023-02-19,2023-08-17,2024-05-02
6652,2023-07-19,2023-07-12,2024-07-12
146,2023-06-21,2023-01-17,2024-06-19
9697,2023-02-15,2023-02-18,2024-09-25
9705,2023-09-02,2023-06-01,2024-08-22
12454,2023-08-07,2023-08-13,2024-09-07
14153,2023-07-21,2023-12-04,2024-07-07
13514,2023-01-25,2023-05-16,2024-01-21
5697,2023-12-23,2023-12-22,2024-03-18
5363,2023-11-11,2023-08-06,2024-12-17
10847,2023-06-10,2023-06-25,2024-02-10
12824,2023-01-26,2023-06-24,2024-07-02
4274,2023-04-12,2023-01-10,2024-03-17
2680,2023-09-21,2023-11-11,2024-09-09
2990,2023-06-13,2023-06-14,2024-12-16
3449,2023-02-21,2023-08-18,2024-03-04
1534,2023-07-28,2023-02-12,2024-04-01
6778,2023-09-10,2023-07-22,2024-08-06
1375,2023-06-21,2023-02-01,2024-07-08
6226,2023-07-08,2023-10-04,2024-08-18
1649,2023-01-16,2023-08-28,2024-01-09
6899,2023-06-08,2023-08-13,2024-02-23
5897,2023-07-21,2023-05-26,2024-06-05
3422,2023-01-12,2023-09-18,2024-07-08
1512,2023-07-25,2023-05-01,2024-03-16
11324,2023-09-09,2023-06-23,2024-01-21
5942,2023-09-21,2023-05-12,2024-11-02
2198,2023-12-18,2023-02-02,2024-05-22
2349,2023-05-17,2023-11-11,2024-10-01
7064,2023-09-17,2023-01-10,2024-08-05
5656,2023-10-28,2023-02-26,2024-12-19
11336,2023-09-19,2023-03-07,2024-06-15
5991,2023-05-20,2023-01-05,2024-09-07
1309,2023-11-18,2023-09-12,2024-03-17
345,2023-12-05,2023-09-27,2024-12-11
13897,2023-10-26,2023-08-18,2024-02-21
2776,2023-02-07,2023-04-16,2024-03-15
8091,2023-02-07,2023-12-04,2024-10-12
5045,2023-11-24,2023-03-19,2024-09-05
13638,2023-07-25,2023-11-06,2024-08-26
14148,2023-11-16,2023-07-22,2024-03-13
3741,2023-12-17,2023-04-11,2024-11-14
2522,2023-04-06,2023-02-03,2024-12-27
4146,2023-02-18,2023-03-27,2024-02-28
3214,2023-04-12,2023-12-07,2024-11-06
7735,2023-04-05,2023-10-02,2024-01-01
9175,2023-06-25,2023-01-08,2024-10-09
6481,2023-01-20,2023-11-11,2024-09-11
395,2023-03-14,2023-06-09,2024-10-15
10107,2023-06-09,2023-05-02,2024-03-03
5502,2023-12-10,2023-04-05,2024-05-09
12929,2023-03-05,2023-10-09,2024-03-19
5581,2023-10-16,2023-07-24,2024-12-19
4807,2023-05-25,2023-06-15,2024-01-03
8580,2023-06-03,2023-09-11,2024-05-05
4766,2023-12-24,2023-01-05,2024-07-17
7400,2023-06-16,2023-09-22,2024-03-26
7863,2023-10-09,2023-12-22,2024-06-20
11950,2023-05-15,2023-12-12,2024-04-13
1891,2023-05-06,2023-08-08,2024-11-04
4221,2023-12-06,2023-09-24,2024-04-24
2326,2023-05-19,2023-09-07,2024-10-03
14988,2023-09-07,2023-10-06,2024-02-07
6736,2023-01-17,2023-06-03,2024-07-17
9851,2023-09-05,2023-06-26,2024-04-24
9419,2023-08-23,2023-04-07,2024-04-03
11594,2023-09-05,2023-01-15,2024-08-15
14946,2023-04-05,2023-02-23,2024-03-18
12785,2023-12-25,2023-07-27,2024-03-24
11940,2023-05-06,2023-09-03,2024-03-05
215,2023-08-03,2023-07-01,2024-07-05
12979,2023-07-20,2023-08-28,2024-03-02
14969,2023-04-10,2023-12-16,2024-02-24
13985,2023-04-13,2023-01-02,2024-02-04
2072,2023-03-05,2023-10-11,2024-08-28
9059,2023-06-28,2023-11-07,2024-07-23
4638,2023-09-21,2023-11-12,2024-05-05
4159,2023-04-17,2023-09-12,2024-08-12
7548,2023-04-09,2023-05-16,2024-12-14
8,2023-09-15,2023-03-10,2024-09-25
10889,2023-02-16,2023-01-10,2024-09-18
7474,2023-06-05,2023-07-05,2024-10-26
14460,2023-09-17,2023-02-21,2024-04-18
2648,2023-08-05,2023-01-01,2024-05-18
11735,2023-03-24,2023-12-07,2024-12-21
12037,2023-08-24,2023-06-11,2024-07-17
3010,2023-02-02,2023-04-17,2024-12-27
9285,2023-07-11,2023-11-15,2024-11-23
315,2023-12-18,2023-01-09,2024-02-14
12414,2023-02-01,2023-02-12,2024-05-23
7175,2023-09-21,2023-07-12,2024-07-01
10635,2023-04-15,2023-03-28,2024-02-06
8465,2023-04-25,2023-08-22,2024-05-09
2475,2023-04-20,2023-10-04,2024-11-11
728,2023-07-14,2023-02-22,2024-01-25
10629,2023-09-24,2023-02-21,2024-02-22
5807,2023-12-21,2023-07-18,2024-09-17
11587,2023-03-04,2023-12-04,2024-05-01
13463,2023-05-24,2023-01-11,2024-08-05
2592,2023-10-25,2023-05-15,2024-01-21
416,2023-02-14,2023-03-06,2024-09-06
7107,2023-11-17,2023-06-21,2024-11-04
12575,2023-12-18,2023-10-15,2024-12-01
3862,2023-06-25,2023-10-02,2024-04-26
12789,2023-07-24,2023-05-09,2024-12-17
12702,2023-07-17,2023-07-22,2024-07-11
12175,2023-08-01,2023-05-27,2024-05-09
2569,2023-01-23,2023-02-08,2024-12-01
5732,2023-05-09,2023-11-18,2024-01-07
938,2023-05-26,2023-03-10,2024-10-03
2965,2023-01-23,2023-12-14,2024-10-15
14972,2023-04-05,2023-06-02,2024-10-14
7682,2023-07-11,2023-04-17,2024-01-13
7511,2023-01-27,2023-12-16,2024-12-20
3605,2023-08-21,2023-12-06,2024-09-19
13076,2023-11-16,2023-07-18,2024-06-24
10771,2023-04-23,2023-10-24,2024-02-18
11844,2023-01-02,2023-02-24,2024-02-14
11023,2023-06-24,2023-05-27,2024-10-09
6728,2023-10-16,2023-01-02,2024-04-06
6096,2023-05-13,2023-04-05,2024-09-08
310,2023-12-06,2023-06-14,2024-04-15
5919,2023-09-02,2023-12-02,2024-07-21
8809,2023-10-11,2023-02-23,2024-03-19
3821,2023-01-13,2023-06-03,2024-12-01
6748,2023-12-12,2023-01-21,2024-12-24
11536,2023-09-28,2023-08-23,2024-01-19
4819,2023-05-25,2023-03-01,2024-05-27
1218,2023-11-22,2023-07-07,2024-12-18
6191,2023-12-23,2023-02-21,2024-12-07
9447,2023-03-08,2023-09-23,2024-09-19
12286,2023-04-08,2023-05-08,2024-04-12
12091,2023-12-21,2023-09-09,2024-08-20
4052,2023-02-21,2023-01-01,2024-09-26
5863,2023-12-15,2023-10-02,2024-10-12
6983,2023-02-24,2023-06-16,2024-11-27
13477,2023-03-12,2023-09-19,2024-03-25
3422,2023-06-27,2023-09-13,2024-04-05
13134,2023-11-22,2023-04-14,2024-01-02
10864,2023-01-07,2023-04-07,2024-01-27
12153,2023-12-16,2023-01-10,2024-01-22
3437,2023-07-08,2023-08-09,2024-09-11
10500,2023-12-10,2023-12-27,2024-12-06
2452,2023-07-05,2023-08-19,2024-11-02
7129,2023-11-24,2023-03-06,2024-01-03
9331,2023-02-18,2023-08-24,2024-01-06
10505,2023-04-11,2023-11-10,2024-07-22
3271,2023-02-06,2023-04-25,2024-05-11
7356,2023-09-05,2023-05-15,2024-06-27
14410,2023-05-27,2023-02-01,2024-01-20
12480,2023-04-04,2023-12-28,2024-01-10
4211,2023-04-20,2023-06-05,2024-11-21
11095,2023-11-27,2023-04-05,2024-10-04
8714,2023-12-09,2023-08-26,2024-05-15
10710,2023-11-05,2023-01-22,2024-10-03
5282,2023-03-09,2023-01-06,2024-03-09
6499,2023-03-12,2023-07-25,2024-04-05
8041,2023-02-02,2023-02-02,2024-10-01
11448,2023-11-20,2023-01-04,2024-10-27
2252,2023-05-04,2023-05-26,2024-12-20
14619,2023-12-24,2023-12-19,2024-04-15
3089,2023-03-26,2023-11-12,2024-10-06
5330,2023-06-28,2023-06-15,2024-03-18
8828,2023-11-13,2023-11-19,2024-05-16
4865,2023-06-15,2023-02-04,2024-04-11
13453,2023-12-20,2023-12-12,2024-06-12
11967,2023-07-24,2023-07-28,2024-08-04
12531,2023-10-08,2023-11-08,2024-02-04
1919,2023-06-24,2023-08-17,2024-11-06
7368,2023-02-14,2023-11-09,2024-02-18
9572,2023-01-28,2023-10-12,2024-05-24
5694,2023-12-21,2023-10-11,2024-08-14
8851,2023-08-06,2023-02-19,2024-06-07
9786,2023-08-10,2023-02-11,2024-06-26
3418,2023-11-10,2023-05-27,2024-12-21
14843,2023-08-23,2023-12-17,2024-03-17
10713,2023-02-24,2023-01-09,2024-10-03
13589,2023-01-24,2023-05-10,2024-05-07
2540,2023-10-18,2023-06-17,2024-10-03
1196,2023-02-13,2023-08-07,2024-08-26
8566,2023-02-24,2023-10-24,2024-01-24
14125,2023-01-12,2023-11-26,2024-03-16
7759,2023-10-17,2023-05-22,2024-06-21
8104,2023-01-18,2023-12-18,2024-11-06
11696,2023-12-21,2023-11-10,2024-02-11
3822,2023-09-10,2023-05-12,2024-12-28
4035,2023-10-08,2023-12-18,2024-05-08
9904,2023-02-18,2023-09-23,2024-12-21
10174,2023-04-12,2023-09-22,2024-03-19
13786,2023-03-16,2023-07-18,2024-12-21
6725,2023-10-03,2023-01-25,2024-04-20
607,2023-04-26,2023-11-12,2024-04-20
8927,2023-10-13,2023-01-07,2024-12-08
6533,2023-09-16,2023-12-06,2024-11-04
478,2023-12-27,2023-05-25,2024-09-07
5401,2023-02-28,2023-03-20,2024-01-07
8350,2023-01-15,2023-11-22,2024-04-14
226,2023-11-27,2023-02-28,2024-08-10
5404,2023-09-19,2023-11-20,2024-10-17
3587,2023-03-04,2023-11-20,2024-10-17
5886,2023-02-26,2023-04-13,2024-02-25
3800,2023-12-11,2023-04-24,2024-08-12
3604,2023-11-27,2023-01-03,2024-10-20
10819,2023-10-12,2023-04-05,2024-07-22
9422,2023-06-08,2023-08-27,2024-03-19
7346,2023-02-02,2023-07-17,2024-07-26
13782,2023-01-22,2023-01-09,2024-07-28
11243,2023-10-06,2023-08-28,2024-04-19
9586,2023-04-21,2023-01-02,2024-10-11
9267,2023-10-25,2023-09-22,2024-08-06
12998,2023-01-24,2023-05-01,2024-07-12
4067,2023-12-23,2023-09-28,2024-04-02
2109,2023-05-04,2023-01-11,2024-07-14
10785,2023-06-22,2023-05-05,2024-06-26
11630,2023-10-03,2023-03-21,2024-05-20
3301,2023-12-10,2023-06-12,2024-02-03
6352,2023-03-05,2023-10-24,2024-05-04
10692,2023-10-11,2023-07-07,2024-08-11
13787,2023-05-17,2023-07-14,2024-03-09
720,2023-11-24,2023-06-26,2024-07-20
7918,2023-03-02,2023-02-27,2024-09-08
2857,2023-08-03,2023-12-21,2024-03-10
7318,2023-08-04,2023-07-08,2024-01-12
4286,2023-03-14,2023-06-14,2024-04-12
8748,2023-04-03,2023-05-05,2024-03-10
3790,2023-06-07,2023-01-13,2024-12-09
2109,2023-02-02,2023-08-20,2024-06-04
4980,2023-04-07,2023-11-26,2024-02-18
14555,2023-06-02,2023-03-16,2024-08-01
1359,2023-12-12,2023-05-11,2024-04-04
8027,2023-10-25,2023-01-10,2024-08-20
4134,2023-07-27,2023-08-12,2024-02-26
12268,2023-08-26,2023-07-25,2024-10-25
1983,2023-01-24,2023-01-24,2024-01-11
7653,2023-08-05,2023-06-18,2024-02-22
761,2023-02-14,2023-09-06,2024-07-20
10648,2023-05-27,2023-04-19,2024-01-02
6354,2023-06-25,2023-10-11,2024-05-04
7712,2023-01-18,2023-04-04,2024-12-27
2291,2023-12-26,2023-05-01,2024-02-19
11560,2023-08-14,2023-10-12,2024-07-18
12349,2023-03-27,2023-07-14,2024-06-18
3663,2023-07-20,2023-03-22,2024-08-14
3442,2023-09-05,2023-03-06,2024-05-20
12741,2023-09-10,2023-02-08,2024-05-25
2351,2023-12-25,2023-01-17,2024-06-03
11270,2023-05-16,2023-09-27,2024-05-09
2768,2023-11-05,2023-07-10,2024-05-27
2075,2023-12-22,2023-11-18,2024-07-14
8223,2023-06-17,2023-11-10,2024-09-21
2818,2023-03-14,2023-02-18,2024-06-12
5283,2023-08-11,2023-05-03,2024-06-08
11633,2023-02-10,2023-08-23,2024-10-09
13888,2023-11-03,2023-11-28,2024-10-10
2283,2023-11-28,2023-06-21,2024-12-01
5913,2023-08-01,2023-10-02,2024-08-20
12374,2023-05-12,2023-10-21,2024-02-13
4313,2023-07-10,2023-02-15,2024-08-04
12994,2023-10-02,2023-07-13,2024-12-23
5920,2023-12-04,2023-09-27,2024-05-11
10579,2023-05-06,2023-10-09,2024-01-19
4585,2023-08-20,2023-07-23,2024-08-14
13382,2023-08-17,2023-01-06,2024-12-16
10967,2023-09-26,2023-12-21,2024-11-15
3170,2023-05-08,2023-02-21,2024-08-14
2382,2023-05-10,2023-10-18,2024-04-15
9592,2023-11-02,2023-10-23,2024-12-26
3903,2023-10-28,2023-12-28,2024-10-18
2388,2023-11-04,2023-08-28,2024-04-25
40,2023-05-16,2023-07-18,2024-06-27
5963,2023-06-27,2023-01-20,2024-08-20
11464,2023-12-03,2023-12-08,2024-06-26
14366,2023-10-26,2023-01-04,2024-05-13
4010,2023-04-17,2023-10-12,2024-04-24
5764,2023-02-21,2023-04-07,2024-11-14
11514,2023-09-21,2023-09-25,2024-03-19
294,2023-05-24,2023-11-01,2024-02-25
10067,2023-02-18,2023-06-28,2024-08-14
14532,2023-05-13,2023-01-06,2024-04-28
5331,2023-12-07,2023-04-25,2024-09-14
5273,2023-08-14,2023-05-26,2024-03-20
14265,2023-07-25,2023-07-13,2024-09-13
9378,2023-12-13,2023-02-08,2024-07-25
8748,2023-08-22,2023-01-23,2024-02-21
6016,2023-05-20,2023-02-19,2024-07-25
13142,2023-07-21,2023-08-21,2024-09-07
4573,2023-06-24,2023-02-19,2024-06-16
13427,2023-09-02,2023-02-03,2024-10-20
10800,2023-10-10,2023-07-13,2024-07-13
4439,2023-03-10,2023-08-25,2024-07-02
1613,2023-08-14,2023-09-22,2024-11-01
14562,2023-10-15,2023-07-24,2024-06-14
10007,2023-07-27,2023-09-04,2024-12-13
196,2023-01-10,2023-05-11,2024-05-22
32,2023-08-21,2023-05-21,2024-01-17
5849,2023-05-12,2023-02-07,2024-11-16
13820,2023-09-23,2023-01-02,2024-02-21
4488,2023-12-25,2023-03-19,2024-09-05
13202,2023-12-18,2023-01-07,2024-08-18
9724,2023-10-26,2023-09-18,2024-08-16
6174,2023-02-23,2023-10-02,2024-05-05
11888,2023-03-24,2023-05-19,2024-07-26
10697,2023-12-14,2023-06-04,2024-03-25
10379,2023-03-27,2023-08-24,2024-06-17
10949,2023-05-14,2023-09-14,2024-03-27
6194,2023-10-26,2023-07-17,2024-05-04
4340,2023-10-22,2023-04-07,2024-07-20
4833,2023-04-20,2023-03-24,2024-07-06
3140,2023-12-18,2023-11-11,2024-08-06
1835,2023-12-21,2023-08-03,2024-02-01
10036,2023-11-15,2023-10-11,2024-01-19
779,2023-09-25,2023-08-16,2024-03-19
6302,2023-04-05,2023-05-16,2024-02-26
10792,2023-04-26,2023-01-18,2024-09-07
13273,2023-06-10,2023-07-16,2024-03-20
2497,2023-10-06,2023-06-16,2024-10-13
7550,2023-06-02,2023-01-16,2024-05-10
1289,2023-08-23,2023-06-25,2024-09-13
4941,2023-04-17,2023-01-19,2024-11-07
9660,2023-03-19,2023-05-07,2024-09-18
11727,2023-01-04,2023-08-13,2024-01-22
9440,2023-03-04,2023-03-22,2024-10-20
10241,2023-02-05,2023-07-18,2024-06-03
1363,2023-11-04,2023-12-16,2024-11-19
2151,2023-01-21,2023-08-05,2024-08-23
2751,2023-04-23,2023-08-17,2024-09-26
7076,2023-10-12,2023-02-22,2024-06-07
10924,2023-03-12,2023-07-09,2024-02-09
4830,2023-02-15,2023-02-02,2024-02-11
9530,2023-09-28,2023-11-23,2024-10-16
6198,2023-12-19,2023-02-25,2024-06-06
13112,2023-01-12,2023-03-12,2024-08-07
416,2023-03-16,2023-02-14,2024-04-25
3322,2023-04-25,2023-09-02,2024-08-06
12953,2023-04-16,2023-11-26,2024-10-12
1794,2023-02-27,2023-09-17,2024-12-19
14789,2023-10-03,2023-10-20,2024-06-14
2344,2023-01-28,2023-07-19,2024-03-08
3320,2023-12-24,2023-11-09,2024-11-08
11780,2023-01-07,2023-08-05,2024-01-03
2476,2023-04-20,2023-10-20,2024-12-18
10658,2023-10-11,2023-10-10,2024-01-19
7835,2023-02-12,2023-01-01,2024-09-13
12890,2023-05-04,2023-03-19,2024-01-06
4348,2023-06-01,2023-02-08,2024-03-20
944,2023-08-19,2023-01-10,2024-03-10
8564,2023-09-13,2023-09-25,2024-04-23
9920,2023-11-14,2023-02-24,2024-09-05
13883,2023-06-04,2023-10-11,2024-05-23
4688,2023-05-17,2023-08-03,2024-10-12
10587,2023-09-15,2023-01-24,2024-11-15
10056,2023-11-10,2023-09-24,2024-07-03
3617,2023-04-20,2023-02-03,2024-06-28
525,2023-01-02,2023-10-05,2024-04-11
9301,2023-08-24,2023-05-15,2024-01-12
4645,2023-09-23,2023-11-04,2024-07-09
10134,2023-07-05,2023-06-06,2024-05-07
5900,2023-05-21,2023-12-23,2024-11-25
8044,2023-10-26,2023-03-15,2024-11-10
2329,2023-08-08,2023-08-09,2024-09-04
4141,2023-01-11,2023-02-17,2024-11-03
5391,2023-04-02,2023-02-11,2024-11-28
8182,2023-01-15,2023-03-21,2024-02-06
421,2023-06-07,2023-10-27,2024-01-02
13044,2023-12-08,2023-04-03,2024-06-18
3788,2023-07-14,2023-10-16,2024-08-02
8537,2023-08-26,2023-03-26,2024-04-15
4264,2023-10-23,2023-03-13,2024-12-08
10850,2023-03-17,2023-04-26,2024-04-10
7332,2023-12-10,2023-06-16,2024-05-22
3301,2023-06-10,2023-03-23,2024-02-19
3736,2023-06-12,2023-07-15,2024-10-13
8222,2023-03-26,2023-10-18,2024-12-13
5167,2023-10-26,2023-03-22,2024-05-18
13027,2023-11-11,2023-09-11,2024-07-25
12900,2023-09-15,2023-12-08,2024-12-10
11528,2023-03-08,2023-10-04,2024-12-07
11136,2023-12-22,2023-02-19,2024-07-10
1067,2023-10-19,2023-10-12,2024-08-12
2310,2023-04-18,2023-03-17,2024-07-06
192,2023-08-10,2023-05-21,2024-10-23
8075,2023-10-27,2023-11-25,2024-06-22
12956,2023-02-21,2023-05-07,2024-01-16
1271,2023-03-09,2023-11-03,2024-09-17
13382,2023-07-01,2023-05-03,2024-08-25
8652,2023-10-07,2023-05-21,2024-11-19
1433,2023-03-01,2023-06-07,2024-07-25
13128,2023-03-03,2023-12-09,2024-11-28
4215,2023-03-27,2023-03-16,2024-11-21
12433,2023-09-05,2023-10-21,2024-06-08
2692,2023-08-24,2023-01-20,2024-12-21
7778,2023-09-05,2023-09-09,2024-03-09
13115,2023-04-01,2023-04-17,2024-08-02
6681,2023-12-16,2023-01-27,2024-04-26
8082,2023-10-18,2023-11-01,2024-06-21
3010,2023-12-16,2023-09-19,2024-06-06
5512,2023-04-21,2023-04-18,2024-05-09
2735,2023-02-18,2023-11-02,2024-07-02
5503,2023-06-07,2023-07-07,2024-04-27
683,2023-09-08,2023-11-16,2024-04-11
7182,2023-05-20,2023-02-09,2024-03-07
9081,2023-04-27,2023-06-20,2024-02-20
11845,2023-10-18,2023-03-17,2024-04-03
2143,2023-08-22,2023-11-14,2024-05-25
2050,2023-01-08,2023-05-06,2024-01-26
4645,2023-01-03,2023-02-14,2024-06-22
4271,2023-05-26,2023-02-26,2024-07-19
8622,2023-07-27,2023-04-13,2024-02-27
8814,2023-09-03,2023-01-13,2024-05-07
1371,2023-12-14,2023-02-04,2024-05-23
8470,2023-02-14,2023-04-09,2024-01-20
1126,2023-05-18,2023-09-07,2024-01-19
12692,2023-01-01,2023-07-25,2024-01-12
8417,2023-10-11,2023-11-04,2024-09-22
13668,2023-07-01,2023-12-25,2024-07-01
11751,2023-05-01,2023-02-02,2024-01-28
540,2023-04-13,2023-12-14,2024-03-24
2190,2023-08-28,2023-08-04,2024-04-10
12656,2023-01-01,2023-10-01,2024-03-22
1376,2023-04-03,2023-01-02,2024-12-08
9612,2023-12-18,2023-08-02,2024-03-04
9710,2023-12-27,2023-08-24,2024-09-08
13854,2023-05-15,2023-01-13,2024-02-04
3416,2023-01-13,2023-05-15,2024-04-15
6333,2023-11-17,2023-10-24,2024-08-03
3514,2023-05-09,2023-09-21,2024-04-02
13547,2023-10-05,2023-06-28,2024-09-11
7029,2023-02-26,2023-01-06,2024-11-20
1072,2023-10-09,2023-08-25,2024-12-26
2501,2023-09-14,2023-01-04,2024-07-04
1317,2023-04-03,2023-08-10,2024-10-11
10347,2023-06-11,2023-02-25,2024-02-16
10286,2023-08-08,2023-11-20,2024-06-21
1707,2023-01-15,2023-11-09,2024-01-28
13939,2023-11-28,2023-08-10,2024-05-23
11054,2023-09-28,2023-05-19,2024-03-25
6440,2023-02-19,2023-11-01,2024-04-18
4991,2023-12-15,2023-03-01,2024-07-12
9205,2023-01-27,2023-11-16,2024-04-16
8329,2023-02-15,2023-06-27,2024-08-20
5842,2023-03-16,2023-06-13,2024-12-02
1718,2023-12-27,2023-04-16,2024-09-22
10971,2023-02-09,2023-04-05,2024-02-14
411,2023-12-18,2023-01-03,2024-11-16
2721,2023-02-08,2023-11-18,2024-04-23
4291,2023-08-02,2023-01-18,2024-08-14
3746,2023-05-18,2023-11-27,2024-03-16
9372,2023-02-08,2023-03-02,2024-11-06
1106,2023-10-04,2023-06-05,2024-04-19
13017,2023-09-11,2023-10-11,2024-05-11
6407,2023-02-06,2023-06-21,2024-10-24
7636,2023-05-23,2023-07-01,2024-11-05
11833,2023-03-17,2023-05-23,2024-08-19
233,2023-01-17,2023-04-14,2024-08-14
8298,2023-12-03,2023-04-08,2024-01-16
11428,2023-07-10,2023-02-03,2024-06-11
8196,2023-04-11,2023-10-11,2024-06-22
7668,2023-02-18,2023-03-02,2024-07-28
8893,2023-01-08,2023-09-20,2024-06-25
8005,2023-11-09,2023-01-12,2024-11-17
13138,2023-08-16,2023-10-25,2024-07-20
1970,2023-06-25,2023-12-27,2024-11-15
13464,2023-09-03,2023-11-22,2024-02-01
13660,2023-10-17,2023-03-04,2024-08-25
1254,2023-03-26,2023-12-06,2024-09-15
4042,2023-04-14,2023-03-08,2024-01-22
3727,2023-03-28,2023-07-28,2024-07-28
5627,2023-10-15,2023-01-20,2024-11-28
10347,2023-11-27,2023-06-20,2024-07-07
4161,2023-09-22,2023-04-09,2024-06-16
1380,2023-02-12,2023-07-24,2024-05-14
12999,2023-08-17,2023-10-21,2024-09-21
10626,2023-11-09,2023-02-18,2024-08-04
9199,2023-06-28,2023-02-13,2024-12-05
291,2023-08-27,2023-09-12,2024-05-13
7226,2023-07-01,2023-04-23,2024-05-20
4437,2023-03-25,2023-12-17,2024-06-08
12601,2023-02-14,2023-09-07,2024-05-23
7623,2023-11-19,2023-12-04,2024-08-23
7462,2023-04-28,2023-12-20,2024-04-25
4189,2023-07-14,2023-01-10,2024-01-15
252,2023-06-19,2023-06-22,2024-02-23
1059,2023-10-02,2023-11-27,2024-09-27
5544,2023-07-07,2023-10-21,2024-04-03
4438,2023-06-10,2023-01-15,2024-09-12
8589,2023-03-20,2023-01-05,2024-09-12
2482,2023-08-02,2023-01-17,2024-07-02
14485,2023-05-12,2023-02-27,2024-07-09
10250,2023-07-10,2023-02-11,2024-05-28
3175,2023-08-19,2023-10-25,2024-02-09
7679,2023-01-06,2023-10-16,2024-10-24
13825,2023-11-26,2023-12-10,2024-01-01
3740,2023-07-09,2023-04-08,2024-02-03
3428,2023-10-01,2023-08-07,2024-09-05
14977,2023-01-20,2023-05-04,2024-09-28
8692,2023-10-18,2023-08-05,2024-09-27
5063,2023-10-15,2023-04-03,2024-12-08
11467,2023-07-05,2023-12-14,2024-01-09
3802,2023-07-15,2023-10-17,2024-05-28
1236,2023-05-10,2023-03-08,2024-11-27
13767,2023-12-02,2023-08-27,2024-11-13
13256,2023-09-11,2023-03-23,2024-09-28
2889,2023-05-06,2023-02-20,2024-07-24
1948,2023-01-19,2023-12-10,2024-11-14
2499,2023-05-16,2023-12-27,2024-08-13
7277,2023-08-08,2023-06-26,2024-08-01
14047,2023-06-11,2023-11-25,2024-10-08
7022,2023-03-13,2023-09-23,2024-01-08
13356,2023-03-27,2023-02-27,2024-11-23
8537,2023-12-07,2023-02-08,2024-02-22
434,2023-02-25,2023-04-11,2024-07-17
10115,2023-05-09,2023-04-02,2024-05-02
8090,2023-04-02,2023-05-10,2024-12-28
2335,2023-07-20,2023-05-24,2024-08-08
350,2023-04-19,2023-09-03,2024-07-03
3248,2023-04-08,2023-12-28,2024-01-09
1743,2023-01-23,2023-06-02,2024-09-25
13938,2023-12-11,2023-01-25,2024-12-27
7515,2023-05-12,2023-01-24,2024-03-07
2937,2023-04-11,2023-06-23,2024-01-05
7620,2023-03-04,2023-08-08,2024-05-14
1978,2023-09-17,2023-12-21,2024-12-22
13564,2023-07-04,2023-07-05,2024-06-08
3071,2023-09-28,2023-06-25,2024-03-17
13230,2023-10-25,2023-09-20,2024-02-18
1588,2023-01-07,2023-04-11,2024-09-16
4853,2023-04-05,2023-02-02,2024-05-03
12839,2023-05-25,2023-08-26,2024-09-19
7561,2023-08-01,2023-09-22,2024-07-03
12920,2023-09-27,2023-12-16,2024-08-22
12526,2023-06-05,2023-12-25,2024-02-17
14958,2023-09-27,2023-02-16,2024-02-26
10781,2023-09-21,2023-11-12,2024-10-09
9424,2023-01-04,2023-01-28,2024-12-21
2277,2023-05-11,2023-02-15,2024-01-03
3495,2023-09-16,2023-12-18,2024-07-24
10781,2023-09-09,2023-05-26,2024-12-02
11010,2023-07-19,2023-02-01,2024-10-05
11264,2023-06-02,2023-03-27,2024-02-25
10737,2023-05-11,2023-01-28,2024-12-16
1046,2023-12-09,2023-02-06,2024-07-08
13179,2023-06-09,2023-08-15,2024-12-14
9338,2023-03-20,2023-10-23,2024-01-02
5515,2023-04-28,2023-10-20,2024-05-25
10190,2023-09-09,2023-08-22,2024-01-27
12460,2023-03-05,2023-10-17,2024-04-11
10329,2023-09-04,2023-03-28,2024-08-17
11793,2023-01-18,2023-12-25,2024-06-16
5761,2023-11-02,2023-04-06,2024-06-17
2232,2023-11-18,2023-08-01,2024-11-16
962,2023-09-09,2023-08-22,2024-09-07
13846,2023-07-01,2023-12-26,2024-02-06
4328,2023-12-10,2023-12-18,2024-09-14
11876,2023-02-03,2023-02-06,2024-09-24
4716,2023-01-16,2023-07-11,2024-03-18
2342,2023-12-11,2023-04-20,2024-05-23
12248,2023-03-24,2023-02-25,2024-11-15
8055,2023-10-21,2023-04-06,2024-07-05
2374,2023-11-26,2023-11-24,2024-01-18
14926,2023-07-16,2023-03-20,2024-07-03
8498,2023-01-01,2023-12-26,2024-07-09
6149,2023-06-08,2023-09-26,2024-06-25
6577,2023-09-17,2023-05-16,2024-09-22
9308,2023-04-09,2023-04-16,2024-11-15
5590,2023-01-03,2023-09-02,2024-05-09
11490,2023-04-13,2023-04-01,2024-06-02
6571,2023-01-01,2023-08-23,2024-03-23
3483,2023-05-28,2023-06-28,2024-11-21
1982,2023-06-14,2023-03-09,2024-09-25
5729,2023-10-20,2023-06-27,2024-12-06
1281,2023-02-04,2023-12-05,2024-03-28
13769,2023-12-25,2023-03-11,2024-03-23
11799,2023-09-15,2023-05-27,2024-04-09
10700,2023-03-04,2023-03-06,2024-09-17
1638,2023-02-24,2023-10-20,2024-07-25
13631,2023-11-09,2023-12-20,2024-09-26
6578,2023-03-07,2023-08-25,2024-05-19
3727,2023-04-23,2023-10-08,2024-01-18
1164,2023-01-17,2023-07-09,2024-04-27
11676,2023-03-12,2023-06-12,2024-06-11
6237,2023-05-24,2023-07-06,2024-03-07
6371,2023-02-24,2023-02-11,2024-05-15
2042,2023-01-26,2023-05-09,2024-04-06
7916,2023-11-18,2023-05-08,2024-04-04
3740,2023-05-24,2023-10-21,2024-06-01
14891,2023-12-28,2023-04-20,2024-01-04
11710,2023-01-17,2023-12-06,2024-05-11
9535,2023-10-05,2023-05-27,2024-08-22
1178,2023-02-23,2023-07-18,2024-02-10
7847,2023-05-24,2023-04-23,2024-06-06
6280,2023-06-17,2023-05-20,2024-08-23
13943,2023-04-14,2023-07-01,2024-03-23
8830,2023-07-10,2023-02-01,2024-08-22
13105,2023-03-01,2023-04-04,2024-10-25
14195,2023-03-04,2023-07-15,2024-12-07
293,2023-05-13,2023-02-22,2024-01-20
4266,2023-08-28,2023-12-17,2024-11-19
11196,2023-05-18,2023-02-04,2024-06-01
12693,2023-12-07,2023-07-19,2024-10-06
4877,2023-01-01,2023-08-02,2024-04-14
4485,2023-03-02,2023-12-22,2024-04-03
362,2023-07-16,2023-04-26,2024-03-09
10361,2023-05-02,2023-11-15,2024-06-07
865,2023-12-26,2023-01-18,2024-08-16
10226,2023-11-24,2023-07-12,2024-05-23
2876,2023-05-28,2023-03-09,2024-04-18
2090,2023-11-13,2023-12-05,2024-09-05
8831,2023-08-26,2023-03-21,2024-05-01
8736,2023-06-23,2023-04-05,2024-01-21
5055,2023-08-03,2023-08-07,2024-03-16
10612,2023-08-12,2023-06-13,2024-04-26
7649,2023-12-05,2023-08-23,2024-05-25
4513,2023-05-05,2023-08-04,2024-04-24
155,2023-04-06,2023-07-25,2024-02-04
1973,2023-02-09,2023-10-02,2024-09-05
4238,2023-05-24,2023-09-26,2024-01-16
14132,2023-11-21,2023-08-11,2024-11-16
1280,2023-04-25,2023-03-03,2024-02-10
2070,2023-12-25,2023-04-13,2024-04-19
7593,2023-10-22,2023-06-12,2024-07-15
9030,2023-05-08,2023-07-24,2024-10-10
11723,2023-04-16,2023-01-18,2024-02-25
13896,2023-08-21,2023-05-08,2024-04-14
10938,2023-11-01,2023-05-20,2024-09-07
1966,2023-11-28,2023-02-08,2024-06-04
7278,2023-03-03,2023-02-16,2024-03-15
8626,2023-05-07,2023-12-24,2024-08-13
4981,2023-06-24,2023-11-07,2024-03-08
8765,2023-02-13,2023-11-27,2024-02-05
7203,2023-10-07,2023-09-08,2024-11-09
14133,2023-08-11,2023-03-06,2024-02-08
6207,2023-08-16,2023-11-10,2024-09-03
2255,2023-03-03,2023-04-26,2024-09-11
9444,2023-09-04,2023-11-07,2024-10-25
8582,2023-08-11,2023-09-20,2024-07-13
7542,2023-11-19,2023-03-24,2024-10-26
11181,2023-06-06,2023-07-22,2024-01-17
15000,2023-08-02,2023-04-15,2024-05-27
12877,2023-03-16,2023-05-18,2024-11-11
13039,2023-03-13,2023-09-25,2024-02-22
9318,2023-06-11,2023-05-07,2024-07-24
1296,2023-04-24,2023-10-04,2024-06-13
4838,2023-02-10,2023-07-19,2024-04-20
543,2023-03-02,2023-07-03,2024-11-05
6100,2023-01-05,2023-03-07,2024-12-15
4702,2023-12-01,2023-01-15,2024-03-24
11093,2023-07-03,2023-09-02,2024-10-15
14925,2023-11-09,2023-06-18,2024-06-14
7329,2023-04-26,2023-11-28,2024-12-16
899,2023-01-24,2023-07-15,2024-01-21
13548,2023-11-16,2023-05-25,2024-12-03
9988,2023-03-17,2023-05-22,2024-06-22
12567,2023-11-11,2023-03-10,2024-06-19
13345,2023-11-04,2023-07-10,2024-11-20
10175,2023-04-06,2023-01-26,2024-06-02
8267,2023-04-15,2023-04-18,2024-06-28
13302,2023-05-16,2023-12-24,2024-05-16
12771,2023-10-04,2023-07-03,2024-09-15
11373,2023-11-11,2023-05-14,2024-10-12
12312,2023-04-20,2023-11-24,2024-08-05
2630,2023-03-16,2023-12-07,2024-08-09
12934,2023-01-20,2023-05-28,2024-10-27
7466,2023-07-21,2023-01-22,2024-12-02
6266,2023-10-22,2023-03-15,2024-04-26
12717,2023-08-24,2023-12-02,2024-11-16
11280,2023-07-05,2023-07-02,2024-02-05
7478,2023-03-01,2023-07-12,2024-04-11
1719,2023-08-03,2023-03-27,2024-07-11
8253,2023-04-16,2023-06-06,2024-09-16
14951,2023-11-11,2023-09-08,2024-06-16
12742,2023-11-19,2023-07-18,2024-06-14
7943,2023-03-16,2023-03-09,2024-06-19
7351,2023-11-09,2023-04-03,2024-10-14
11193,2023-02-13,2023-08-25,2024-05-05
3111,2023-01-01,2023-10-11,2024-10-15
11210,2023-10-27,2023-10-24,2024-10-04
9474,2023-05-15,2023-11-11,2024-02-15
9369,2023-09-14,2023-10-18,2024-02-12
6037,2023-12-19,2023-07-24,2024-03-01
79,2023-03-07,2023-11-02,2024-12-03
4593,2023-07-22,2023-12-17,2024-07-08
14138,2023-02-17,2023-10-23,2024-10-01
4687,2023-08-22,2023-06-19,2024-11-09
6094,2023-04-15,2023-11-24,2024-03-08
5215,2023-06-19,2023-02-26,2024-01-12
8048,2023-08-06,2023-12-25,2024-07-22
8666,2023-09-24,2023-05-26,2024-04-25
1956,2023-01-05,2023-11-07,2024-07-20
571,2023-11-22,2023-03-06,2024-01-12
9724,2023-11-21,2023-01-13,2024-11-14
7126,2023-01-01,2023-01-03,2024-06-09
4776,2023-04-20,2023-05-08,2024-03-25
4352,2023-10-23,2023-07-22,2024-03-24
7030,2023-05-24,2023-12-21,2024-04-14
10058,2023-09-05,2023-12-14,2024-01-26
13608,2023-02-28,2023-02-16,2024-04-25
13689,2023-01-12,2023-02-21,2024-01-01
5158,2023-05-26,2023-08-18,2024-02-09
4918,2023-08-11,2023-10-08,2024-04-20
14473,2023-05-20,2023-03-18,2024-08-28
451,2023-11-18,2023-04-14,2024-03-13
3511,2023-03-28,2023-07-22,2024-06-12
12578,2023-06-19,2023-06-14,2024-02-16
1675,2023-11-09,2023-09-15,2024-03-24
9291,2023-01-02,2023-10-06,2024-09-17
5104,2023-12-26,2023-07-22,2024-10-24
756,2023-07-28,2023-12-09,2024-06-21
3215,2023-04-13,2023-03-24,2024-08-10
8134,2023-04-17,2023-08-17,2024-01-28
7322,2023-09-14,2023-02-09,2024-06-20
6618,2023-06-18,2023-12-05,2024-11-18
13537,2023-11-21,2023-05-23,2024-04-12
2204,2023-01-21,2023-11-19,2024-01-10
6218,2023-12-18,2023-06-20,2024-01-25
3810,2023-01-22,2023-04-03,2024-10-11
7791,2023-11-21,2023-01-03,2024-10-02
3313,2023-02-08,2023-06-21,2024-04-16
3787,2023-12-27,2023-03-11,2024-10-09
242,2023-03-01,2023-05-19,2024-03-23
13154,2023-10-13,2023-01-07,2024-03-19
6115,2023-01-17,2023-05-12,2024-04-10
5619,2023-01-20,2023-06-07,2024-10-22
2372,2023-07-02,2023-12-23,2024-09-21
913,2023-01-16,2023-10-06,2024-08-14
6672,2023-07-22,2023-06-13,2024-09-22
1808,2023-09-27,2023-05-09,2024-03-13
3014,2023-01-17,2023-03-12,2024-03-10
14573,2023-06-14,2023-01-02,2024-03-21
4409,2023-10-01,2023-07-03,2024-12-20
3347,2023-10-12,2023-06-27,2024-06-10
10085,2023-02-28,2023-11-08,2024-10-14
14454,2023-06-23,2023-05-05,2024-04-08
380,2023-08-08,2023-01-04,2024-06-21
14492,2023-12-16,2023-11-20,2024-04-20
3686,2023-06-20,2023-11-19,2024-08-19
12619,2023-05-08,2023-07-14,2024-11-27
8305,2023-05-11,2023-09-28,2024-12-04
7796,2023-06-14,2023-03-07,2024-05-03
2085,2023-07-22,2023-02-20,2024-07-21
5731,2023-08-04,2023-07-09,2024-11-06
11126,2023-05-25,2023-01-17,2024-06-14
1131,2023-01-10,2023-08-20,2024-05-18
9580,2023-02-21,2023-05-20,2024-06-01
11187,2023-01-16,2023-06-13,2024-04-09
14176,2023-03-10,2023-02-14,2024-01-11
7834,2023-06-26,2023-09-10,2024-09-06
8282,2023-10-24,2023-09-25,2024-12-16
11163,2023-02-21,2023-10-12,2024-06-25
900,2023-01-23,2023-11-06,2024-01-27
4275,2023-10-19,2023-01-12,2024-02-04
9891,2023-03-18,2023-05-28,2024-08-17
9657,2023-09-20,2023-06-05,2024-04-25
6243,2023-04-08,2023-02-18,2024-08-12
9384,2023-03-02,2023-02-21,2024-08-05
10533,2023-01-07,2023-08-21,2024-08-05
13708,2023-07-28,2023-03-08,2024-03-02
8089,2023-12-23,2023-07-13,2024-01-08
11957,2023-09-21,2023-04-25,2024-09-27
786,2023-12-12,2023-03-05,2024-10-05
10872,2023-07-27,2023-07-10,2024-09-06
8250,2023-09-07,2023-03-18,2024-01-17
10892,2023-12-05,2023-04-17,2024-02-23
11298,2023-12-24,2023-05-05,2024-03-03
6731,2023-06-24,2023-12-17,2024-12-28
9162,2023-07-20,2023-01-21,2024-10-16
7282,2023-03-24,2023-04-03,2024-05-08
5755,2023-04-06,2023-02-21,2024-04-09
14987,2023-03-12,2023-09-09,2024-05-19
1912,2023-07-28,2023-04-23,2024-07-10
7578,2023-06-01,2023-07-14,2024-05-18
11294,2023-05-07,2023-07-02,2024-07-24
13758,2023-12-23,2023-06-04,2024-08-26
4376,2023-05-25,2023-08-03,2024-08-18
12644,2023-12-06,2023-11-22,2024-04-07
6901,2023-05-22,2023-12-11,2024-10-06
10507,2023-04-26,2023-03-15,2024-05-18
14725,2023-10-01,2023-04-21,2024-12-21
7457,2023-06-09,2023-10-11,2024-04-08
14321,2023-11-20,2023-04-09,2024-01-19
3408,2023-12-16,2023-08-18,2024-02-06
4083,2023-01-22,2023-05-25,2024-01-28
7316,2023-11-01,2023-12-09,2024-09-28
12971,2023-03-09,2023-09-28,2024-01-20
1693,2023-04-12,2023-07-26,2024-05-11
4012,2023-01-17,2023-06-13,2024-01-22
9909,2023-11-27,2023-02-10,2024-07-18
10833,2023-04-14,2023-03-19,2024-02-17
11172,2023-09-16,2023-04-18,2024-08-25
12236,2023-10-25,2023-02-10,2024-09-02
8688,2023-01-05,2023-08-01,2024-07-08
12848,2023-10-05,2023-01-06,2024-09-19
8238,2023-03-15,2023-06-16,2024-09-28
10757,2023-01-18,2023-08-21,2024-08-27
9085,2023-11-02,2023-08-17,2024-04-01
10939,2023-12-27,2023-06-23,2024-11-27
14533,2023-06-15,2023-08-09,2024-09-05
8906,2023-04-03,2023-08-12,2024-11-14
14017,2023-09-18,2023-12-14,2024-12-13
11020,2023-04-08,2023-04-24,2024-02-03
7669,2023-10-15,2023-03-23,2024-07-06
287,2023-02-04,2023-02-13,2024-04-09
11693,2023-01-28,2023-02-01,2024-08-18
4629,2023-08-07,2023-10-01,2024-04-03
11801,2023-02-28,2023-02-18,2024-10-21
258,2023-04-24,2023-01-06,2024-05-22
13531,2023-04-03,2023-08-06,2024-12-22
4233,2023-02-18,2023-10-21,2024-07-12
2769,2023-04-05,2023-04-24,2024-12-19
6577,2023-11-06,2023-03-14,2024-06-15
9775,2023-05-28,2023-02-26,2024-08-12
8484,2023-08-20,2023-08-03,2024-09-16
11197,2023-05-25,2023-10-15,2024-08-26
501,2023-08-20,2023-02-07,2024-01-06
9501,2023-08-27,2023-09-04,2024-01-07
8825,2023-12-15,2023-10-10,2024-08-11
4274,2023-09-18,2023-08-13,2024-09-04
4773,2023-06-25,2023-12-28,2024-08-14
2281,2023-02-21,2023-06-26,2024-12-14
10090,2023-10-08,2023-07-16,2024-04-07
5824,2023-06-20,2023-04-22,2024-01-23
1325,2023-07-03,2023-06-06,2024-12-01
11083,2023-12-24,2023-05-18,2024-06-15
799,2023-01-01,2023-10-19,2024-01-03
10243,2023-07-03,2023-01-13,2024-04-18
7739,2023-12-09,2023-09-13,2024-08-21
14599,2023-02-08,2023-06-02,2024-04-18
12730,2023-01-16,2023-01-28,2024-01-08
8079,2023-07-01,2023-01-18,2024-12-08
14133,2023-06-13,2023-07-04,2024-04-25
3290,2023-04-24,2023-08-05,2024-10-09
14128,2023-10-24,2023-04-14,2024-10-18
955,2023-04-13,2023-04-23,2024-04-06
8079,2023-03-18,2023-10-12,2024-07-25
430,2023-04-13,2023-03-08,2024-11-25
12722,2023-07-05,2023-12-11,2024-04-05
4535,2023-04-15,2023-12-23,2024-11-23
3370,2023-01-16,2023-07-21,2024-12-14
3073,2023-05-01,2023-11-23,2024-12-13
1080,2023-06-23,2023-07-12,2024-03-18
14480,2023-05-01,2023-02-19,2024-05-13
5945,2023-01-28,2023-06-05,2024-05-05
8250,2023-08-17,2023-09-04,2024-09-14
3518,2023-01-04,2023-08-27,2024-07-05
2697,2023-10-07,2023-12-26,2024-03-04
1882,2023-06-20,2023-05-18,2024-12-10
11460,2023-07-03,2023-10-01,2024-07-04
14629,2023-10-27,2023-01-04,2024-05-05
5217,2023-06-23,2023-10-12,2024-06-08
12509,2023-10-25,2023-09-13,2024-04-03
14020,2023-03-28,2023-09-24,2024-07-20
14685,2023-12-25,2023-10-26,2024-04-21
7097,2023-02-21,2023-12-22,2024-03-24
8724,2023-05-25,2023-02-19,2024-02-07
9304,2023-07-21,2023-11-23,2024-11-25
454,2023-08-10,2023-07-12,2024-04-06
14559,2023-10-11,2023-08-23,2024-06-06
11628,2023-03-12,2023-07-13,2024-08-19
3982,2023-03-20,2023-05-22,2024-05-15
11923,2023-02-10,2023-10-05,2024-01-14
14391,2023-05-23,2023-05-08,2024-09-03
9521,2023-04-03,2023-12-08,2024-07-21
12542,2023-12-10,2023-05-25,2024-06-01
12690,2023-08-11,2023-02-25,2024-10-26
4652,2023-10-09,2023-07-26,2024-09-28
13273,2023-04-10,2023-01-05,2024-04-06
37,2023-12-08,2023-12-27,2024-07-10
9829,2023-12-20,2023-04-24,2024-04-15
1797,2023-05-24,2023-08-06,2024-07-04
1566,2023-02-17,2023-07-15,2024-06-20
3441,2023-07-08,2023-03-22,2024-01-17
1919,2023-06-17,2023-05-27,2024-10-18
8008,2023-05-22,2023-12-24,2024-11-24
11120,2023-05-05,2023-08-04,2024-12-21
875,2023-01-10,2023-11-05,2024-11-15
9475,2023-03-11,2023-11-15,2024-02-03
14747,2023-09-08,2023-03-02,2024-07-25
13171,2023-10-22,2023-01-05,2024-01-17
12064,2023-12-28,2023-04-09,2024-11-11
6322,2023-01-26,2023-10-25,2024-12-10
11664,2023-05-22,2023-11-10,2024-11-28
7800,2023-08-21,2023-02-18,2024-11-02
10707,2023-10-25,2023-12-06,2024-11-15
4274,2023-10-15,2023-12-17,2024-08-14
1677,2023-08-08,2023-02-17,2024-02-08
10585,2023-09-24,2023-04-26,2024-04-06
3089,2023-12-08,2023-05-23,2024-07-05
10701,2023-02-21,2023-08-01,2024-11-14
7683,2023-04-11,2023-05-25,2024-04-05
5873,2023-02-07,2023-12-28,2024-08-21
3517,2023-11-01,2023-12-05,2024-03-05
9578,2023-04-08,2023-10-14,2024-05-04
3170,2023-04-07,2023-10-25,2024-08-18
7494,2023-11-21,2023-03-25,2024-03-05
10400,2023-05-05,2023-09-08,2024-10-08
1998,2023-05-24,2023-12-20,2024-04-05
5605,2023-07-11,2023-04-12,2024-08-08
5339,2023-11-23,2023-03-05,2024-08-11
7035,2023-02-11,2023-11-22,2024-11-01
1151,2023-05-15,2023-01-12,2024-11-17
8432,2023-01-12,2023-10-22,2024-06-27
12584,2023-02-21,2023-09-21,2024-01-01
11798,2023-09-15,2023-03-08,2024-11-09
8567,2023-06-17,2023-10-05,2024-08-11
1575,2023-04-25,2023-06-13,2024-02-16
4592,2023-08-16,2023-10-25,2024-05-03
13845,2023-12-22,2023-04-02,2024-04-10
14378,2023-08-05,2023-08-10,2024-07-28
5240,2023-07-05,2023-11-22,2024-11-27
3199,2023-05-01,2023-11-22,2024-06-10
4929,2023-02-27,2023-01-26,2024-08-22
3701,2023-07-20,2023-07-26,2024-09-17
10327,2023-10-11,2023-12-28,2024-07-25
6277,2023-04-19,2023-08-12,2024-12-25
14839,2023-09-07,2023-05-07,2024-04-12
12458,2023-08-16,2023-12-03,2024-09-14
14871,2023-05-26,2023-06-24,2024-09-11
8387,2023-10-19,2023-11-23,2024-03-17
7253,2023-10-13,2023-11-17,2024-05-02
5100,2023-05-12,2023-09-19,2024-03-24
1599,2023-08-11,2023-06-09,2024-08-20
14460,2023-08-19,2023-03-17,2024-03-04
1803,2023-02-03,2023-09-28,2024-04-02
7021,2023-11-07,2023-01-26,2024-05-14
10198,2023-04-11,2023-06-19,2024-06-04
2351,2023-07-11,2023-01-15,2024-08-07
10656,2023-01-24,2023-09-07,2024-01-03
5512,2023-07-19,2023-06-28,2024-04-03
5792,2023-03-14,2023-11-03,2024-05-10
11144,2023-10-18,2023-08-05,2024-12-14
76,2023-11-25,2023-01-27,2024-11-22
148,2023-06-18,2023-10-14,2024-05-07
6496,2023-02-11,2023-01-23,2024-05-01
6589,2023-06-17,2023-05-25,2024-10-07
3044,2023-06-13,2023-05-01,2024-05-20
12403,2023-10-08,2023-02-01,2024-04-03
1199,2023-09-02,2023-11-13,2024-11-12
10125,2023-03-23,2023-05-15,2024-12-21
9433,2023-07-25,2023-12-13,2024-12-17
5055,2023-12-18,2023-05-16,2024-12-09
13678,2023-10-11,2023-08-03,2024-09-11
9856,2023-09-10,2023-11-15,2024-02-25
12813,2023-09-13,2023-10-12,2024-05-24
2968,2023-09-15,2023-05-07,2024-06-25
10710,2023-07-22,2023-09-24,2024-05-10
6007,2023-02-19,2023-09-09,2024-09-13
3275,2023-08-14,2023-01-15,2024-11-12
9052,2023-11-06,2023-08-09,2024-06-10
5821,2023-10-13,2023-04-14,2024-09-03
816,2023-05-12,2023-01-18,2024-02-04
12805,2023-12-17,2023-10-03,2024-02-16
7422,2023-10-02,2023-11-22,2024-09-13
10996,2023-03-26,2023-12-14,2024-09-03
8309,2023-04-08,2023-10-24,2024-02-08
3390,2023-02-21,2023-05-25,2024-04-12
6932,2023-11-16,2023-02-24,2024-01-26
4709,2023-04-12,2023-12-09,2024-11-10
14952,2023-01-15,2023-06-06,2024-10-03
7661,2023-10-14,2023-10-08,2024-08-15
8071,2023-07-18,2023-02-01,2024-10-27
14606,2023-11-14,2023-08-02,2024-09-05
7414,2023-11-28,2023-05-16,2024-05-22
7088,2023-10-03,2023-01-19,2024-10-05
4192,2023-08-28,2023-10-11,2024-04-26
3871,2023-06-13,2023-12-27,2024-12-13
12878,2023-11-07,2023-02-02,2024-02-10
8587,2023-08-28,2023-03-09,2024-11-09
3895,2023-11-28,2023-03-02,2024-08-17
13332,2023-07-16,2023-10-23,2024-03-06
7188,2023-05-01,2023-03-03,2024-08-07
14110,2023-12-26,2023-07-06,2024-01-07
11379,2023-06-26,2023-09-06,2024-03-28
7637,2023-04-12,2023-05-14,2024-11-02
14925,2023-02-13,2023-07-04,2024-03-17
5916,2023-06-15,2023-03-25,2024-06-02
13152,2023-05-10,2023-09-14,2024-07-14
7115,2023-10-02,2023-11-08,2024-12-14
14835,2023-10-18,2023-01-01,2024-04-05
8748,2023-01-01,2023-05-08,2024-10-19
4522,2023-11-21,2023-09-15,2024-09-16
10431,2023-03-09,2023-08-25,2024-12-13
14143,2023-12-20,2023-07-26,2024-10-16
3048,2023-01-17,2023-10-20,2024-03-24
11064,2023-06-14,2023-01-13,2024-09-12
13260,2023-09-16,2023-01-20,2024-12-19
13160,2023-08-17,2023-11-03,2024-08-10
10608,2023-05-02,2023-01-08,2024-09-22
7626,2023-12-09,2023-06-21,2024-04-09
935,2023-12-13,2023-01-23,2024-01-14
8430,2023-11-15,2023-11-09,2024-05-25
1466,2023-10-18,2023-07-04,2024-04-17
7766,2023-04-11,2023-10-10,2024-11-10
4648,2023-03-17,2023-09-01,2024-05-10
3934,2023-03-02,2023-05-14,2024-09-23
1070,2023-12-10,2023-09-23,2024-08-24
4622,2023-07-21,2023-05-04,2024-01-10
14346,2023-09-22,2023-04-17,2024-04-13
5144,2023-01-14,2023-11-17,2024-08-25
10241,2023-03-17,2023-09-25,2024-12-08
8592,2023-08-04,2023-02-26,2024-12-05
9848,2023-11-02,2023-12-20,2024-02-15
7985,2023-09-04,2023-10-22,2024-08-22
9000,2023-11-28,2023-10-05,2024-11-21
11705,2023-10-10,2023-02-27,2024-12-21
12135,2023-02-03,2023-08-21,2024-11-19
6492,2023-06-26,2023-06-12,2024-12-13
3031,2023-05-16,2023-05-08,2024-08-01
12083,2023-08-23,2023-02-09,2024-12-23
5357,2023-06-10,2023-02-08,2024-07-27
14810,2023-02-13,2023-05-15,2024-09-16
2129,2023-10-05,2023-02-04,2024-06-10
575,2023-04-08,2023-10-26,2024-05-13
11047,2023-07-08,2023-10-22,2024-01-03
14547,2023-09-28,2023-01-15,2024-11-11
13215,2023-05-10,2023-02-11,2024-11-06
4280,2023-06-20,2023-01-14,2024-10-03
4132,2023-04-13,2023-01-24,2024-03-25
3909,2023-03-19,2023-01-17,2024-11-20
3045,2023-10-11,2023-08-28,2024-09-06
7715,2023-10-19,2023-11-03,2024-02-26
12523,2023-12-16,2023-12-04,2024-03-16
8435,2023-02-14,2023-05-15,2024-09-14
13302,2023-12-08,2023-04-05,2024-03-14
12784,2023-06-03,2023-09-07,2024-09-05
10946,2023-01-05,2023-06-19,2024-10-22
10220,2023-10-22,2023-07-18,2024-07-17
752,2023-10-23,2023-05-28,2024-01-23
13837,2023-03-06,2023-10-15,2024-01-18
3253,2023-09-24,2023-05-08,2024-10-28
979,2023-08-17,2023-07-25,2024-08-19
13513,2023-04-08,2023-11-21,2024-12-25
13762,2023-04-13,2023-04-07,2024-03-08
13997,2023-11-22,2023-01-17,2024-08-20
6800,2023-09-26,2023-07-15,2024-08-28
8715,2023-02-24,2023-07-14,2024-08-26
2705,2023-03-04,2023-10-20,2024-08-21
1748,2023-12-24,2023-10-07,2024-09-14
2133,2023-09-14,2023-05-13,2024-09-15
12458,2023-03-13,2023-10-10,2024-12-27
4432,2023-11-27,2023-10-17,2024-06-26
5208,2023-01-20,2023-12-17,2024-02-25
8483,2023-12-03,2023-05-07,2024-04-01
8027,2023-12-19,2023-08-18,2024-09-08
4930,2023-04-03,2023-09-28,2024-09-21
8091,2023-02-20,2023-06-28,2024-06-28
14636,2023-11-28,2023-02-09,2024-08-09
1200,2023-12-13,2023-09-28,2024-09-17
2226,2023-11-23,2023-02-16,2024-03-06
8059,2023-07-05,2023-12-25,2024-09-08
9872,2023-08-26,2023-02-14,2024-02-12
6563,2023-05-28,2023-04-01,2024-09-15
7940,2023-05-20,2023-04-19,2024-05-06
3251,2023-11-09,2023-06-01,2024-09-28
13127,2023-10-06,2023-03-18,2024-12-18
2075,2023-01-13,2023-11-11,2024-01-16
5774,2023-11-28,2023-04-22,2024-11-25
1914,2023-08-22,2023-07-23,2024-03-28
13989,2023-10-10,2023-07-07,2024-04-24
10040,2023-04-05,2023-12-15,2024-02-17
7916,2023-11-06,2023-04-15,2024-04-14
10160,2023-09-23,2023-03-24,2024-06-11
10904,2023-05-20,2023-12-18,2024-06-05
8755,2023-06-12,2023-08-20,2024-02-04
8453,2023-01-05,2023-08-28,2024-11-14
12585,2023-04-06,2023-08-02,2024-10-11
10609,2023-02-02,2023-03-08,2024-03-11
4992,2023-03-14,2023-10-20,2024-08-11
13641,2023-02-19,2023-11-11,2024-08-25
11180,2023-11-07,2023-08-18,2024-03-05
5748,2023-12-04,2023-04-01,2024-10-28
9770,2023-04-21,2023-03-08,2024-09-27
13775,2023-06-08,2023-11-18,2024-03-13
4467,2023-08-24,2023-09-28,2024-03-05
3492,2023-10-27,2023-01-17,2024-12-13
4914,2023-08-17,2023-10-20,2024-08-08
5345,2023-03-11,2023-12-23,2024-10-15
14771,2023-11-18,2023-09-14,2024-11-02
11068,2023-01-28,2023-03-07,2024-12-16
12602,2023-05-07,2023-03-27,2024-10-15
7257,2023-11-27,2023-01-08,2024-08-07
539,2023-03-27,2023-09-24,2024-09-02
12129,2023-12-10,2023-10-14,2024-04-27
14294,2023-12-01,2023-10-01,2024-06-07
9527,2023-06-08,2023-07-09,2024-12-02
66,2023-02-21,2023-06-19,2024-08-06
7112,2023-02-25,2023-07-28,2024-01-06
3555,2023-12-14,2023-07-15,2024-09-19
747,2023-07-23,2023-11-07,2024-08-25
1572,2023-07-08,2023-10-10,2024-03-04
7613,2023-04-14,2023-02-13,2024-02-01
4533,2023-08-22,2023-07-02,2024-01-09
13035,2023-05-14,2023-07-12,2024-07-18
1560,2023-03-09,2023-09-12,2024-11-22
2478,2023-03-15,2023-03-25,2024-08-14
13973,2023-06-15,2023-08-17,2024-07-25
7866,2023-11-08,2023-09-14,2024-04-28
6532,2023-05-14,2023-05-09,2024-07-27
11275,2023-11-24,2023-03-27,2024-05-24
6096,2023-08-04,2023-09-05,2024-05-18
5170,2023-09-12,2023-09-17,2024-04-09
6259,2023-01-05,2023-11-26,2024-05-22
3717,2023-02-16,2023-01-15,2024-05-09
5418,2023-12-25,2023-04-16,2024-03-08
4127,2023-06-10,2023-12-11,2024-04-19
3809,2023-09-18,2023-10-12,2024-03-15
3579,2023-12-06,2023-11-25,2024-02-05
6532,2023-09-12,2023-08-08,2024-01-17
10859,2023-06-13,2023-03-06,2024-08-16
13949,2023-05-15,2023-02-27,2024-05-05
6777,2023-01-05,2023-11-23,2024-08-21
9712,2023-11-23,2023-06-19,2024-10-18
454,2023-02-24,2023-12-14,2024-09-19
3396,2023-07-16,2023-08-04,2024-03-18
14784,2023-09-09,2023-09-26,2024-11-05
5876,2023-04-02,2023-12-13,2024-09-20
13893,2023-12-06,2023-07-20,2024-01-18
7172,2023-10-24,2023-12-23,2024-10-17
4374,2023-04-25,2023-04-15,2024-05-27
7543,2023-03-27,2023-06-15,2024-10-04
4506,2023-01-20,2023-04-22,2024-04-23
9517,2023-02-19,2023-02-25,2024-06-23
4311,2023-01-03,2023-03-12,2024-09-27
13262,2023-03-28,2023-02-17,2024-11-27
5323,2023-07-28,2023-02-20,2024-09-28
14576,2023-11-09,2023-05-21,2024-02-12
12160,2023-11-04,2023-11-14,2024-10-25
2053,2023-11-19,2023-06-26,2024-09-20
2687,2023-02-24,2023-05-27,2024-07-16
13815,2023-06-15,2023-01-21,2024-02-16
9042,2023-07-23,2023-05-12,2024-04-25
7680,2023-04-16,2023-04-02,2024-02-09
7324,2023-01-22,2023-09-11,2024-05-21
2478,2023-09-24,2023-09-07,2024-02-09
7222,2023-05-24,2023-02-16,2024-05-22
13820,2023-01-04,2023-08-04,2024-09-24
1021,2023-01-15,2023-03-23,2024-02-12
6537,2023-09-23,2023-11-19,2024-09-17
12967,2023-10-08,2023-08-28,2024-07-22
4462,2023-01-16,2023-11-04,2024-08-20
3349,2023-03-03,2023-02-11,2024-03-24
7239,2023-05-26,2023-03-25,2024-01-05
8518,2023-04-20,2023-07-28,2024-07-19
1442,2023-12-06,2023-04-02,2024-11-27
3245,2023-01-03,2023-12-09,2024-12-27
9403,2023-06-09,2023-07-08,2024-04-17
3915,2023-04-21,2023-09-25,2024-08-18
14190,2023-07-13,2023-01-16,2024-09-27
9448,2023-03-17,2023-12-22,2024-01-08
7512,2023-04-13,2023-12-10,2024-09-01
801,2023-10-04,2023-03-17,2024-01-18
6489,2023-03-22,2023-04-06,2024-06-22
8756,2023-03-19,2023-06-28,2024-07-03
11121,2023-01-14,2023-06-04,2024-06-02
4161,2023-04-16,2023-05-17,2024-06-13
7344,2023-02-28,2023-08-23,2024-05-22
5196,2023-10-10,2023-06-13,2024-01-28
10102,2023-01-21,2023-06-28,2024-08-01
10675,2023-01-18,2023-07-01,2024-10-05
4558,2023-07-25,2023-11-22,2024-09-17
3694,2023-01-24,2023-09-09,2024-10-13
14452,2023-06-08,2023-02-15,2024-03-15
11148,2023-10-15,2023-05-14,2024-12-15
12641,2023-08-09,2023-04-20,2024-01-16
11389,2023-08-10,2023-02-10,2024-06-02
6046,2023-01-09,2023-04-17,2024-08-10
11575,2023-10-12,2023-10-04,2024-05-01
2207,2023-05-17,2023-12-24,2024-01-13
9321,2023-11-14,2023-03-26,2024-05-28
9912,2023-02-08,2023-04-20,2024-01-12
6700,2023-07-16,2023-12-11,2024-09-04
9591,2023-02-08,2023-06-19,2024-05-10
11309,2023-01-05,2023-09-19,2024-09-07
11405,2023-07-15,2023-10-20,2024-06-08
870,2023-06-22,2023-02-07,2024-04-11
3048,2023-01-02,2023-06-01,2024-10-15
14037,2023-10-15,2023-05-05,2024-05-01
3091,2023-01-12,2023-06-02,2024-01-04
512,2023-04-14,2023-07-19,2024-06-18
5871,2023-11-24,2023-10-07,2024-06-20
3254,2023-11-05,2023-02-20,2024-02-28
130,2023-04-24,2023-12-22,2024-11-22
1501,2023-02-24,2023-08-04,2024-11-28
9543,2023-04-12,2023-09-15,2024-12-03
13961,2023-09-20,2023-07-23,2024-11-28
5282,2023-04-13,2023-04-13,2024-04-12
7824,2023-08-10,2023-06-21,2024-05-14
6467,2023-11-16,2023-11-04,2024-03-23
11539,2023-10-21,2023-12-17,2024-10-14
7771,2023-01-14,2023-10-06,2024-01-25
1007,2023-10-18,2023-04-03,2024-04-08
939,2023-05-26,2023-08-26,2024-09-09
13010,2023-12-12,2023-06-24,2024-10-17
7890,2023-10-02,2023-06-26,2024-09-16
11826,2023-04-03,2023-08-21,2024-05-18
4245,2023-10-14,2023-09-14,2024-05-13
10954,2023-10-17,2023-06-19,2024-04-24
8389,2023-02-03,2023-03-28,2024-09-17
5852,2023-02-22,2023-11-08,2024-08-14
13158,2023-04-16,2023-05-06,2024-08-21
8350,2023-08-27,2023-01-23,2024-02-24
14866,2023-11-12,2023-08-22,2024-01-09
14851,2023-04-16,2023-04-06,2024-02-05
6517,2023-11-18,2023-06-28,2024-01-27
10186,2023-02-18,2023-08-24,2024-10-16
10765,2023-08-14,2023-12-18,2024-04-22
14296,2023-03-09,2023-02-21,2024-12-28
7283,2023-01-14,2023-10-17,2024-10-14
12518,2023-04-12,2023-08-25,2024-07-07
3570,2023-07-13,2023-09-05,2024-05-10
10119,2023-04-02,2023-07-13,2024-07-02
1894,2023-02-24,2023-09-24,2024-03-24
13477,2023-02-16,2023-10-13,2024-04-14
12216,2023-03-25,2023-04-04,2024-08-14
12554,2023-12-23,2023-09-19,2024-03-17
697,2023-06-22,2023-04-16,2024-03-16
9746,2023-09-20,2023-03-23,2024-07-23
4407,2023-02-24,2023-01-06,2024-02-20
8053,2023-08-15,2023-10-02,2024-06-21
2042,2023-07-08,2023-06-23,2024-05-16
9584,2023-04-13,2023-06-03,2024-02-12
3559,2023-11-18,2023-10-06,2024-08-05
14407,2023-09-06,2023-09-02,2024-10-02
7749,2023-12-04,2023-06-10,2024-08-01
11207,2023-01-17,2023-02-12,2024-01-07
10924,2023-06-01,2023-11-06,2024-11-15
1898,2023-04-02,2023-01-12,2024-01-12
2620,2023-06-23,2023-01-26,2024-02-13
6576,2023-07-07,2023-05-08,2024-07-17
11305,2023-03-25,2023-01-23,2024-10-12
13809,2023-05-13,2023-04-17,2024-02-08
13162,2023-07-24,2023-09-15,2024-02-19
3679,2023-05-11,2023-03-13,2024-06-22
9107,2023-01-04,2023-02-21,2024-05-05
1653,2023-07-27,2023-01-11,2024-02-06
3494,2023-02-03,2023-03-12,2024-12-04
7217,2023-07-27,2023-06-08,2024-12-05
14421,2023-09-04,2023-09-08,2024-05-15
2805,2023-11-14,2023-06-26,2024-09-23
5148,2023-08-25,2023-06-08,2024-07-17
823,2023-05-02,2023-12-19,2024-01-19
11797,2023-05-10,2023-08-24,2024-11-12
2528,2023-01-17,2023-04-23,2024-01-06
9927,2023-04-12,2023-07-13,2024-11-11
3169,2023-10-08,2023-10-04,2024-06-01
3584,2023-10-19,2023-06-26,2024-04-04
2650,2023-01-25,2023-06-02,2024-09-14
12348,2023-02-04,2023-11-09,2024-03-24
9246,2023-06-21,2023-08-01,2024-04-06
12797,2023-05-23,2023-07-19,2024-02-01
6984,2023-03-01,2023-10-24,2024-05-25
13917,2023-08-05,2023-06-16,2024-07-23
7945,2023-11-09,2023-08-09,2024-03-05
5344,2023-01-13,2023-03-14,2024-03-23
14371,2023-02-16,2023-08-16,2024-10-24
11501,2023-10-24,2023-08-13,2024-02-22
6727,2023-05-07,2023-08-19,2024-12-03
12858,2023-12-20,2023-06-28,2024-07-02
1183,2023-01-26,2023-04-14,2024-08-21
6337,2023-05-11,2023-10-24,2024-01-13
7722,2023-08-15,2023-02-19,2024-10-08
7509,2023-05-06,2023-10-11,2024-03-21
14226,2023-02-13,2023-12-05,2024-04-23
589,2023-06-16,2023-04-14,2024-05-17
9059,2023-08-14,2023-04-25,2024-04-21
10623,2023-12-19,2023-03-26,2024-10-27
8777,2023-11-12,2023-05-16,2024-09-23
9217,2023-01-05,2023-12-09,2024-09-03
4885,2023-04-14,2023-12-26,2024-03-20
5694,2023-01-27,2023-11-20,2024-08-04
13074,2023-12-07,2023-09-15,2024-09-10
7824,2023-04-27,2023-06-09,2024-07-14
6325,2023-02-14,2023-01-21,2024-02-22
88,2023-04-23,2023-07-14,2024-05-07
2792,2023-02-10,2023-07-10,2024-11-24
7412,2023-09-14,2023-11-24,2024-07-25
1170,2023-05-05,2023-11-26,2024-07-01
92,2023-10-15,2023-06-22,2024-04-18
8856,2023-01-18,2023-03-16,2024-12-26
2485,2023-09-14,2023-06-28,2024-03-26
14645,2023-09-25,2023-04-17,2024-03-13
574,2023-10-02,2023-07-27,2024-12-18
7614,2023-08-20,2023-10-11,2024-06-23
8947,2023-02-16,2023-06-28,2024-07-11
539,2023-04-01,2023-12-16,2024-08-18
8585,2023-03-02,2023-10-08,2024-01-26
14177,2023-07-05,2023-11-09,2024-08-10
13412,2023-10-28,2023-03-09,2024-04-14
6153,2023-12-26,2023-06-01,2024-07-11
1565,2023-11-01,2023-07-24,2024-09-07
2114,2023-10-06,2023-01-26,2024-04-13
4063,2023-11-21,2023-09-01,2024-08-17
12409,2023-03-04,2023-09-02,2024-12-04
12887,2023-03-02,2023-11-16,2024-07-22
4811,2023-03-17,2023-02-15,2024-07-17
3577,2023-08-09,2023-03-07,2024-12-05
3248,2023-02-13,2023-11-15,2024-09-27
2118,2023-12-17,2023-07-24,2024-04-17
13626,2023-07-27,2023-01-04,2024-01-12
6092,2023-06-11,2023-09-24,2024-01-01
1991,2023-08-24,2023-11-16,2024-01-06
9229,2023-05-18,2023-07-16,2024-10-12
7036,2023-07-05,2023-01-26,2024-02-03
2498,2023-06-06,2023-05-07,2024-06-03
4841,2023-06-02,2023-07-22,2024-03-11
13984,2023-01-20,2023-04-18,2024-10-15
10594,2023-09-07,2023-06-04,2024-02-02
91,2023-06-01,2023-07-15,2024-09-11
4011,2023-08-27,2023-06-19,2024-08-06
2571,2023-02-22,2023-04-17,2024-04-17
2890,2023-06-05,2023-06-08,2024-10-12
11560,2023-06-12,2023-11-12,2024-03-27
7547,2023-01-18,2023-10-13,2024-10-02
7877,2023-01-20,2023-01-26,2024-03-14
13941,2023-09-04,2023-04-21,2024-10-22
12647,2023-10-27,2023-03-24,2024-05-08
4227,2023-01-20,2023-05-12,2024-09-20
14798,2023-02-06,2023-12-09,2024-03-27
5432,2023-03-26,2023-03-06,2024-12-08
7214,2023-10-18,2023-11-17,2024-11-28
3008,2023-02-09,2023-05-16,2024-04-14
3501,2023-04-16,2023-11-14,2024-08-23
3004,2023-12-13,2023-09-01,2024-02-03
9652,2023-02-18,2023-09-16,2024-07-15
1844,2023-08-02,2023-02-06,2024-08-27
14646,2023-07-18,2023-05-06,2024-02-09
14269,2023-03-04,2023-06-08,2024-12-25
12766,2023-10-05,2023-05-03,2024-05-26
5966,2023-01-16,2023-04-17,2024-06-11
10681,2023-03-13,2023-01-12,2024-10-01
943,2023-07-20,2023-07-26,2024-08-05
1357,2023-08-02,2023-12-13,2024-06-13
2757,2023-05-09,2023-07-08,2024-11-16
11168,2023-10-15,2023-08-04,2024-11-02
2989,2023-09-25,2023-03-22,2024-11-03
12287,2023-01-08,2023-11-09,2024-11-28
3145,2023-12-16,2023-09-23,2024-02-27
11049,2023-09-01,2023-01-15,2024-01-26
14131,2023-06-14,2023-01-14,2024-10-06
4110,2023-10-06,2023-08-13,2024-01-12
6680,2023-08-20,2023-06-25,2024-10-15
7424,2023-09-04,2023-07-14,2024-06-04
7364,2023-08-25,2023-05-20,2024-04-06
8978,2023-02-01,2023-09-05,2024-06-04
14519,2023-04-02,2023-05-28,2024-03-16
1273,2023-04-14,2023-11-15,2024-05-25
1016,2023-06-28,2023-09-12,2024-11-14
2424,2023-02-06,2023-02-17,2024-11-27
13574,2023-07-03,2023-01-14,2024-05-07
683,2023-10-20,2023-09-04,2024-06-02
2140,2023-10-02,2023-11-07,2024-04-23
10797,2023-07-26,2023-06-12,2024-12-15
9218,2023-03-19,2023-01-11,2024-06-07
10557,2023-01-16,2023-07-20,2024-10-15
12225,2023-01-07,2023-12-12,2024-04-14
5873,2023-10-21,2023-06-14,2024-03-22
1759,2023-01-06,2023-08-28,2024-05-17
12005,2023-11-25,2023-08-08,2024-10-18
8347,2023-02-24,2023-03-14,2024-07-15
7593,2023-05-16,2023-04-25,2024-11-07
11934,2023-06-20,2023-12-06,2024-01-05
1029,2023-10-25,2023-07-06,2024-04-17
1330,2023-06-27,2023-03-18,2024-05-26
919,2023-10-14,2023-01-03,2024-10-04
11218,2023-05-11,2023-12-08,2024-06-28
8319,2023-03-19,2023-08-27,2024-02-27
1041,2023-07-22,2023-12-18,2024-07-23
1441,2023-09-17,2023-03-13,2024-12-01
12983,2023-12-02,2023-07-20,2024-04-27
6262,2023-12-20,2023-12-22,2024-01-26
4370,2023-11-02,2023-03-28,2024-01-23
6472,2023-06-15,2023-07-02,2024-01-11
5815,2023-11-12,2023-05-19,2024-04-12
14906,2023-07-01,2023-03-11,2024-09-10
7649,2023-05-21,2023-11-15,2024-01-15
5288,2023-08-10,2023-10-02,2024-08-24
1317,2023-02-13,2023-06-12,2024-06-18
6430,2023-11-27,2023-09-02,2024-05-19
9274,2023-06-17,2023-08-26,2024-09-27
13379,2023-06-12,2023-08-22,2024-06-21
719,2023-09-14,2023-10-18,2024-10-22
10567,2023-06-20,2023-03-27,2024-11-24
1953,2023-08-06,2023-04-21,2024-10-25
472,2023-09-09,2023-03-25,2024-10-28
8796,2023-12-07,2023-12-05,2024-12-28
8451,2023-02-22,2023-08-06,2024-08-19
13634,2023-01-19,2023-06-12,2024-07-19
6689,2023-09-19,2023-04-11,2024-05-01
10382,2023-09-20,2023-06-02,2024-09-15
2250,2023-06-01,2023-11-11,2024-11-02
5853,2023-02-21,2023-07-18,2024-06-27
3476,2023-11-12,2023-08-08,2024-06-13
8313,2023-06-01,2023-11-12,2024-07-12
4526,2023-11-27,2023-10-11,2024-07-11
11784,2023-05-09,2023-10-22,2024-02-17
1454,2023-02-09,2023-09-27,2024-06-19
120,2023-06-24,2023-11-28,2024-01-12
825,2023-08-22,2023-09-06,2024-04-08
13499,2023-04-16,2023-04-12,2024-06-23
8653,2023-09-25,2023-10-11,2024-08-23
11006,2023-05-18,2023-09-17,2024-09-01
190,2023-11-14,2023-02-01,2024-10-07
2179,2023-07-04,2023-04-14,2024-03-15
1284,2023-09-20,2023-03-20,2024-10-15
8196,2023-03-17,2023-01-16,2024-05-10
5010,2023-05-28,2023-12-18,2024-12-23
5687,2023-05-24,2023-01-02,2024-04-09
1019,2023-03-26,2023-06-08,2024-12-09
11648,2023-04-02,2023-03-12,2024-03-18
4886,2023-05-24,2023-05-17,2024-12-27
6221,2023-06-27,2023-12-10,2024-07-08
14047,2023-07-19,2023-12-27,2024-01-02
10133,2023-05-01,2023-02-12,2024-07-10
8154,2023-09-02,2023-12-09,2024-12-17
13970,2023-06-03,2023-12-15,2024-01-20
6619,2023-10-06,2023-10-08,2024-09-02
386,2023-05-23,2023-07-18,2024-01-06
9697,2023-09-03,2023-10-10,2024-11-17
7347,2023-05-25,2023-03-08,2024-07-12
1599,2023-02-08,2023-02-20,2024-10-15
11914,2023-06-14,2023-01-27,2024-07-09
10847,2023-01-09,2023-03-21,2024-07-12
14602,2023-04-20,2023-11-23,2024-03-15
5296,2023-05-25,2023-06-19,2024-11-12
2093,2023-11-08,2023-03-22,2024-05-23
10728,2023-02-09,2023-08-26,2024-09-19
2335,2023-03-02,2023-12-13,2024-03-08
11619,2023-05-25,2023-09-01,2024-10-06
12718,2023-05-26,2023-06-20,2024-01-11
2870,2023-04-28,2023-11-23,2024-07-03
10635,2023-04-24,2023-09-04,2024-02-13
8295,2023-07-18,2023-02-06,2024-08-13
5566,2023-05-10,2023-04-16,2024-10-12
8941,2023-09-19,2023-03-11,2024-05-03
5544,2023-01-26,2023-05-09,2024-02-10
14962,2023-09-01,2023-10-10,2024-12-12
10204,2023-12-11,2023-11-22,2024-09-25
7773,2023-02-24,2023-06-18,2024-04-09
174,2023-03-01,2023-01-06,2024-05-13
8729,2023-02-06,2023-07-11,2024-06-19
9312,2023-04-20,2023-01-10,2024-05-17
6934,2023-12-16,2023-05-03,2024-09-22
9093,2023-04-19,2023-08-24,2024-04-25
50,2023-12-05,2023-09-12,2024-11-18
1542,2023-11-14,2023-09-21,2024-04-12
6331,2023-11-22,2023-08-12,2024-03-23
11236,2023-08-07,2023-09-08,2024-06-25
7686,2023-03-28,2023-11-19,2024-10-24
292,2023-07-20,2023-03-05,2024-02-08
957,2023-10-18,2023-12-22,2024-02-22
3489,2023-02-18,2023-09-27,2024-08-20
8430,2023-11-16,2023-05-15,2024-03-14
44,2023-10-14,2023-10-01,2024-01-14
2607,2023-02-11,2023-06-24,2024-04-14
5981,2023-06-06,2023-10-25,2024-03-02
9453,2023-06-26,2023-01-18,2024-09-27
1198,2023-07-05,2023-12-02,2024-04-21
10004,2023-06-20,2023-09-21,2024-09-05
12340,2023-11-18,2023-10-23,2024-11-23
13515,2023-12-27,2023-10-05,2024-06-28
3079,2023-05-11,2023-01-19,2024-08-05
1794,2023-04-26,2023-11-19,2024-01-03
10356,2023-08-28,2023-09-13,2024-11-21
11557,2023-06-22,2023-06-16,2024-06-11
11440,2023-08-26,2023-06-22,2024-05-16
13107,2023-10-28,2023-07-28,2024-05-05
6845,2023-07-08,2023-08-26,2024-12-25
12473,2023-02-23,2023-02-09,2024-12-09
5775,2023-02-06,2023-01-21,2024-01-04
8806,2023-11-16,2023-08-02,2024-10-22
14639,2023-11-03,2023-05-14,2024-04-05
13122,2023-07-21,2023-08-09,2024-10-04
11129,2023-03-11,2023-09-03,2024-05-26
14905,2023-10-14,2023-02-13,2024-07-16
12211,2023-11-03,2023-10-26,2024-06-12
2262,2023-11-02,2023-10-26,2024-02-06
6816,2023-04-17,2023-12-20,2024-09-20
10636,2023-04-28,2023-11-10,2024-05-07
13197,2023-01-04,2023-04-01,2024-05-11
3610,2023-08-27,2023-05-15,2024-12-10
12085,2023-02-19,2023-01-21,2024-04-17
6840,2023-10-15,2023-12-12,2024-01-07
1547,2023-05-25,2023-09-10,2024-09-08
6312,2023-09-06,2023-05-19,2024-06-12
8264,2023-10-25,2023-11-19,2024-11-12
8878,2023-03-12,2023-09-20,2024-01-01
13569,2023-04-19,2023-02-27,2024-05-05
8695,2023-03-18,2023-02-12,2024-11-17
3404,2023-01-25,2023-09-14,2024-11-14
6976,2023-06-28,2023-07-26,2024-10-24
1060,2023-11-07,2023-08-23,2024-02-02
8138,2023-08-26,2023-03-11,2024-01-27
1412,2023-09-12,2023-03-03,2024-07-04
13228,2023-02-14,2023-06-01,2024-06-07
12390,2023-11-15,2023-08-09,2024-08-23
3650,2023-06-16,2023-02-04,2024-06-10
1756,2023-09-02,2023-10-12,2024-08-25
12767,2023-07-28,2023-01-17,2024-10-09
8909,2023-10-24,2023-02-12,2024-08-13
7992,2023-12-10,2023-11-06,2024-04-03
12873,2023-02-18,2023-03-12,2024-05-10
12173,2023-11-18,2023-10-02,2024-01-16
3698,2023-11-15,2023-06-06,2024-04-08
11567,2023-06-25,2023-11-07,2024-07-12
2058,2023-12-11,2023-03-09,2024-12-07
4340,2023-05-19,2023-04-05,2024-10-13
3877,2023-10-24,2023-09-19,2024-03-04
2472,2023-06-11,2023-06-23,2024-07-17
6100,2023-04-21,2023-08-24,2024-06-13
11595,2023-10-21,2023-11-23,2024-07-02
10765,2023-03-11,2023-09-12,2024-05-11
4705,2023-10-14,2023-08-03,2024-01-14
12192,2023-04-10,2023-06-23,2024-08-17
7178,2023-03-24,2023-06-14,2024-11-09
9478,2023-04-20,2023-03-10,2024-02-28
10424,2023-03-22,2023-10-24,2024-08-11
3189,2023-12-12,2023-04-13,2024-05-14
4566,2023-04-10,2023-12-16,2024-05-19
153,2023-07-04,2023-01-13,2024-09-27
688,2023-11-22,2023-12-04,2024-08-07
2406,2023-02-21,2023-12-25,2024-04-16
12963,2023-06-24,2023-10-12,2024-07-28
8551,2023-06-06,2023-07-16,2024-02-24
13279,2023-01-28,2023-04-26,2024-10-05
4720,2023-08-22,2023-12-14,2024-10-23
4647,2023-09-01,2023-11-27,2024-01-21
13782,2023-04-18,2023-11-06,2024-01-03
2302,2023-07-18,2023-08-20,2024-12-08
7504,2023-01-07,2023-03-27,2024-02-04
9193,2023-06-22,2023-01-26,2024-12-25
8314,2023-01-21,2023-08-25,2024-02-17
13115,2023-01-11,2023-12-18,2024-08-17
12132,2023-05-02,2023-11-15,2024-09-27
13499,2023-03-24,2023-04-18,2024-04-11
11876,2023-08-09,2023-06-05,2024-01-27
1706,2023-08-02,2023-08-04,2024-04-05
11402,2023-08-06,2023-11-23,2024-05-14
4056,2023-12-27,2023-08-10,2024-10-22
11252,2023-01-27,2023-10-20,2024-07-12
11967,2023-05-17,2023-10-02,2024-09-08
5210,2023-04-12,2023-04-07,2024-06-19
10187,2023-05-19,2023-05-18,2024-07-13
8465,2023-10-07,2023-08-19,2024-02-20
12418,2023-11-07,2023-02-09,2024-09-23
309,2023-09-15,2023-06-21,2024-12-07
11833,2023-09-27,2023-06-09,2024-08-07
6635,2023-06-07,2023-09-25,2024-09-25
5958,2023-03-24,2023-07-24,2024-10-05
3829,2023-05-12,2023-02-03,2024-09-24
9048,2023-06-11,2023-11-05,2024-06-25
1192,2023-12-02,2023-03-07,2024-12-16
7967,2023-11-28,2023-06-01,2024-12-15
14493,2023-10-20,2023-12-21,2024-02-19
10862,2023-10-21,2023-09-26,2024-05-10
7714,2023-10-20,2023-11-14,2024-10-21
1777,2023-09-09,2023-05-19,2024-07-23
3038,2023-01-02,2023-04-08,2024-12-10
10014,2023-11-27,2023-11-18,2024-08-16
3099,2023-05-24,2023-04-24,2024-10-20
9370,2023-07-18,2023-12-08,2024-06-05
1135,2023-08-18,2023-01-20,2024-07-09
831,2023-10-16,2023-06-04,2024-02-25
13616,2023-04-28,2023-09-15,2024-06-10
9976,2023-09-07,2023-03-04,2024-08-25
5154,2023-04-14,2023-09-07,2024-12-11
1222,2023-10-26,2023-05-22,2024-02-03
6885,2023-12-08,2023-03-04,2024-08-17
8031,2023-02-03,2023-09-20,2024-03-21
9646,2023-06-28,2023-07-18,2024-06-11
5543,2023-03-23,2023-12-04,2024-02-26
6913,2023-07-04,2023-05-02,2024-03-25
13035,2023-03-28,2023-06-23,2024-04-13
1510,2023-05-25,2023-11-13,2024-04-09
12247,2023-02-04,2023-04-16,2024-06-03
13560,2023-03-13,2023-06-24,2024-01-07
4708,2023-05-05,2023-02-27,2024-07-01
2159,2023-01-09,2023-02-09,2024-03-06
14892,2023-01-25,2023-02-19,2024-10-25
9008,2023-09-27,2023-12-25,2024-06-12
14687,2023-10-04,2023-10-20,2024-03-13
5981,2023-11-16,2023-04-26,2024-07-05
12797,2023-07-27,2023-05-28,2024-09-19
14288,2023-07-17,2023-02-05,2024-07-25
209,2023-02-23,2023-11-18,2024-12-01
10091,2023-07-13,2023-04-28,2024-07-10
4612,2023-09-08,2023-08-14,2024-01-16
12056,2023-09-17,2023-07-08,2024-06-12
1601,2023-09-27,2023-03-10,2024-08-13
7420,2023-02-10,2023-06-02,2024-08-02
1857,2023-11-18,2023-11-25,2024-12-15
8163,2023-10-02,2023-04-16,2024-01-11
10120,2023-08-11,2023-12-21,2024-03-23
10223,2023-01-22,2023-05-28,2024-09-22
3704,2023-04-19,2023-10-11,2024-05-10
9098,2023-07-22,2023-12-26,2024-11-05
1230,2023-11-21,2023-10-01,2024-11-22
7845,2023-10-05,2023-01-15,2024-01-03
3793,2023-10-02,2023-10-08,2024-11-21
3415,2023-03-03,2023-04-13,2024-11-09
3327,2023-06-04,2023-04-09,2024-04-08
2456,2023-05-11,2023-03-16,2024-04-27
10184,2023-09-03,2023-09-14,2024-09-21
10723,2023-09-24,2023-05-09,2024-07-28
9102,2023-02-06,2023-11-20,2024-10-08
2202,2023-02-19,2023-07-10,2024-09-15
8560,2023-02-22,2023-02-08,2024-11-02
9359,2023-04-13,2023-08-26,2024-11-25
7837,2023-10-26,2023-07-12,2024-09-02
6832,2023-08-16,2023-10-09,2024-03-28
8631,2023-09-22,2023-10-07,2024-10-15
13804,2023-11-21,2023-06-17,2024-02-14
7735,2023-01-13,2023-05-17,2024-11-06
1052,2023-10-27,2023-01-22,2024-03-12
13872,2023-12-07,2023-10-20,2024-09-18
8531,2023-09-03,2023-11-02,2024-05-11
10925,2023-02-01,2023-10-19,2024-10-08
771,2023-02-13,2023-11-19,2024-02-04
12955,2023-04-16,2023-10-13,2024-06-12
10751,2023-10-09,2023-01-27,2024-10-07
13035,2023-12-14,2023-01-27,2024-12-10
14137,2023-03-04,2023-06-07,2024-07-06
9358,2023-08-03,2023-02-05,2024-05-15
6264,2023-08-27,2023-05-21,2024-11-13
6313,2023-05-16,2023-09-03,2024-03-01
5023,2023-03-15,2023-09-01,2024-08-08
7357,2023-08-16,2023-02-12,2024-05-03
2283,2023-05-22,2023-08-18,2024-12-21
14640,2023-05-02,2023-10-17,2024-09-03
925,2023-03-15,2023-06-09,2024-05-18
3739,2023-09-04,2023-07-08,2024-06-04
4607,2023-08-10,2023-01-17,2024-05-02
8947,2023-11-18,2023-05-11,2024-02-16
4069,2023-07-07,2023-07-25,2024-05-07
5649,2023-09-27,2023-08-24,2024-07-16
11973,2023-10-14,2023-06-07,2024-01-16
3021,2023-04-02,2023-07-22,2024-01-08
7738,2023-06-19,2023-04-17,2024-06-13
10231,2023-04-24,2023-05-23,2024-05-02
3807,2023-09-15,2023-06-04,2024-10-14
7559,2023-11-21,2023-08-05,2024-01-25
8929,2023-02-24,2023-04-18,2024-12-25
14654,2023-10-24,2023-12-24,2024-10-19
3040,2023-03-13,2023-10-25,2024-09-22
5317,2023-05-23,2023-03-07,2024-05-20
14720,2023-04-14,2023-09-14,2024-11-14
9784,2023-02-02,2023-04-10,2024-05-01
7602,2023-06-15,2023-12-26,2024-10-20
12889,2023-10-28,2023-03-24,2024-03-13
4968,2023-10-16,2023-05-28,2024-03-17
2580,2023-03-01,2023-01-28,2024-06-23
7421,2023-11-15,2023-10-16,2024-10-26
7114,2023-08-06,2023-08-12,2024-11-07
2507,2023-07-01,2023-09-25,2024-03-06
6793,2023-11-09,2023-09-13,2024-05-10
14112,2023-04-22,2023-12-14,2024-04-07
13475,2023-08-15,2023-02-17,2024-03-24
10863,2023-07-22,2023-09-20,2024-10-15
11819,2023-05-28,2023-04-14,2024-12-07
13916,2023-05-24,2023-07-27,2024-09-13
12776,2023-08-05,2023-05-22,2024-04-10
1602,2023-05-02,2023-10-22,2024-01-23
2831,2023-09-15,2023-11-08,2024-07-14
5450,2023-02-24,2023-09-04,2024-07-23
2826,2023-01-20,2023-04-13,2024-12-01
5432,2023-07-13,2023-01-13,2024-02-21
8380,2023-06-20,2023-12-22,2024-10-11
13727,2023-04-07,2023-07-18,2024-03-02
131,2023-03-03,2023-09-05,2024-01-10
8539,2023-10-27,2023-03-11,2024-05-11
6855,2023-07-11,2023-03-13,2024-02-04
10869,2023-09-11,2023-03-14,2024-11-26
11253,2023-02-01,2023-05-10,2024-02-07
5392,2023-03-05,2023-02-22,2024-01-02
14582,2023-03-28,2023-05-04,2024-07-06
3216,2023-01-22,2023-07-14,2024-06-13
733,2023-02-13,2023-11-24,2024-01-25
5934,2023-03-24,2023-10-12,2024-05-10
10844,2023-08-19,2023-08-15,2024-12-07
6276,2023-07-20,2023-12-17,2024-02-24
1666,2023-12-16,2023-02-15,2024-09-25
9953,2023-01-03,2023-12-04,2024-05-04
6952,2023-09-27,2023-09-16,2024-04-25
821,2023-02-08,2023-03-06,2024-03-24
12761,2023-04-20,2023-02-07,2024-07-03
10924,2023-04-25,2023-01-06,2024-07-15
8357,2023-03-17,2023-06-26,2024-10-12
14157,2023-02-05,2023-05-12,2024-11-06
6450,2023-03-12,2023-03-05,2024-07-01
4291,2023-08-09,2023-11-14,2024-10-28
5980,2023-08-07,2023-05-25,2024-04-21
13409,2023-06-13,2023-11-28,2024-01-18
8304,2023-06-10,2023-09-11,2024-08-25
2246,2023-01-09,2023-07-19,2024-10-11
10407,2023-03-22,2023-12-24,2024-02-12
4661,2023-02-14,2023-07-04,2024-05-26
4223,2023-07-15,2023-10-22,2024-07-10
10949,2023-10-27,2023-02-24,2024-11-26
8130,2023-12-09,2023-08-08,2024-04-10
13801,2023-10-20,2023-07-09,2024-04-05
9168,2023-08-05,2023-12-04,2024-04-03
1882,2023-12-05,2023-07-01,2024-10-06
9453,2023-06-20,2023-05-13,2024-06-22
9073,2023-06-02,2023-04-18,2024-06-24
11798,2023-09-27,2023-07-22,2024-08-28
419,2023-12-05,2023-06-17,2024-04-02
3079,2023-03-09,2023-11-24,2024-01-27
8832,2023-08-24,2023-10-02,2024-07-16
893,2023-04-01,2023-08-24,2024-02-01
9597,2023-01-06,2023-11-25,2024-10-25
5589,2023-06-15,2023-07-28,2024-10-01
10871,2023-06-28,2023-07-14,2024-12-17
3705,2023-10-18,2023-07-27,2024-10-08
4868,2023-04-10,2023-02-12,2024-06-16
3703,2023-11-13,2023-12-07,2024-10-06
13283,2023-04-14,2023-11-16,2024-06-05
11742,2023-09-25,2023-01-21,2024-09-14
14818,2023-06-23,2023-11-11,2024-07-02
8756,2023-07-07,2023-03-09,2024-03-26
11278,2023-09-16,2023-03-04,2024-06-24
10679,2023-06-24,2023-04-28,2024-02-15
12473,2023-06-18,2023-12-17,2024-12-22
1514,2023-10-13,2023-02-28,2024-04-24
1057,2023-11-24,2023-02-27,2024-09-22
9557,2023-06-24,2023-02-01,2024-12-18
2216,2023-10-10,2023-10-18,2024-07-03
9455,2023-11-21,2023-01-25,2024-05-10
6069,2023-02-24,2023-03-26,2024-11-20
14968,2023-11-06,2023-01-18,2024-04-02
2797,2023-06-24,2023-07-07,2024-11-15
3926,2023-06-06,2023-11-13,2024-04-19
14669,2023-06-02,2023-07-12,2024-11-23
8196,2023-06-01,2023-05-05,2024-11-18
14614,2023-10-17,2023-11-09,2024-09-02
9155,2023-01-10,2023-12-03,2024-03-20
2499,2023-01-27,2023-04-22,2024-01-14
5971,2023-03-17,2023-03-25,2024-03-14
1916,2023-04-08,2023-07-18,2024-04-01
2938,2023-11-21,2023-05-14,2024-12-04
7044,2023-04-04,2023-08-21,2024-06-05
1234,2023-03-23,2023-10-23,2024-07-02
3388,2023-08-04,2023-09-07,2024-03-03
8883,2023-04-14,2023-02-15,2024-12-27
8730,2023-08-13,2023-04-04,2024-01-22
2599,2023-06-09,2023-08-13,2024-09-06
4413,2023-01-17,2023-09-18,2024-08-19
614,2023-02-16,2023-06-02,2024-11-12
1806,2023-12-08,2023-09-04,2024-05-13
14726,2023-06-13,2023-12-19,2024-08-10
7673,2023-12-14,2023-02-15,2024-05-14
589,2023-03-28,2023-02-04,2024-04-15
10542,2023-11-26,2023-08-01,2024-08-21
7948,2023-09-06,2023-07-13,2024-01-24
14610,2023-10-19,2023-03-06,2024-07-13
11540,2023-01-26,2023-12-04,2024-07-05
8563,2023-03-21,2023-02-13,2024-02-12
3562,2023-10-02,2023-08-10,2024-01-03
14335,2023-11-26,2023-03-04,2024-03-28
5365,2023-11-18,2023-06-25,2024-10-12
4984,2023-04-11,2023-08-10,2024-11-15
14967,2023-02-16,2023-10-13,2024-11-24
3256,2023-09-25,2023-04-08,2024-06-27
3906,2023-02-02,2023-12-14,2024-07-18
8916,2023-03-08,2023-06-27,2024-03-05
6366,2023-03-01,2023-01-25,2024-09-27
320,2023-11-07,2023-11-13,2024-05-21
11506,2023-05-26,2023-10-21,2024-12-21
6178,2023-07-06,2023-12-09,2024-01-14
6217,2023-06-03,2023-09-14,2024-12-04
279,2023-03-10,2023-11-16,2024-07-24
3472,2023-01-18,2023-05-01,2024-03-03
5044,2023-03-10,2023-11-08,2024-06-03
3858,2023-09-19,2023-08-04,2024-03-20
771,2023-09-10,2023-11-18,2024-03-18
14982,2023-07-20,2023-09-01,2024-02-14
12511,2023-07-21,2023-07-13,2024-05-13
13559,2023-08-09,2023-05-19,2024-02-08
9978,2023-04-02,2023-12-02,2024-05-18
13224,2023-04-27,2023-03-01,2024-04-02
14783,2023-07-09,2023-02-15,2024-10-21
12715,2023-07-10,2023-10-19,2024-06-12
11289,2023-08-14,2023-05-16,2024-04-16
7361,2023-10-03,2023-04-14,2024-02-05
1145,2023-02-16,2023-02-08,2024-07-03
1218,2023-07-15,2023-10-17,2024-08-06
227,2023-12-21,2023-07-17,2024-04-03
13425,2023-09-22,2023-09-04,2024-02-05
14988,2023-08-16,2023-10-13,2024-07-01
14417,2023-07-08,2023-06-25,2024-10-13
7967,2023-06-26,2023-08-10,2024-02-21
533,2023-06-13,2023-01-09,2024-11-19
12441,2023-04-02,2023-12-12,2024-10-23
11879,2023-01-21,2023-04-27,2024-07-15
3591,2023-06-09,2023-08-26,2024-04-14
7794,2023-03-09,2023-10-11,2024-04-11
6281,2023-02-23,2023-11-27,2024-02-16
4191,2023-11-20,2023-04-20,2024-02-12
11913,2023-12-05,2023-10-26,2024-09-07
3752,2023-04-17,2023-05-07,2024-11-06
13391,2023-03-09,2023-11-01,2024-04-11
1487,2023-02-02,2023-02-07,2024-03-03
11649,2023-01-23,2023-06-28,2024-03-09
2670,2023-01-22,2023-06-20,2024-03-05
938,2023-07-22,2023-03-22,2024-09-10
8923,2023-02-07,2023-03-12,2024-01-27
9408,2023-10-01,2023-02-14,2024-06-15
1261,2023-10-18,2023-11-07,2024-03-09
5314,2023-06-22,2023-11-21,2024-08-03
8642,2023-12-25,2023-08-10,2024-01-04
752,2023-05-08,2023-12-09,2024-06-12
10298,2023-01-23,2023-02-28,2024-02-15
1206,2023-01-23,2023-02-22,2024-02-02
4774,2023-04-05,2023-03-13,2024-08-02
10289,2023-06-28,2023-02-22,2024-02-15
13140,2023-01-22,2023-10-21,2024-05-09
7835,2023-06-22,2023-12-24,2024-05-04
12403,2023-06-22,2023-10-03,2024-03-17
8548,2023-04-10,2023-04-10,2024-06-25
14816,2023-06-21,2023-12-10,2024-02-15
6938,2023-06-26,2023-11-08,2024-04-01
3122,2023-05-11,2023-07-20,2024-01-16
2465,2023-09-05,2023-02-05,2024-07-21
578,2023-07-26,2023-11-27,2024-12-08
7605,2023-10-25,2023-05-10,2024-12-11
9617,2023-02-07,2023-09-15,2024-06-02
14837,2023-06-04,2023-06-26,2024-02-19
7669,2023-12-08,2023-12-08,2024-07-11
301,2023-01-25,2023-11-23,2024-06-11
2565,2023-08-05,2023-06-12,2024-04-25
55,2023-09-28,2023-11-19,2024-11-14
8308,2023-01-20,2023-10-25,2024-10-15
4980,2023-05-11,2023-01-10,2024-02-09
6989,2023-10-07,2023-03-18,2024-08-12
6795,2023-03-07,2023-11-11,2024-06-22
110,2023-03-17,2023-10-05,2024-03-15
953,2023-10-19,2023-02-25,2024-03-15
9019,2023-04-05,2023-04-19,2024-03-20
9633,2023-08-21,2023-10-23,2024-10-19
13841,2023-05-17,2023-04-23,2024-07-22
5715,2023-01-17,2023-12-12,2024-09-05
7838,2023-08-03,2023-04-23,2024-04-08
13038,2023-06-13,2023-09-24,2024-05-05
1528,2023-05-09,2023-04-01,2024-11-21
11855,2023-09-26,2023-07-03,2024-07-02
10928,2023-06-27,2023-07-28,2024-12-28
9682,2023-12-01,2023-04-19,2024-09-22
10634,2023-05-10,2023-11-23,2024-10-03
12666,2023-11-06,2023-12-07,2024-06-27
13138,2023-04-03,2023-02-19,2024-03-25
7156,2023-07-26,2023-04-27,2024-07-25
5812,2023-05-22,2023-10-18,2024-11-12
11561,2023-06-28,2023-07-06,2024-01-16
7398,2023-11-21,2023-04-10,2024-07-26
11265,2023-04-26,2023-10-12,2024-03-10
6788,2023-06-16,2023-07-01,2024-03-02
709,2023-02-06,2023-03-04,2024-06-08
2585,2023-09-22,2023-09-02,2024-06-07
2539,2023-04-06,2023-09-09,2024-01-17
14821,2023-02-10,2023-12-07,2024-02-07
6325,2023-06-15,2023-08-23,2024-11-17
11312,2023-01-23,2023-03-15,2024-09-12
6506,2023-04-21,2023-01-04,2024-01-08
8989,2023-11-14,2023-04-08,2024-02-07
443,2023-11-01,2023-04-25,2024-05-24
2970,2023-02-03,2023-05-06,2024-10-11
13059,2023-10-18,2023-12-20,2024-03-27
4507,2023-04-10,2023-04-18,2024-09-16
10860,2023-03-27,2023-10-06,2024-06-13
11892,2023-02-02,2023-03-05,2024-05-28
8019,2023-10-01,2023-02-20,2024-08-27
13298,2023-07-11,2023-11-14,2024-06-05
321,2023-08-15,2023-02-02,2024-05-02
13984,2023-07-15,2023-07-27,2024-09-17
1789,2023-07-23,2023-02-27,2024-09-06
11531,2023-12-18,2023-04-26,2024-12-02
3559,2023-10-20,2023-06-26,2024-06-25
4057,2023-10-19,2023-07-22,2024-05-15
13449,2023-03-16,2023-04-27,2024-07-12
10203,2023-03-05,2023-04-21,2024-09-17
1500,2023-08-26,2023-11-24,2024-12-17
6553,2023-01-23,2023-07-17,2024-10-25
4309,2023-09-11,2023-10-04,2024-10-04
7920,2023-09-26,2023-09-13,2024-09-26
12403,2023-06-19,2023-10-16,2024-09-17
11399,2023-09-03,2023-04-28,2024-01-23
8608,2023-06-03,2023-01-09,2024-03-19
6471,2023-04-16,2023-12-16,2024-10-03
11721,2023-09-12,2023-08-28,2024-03-20
6248,2023-12-02,2023-09-15,2024-03-17
7077,2023-08-20,2023-05-08,2024-09-05
11911,2023-05-19,2023-10-21,2024-06-22
4587,2023-11-03,2023-08-12,2024-02-16
8399,2023-06-24,2023-03-15,2024-02-26
2791,2023-01-18,2023-05-24,2024-10-15
8102,2023-05-08,2023-11-06,2024-10-17
474,2023-09-18,2023-04-28,2024-12-26
2036,2023-08-22,2023-05-12,2024-02-03
8203,2023-11-02,2023-10-22,2024-08-03
1029,2023-01-25,2023-07-07,2024-01-11
9323,2023-06-15,2023-11-27,2024-11-17
7008,2023-01-03,2023-01-02,2024-04-23
8897,2023-05-10,2023-03-22,2024-01-22
5049,2023-07-02,2023-06-17,2024-07-05
13874,2023-06-23,2023-03-11,2024-01-20
3246,2023-10-01,2023-09-03,2024-01-01
13731,2023-01-02,2023-10-28,2024-08-10
295,2023-10-07,2023-01-20,2024-06-07
8998,2023-11-15,2023-04-21,2024-07-16
2947,2023-06-11,2023-04-01,2024-06-28
4789,2023-02-01,2023-06-18,2024-10-18
1938,2023-07-11,2023-01-13,2024-06-01
11440,2023-01-15,2023-03-12,2024-07-22
5315,2023-10-10,2023-12-02,2024-01-22
1273,2023-12-23,2023-09-18,2024-08-15
13790,2023-09-17,2023-08-23,2024-10-23
14198,2023-11-08,2023-06-05,2024-07-22
12987,2023-02-15,2023-09-25,2024-07-22
5031,2023-07-15,2023-07-14,2024-09-28
11212,2023-01-01,2023-07-22,2024-03-16
13202,2023-06-23,2023-01-27,2024-07-20
13787,2023-03-02,2023-10-17,2024-10-17
14629,2023-11-11,2023-09-13,2024-07-02
719,2023-01-09,2023-08-16,2024-04-26
7240,2023-04-14,2023-07-08,2024-04-20
14054,2023-11-14,2023-10-08,2024-01-26
4314,2023-09-22,2023-03-18,2024-09-07
12180,2023-04-18,2023-09-08,2024-09-13
2506,2023-05-27,2023-06-17,2024-10-25
3720,2023-11-20,2023-07-08,2024-11-01
902,2023-04-14,2023-01-06,2024-04-01
6979,2023-05-27,2023-10-02,2024-09-08
5789,2023-11-10,2023-02-18,2024-10-06
14160,2023-11-15,2023-12-20,2024-08-09
13431,2023-04-19,2023-07-09,2024-03-11
6996,2023-04-26,2023-01-16,2024-09-14
9144,2023-01-16,2023-08-25,2024-07-24
4606,2023-10-03,2023-10-09,2024-04-27
2428,2023-02-27,2023-11-02,2024-02-13
6139,2023-02-23,2023-08-26,2024-11-27
4240,2023-04-20,2023-09-25,2024-08-03
9951,2023-12-21,2023-03-03,2024-07-01
12158,2023-11-13,2023-02-27,2024-02-05
12425,2023-08-05,2023-08-21,2024-06-03
10345,2023-03-02,2023-11-03,2024-06-16
8274,2023-07-17,2023-01-21,2024-03-12
14230,2023-12-03,2023-07-28,2024-01-19
12724,2023-08-05,2023-03-24,2024-01-12
4593,2023-08-06,2023-05-11,2024-03-21
7735,2023-05-06,2023-05-16,2024-10-22
6720,2023-06-07,2023-04-19,2024-02-06
14818,2023-02-07,2023-10-22,2024-10-26
1132,2023-10-14,2023-09-04,2024-02-03
9817,2023-12-25,2023-10-04,2024-09-16
3967,2023-06-17,2023-05-27,2024-09-27
3834,2023-08-02,2023-05-03,2024-10-07
4056,2023-12-25,2023-12-28,2024-11-28
13461,2023-09-28,2023-06-05,2024-09-26
14014,2023-11-08,2023-03-03,2024-06-11
14401,2023-08-23,2023-07-05,2024-09-20
12692,2023-05-10,2023-05-07,2024-03-12
13540,2023-04-19,2023-06-12,2024-03-01
12302,2023-06-21,2023-06-09,2024-05-10
10773,2023-01-13,2023-12-07,2024-08-27
13132,2023-08-03,2023-10-27,2024-03-28
2463,2023-03-24,2023-01-13,2024-02-27
9775,2023-11-09,2023-07-04,2024-10-27
6914,2023-09-10,2023-05-11,2024-11-27
5837,2023-08-13,2023-06-20,2024-10-26
12507,2023-02-17,2023-05-25,2024-12-18
12453,2023-04-25,2023-11-16,2024-05-14
14902,2023-12-26,2023-03-02,2024-02-08
4973,2023-07-28,2023-12-09,2024-03-07
14069,2023-08-25,2023-12-28,2024-09-27
640,2023-06-16,2023-12-18,2024-05-07
6642,2023-02-07,2023-03-07,2024-09-09
2176,2023-04-08,2023-10-25,2024-06-23
9538,2023-01-21,2023-04-13,2024-03-08
13502,2023-06-18,2023-09-07,2024-05-18
14438,2023-05-14,2023-05-14,2024-04-25
9867,2023-08-14,2023-01-15,2024-02-19
10038,2023-05-12,2023-09-15,2024-02-02
10503,2023-09-09,2023-06-23,2024-08-23
5423,2023-04-18,2023-05-15,2024-03-22
11731,2023-03-28,2023-05-02,2024-07-02
12779,2023-08-06,2023-04-07,2024-10-12
9187,2023-12-23,2023-10-26,2024-11-01
9781,2023-02-24,2023-07-01,2024-10-15
8842,2023-08-22,2023-07-17,2024-03-27
1799,2023-12-19,2023-02-11,2024-06-13
7993,2023-06-26,2023-06-19,2024-11-08
14520,2023-04-08,2023-01-28,2024-11-06
5748,2023-07-06,2023-07-07,2024-03-01
12844,2023-10-26,2023-10-26,2024-09-27
9566,2023-09-21,2023-03-08,2024-12-15
8612,2023-08-09,2023-03-16,2024-07-21
13633,2023-10-17,2023-09-19,2024-05-15
7134,2023-02-27,2023-12-15,2024-06-25
4586,2023-09-01,2023-10-18,2024-01-23
14133,2023-09-04,2023-08-19,2024-12-05
1861,2023-11-21,2023-05-18,2024-02-25
2249,2023-05-22,2023-11-22,2024-03-07
14595,2023-05-13,2023-11-10,2024-05-07
11183,2023-03-15,2023-10-17,2024-08-09
12699,2023-01-18,2023-09-17,2024-11-05
13980,2023-09-26,2023-02-04,2024-01-02
4564,2023-01-07,2023-10-08,2024-10-21
8145,2023-06-08,2023-06-27,2024-08-20
4365,2023-02-25,2023-07-04,2024-11-03
7046,2023-08-21,2023-02-17,2024-12-08
10761,2023-03-10,2023-02-08,2024-07-01
5261,2023-09-27,2023-11-16,2024-06-08
11491,2023-05-18,2023-05-09,2024-04-20
12230,2023-07-23,2023-04-03,2024-05-24
9553,2023-03-08,2023-05-18,2024-10-10
7484,2023-12-17,2023-10-08,2024-03-02
6838,2023-11-19,2023-09-08,2024-02-04
14507,2023-02-23,2023-03-28,2024-08-08
10698,2023-11-08,2023-10-18,2024-06-06
10631,2023-05-28,2023-05-07,2024-02-20
14966,2023-04-13,2023-05-15,2024-04-24
12895,2023-04-16,2023-08-09,2024-02-01
8489,2023-08-15,2023-05-28,2024-04-05
4503,2023-08-06,2023-01-26,2024-04-14
12196,2023-02-19,2023-11-10,2024-04-05
14962,2023-01-18,2023-12-24,2024-03-19
4633,2023-05-01,2023-10-11,2024-02-25
6910,2023-05-11,2023-07-03,2024-10-26
6851,2023-03-07,2023-12-17,2024-03-03
1812,2023-05-23,2023-06-15,2024-01-10
7060,2023-03-08,2023-01-01,2024-05-23
12170,2023-08-21,2023-05-18,2024-09-11
8505,2023-08-18,2023-04-23,2024-03-22
5306,2023-06-06,2023-07-12,2024-12-03
13876,2023-03-17,2023-06-22,2024-08-01
6852,2023-02-08,2023-06-26,2024-05-12
13535,2023-07-26,2023-09-03,2024-11-26
11259,2023-05-11,2023-03-13,2024-01-11
12819,2023-01-26,2023-11-11,2024-07-16
14129,2023-08-17,2023-09-18,2024-04-26
11088,2023-01-05,2023-03-14,2024-10-12
7262,2023-12-12,2023-11-23,2024-06-12
14142,2023-07-13,2023-03-17,2024-08-06
8846,2023-06-04,2023-07-19,2024-05-13
1981,2023-01-12,2023-09-02,2024-04-06
11684,2023-02-17,2023-11-05,2024-08-28
9208,2023-08-05,2023-11-10,2024-10-20
2017,2023-08-21,2023-12-04,2024-05-03
8609,2023-08-21,2023-01-23,2024-11-20
3792,2023-02-06,2023-10-20,2024-11-28
1920,2023-02-02,2023-05-10,2024-11-23
14995,2023-05-23,2023-06-09,2024-05-22
4876,2023-05-27,2023-07-08,2024-01-23
9829,2023-02-06,2023-05-16,2024-05-16
7129,2023-07-22,2023-06-28,2024-04-01
275,2023-11-14,2023-04-11,2024-11-16
11477,2023-10-07,2023-06-11,2024-10-13
14358,2023-10-26,2023-10-27,2024-10-01
4461,2023-03-01,2023-03-21,2024-07-15
12794,2023-10-21,2023-02-09,2024-03-11
11140,2023-07-11,2023-01-26,2024-09-02
6152,2023-01-19,2023-06-02,2024-01-23
12055,2023-05-11,2023-06-11,2024-07-27
2370,2023-11-10,2023-12-02,2024-12-27
1447,2023-02-19,2023-08-21,2024-11-25
894,2023-04-16,2023-05-24,2024-11-24
4015,2023-07-21,2023-04-07,2024-08-21
463,2023-01-05,2023-07-18,2024-06-07
9367,2023-04-14,2023-07-03,2024-05-05
9302,2023-10-16,2023-05-18,2024-08-23
12947,2023-07-20,2023-02-17,2024-08-17
10496,2023-11-25,2023-02-23,2024-03-16
1820,2023-12-26,2023-04-15,2024-06-02
1595,2023-07-09,2023-03-14,2024-06-27
5300,2023-12-09,2023-03-05,2024-05-02
9048,2023-05-05,2023-09-05,2024-12-12
14523,2023-02-16,2023-07-14,2024-05-25
6540,2023-08-04,2023-11-04,2024-09-13
10870,2023-07-01,2023-09-17,2024-08-18
7809,2023-11-05,2023-10-07,2024-02-15
428,2023-09-06,2023-02-02,2024-06-18
6476,2023-10-27,2023-06-16,2024-07-21
8261,2023-11-28,2023-05-24,2024-06-10
13048,2023-10-01,2023-03-01,2024-09-05
7546,2023-01-01,2023-03-07,2024-06-10
90,2023-12-17,2023-12-01,2024-04-22
4199,2023-07-09,2023-05-10,2024-12-27
64,2023-05-07,2023-09-08,2024-03-14
1806,2023-01-11,2023-06-27,2024-03-04
3143,2023-12-25,2023-08-03,2024-11-19
1290,2023-11-06,2023-05-02,2024-10-26
2850,2023-09-03,2023-09-11,2024-07-15
7728,2023-04-13,2023-01-14,2024-12-07
13503,2023-08-08,2023-08-09,2024-12-02
7976,2023-08-26,2023-03-24,2024-03-18
6561,2023-07-16,2023-04-26,2024-09-03
3975,2023-11-08,2023-07-16,2024-05-11
7515,2023-05-18,2023-11-06,2024-09-20
1756,2023-06-27,2023-11-20,2024-11-23
14780,2023-02-12,2023-04-11,2024-10-06
820,2023-01-03,2023-08-22,2024-03-25
826,2023-09-28,2023-03-02,2024-02-22
594,2023-04-15,2023-06-03,2024-02-08
8972,2023-03-11,2023-01-27,2024-11-25
13083,2023-06-17,2023-12-17,2024-05-20
3195,2023-05-27,2023-02-20,2024-04-28
7886,2023-09-22,2023-01-14,2024-05-26
10731,2023-05-17,2023-05-12,2024-05-17
11804,2023-02-02,2023-04-22,2024-08-20
3655,2023-11-03,2023-11-12,2024-08-02
4058,2023-08-18,2023-09-11,2024-04-11
1863,2023-12-26,2023-06-10,2024-09-16
13612,2023-08-11,2023-06-25,2024-08-04
3475,2023-06-19,2023-04-24,2024-07-27
8093,2023-07-01,2023-03-21,2024-07-19
10482,2023-09-27,2023-05-13,2024-06-25
5004,2023-01-06,2023-07-27,2024-08-01
14724,2023-07-20,2023-02-01,2024-01-28
2108,2023-02-02,2023-08-13,2024-11-21
8768,2023-02-16,2023-06-25,2024-11-07
5078,2023-04-23,2023-12-20,2024-10-28
1088,2023-08-11,2023-12-14,2024-03-19
13880,2023-05-21,2023-06-18,2024-01-25
13816,2023-12-28,2023-12-07,2024-05-16
12845,2023-06-25,2023-05-04,2024-02-07
4918,2023-11-08,2023-04-07,2024-02-13
2783,2023-07-27,2023-04-17,2024-10-01
8625,2023-03-06,2023-08-02,2024-04-13
9784,2023-05-22,2023-10-19,2024-10-22
13943,2023-08-20,2023-12-27,2024-04-04
3330,2023-11-05,2023-11-19,2024-06-04
10560,2023-11-26,2023-12-14,2024-07-15
14879,2023-08-24,2023-08-10,2024-06-09
12434,2023-06-05,2023-01-17,2024-07-27
1468,2023-04-23,2023-03-14,2024-07-03
2395,2023-11-21,2023-08-16,2024-08-15
2189,2023-06-28,2023-06-24,2024-09-03
13625,2023-01-04,2023-10-18,2024-02-01
2101,2023-05-10,2023-03-26,2024-12-07
14782,2023-09-24,2023-04-03,2024-09-21
13786,2023-10-13,2023-05-09,2024-06-26
11869,2023-04-25,2023-08-20,2024-10-02
5832,2023-04-03,2023-06-05,2024-10-25
7842,2023-11-07,2023-12-22,2024-03-20
6093,2023-07-25,2023-11-13,2024-01-01
3381,2023-07-14,2023-04-24,2024-02-17
2368,2023-02-20,2023-09-14,2024-04-23
10212,2023-08-05,2023-12-14,2024-06-05
11862,2023-01-04,2023-04-04,2024-05-13
10134,2023-06-26,2023-12-25,2024-01-11
731,2023-11-17,2023-09-26,2024-08-24
12439,2023-06-23,2023-03-10,2024-04-20
5327,2023-07-04,2023-03-18,2024-02-11
9059,2023-01-15,2023-05-02,2024-02-09
9958,2023-10-15,2023-12-15,2024-01-24
14494,2023-03-21,2023-04-24,2024-05-16
829,2023-11-05,2023-11-22,2024-09-09
9894,2023-05-01,2023-05-13,2024-07-10
13449,2023-07-23,2023-10-03,2024-08-16
11711,2023-10-01,2023-07-15,2024-10-24
1874,2023-12-27,2023-06-07,2024-12-10
9726,2023-07-10,2023-09-09,2024-04-25
613,2023-09-04,2023-07-09,2024-05-06
2997,2023-09-17,2023-03-14,2024-09-17
234,2023-02-22,2023-08-07,2024-06-02
766,2023-12-15,2023-08-12,2024-11-21
1160,2023-06-13,2023-07-19,2024-05-06
14795,2023-07-06,2023-09-22,2024-07-08
5381,2023-10-03,2023-05-01,2024-09-04
2581,2023-01-26,2023-06-01,2024-09-05
878,2023-11-03,2023-03-01,2024-12-07
6866,2023-04-09,2023-09-26,2024-03-25
2018,2023-11-06,2023-05-16,2024-06-16
1077,2023-07-19,2023-06-09,2024-07-04
4278,2023-12-28,2023-11-12,2024-10-18
52,2023-11-22,2023-06-04,2024-10-05
13910,2023-03-19,2023-09-01,2024-07-13
593,2023-08-21,2023-04-02,2024-03-03
7086,2023-05-23,2023-12-20,2024-03-23
14655,2023-01-28,2023-12-23,2024-12-04
5670,2023-07-10,2023-01-28,2024-02-26
12324,2023-12-28,2023-01-04,2024-04-21
9995,2023-07-20,2023-06-12,2024-10-12
1720,2023-05-24,2023-11-14,2024-09-11
7529,2023-12-24,2023-07-03,2024-05-06
14797,2023-10-04,2023-04-28,2024-08-25
8808,2023-10-05,2023-11-21,2024-07-28
12961,2023-04-16,2023-07-11,2024-10-14
6648,2023-01-05,2023-03-22,2024-08-17
4715,2023-06-02,2023-03-09,2024-02-21
10683,2023-04-25,2023-02-27,2024-05-07
9016,2023-09-04,2023-05-22,2024-12-09
6181,2023-01-22,2023-09-01,2024-08-21
13706,2023-09-08,2023-06-06,2024-08-10
12870,2023-10-11,2023-03-28,2024-07-07
11743,2023-07-20,2023-09-09,2024-04-07
11383,2023-02-26,2023-03-03,2024-09-25
6329,2023-05-22,2023-10-20,2024-02-22
2840,2023-12-01,2023-05-11,2024-07-03
8992,2023-10-06,2023-11-24,2024-07-22
4265,2023-08-25,2023-11-18,2024-02-08
7375,2023-01-03,2023-09-20,2024-11-21
8251,2023-03-03,2023-10-07,2024-04-02
3145,2023-06-06,2023-10-01,2024-03-20
7046,2023-04-28,2023-07-01,2024-01-21
6271,2023-12-16,2023-10-24,2024-07-18
4725,2023-06-18,2023-02-16,2024-07-01
6848,2023-01-23,2023-06-07,2024-12-17
9821,2023-07-16,2023-10-23,2024-11-13
11174,2023-12-24,2023-09-09,2024-05-18
4436,2023-03-27,2023-02-28,2024-06-21
11747,2023-06-01,2023-04-06,2024-07-04
9409,2023-12-28,2023-12-16,2024-02-25
8879,2023-09-07,2023-09-05,2024-12-18
2696,2023-07-08,2023-07-07,2024-10-04
1845,2023-10-17,2023-09-10,2024-07-11
7261,2023-01-11,2023-07-27,2024-09-15
6982,2023-09-20,2023-05-11,2024-12-14
10417,2023-11-26,2023-02-14,2024-02-13
4940,2023-08-27,2023-03-13,2024-09-19
4500,2023-02-27,2023-12-25,2024-04-12
7458,2023-02-05,2023-04-16,2024-01-02
8954,2023-07-24,2023-03-23,2024-11-14
13587,2023-10-23,2023-04-06,2024-04-04
5347,2023-10-22,2023-03-09,2024-12-13
5618,2023-03-06,2023-12-12,2024-02-12
14771,2023-03-22,2023-12-09,2024-03-15
13672,2023-01-01,2023-02-15,2024-02-22
9688,2023-10-02,2023-11-26,2024-07-27
6637,2023-06-04,2023-12-28,2024-10-10
2005,2023-03-09,2023-11-12,2024-10-27
1293,2023-11-24,2023-09-02,2024-07-18
13852,2023-09-10,2023-11-28,2024-07-07
12623,2023-12-27,2023-02-08,2024-10-12
4038,2023-07-08,2023-07-09,2024-11-24
3870,2023-11-08,2023-07-02,2024-01-04
2262,2023-07-15,2023-04-28,2024-10-23
7018,2023-04-15,2023-02-21,2024-07-08
12303,2023-02-03,2023-11-27,2024-07-01
675,2023-08-24,2023-11-08,2024-12-17
523,2023-04-27,2023-05-20,2024-10-06
2712,2023-11-07,2023-12-23,2024-11-01
1598,2023-09-13,2023-10-12,2024-10-21
1138,2023-04-21,2023-08-08,2024-12-21
12236,2023-03-17,2023-05-09,2024-08-04
14544,2023-11-13,2023-11-09,2024-02-18
14044,2023-06-07,2023-07-23,2024-12-14
4767,2023-10-11,2023-05-11,2024-03-11
6289,2023-02-09,2023-01-08,2024-05-24
5167,2023-06-17,2023-06-16,2024-03-11
7682,2023-08-28,2023-06-05,2024-08-07
7470,2023-08-18,2023-07-14,2024-11-01
14210,2023-05-18,2023-09-18,2024-01-04
8646,2023-12-14,2023-09-28,2024-08-22
5264,2023-06-28,2023-06-13,2024-12-05
8725,2023-06-20,2023-11-17,2024-12-02
4698,2023-06-23,2023-10-26,2024-09-20
6263,2023-12-27,2023-02-15,2024-11-08
8097,2023-05-11,2023-02-18,2024-07-02
1445,2023-09-03,2023-11-05,2024-01-10
129,2023-02-27,2023-12-27,2024-03-08
6447,2023-02-26,2023-02-23,2024-03-28
3364,2023-02-13,2023-01-21,2024-06-06
11701,2023-08-24,2023-07-05,2024-07-09
2565,2023-01-03,2023-12-20,2024-08-24
8859,2023-08-06,2023-10-05,2024-08-15
9281,2023-03-25,2023-09-10,2024-10-13
2604,2023-08-05,2023-08-11,2024-02-12
7286,2023-10-18,2023-09-15,2024-01-09
7643,2023-01-22,2023-01-03,2024-05-24
492,2023-11-13,2023-12-14,2024-03-28
11917,2023-10-26,2023-11-18,2024-08-24
10942,2023-10-07,2023-09-28,2024-10-11
13730,2023-10-26,2023-06-24,2024-05-19
4115,2023-06-10,2023-09-06,2024-05-02
14186,2023-04-08,2023-09-05,2024-12-01
623,2023-11-08,2023-05-28,2024-11-13
7682,2023-09-19,2023-12-27,2024-10-19
8480,2023-07-24,2023-01-26,2024-08-01
575,2023-09-07,2023-02-18,2024-07-27
922,2023-06-23,2023-07-27,2024-07-11
437,2023-11-03,2023-07-25,2024-10-20
4643,2023-01-24,2023-02-06,2024-06-05
6020,2023-08-11,2023-05-05,2024-11-10
8272,2023-10-07,2023-01-22,2024-03-25
13288,2023-06-14,2023-08-15,2024-06-15
11451,2023-11-21,2023-06-18,2024-08-12
8500,2023-04-20,2023-02-03,2024-11-28
13125,2023-04-08,2023-03-09,2024-04-01
7280,2023-05-11,2023-10-07,2024-01-27
275,2023-03-06,2023-05-04,2024-08-03
831,2023-10-01,2023-11-26,2024-09-18
14713,2023-07-01,2023-10-26,2024-07-20
14078,2023-01-02,2023-11-23,2024-12-14
9628,2023-08-28,2023-08-08,2024-07-21
5196,2023-12-11,2023-03-04,2024-03-02
13587,2023-10-20,2023-08-10,2024-08-18
6526,2023-10-06,2023-12-20,2024-02-04
9018,2023-11-14,2023-05-15,2024-11-26
8850,2023-04-06,2023-08-21,2024-02-25
9937,2023-09-08,2023-12-22,2024-10-24
1785,2023-11-04,2023-01-08,2024-10-02
379,2023-10-14,2023-08-10,2024-06-17
2567,2023-10-15,2023-10-18,2024-07-26
4219,2023-03-28,2023-11-22,2024-05-26
6056,2023-08-24,2023-05-14,2024-02-28
4609,2023-09-16,2023-12-01,2024-03-22
13940,2023-01-27,2023-10-09,2024-09-25
3559,2023-02-22,2023-05-25,2024-12-13
12340,2023-06-09,2023-05-08,2024-01-12
14416,2023-08-22,2023-05-09,2024-05-28
14636,2023-04-26,2023-12-19,2024-09-28
161,2023-06-06,2023-09-12,2024-01-16
734,2023-03-05,2023-01-03,2024-03-27
5583,2023-05-11,2023-08-13,2024-11-14
813,2023-06-21,2023-10-22,2024-01-24
11521,2023-09-02,2023-08-20,2024-01-06
9673,2023-01-15,2023-03-04,2024-02-07
7493,2023-08-19,2023-10-19,2024-03-26
237,2023-05-02,2023-12-06,2024-11-13
8572,2023-01-14,2023-01-27,2024-11-04
6299,2023-11-10,2023-09-08,2024-10-07
12931,2023-11-02,2023-06-23,2024-03-28
12373,2023-07-13,2023-04-16,2024-04-08
10289,2023-07-19,2023-12-03,2024-07-06
11900,2023-04-22,2023-01-28,2024-11-04
7106,2023-04-27,2023-10-20,2024-09-22
3445,2023-07-12,2023-11-04,2024-09-17
12746,2023-04-02,2023-04-13,2024-11-24
10330,2023-08-13,2023-02-10,2024-03-12
7946,2023-07-16,2023-04-02,2024-01-11
7580,2023-03-05,2023-11-16,2024-01-02
9778,2023-02-23,2023-03-22,2024-02-10
5277,2023-03-07,2023-11-08,2024-07-23
3608,2023-05-12,2023-11-11,2024-09-14
8571,2023-12-26,2023-04-10,2024-11-12
14864,2023-11-28,2023-04-21,2024-08-21
9325,2023-06-18,2023-08-07,2024-08-21
11616,2023-01-26,2023-10-21,2024-11-05
12842,2023-10-20,2023-02-09,2024-09-15
11506,2023-04-17,2023-01-27,2024-02-24
4545,2023-02-14,2023-10-19,2024-05-21
11816,2023-01-04,2023-09-16,2024-02-22
4662,2023-07-12,2023-12-22,2024-01-11
14320,2023-01-18,2023-08-04,2024-07-27
2361,2023-04-16,2023-02-02,2024-01-27
12168,2023-08-05,2023-08-16,2024-04-12
3031,2023-09-13,2023-09-23,2024-08-17
6136,2023-09-10,2023-09-25,2024-10-18
8689,2023-04-02,2023-07-22,2024-05-04
14974,2023-06-18,2023-11-03,2024-04-28
12372,2023-05-16,2023-11-04,2024-04-22
886,2023-03-25,2023-10-04,2024-08-18
9051,2023-07-14,2023-12-14,2024-11-14
12427,2023-01-15,2023-04-14,2024-08-01
3431,2023-08-09,2023-08-05,2024-03-20
8911,2023-03-14,2023-04-18,2024-02-06
5110,2023-01-15,2023-03-19,2024-04-04
10916,2023-08-08,2023-04-01,2024-09-22
1365,2023-06-22,2023-07-16,2024-04-11
3752,2023-07-13,2023-08-10,2024-06-24
2019,2023-08-18,2023-08-19,2024-05-26
4957,2023-11-10,2023-02-06,2024-10-27
11086,2023-06-08,2023-10-20,2024-08-27
14249,2023-11-18,2023-08-19,2024-07-24
3579,2023-03-19,2023-08-07,2024-01-23
12730,2023-05-26,2023-02-08,2024-08-23
4443,2023-02-21,2023-02-09,2024-10-19
9046,2023-04-06,2023-07-25,2024-04-05
4081,2023-11-28,2023-05-22,2024-10-06
12225,2023-07-04,2023-07-12,2024-09-04
10902,2023-05-04,2023-08-11,2024-07-11
11972,2023-11-22,2023-01-16,2024-07-19
2197,2023-11-22,2023-09-26,2024-03-01
6658,2023-07-15,2023-06-12,2024-09-16
10449,2023-07-20,2023-09-28,2024-03-24
8481,2023-05-15,2023-04-22,2024-10-13
1356,2023-12-20,2023-08-17,2024-11-07
9242,2023-12-04,2023-07-05,2024-03-04
7994,2023-11-04,2023-09-14,2024-09-26
6450,2023-02-14,2023-03-19,2024-03-20
10002,2023-01-26,2023-05-26,2024-10-21
2366,2023-10-18,2023-11-06,2024-10-21
6252,2023-09-20,2023-01-14,2024-11-27
10403,2023-12-06,2023-07-08,2024-04-03
10584,2023-06-07,2023-08-20,2024-09-07
4634,2023-09-08,2023-09-25,2024-06-27
11549,2023-09-03,2023-06-22,2024-04-18
14573,2023-10-15,2023-06-04,2024-04-04
2375,2023-10-17,2023-09-26,2024-09-15
14507,2023-02-26,2023-03-09,2024-01-13
1440,2023-02-05,2023-01-14,2024-05-01
10820,2023-04-18,2023-01-24,2024-03-12
4750,2023-09-28,2023-12-07,2024-10-17
383,2023-05-26,2023-01-24,2024-11-25
1591,2023-12-03,2023-10-01,2024-04-01
285,2023-08-26,2023-01-03,2024-02-06
9043,2023-03-05,2023-02-01,2024-07-19
3141,2023-01-18,2023-05-16,2024-07-10
12834,2023-05-04,2023-07-16,2024-05-21
2236,2023-10-24,2023-08-10,2024-09-02
7802,2023-11-25,2023-07-16,2024-11-03
8865,2023-11-18,2023-03-21,2024-09-09
9956,2023-05-22,2023-06-23,2024-12-13
1590,2023-01-21,2023-03-14,2024-06-10
886,2023-06-23,2023-11-15,2024-08-24
6649,2023-06-04,2023-03-01,2024-01-25
7450,2023-05-10,2023-05-16,2024-03-08
1116,2023-06-24,2023-12-01,2024-07-12
6639,2023-07-25,2023-05-27,2024-12-14
7791,2023-03-08,2023-02-05,2024-12-12
3906,2023-11-15,2023-10-13,2024-12-24
8623,2023-04-17,2023-06-02,2024-02-02
2197,2023-05-12,2023-03-01,2024-07-03
4260,2023-06-16,2023-03-17,2024-10-08
11047,2023-05-05,2023-06-25,2024-07-07
13289,2023-01-26,2023-12-10,2024-08-18
7302,2023-11-26,2023-02-28,2024-09-19
8517,2023-08-22,2023-09-07,2024-11-02
5809,2023-04-26,2023-11-17,2024-12-20
4622,2023-05-24,2023-04-18,2024-12-27
5621,2023-05-25,2023-02-19,2024-01-08
5481,2023-04-12,2023-05-03,2024-10-19
2890,2023-12-18,2023-01-06,2024-01-07
7075,2023-02-10,2023-12-14,2024-06-18
1399,2023-09-23,2023-01-24,2024-07-24
14417,2023-06-15,2023-12-04,2024-11-25
12744,2023-01-02,2023-02-04,2024-07-22
2067,2023-02-20,2023-04-23,2024-04-24
10643,2023-10-28,2023-08-01,2024-07-10
14241,2023-06-19,2023-12-12,2024-05-06
10571,2023-12-14,2023-02-28,2024-12-26
12490,2023-09-04,2023-08-15,2024-08-08
11126,2023-07-13,2023-01-27,2024-07-10
10212,2023-08-03,2023-04-16,2024-06-15
2535,2023-02-14,2023-07-24,2024-12-24
4245,2023-08-02,2023-07-25,2024-12-18
1982,2023-04-07,2023-02-10,2024-04-05
13732,2023-01-14,2023-10-27,2024-03-04
14417,2023-07-12,2023-01-22,2024-11-22
2791,2023-10-06,2023-02-17,2024-10-06
6036,2023-01-06,2023-03-22,2024-09-08
14737,2023-11-27,2023-04-25,2024-09-24
11958,2023-09-13,2023-11-06,2024-02-26
12336,2023-07-18,2023-05-10,2024-02-08
11486,2023-03-10,2023-03-12,2024-02-24
4181,2023-01-27,2023-08-12,2024-07-20
5780,2023-10-10,2023-04-20,2024-07-11
6479,2023-02-10,2023-04-08,2024-03-02
11010,2023-10-28,2023-11-07,2024-02-04
3028,2023-04-24,2023-07-14,2024-09-07
12825,2023-01-06,2023-06-08,2024-03-15
6802,2023-03-08,2023-08-25,2024-10-26
5586,2023-12-02,2023-10-06,2024-12-08
3536,2023-12-21,2023-03-19,2024-12-17
2023,2023-12-20,2023-05-10,2024-08-15
7401,2023-12-11,2023-04-18,2024-06-01
6289,2023-10-11,2023-06-07,2024-02-20
1375,2023-01-14,2023-04-13,2024-12-26
5200,2023-02-11,2023-06-26,2024-03-22
7939,2023-01-17,2023-07-03,2024-06-15
2436,2023-01-13,2023-04-24,2024-08-17
4246,2023-07-23,2023-12-10,2024-06-05
13425,2023-07-12,2023-05-15,2024-12-27
6321,2023-04-01,2023-08-07,2024-07-02
6547,2023-11-08,2023-03-16,2024-03-27
1516,2023-03-05,2023-04-05,2024-02-14
8813,2023-12-09,2023-07-08,2024-01-19
7512,2023-11-28,2023-11-26,2024-10-02
7812,2023-05-02,2023-04-21,2024-01-11
5693,2023-11-15,2023-02-02,2024-12-26
4381,2023-01-16,2023-12-28,2024-08-20
7281,2023-09-21,2023-10-25,2024-01-10
10683,2023-12-14,2023-02-26,2024-03-28
11470,2023-08-09,2023-06-12,2024-06-01
14769,2023-07-22,2023-09-22,2024-10-19
14177,2023-06-21,2023-11-13,2024-01-12
4924,2023-09-20,2023-03-21,2024-01-25
7033,2023-03-24,2023-11-01,2024-06-21
10186,2023-03-06,2023-03-04,2024-06-27
1032,2023-06-23,2023-02-26,2024-10-19
6933,2023-05-06,2023-09-08,2024-06-09
11787,2023-11-26,2023-08-20,2024-02-10
2739,2023-03-18,2023-08-02,2024-10-13
11256,2023-02-28,2023-01-06,2024-10-07
9068,2023-10-18,2023-11-24,2024-05-22
13011,2023-10-06,2023-05-27,2024-10-03
9280,2023-05-25,2023-05-11,2024-02-16
4344,2023-05-05,2023-03-24,2024-04-05
13030,2023-08-07,2023-03-26,2024-12-02
12108,2023-12-11,2023-10-20,2024-12-07
14477,2023-02-24,2023-07-25,2024-11-23
1246,2023-07-26,2023-04-19,2024-08-27
2083,2023-01-12,2023-07-03,2024-08-02
11000,2023-12-17,2023-09-12,2024-11-05
4764,2023-10-04,2023-05-11,2024-03-18
3119,2023-02-22,2023-09-07,2024-05-10
5933,2023-07-13,2023-08-17,2024-01-08
3785,2023-09-23,2023-09-25,2024-12-28
5504,2023-02-20,2023-11-22,2024-12-07
3533,2023-03-09,2023-08-15,2024-11-21
11562,2023-01-26,2023-02-04,2024-11-12
2327,2023-08-06,2023-04-24,2024-04-25
8586,2023-07-13,2023-01-16,2024-11-21
8639,2023-11-04,2023-12-16,2024-08-07
4124,2023-04-22,2023-05-01,2024-01-07
11616,2023-10-25,2023-03-14,2024-03-17
12218,2023-07-16,2023-09-24,2024-08-20
1954,2023-07-25,2023-12-18,2024-06-23
9801,2023-02-03,2023-11-19,2024-09-05
4025,2023-02-02,2023-01-25,2024-11-01
10298,2023-09-12,2023-05-25,2024-12-24
4554,2023-01-11,2023-07-19,2024-11-17
14134,2023-04-17,2023-08-22,2024-12-12
1382,2023-01-16,2023-06-26,2024-07-02
6194,2023-01-27,2023-04-16,2024-05-27
10314,2023-08-05,2023-07-13,2024-12-05
6139,2023-08-09,2023-11-25,2024-01-14
2634,2023-11-06,2023-09-25,2024-03-13
7646,2023-07-02,2023-12-10,2024-08-04
1482,2023-07-04,2023-06-19,2024-02-07
333,2023-05-10,2023-09-02,2024-08-28
5525,2023-08-06,2023-11-04,2024-06-24
2744,2023-07-09,2023-12-28,2024-08-19
5850,2023-05-21,2023-02-26,2024-06-22
13610,2023-12-25,2023-01-05,2024-06-20
5982,2023-03-21,2023-09-18,2024-08-05
13477,2023-10-15,2023-02-27,2024-05-11
10135,2023-09-09,2023-11-12,2024-04-01
9411,2023-11-12,2023-01-18,2024-03-20
7979,2023-04-01,2023-09-22,2024-03-05
12530,2023-03-17,2023-08-14,2024-12-11
5684,2023-01-06,2023-03-12,2024-08-27
4454,2023-02-13,2023-01-11,2024-04-04
3675,2023-08-28,2023-07-10,2024-10-26
13356,2023-08-03,2023-07-26,2024-08-03
9811,2023-03-08,2023-03-04,2024-05-14
5000,2023-09-09,2023-07-19,2024-09-20
6194,2023-01-05,2023-11-25,2024-10-20
6907,2023-04-12,2023-10-05,2024-10-19
3602,2023-06-22,2023-11-08,2024-11-22
8972,2023-10-03,2023-08-18,2024-01-10
13602,2023-12-23,2023-05-01,2024-11-16
13461,2023-08-11,2023-05-14,2024-11-15
1407,2023-07-01,2023-03-12,2024-03-02
10017,2023-02-07,2023-04-13,2024-02-10
14922,2023-07-04,2023-11-09,2024-06-21
2756,2023-09-08,2023-06-05,2024-11-18
7168,2023-01-26,2023-03-18,2024-09-04
5793,2023-06-14,2023-06-02,2024-05-20
13605,2023-10-09,2023-11-03,2024-06-04
13554,2023-11-06,2023-07-10,2024-02-27
14295,2023-08-07,2023-10-21,2024-10-27
13529,2023-04-26,2023-07-25,2024-05-22
11751,2023-06-23,2023-09-01,2024-06-03
1485,2023-06-22,2023-01-01,2024-01-03
9552,2023-07-06,2023-09-26,2024-08-18
8605,2023-12-09,2023-10-14,2024-05-27
8310,2023-05-26,2023-08-08,2024-08-05
7856,2023-02-03,2023-06-27,2024-11-25
2605,2023-10-26,2023-07-07,2024-01-05
2394,2023-08-08,2023-04-02,2024-07-09
8213,2023-01-28,2023-12-05,2024-01-18
660,2023-01-05,2023-05-10,2024-08-09
3264,2023-11-12,2023-04-12,2024-07-03
14056,2023-04-20,2023-05-04,2024-02-27
2876,2023-10-17,2023-08-23,2024-02-19
11549,2023-12-07,2023-06-02,2024-06-07
11131,2023-02-12,2023-09-16,2024-07-06
7369,2023-11-05,2023-06-14,2024-09-01
6836,2023-01-23,2023-07-12,2024-12-08
6130,2023-05-27,2023-01-26,2024-02-28
7105,2023-05-20,2023-02-18,2024-08-02
12688,2023-06-18,2023-02-05,2024-07-23
3060,2023-09-07,2023-09-13,2024-12-24
8208,2023-12-14,2023-04-12,2024-01-27
6445,2023-10-13,2023-10-08,2024-11-08
6679,2023-06-05,2023-04-17,2024-03-09
3569,2023-02-07,2023-07-17,2024-05-15
14416,2023-04-04,2023-01-25,2024-01-02
2222,2023-02-01,2023-11-28,2024-09-02
1267,2023-01-05,2023-01-22,2024-06-16
12334,2023-04-26,2023-12-27,2024-10-07
2690,2023-08-01,2023-10-15,2024-11-28
14573,2023-07-11,2023-07-03,2024-04-12
12,2023-12-02,2023-02-09,2024-10-06
11195,2023-06-05,2023-02-02,2024-09-15
1063,2023-04-06,2023-12-13,2024-09-19
14224,2023-08-22,2023-06-14,2024-06-08
13031,2023-06-23,2023-09-08,2024-05-02
6700,2023-05-25,2023-09-01,2024-10-15
1036,2023-10-16,2023-09-16,2024-09-14
7335,2023-02-26,2023-03-01,2024-09-11
14054,2023-02-04,2023-10-28,2024-12-16
12290,2023-12-13,2023-03-15,2024-03-21
4760,2023-09-28,2023-04-17,2024-11-08
7391,2023-01-19,2023-11-27,2024-06-11
7231,2023-03-06,2023-04-21,2024-04-10
12434,2023-07-24,2023-02-28,2024-08-03
4845,2023-12-16,2023-12-21,2024-05-28
8388,2023-05-28,2023-02-14,2024-03-05
12344,2023-07-19,2023-12-08,2024-03-12
7682,2023-12-13,2023-12-18,2024-12-17
14884,2023-06-10,2023-05-17,2024-10-05
5432,2023-02-25,2023-06-07,2024-06-05
11801,2023-03-03,2023-07-07,2024-07-02
11865,2023-10-21,2023-06-02,2024-05-14
12247,2023-10-27,2023-08-16,2024-11-20
5022,2023-06-24,2023-02-25,2024-08-11
12125,2023-11-09,2023-06-13,2024-04-13
6520,2023-09-22,2023-10-04,2024-11-06
4952,2023-09-10,2023-12-11,2024-06-26
5054,2023-10-25,2023-08-01,2024-02-02
9028,2023-02-27,2023-05-05,2024-09-11
8603,2023-06-01,2023-09-25,2024-01-22
14271,2023-12-17,2023-08-01,2024-11-25
5511,2023-09-15,2023-03-06,2024-01-25
7139,2023-02-06,2023-04-06,2024-05-10
5858,2023-01-17,2023-04-27,2024-08-05
14306,2023-03-19,2023-11-06,2024-06-28
12301,2023-09-07,2023-10-13,2024-06-23
629,2023-12-19,2023-10-16,2024-11-05
3116,2023-07-15,2023-07-11,2024-09-15
6512,2023-02-15,2023-08-24,2024-09-19
11766,2023-12-07,2023-06-25,2024-06-24
8192,2023-09-23,2023-04-08,2024-07-16
2908,2023-11-03,2023-06-17,2024-06-02
5208,2023-06-14,2023-01-05,2024-08-20
5423,2023-11-05,2023-09-26,2024-03-07
1924,2023-04-07,2023-05-09,2024-05-07
11320,2023-09-26,2023-02-04,2024-07-14
6366,2023-07-10,2023-12-06,2024-11-11
6423,2023-02-22,2023-04-12,2024-02-10
13481,2023-12-12,2023-06-15,2024-04-18
8646,2023-10-05,2023-10-21,2024-09-06
9465,2023-02-21,2023-01-15,2024-07-13
12205,2023-11-19,2023-10-28,2024-04-11
1703,2023-11-09,2023-08-06,2024-08-13
5325,2023-02-08,2023-12-07,2024-06-10
3775,2023-02-19,2023-12-15,2024-06-19
6781,2023-02-23,2023-12-09,2024-02-17
6574,2023-01-12,2023-03-06,2024-06-20
2380,2023-07-07,2023-10-20,2024-12-13
9327,2023-01-21,2023-02-10,2024-06-03
4390,2023-12-01,2023-07-22,2024-01-09
12867,2023-11-04,2023-07-07,2024-02-16
2905,2023-06-22,2023-07-09,2024-06-15
9737,2023-04-23,2023-09-19,2024-04-12
5796,2023-08-08,2023-07-07,2024-05-03
5904,2023-10-02,2023-07-13,2024-10-26
3377,2023-01-26,2023-07-16,2024-07-03
4632,2023-03-27,2023-10-05,2024-01-17
6642,2023-08-05,2023-04-15,2024-11-19
8472,2023-11-04,2023-11-19,2024-09-25
7907,2023-01-09,2023-09-23,2024-11-02
13002,2023-11-22,2023-07-16,2024-09-19
8910,2023-09-05,2023-08-22,2024-10-09
9692,2023-08-05,2023-01-07,2024-10-25
12708,2023-10-12,2023-07-14,2024-03-05
5417,2023-02-19,2023-11-02,2024-01-13
1426,2023-11-15,2023-04-09,2024-04-18
391,2023-03-05,2023-04-11,2024-07-05
13982,2023-09-22,2023-04-16,2024-03-04
1555,2023-04-08,2023-10-16,2024-09-07
2051,2023-02-18,2023-05-06,2024-09-28
11484,2023-03-01,2023-09-21,2024-03-26
5846,2023-11-04,2023-03-25,2024-04-26
5144,2023-08-04,2023-09-19,2024-06-09
12665,2023-09-03,2023-10-11,2024-04-13
11294,2023-08-17,2023-08-11,2024-08-15
7982,2023-07-18,2023-07-02,2024-02-26
924,2023-11-13,2023-03-14,2024-06-12
14146,2023-08-20,2023-01-25,2024-04-26
11657,2023-02-11,2023-04-02,2024-06-15
9091,2023-12-18,2023-11-08,2024-01-19
7807,2023-05-05,2023-12-08,2024-04-23
5732,2023-07-01,2023-12-24,2024-01-25
6622,2023-10-05,2023-08-28,2024-09-04
5653,2023-03-07,2023-01-07,2024-08-22
202,2023-04-26,2023-02-13,2024-03-18
2860,2023-06-20,2023-01-23,2024-03-11
11533,2023-06-21,2023-07-10,2024-01-19
939,2023-05-04,2023-06-15,2024-12-02
14201,2023-12-26,2023-01-17,2024-11-24
9007,2023-08-07,2023-05-03,2024-07-07
8171,2023-06-19,2023-07-25,2024-06-02
97,2023-06-09,2023-09-14,2024-01-08
7318,2023-10-19,2023-04-05,2024-02-19
3057,2023-04-11,2023-10-26,2024-11-28
3372,2023-09-12,2023-02-15,2024-09-01
14390,2023-12-06,2023-07-26,2024-10-27
9896,2023-03-18,2023-11-04,2024-06-18
9447,2023-12-08,2023-02-12,2024-09-01
3646,2023-11-21,2023-08-12,2024-03-07
2956,2023-04-16,2023-01-21,2024-07-17
7530,2023-07-09,2023-09-19,2024-03-10
10424,2023-01-01,2023-11-22,2024-08-14
5356,2023-12-21,2023-10-02,2024-09-08
7783,2023-12-05,2023-10-09,2024-10-09
6667,2023-08-18,2023-10-21,2024-05-22
1242,2023-11-13,2023-04-21,2024-12-12
5210,2023-05-18,2023-07-07,2024-10-12
13896,2023-05-02,2023-08-27,2024-12-15
9185,2023-02-03,2023-08-07,2024-02-18
14275,2023-10-26,2023-05-27,2024-06-08
6894,2023-09-25,2023-08-17,2024-01-23
8154,2023-07-17,2023-11-28,2024-07-27
3275,2023-12-07,2023-03-08,2024-08-05
12767,2023-01-12,2023-07-16,2024-01-03
548,2023-09-20,2023-12-10,2024-10-23
1869,2023-05-03,2023-01-11,2024-03-15
7004,2023-07-08,2023-12-06,2024-10-04
10278,2023-06-03,2023-09-18,2024-08-28
13338,2023-08-13,2023-01-16,2024-01-19
6883,2023-11-14,2023-10-11,2024-03-09
3296,2023-07-04,2023-03-02,2024-01-15
8246,2023-11-05,2023-03-28,2024-10-13
7755,2023-01-03,2023-06-17,2024-12-25
12685,2023-07-09,2023-09-06,2024-08-16
7560,2023-03-07,2023-06-22,2024-04-01
9445,2023-07-01,2023-09-21,2024-10-21
1194,2023-08-13,2023-03-10,2024-02-19
13831,2023-07-24,2023-01-16,2024-01-10
9636,2023-06-14,2023-02-18,2024-04-06
5173,2023-10-16,2023-12-11,2024-05-17
1763,2023-08-19,2023-01-02,2024-11-14
14775,2023-01-23,2023-03-23,2024-12-08
1455,2023-03-20,2023-10-27,2024-04-10
11919,2023-10-09,2023-05-08,2024-09-27
4256,2023-07-16,2023-06-24,2024-07-22
261,2023-07-18,2023-11-27,2024-11-27
14686,2023-06-20,2023-09-16,2024-05-13
9538,2023-11-02,2023-04-27,2024-09-19
3313,2023-07-08,2023-11-27,2024-12-25
13684,2023-02-13,2023-10-27,2024-02-05
13785,2023-06-10,2023-12-25,2024-03-19
12857,2023-06-06,2023-07-16,2024-06-17
10075,2023-04-19,2023-12-27,2024-11-12
14697,2023-08-13,2023-03-19,2024-12-12
3496,2023-05-01,2023-06-27,2024-12-23
14889,2023-04-02,2023-04-27,2024-04-11
1824,2023-09-04,2023-06-15,2024-04-12
11223,2023-10-14,2023-09-13,2024-03-06
9444,2023-12-10,2023-03-14,2024-03-01
29,2023-01-07,2023-02-06,2024-04-06
5939,2023-12-10,2023-01-04,2024-09-26
393,2023-06-22,2023-01-01,2024-02-17
14654,2023-07-22,2023-09-28,2024-02-09
6629,2023-05-03,2023-05-04,2024-11-27
12321,2023-06-20,2023-12-27,2024-04-22
14626,2023-08-03,2023-06-19,2024-09-06
12985,2023-11-23,2023-07-24,2024-12-10
7191,2023-12-28,2023-05-28,2024-07-03
1194,2023-09-22,2023-02-20,2024-11-15
11931,2023-01-04,2023-06-20,2024-07-14
1084,2023-12-19,2023-04-06,2024-12-11
2489,2023-09-21,2023-05-11,2024-05-18
3509,2023-05-05,2023-08-06,2024-04-01
10270,2023-11-12,2023-10-19,2024-06-25
11983,2023-11-05,2023-12-04,2024-02-02
6572,2023-03-11,2023-12-21,2024-08-01
13496,2023-06-03,2023-01-20,2024-03-25
13633,2023-12-13,2023-04-05,2024-07-11
926,2023-03-12,2023-04-09,2024-08-20
14072,2023-06-26,2023-05-26,2024-10-13
2572,2023-01-12,2023-02-01,2024-02-26
673,2023-06-06,2023-05-19,2024-03-13
3936,2023-08-10,2023-10-23,2024-08-22
3221,2023-05-20,2023-08-11,2024-11-03
12669,2023-01-14,2023-07-19,2024-07-22
7315,2023-09-05,2023-08-18,2024-06-03
6180,2023-03-06,2023-03-03,2024-03-22
4791,2023-06-07,2023-08-14,2024-04-22
9644,2023-08-03,2023-02-13,2024-05-17
6228,2023-09-24,2023-06-28,2024-02-20
11086,2023-08-27,2023-03-14,2024-02-04
2180,2023-11-14,2023-05-06,2024-01-02
10298,2023-09-01,2023-05-15,2024-12-21
12444,2023-12-21,2023-03-28,2024-06-19
7879,2023-10-11,2023-07-16,2024-05-11
6335,2023-02-07,2023-12-17,2024-02-11
9765,2023-11-12,2023-12-02,2024-04-06
10184,2023-09-22,2023-07-12,2024-01-12
3380,2023-05-18,2023-02-23,2024-01-01
6824,2023-12-15,2023-09-04,2024-07-20
11563,2023-04-11,2023-05-27,2024-06-14
13458,2023-11-24,2023-02-24,2024-10-05
2378,2023-12-22,2023-06-01,2024-02-20
5719,2023-01-28,2023-02-19,2024-11-19
2166,2023-09-02,2023-04-05,2024-12-13
3780,2023-01-04,2023-06-14,2024-04-15
1255,2023-09-22,2023-09-24,2024-09-09
7957,2023-07-14,2023-03-04,2024-11-13
2970,2023-05-03,2023-05-13,2024-03-24
9658,2023-06-05,2023-11-28,2024-07-09
3437,2023-07-16,2023-11-17,2024-01-12
3517,2023-06-24,2023-03-22,2024-12-16
8787,2023-08-08,2023-03-22,2024-05-13
11528,2023-06-08,2023-03-17,2024-03-17
11780,2023-03-11,2023-06-01,2024-03-02
11329,2023-07-17,2023-01-10,2024-05-02
11771,2023-08-28,2023-02-04,2024-03-26
3175,2023-09-06,2023-06-06,2024-07-28
10939,2023-07-06,2023-02-10,2024-01-08
8333,2023-03-24,2023-09-10,2024-09-02
8339,2023-01-03,2023-02-22,2024-07-09
23,2023-04-08,2023-05-28,2024-07-26
12151,2023-04-26,2023-07-22,2024-08-04
5325,2023-07-23,2023-04-20,2024-04-13
6097,2023-02-17,2023-07-01,2024-01-16
13171,2023-10-16,2023-09-24,2024-10-05
6355,2023-05-26,2023-07-23,2024-12-23
165,2023-02-10,2023-01-09,2024-08-12
7411,2023-09-05,2023-08-17,2024-10-14
7821,2023-08-19,2023-04-19,2024-12-15
5751,2023-01-06,2023-09-06,2024-06-10
10566,2023-01-23,2023-10-14,2024-11-25
12049,2023-03-26,2023-08-24,2024-02-02
11690,2023-10-17,2023-09-27,2024-08-24
5127,2023-05-26,2023-09-27,2024-07-25
10462,2023-07-20,2023-03-02,2024-08-17
175,2023-03-16,2023-08-23,2024-06-08
7289,2023-05-23,2023-05-03,2024-03-19
13193,2023-03-11,2023-11-18,2024-06-25
6702,2023-01-23,2023-03-26,2024-07-13
3313,2023-11-11,2023-03-12,2024-09-06
9525,2023-05-07,2023-06-12,2024-05-13
2442,2023-07-25,2023-04-01,2024-03-26
9481,2023-03-17,2023-02-23,2024-07-13
2324,2023-03-23,2023-07-20,2024-03-08
695,2023-03-23,2023-06-09,2024-10-27
3774,2023-03-02,2023-09-02,2024-09-08
10754,2023-06-12,2023-08-03,2024-08-24
6454,2023-01-26,2023-11-20,2024-03-11
4458,2023-09-09,2023-03-19,2024-11-24
9129,2023-09-07,2023-06-02,2024-01-20
14996,2023-10-12,2023-08-01,2024-08-03
8329,2023-08-04,2023-05-23,2024-10-23
11566,2023-05-12,2023-11-19,2024-06-05
1962,2023-12-15,2023-01-25,2024-11-09
4305,2023-04-22,2023-10-02,2024-04-21
1317,2023-12-28,2023-11-04,2024-03-12
9851,2023-04-12,2023-06-04,2024-09-06
7836,2023-10-01,2023-08-23,2024-04-27
7045,2023-03-07,2023-08-28,2024-11-21
3375,2023-09-05,2023-12-23,2024-04-13
3175,2023-02-28,2023-01-05,2024-10-14
3527,2023-06-16,2023-12-16,2024-07-20
12961,2023-03-03,2023-11-03,2024-02-13
13528,2023-05-24,2023-01-20,2024-09-04
4790,2023-07-15,2023-08-22,2024-01-07
7922,2023-02-09,2023-01-24,2024-05-18
790,2023-11-11,2023-02-14,2024-01-24
3085,2023-12-10,2023-01-05,2024-03-15
1624,2023-01-02,2023-05-24,2024-07-07
5154,2023-07-14,2023-08-19,2024-05-06
14819,2023-11-01,2023-10-26,2024-07-12
7204,2023-05-26,2023-06-22,2024-07-07
8418,2023-12-28,2023-01-21,2024-04-05
1820,2023-01-01,2023-05-18,2024-10-11
2935,2023-10-24,2023-11-01,2024-06-10
7873,2023-02-24,2023-02-04,2024-02-25
13088,2023-09-12,2023-09-10,2024-09-14
1070,2023-07-14,2023-05-26,2024-08-22
7116,2023-04-22,2023-04-21,2024-01-20
14070,2023-03-28,2023-02-24,2024-01-08
604,2023-03-14,2023-01-10,2024-09-20
13355,2023-09-25,2023-05-06,2024-10-05
3324,2023-08-15,2023-02-27,2024-09-13
7954,2023-10-10,2023-01-10,2024-11-18
9554,2023-02-21,2023-02-09,2024-12-19
3788,2023-01-20,2023-11-16,2024-09-11
2151,2023-09-09,2023-08-07,2024-11-05
8665,2023-01-23,2023-09-07,2024-12-16
14747,2023-02-13,2023-06-26,2024-01-16
12339,2023-11-08,2023-08-16,2024-09-04
10904,2023-12-21,2023-09-04,2024-02-11
9921,2023-07-13,2023-11-08,2024-02-26
8512,2023-04-16,2023-11-28,2024-09-26
8264,2023-04-05,2023-08-18,2024-09-08
5077,2023-06-18,2023-01-24,2024-06-08
4328,2023-08-24,2023-06-06,2024-06-23
8713,2023-05-10,2023-03-25,2024-11-16
12731,2023-05-04,2023-07-01,2024-10-14
12646,2023-08-15,2023-10-08,2024-09-02
7975,2023-09-09,2023-08-23,2024-06-15
957,2023-10-09,2023-06-24,2024-08-14
3004,2023-09-07,2023-03-06,2024-08-17
13763,2023-11-09,2023-05-20,2024-02-18
1774,2023-07-15,2023-10-16,2024-03-23
854,2023-02-07,2023-11-20,2024-06-25
890,2023-07-14,2023-08-26,2024-05-20
7534,2023-03-03,2023-01-09,2024-01-13
11022,2023-01-13,2023-08-27,2024-11-13
4609,2023-12-06,2023-03-09,2024-07-25
12423,2023-09-07,2023-11-14,2024-11-02
3830,2023-02-14,2023-05-02,2024-02-07
14360,2023-09-27,2023-09-07,2024-02-01
13930,2023-02-19,2023-04-17,2024-03-01
2053,2023-02-11,2023-08-27,2024-06-16
3316,2023-06-27,2023-08-18,2024-01-13
10484,2023-02-25,2023-03-28,2024-01-25
6156,2023-10-06,2023-01-12,2024-08-15
1354,2023-08-05,2023-09-02,2024-07-05
9822,2023-04-09,2023-11-02,2024-07-19
2533,2023-07-03,2023-11-16,2024-01-20
11267,2023-12-28,2023-11-14,2024-09-04
12731,2023-09-05,2023-01-05,2024-10-12
5930,2023-05-01,2023-01-27,2024-12-01
7362,2023-05-16,2023-06-05,2024-12-09
3959,2023-03-08,2023-01-08,2024-08-12
8811,2023-12-03,2023-12-09,2024-12-10
1257,2023-08-26,2023-09-03,2024-07-24
9052,2023-05-28,2023-07-17,2024-08-21
3972,2023-10-05,2023-04-24,2024-04-11
8386,2023-06-07,2023-11-16,2024-02-03
3790,2023-07-03,2023-11-21,2024-04-27
8501,2023-01-28,2023-09-19,2024-03-20
10745,2023-06-06,2023-05-09,2024-05-12
4906,2023-11-10,2023-03-08,2024-10-09
14370,2023-03-05,2023-08-13,2024-12-19
9900,2023-11-12,2023-08-12,2024-09-23
7125,2023-06-11,2023-05-12,2024-03-22
1338,2023-10-10,2023-10-18,2024-08-07
2169,2023-08-18,2023-04-09,2024-12-14
8426,2023-01-23,2023-01-06,2024-02-19
14956,2023-05-07,2023-02-26,2024-01-26
12527,2023-04-24,2023-12-26,2024-03-25
278,2023-03-15,2023-02-01,2024-02-05
3223,2023-05-01,2023-11-23,2024-09-14
7237,2023-04-01,2023-12-21,2024-09-24
7048,2023-01-28,2023-02-11,2024-11-21
14698,2023-09-03,2023-05-01,2024-02-24
14746,2023-11-28,2023-10-20,2024-12-20
11466,2023-01-19,2023-01-17,2024-02-16
2055,2023-09-05,2023-01-10,2024-09-18
12471,2023-06-18,2023-07-12,2024-03-01
3962,2023-08-03,2023-07-25,2024-03-23
10886,2023-03-25,2023-05-17,2024-03-22
2714,2023-03-18,2023-04-15,2024-09-21
2440,2023-06-04,2023-01-06,2024-02-28
9340,2023-03-02,2023-06-16,2024-12-28
9312,2023-11-16,2023-06-03,2024-10-12
6503,2023-04-06,2023-07-23,2024-11-05
3679,2023-02-13,2023-10-15,2024-07-23
12832,2023-06-28,2023-02-18,2024-10-22
2066,2023-01-28,2023-12-18,2024-06-04
8706,2023-10-25,2023-11-23,2024-01-16
10351,2023-07-10,2023-04-28,2024-05-05
8424,2023-04-27,2023-05-11,2024-08-02
2661,2023-03-04,2023-06-01,2024-12-08
10445,2023-05-15,2023-10-17,2024-03-23
2632,2023-08-26,2023-02-12,2024-08-06
10648,2023-03-26,2023-07-08,2024-12-10
4201,2023-05-21,2023-12-02,2024-03-14
13050,2023-05-25,2023-07-17,2024-02-22
8725,2023-01-21,2023-03-08,2024-04-06
13202,2023-09-28,2023-02-12,2024-03-10
9074,2023-05-04,2023-03-23,2024-01-04
9010,2023-11-07,2023-05-11,2024-01-13
6095,2023-01-13,2023-01-17,2024-03-25
6515,2023-07-18,2023-02-03,2024-07-09
14544,2023-05-02,2023-03-05,2024-08-15
11041,2023-12-03,2023-10-03,2024-02-07
1095,2023-03-06,2023-05-08,2024-09-28
11224,2023-12-07,2023-05-21,2024-01-16
8394,2023-12-19,2023-01-14,2024-11-25
12449,2023-12-16,2023-04-09,2024-10-16
7565,2023-03-25,2023-04-10,2024-03-19
2604,2023-07-14,2023-12-26,2024-02-24
12775,2023-10-24,2023-10-03,2024-12-18
12480,2023-08-25,2023-12-27,2024-07-14
184,2023-10-18,2023-05-17,2024-03-17
1644,2023-02-24,2023-02-11,2024-02-09
9079,2023-03-16,2023-04-10,2024-10-09
12940,2023-06-20,2023-11-27,2024-10-22
1788,2023-10-13,2023-04-24,2024-09-13
6569,2023-11-08,2023-02-23,2024-01-02
13909,2023-04-15,2023-08-18,2024-03-03
7502,2023-02-11,2023-09-01,2024-09-14
5227,2023-05-09,2023-08-03,2024-03-02
1926,2023-08-11,2023-06-01,2024-01-23
8879,2023-01-15,2023-04-17,2024-06-15
10942,2023-06-11,2023-01-05,2024-12-01
13332,2023-04-23,2023-05-16,2024-01-16
2325,2023-05-09,2023-10-12,2024-06-22
2658,2023-09-04,2023-06-26,2024-09-08
14408,2023-10-11,2023-08-13,2024-12-12
11464,2023-07-20,2023-02-26,2024-03-23
798,2023-02-01,2023-12-03,2024-04-23
9539,2023-07-02,2023-10-02,2024-07-16
5719,2023-01-18,2023-11-23,2024-02-04
3702,2023-10-12,2023-10-12,2024-08-11
8894,2023-02-16,2023-11-27,2024-12-21
12754,2023-09-09,2023-09-17,2024-02-18
9954,2023-11-03,2023-03-16,2024-01-07
11961,2023-08-11,2023-01-02,2024-06-03
3315,2023-12-11,2023-02-04,2024-04-05
14997,2023-04-11,2023-05-18,2024-05-26
8637,2023-09-15,2023-06-25,2024-02-22
9213,2023-12-20,2023-11-16,2024-05-05
12680,2023-11-24,2023-05-10,2024-11-01
5128,2023-03-09,2023-03-01,2024-07-27
10460,2023-06-04,2023-01-14,2024-07-21
10156,2023-01-01,2023-05-21,2024-07-05
8897,2023-07-16,2023-08-01,2024-01-22
12715,2023-03-19,2023-07-21,2024-03-10
7601,2023-11-07,2023-05-28,2024-01-23
10414,2023-06-12,2023-06-18,2024-08-06
3606,2023-04-27,2023-06-14,2024-08-09
3900,2023-12-28,2023-12-19,2024-02-18
10902,2023-02-01,2023-11-22,2024-11-02
12953,2023-07-16,2023-03-03,2024-08-19
7413,2023-09-01,2023-08-17,2024-11-21
12611,2023-10-13,2023-01-03,2024-08-22
9885,2023-04-13,2023-03-17,2024-08-08
10648,2023-02-04,2023-05-26,2024-06-11
4317,2023-11-15,2023-02-10,2024-09-17
9621,2023-01-03,2023-10-26,2024-09-12
5392,2023-05-19,2023-09-26,2024-02-23
2167,2023-07-16,2023-01-09,2024-06-04
1395,2023-06-24,2023-11-13,2024-10-05
14855,2023-03-22,2023-03-12,2024-05-08
3620,2023-12-15,2023-06-07,2024-01-14
11721,2023-03-18,2023-03-28,2024-10-25
1507,2023-07-21,2023-08-23,2024-12-08
1222,2023-03-21,2023-12-05,2024-05-21
12909,2023-01-05,2023-12-16,2024-07-27
14232,2023-03-15,2023-10-18,2024-12-03
440,2023-06-06,2023-12-23,2024-05-16
2405,2023-12-24,2023-06-14,2024-08-03
6511,2023-05-21,2023-03-11,2024-09-03
6505,2023-07-14,2023-12-14,2024-02-20
12609,2023-08-14,2023-06-28,2024-07-20
10103,2023-10-11,2023-07-22,2024-03-20
6342,2023-06-15,2023-05-27,2024-12-21
11251,2023-07-09,2023-06-10,2024-10-20
7376,2023-07-22,2023-06-22,2024-06-19
8374,2023-05-19,2023-10-19,2024-11-22
2798,2023-01-26,2023-12-24,2024-12-06
12950,2023-06-22,2023-03-23,2024-07-23
3006,2023-04-28,2023-08-17,2024-02-26
9536,2023-04-05,2023-06-10,2024-03-12
3464,2023-01-23,2023-09-10,2024-12-26
7463,2023-12-03,2023-02-16,2024-02-09
12882,2023-12-03,2023-11-09,2024-02-01
6569,2023-04-02,2023-04-20,2024-04-08
12471,2023-02-24,2023-09-13,2024-08-24
11262,2023-04-23,2023-05-22,2024-07-08
5767,2023-04-14,2023-10-05,2024-03-16
3715,2023-09-14,2023-11-10,2024-03-05
8753,2023-02-05,2023-06-14,2024-04-02
13186,2023-10-21,2023-06-17,2024-04-15
9626,2023-01-02,2023-06-16,2024-04-10
13511,2023-12-11,2023-01-22,2024-06-07
325,2023-07-09,2023-06-16,2024-07-05
2479,2023-12-06,2023-01-18,2024-07-02
12390,2023-07-26,2023-11-20,2024-12-12
6826,2023-12-19,2023-11-09,2024-03-18
7118,2023-10-09,2023-08-25,2024-05-20
1378,2023-11-06,2023-06-12,2024-04-26
6810,2023-03-21,2023-07-14,2024-11-19
12242,2023-11-06,2023-09-09,2024-02-15
9088,2023-12-09,2023-04-08,2024-12-07
13833,2023-09-22,2023-03-13,2024-07-03
12854,2023-03-09,2023-01-19,2024-11-26
6625,2023-06-14,2023-03-27,2024-03-25
12085,2023-09-26,2023-07-11,2024-10-01
7416,2023-08-11,2023-04-11,2024-12-16
7802,2023-05-20,2023-11-16,2024-02-01
10074,2023-02-24,2023-09-21,2024-08-20
14496,2023-09-25,2023-12-16,2024-02-26
12679,2023-11-28,2023-05-16,2024-08-12
8821,2023-10-12,2023-05-14,2024-12-02
4224,2023-04-13,2023-04-01,2024-08-28
4142,2023-03-20,2023-12-10,2024-08-19
6740,2023-01-11,2023-06-22,2024-09-17
9460,2023-08-09,2023-04-01,2024-10-02
561,2023-03-06,2023-02-14,2024-08-08
1226,2023-07-15,2023-03-28,2024-11-17
6348,2023-05-18,2023-08-26,2024-05-26
2282,2023-03-23,2023-06-02,2024-08-20
1576,2023-08-18,2023-11-25,2024-06-20
5928,2023-05-17,2023-06-07,2024-05-28
7036,2023-10-05,2023-06-18,2024-02-10
959,2023-06-18,2023-11-13,2024-04-02
11398,2023-01-05,2023-04-13,2024-03-17
14740,2023-10-03,2023-02-25,2024-03-25
2229,2023-04-16,2023-10-16,2024-10-01
1150,2023-08-02,2023-04-28,2024-09-03
9391,2023-04-03,2023-12-14,2024-03-21
2171,2023-04-01,2023-05-19,2024-05-13
10503,2023-10-05,2023-12-07,2024-12-24
8563,2023-12-25,2023-11-04,2024-06-02
7792,2023-01-21,2023-05-04,2024-10-24
4522,2023-03-20,2023-10-13,2024-06-16
11159,2023-03-18,2023-09-07,2024-05-11
2600,2023-01-21,2023-07-19,2024-04-09
13981,2023-03-17,2023-07-02,2024-03-01
11373,2023-05-13,2023-02-11,2024-07-03
7519,2023-02-01,2023-07-23,2024-11-09
12347,2023-10-05,2023-04-04,2024-01-03
3485,2023-04-04,2023-01-24,2024-07-01
14841,2023-10-04,2023-05-14,2024-11-04
4013,2023-04-28,2023-09-01,2024-01-22
11591,2023-07-05,2023-01-03,2024-09-05
1252,2023-03-17,2023-05-09,2024-03-24
9813,2023-06-22,2023-06-21,2024-04-23
12616,2023-08-07,2023-09-01,2024-03-14
9696,2023-03-02,2023-08-25,2024-09-25
11821,2023-07-18,2023-06-06,2024-11-05
13558,2023-11-23,2023-10-14,2024-05-28
8424,2023-07-16,2023-09-26,2024-11-03
7624,2023-11-09,2023-07-22,2024-04-22
9843,2023-05-10,2023-05-06,2024-08-19
10765,2023-12-07,2023-09-25,2024-04-22
3451,2023-10-25,2023-06-17,2024-03-21
11066,2023-05-11,2023-08-06,2024-08-18
4569,2023-05-09,2023-03-02,2024-06-26
1736,2023-02-01,2023-05-11,2024-01-12
12714,2023-02-10,2023-04-03,2024-08-01
6171,2023-08-09,2023-02-14,2024-01-12
5757,2023-01-26,2023-04-28,2024-01-10
8049,2023-12-16,2023-07-09,2024-08-04
5330,2023-07-15,2023-01-04,2024-10-03
7373,2023-11-14,2023-07-26,2024-11-05
7479,2023-07-04,2023-05-28,2024-01-12
8311,2023-02-04,2023-05-04,2024-01-08
4540,2023-08-26,2023-02-11,2024-10-22
11812,2023-09-11,2023-07-12,2024-11-05
1503,2023-08-20,2023-09-14,2024-08-09
10947,2023-05-09,2023-05-07,2024-02-22
10145,2023-05-16,2023-11-27,2024-11-26
9819,2023-04-17,2023-06-07,2024-08-14
382,2023-04-13,2023-10-09,2024-12-26
8759,2023-03-04,2023-07-12,2024-08-22
13525,2023-06-02,2023-09-13,2024-11-11
9433,2023-07-09,2023-12-27,2024-05-16
4031,2023-06-07,2023-08-21,2024-12-03
12900,2023-12-27,2023-08-28,2024-10-23
12502,2023-10-27,2023-01-08,2024-02-16
1684,2023-04-19,2023-10-03,2024-07-17
14143,2023-09-15,2023-06-02,2024-07-04
3976,2023-06-05,2023-12-16,2024-10-01
5539,2023-09-23,2023-12-24,2024-09-28
3509,2023-12-15,2023-10-12,2024-07-10
1031,2023-01-05,2023-07-18,2024-12-22
5538,2023-10-16,2023-11-13,2024-05-15
1141,2023-03-02,2023-11-12,2024-07-22
7337,2023-06-21,2023-03-28,2024-06-06
4841,2023-11-25,2023-09-28,2024-08-16
1567,2023-07-05,2023-07-07,2024-01-16
9571,2023-08-11,2023-10-14,2024-03-27
14769,2023-11-24,2023-06-15,2024-05-08
7511,2023-04-28,2023-07-25,2024-06-16
3345,2023-03-17,2023-08-01,2024-07-11
2021,2023-10-19,2023-08-11,2024-04-21
5774,2023-10-12,2023-12-20,2024-07-07
14913,2023-08-22,2023-05-08,2024-05-06
5528,2023-08-01,2023-02-03,2024-10-25
1378,2023-03-07,2023-02-23,2024-04-14
9760,2023-04-28,2023-07-14,2024-09-01
10230,2023-02-21,2023-12-04,2024-10-05
12650,2023-05-22,2023-09-11,2024-07-13
11822,2023-01-25,2023-03-13,2024-05-11
5052,2023-09-21,2023-08-04,2024-05-25
7825,2023-03-06,2023-12-15,2024-08-27
7561,2023-01-10,2023-09-13,2024-11-01
1624,2023-10-14,2023-10-06,2024-06-14
13879,2023-02-22,2023-09-05,2024-01-06
3235,2023-10-09,2023-08-11,2024-12-03
8509,2023-01-22,2023-03-22,2024-05-13
6143,2023-03-14,2023-01-14,2024-08-14
12370,2023-09-11,2023-09-07,2024-08-12
9853,2023-03-23,2023-04-24,2024-05-17
12727,2023-04-19,2023-04-25,2024-12-11
7607,2023-09-13,2023-05-18,2024-10-05
11866,2023-11-03,2023-08-26,2024-12-26
3624,2023-01-08,2023-11-17,2024-11-26
7246,2023-01-03,2023-06-03,2024-11-02
9011,2023-10-23,2023-03-20,2024-05-19
12255,2023-12-26,2023-11-20,2024-06-04
5668,2023-08-26,2023-12-12,2024-01-17
1537,2023-12-03,2023-08-14,2024-12-09
12454,2023-02-02,2023-08-23,2024-08-07
3263,2023-02-05,2023-04-12,2024-02-05
1284,2023-07-03,2023-07-27,2024-01-26
6776,2023-06-10,2023-11-16,2024-04-21
6743,2023-12-22,2023-03-19,2024-07-04
8502,2023-06-10,2023-08-16,2024-08-19
115,2023-03-07,2023-04-18,2024-03-02
886,2023-05-05,2023-08-11,2024-08-08
10974,2023-04-18,2023-03-24,2024-11-13
1245,2023-01-09,2023-11-21,2024-05-21
5583,2023-05-02,2023-05-27,2024-06-01
3674,2023-12-27,2023-03-11,2024-03-25
14611,2023-03-13,2023-01-19,2024-11-22
2467,2023-12-04,2023-01-19,2024-05-04
5423,2023-09-15,2023-01-26,2024-06-17
14476,2023-11-04,2023-08-17,2024-05-24
3539,2023-12-21,2023-05-26,2024-07-01
2481,2023-06-10,2023-08-03,2024-03-04
3474,2023-02-18,2023-03-25,2024-09-02
1336,2023-01-18,2023-10-20,2024-12-21
7111,2023-08-14,2023-03-23,2024-04-18
6658,2023-10-19,2023-11-07,2024-07-27
48,2023-02-10,2023-01-25,2024-12-27
307,2023-01-04,2023-02-23,2024-10-01
10262,2023-07-04,2023-03-03,2024-11-22
12047,2023-06-03,2023-07-23,2024-08-21
12794,2023-09-13,2023-04-16,2024-02-05
10317,2023-07-14,2023-04-10,2024-01-28
9861,2023-11-14,2023-03-13,2024-02-06
14087,2023-10-16,2023-12-23,2024-03-15
4855,2023-02-20,2023-01-21,2024-01-09
2204,2023-01-25,2023-01-23,2024-11-20
8924,2023-07-09,2023-12-26,2024-07-20
8455,2023-02-11,2023-11-02,2024-12-25
4858,2023-03-28,2023-01-04,2024-04-02
12661,2023-06-04,2023-11-27,2024-01-04
4477,2023-10-18,2023-09-25,2024-12-19
2879,2023-01-10,2023-06-04,2024-12-12
6547,2023-06-20,2023-05-19,2024-12-17
4618,2023-08-25,2023-05-02,2024-06-28
10902,2023-07-02,2023-04-11,2024-05-01
6474,2023-02-14,2023-09-05,2024-03-20
6272,2023-03-06,2023-07-11,2024-11-26
12730,2023-12-06,2023-09-24,2024-03-06
6403,2023-06-09,2023-01-25,2024-01-02
8984,2023-06-10,2023-05-14,2024-07-21
2927,2023-02-08,2023-07-15,2024-09-18
4443,2023-12-12,2023-10-01,2024-08-12
9048,2023-07-14,2023-05-15,2024-11-13
2677,2023-12-27,2023-06-03,2024-03-03
6809,2023-04-03,2023-11-21,2024-06-01
3424,2023-11-10,2023-01-27,2024-02-25
6841,2023-07-20,2023-02-26,2024-04-28
4739,2023-05-09,2023-06-22,2024-01-14
8211,2023-04-08,2023-01-28,2024-10-06
2673,2023-06-19,2023-04-24,2024-08-20
8937,2023-02-15,2023-04-17,2024-06-28
11200,2023-06-03,2023-06-14,2024-03-19
2176,2023-02-07,2023-12-27,2024-06-11
1022,2023-11-18,2023-09-10,2024-06-27
3291,2023-04-28,2023-09-24,2024-11-20
4803,2023-09-26,2023-03-15,2024-11-05
3352,2023-04-26,2023-03-03,2024-09-19
1094,2023-03-14,2023-03-07,2024-05-25
6000,2023-05-06,2023-10-15,2024-05-15
682,2023-09-15,2023-01-05,2024-03-10
14266,2023-03-13,2023-11-15,2024-03-24
4221,2023-10-25,2023-02-04,2024-01-07
2869,2023-12-07,2023-01-09,2024-05-12
835,2023-07-12,2023-09-17,2024-04-08
2248,2023-05-01,2023-05-05,2024-02-10
10084,2023-08-09,2023-06-12,2024-07-07
8583,2023-02-17,2023-05-02,2024-08-28
3362,2023-02-01,2023-12-11,2024-02-09
6752,2023-04-19,2023-03-12,2024-01-04
31,2023-12-13,2023-02-10,2024-01-28
2505,2023-03-23,2023-08-14,2024-06-01
5785,2023-01-07,2023-07-13,2024-08-13
13574,2023-10-06,2023-10-08,2024-05-14
10449,2023-01-20,2023-12-06,2024-11-28
10607,2023-03-22,2023-06-26,2024-05-04
8077,2023-11-23,2023-07-16,2024-11-10
10756,2023-10-06,2023-05-14,2024-02-24
5048,2023-01-03,2023-05-27,2024-05-24
1990,2023-08-07,2023-06-05,2024-01-23
6390,2023-01-12,2023-08-21,2024-01-26
14095,2023-11-14,2023-05-27,2024-09-03
649,2023-09-23,2023-03-01,2024-08-25
1380,2023-03-24,2023-09-22,2024-06-06
10116,2023-04-22,2023-12-26,2024-04-21
4095,2023-11-26,2023-03-20,2024-12-05
9925,2023-06-19,2023-09-25,2024-11-28
6174,2023-02-24,2023-07-22,2024-04-20
6946,2023-08-01,2023-11-06,2024-02-04
7940,2023-03-05,2023-08-23,2024-09-25
758,2023-08-21,2023-06-22,2024-12-18
766,2023-04-27,2023-12-25,2024-04-11
5542,2023-04-25,2023-04-13,2024-03-25
13524,2023-02-16,2023-07-25,2024-03-28
7324,2023-06-03,2023-07-25,2024-10-18
4313,2023-01-20,2023-05-03,2024-09-23
11041,2023-08-18,2023-06-13,2024-07-12
7641,2023-12-23,2023-09-18,2024-06-13
2432,2023-11-25,2023-06-23,2024-05-28
8893,2023-11-19,2023-02-05,2024-04-14
12455,2023-01-20,2023-05-22,2024-08-18
10217,2023-09-03,2023-12-10,2024-11-12
3394,2023-12-08,2023-04-28,2024-09-21
777,2023-09-12,2023-11-19,2024-05-05
8948,2023-11-07,2023-03-01,2024-04-10
14557,2023-07-23,2023-10-01,2024-09-27
3298,2023-09-04,2023-03-06,2024-08-02
6813,2023-12-19,2023-11-09,2024-06-04
10042,2023-12-10,2023-08-20,2024-12-05
11450,2023-05-05,2023-11-05,2024-03-01
4013,2023-06-21,2023-09-12,2024-04-05
1139,2023-12-04,2023-02-15,2024-09-28
11216,2023-10-04,2023-04-04,2024-07-18
4030,2023-04-05,2023-12-08,2024-03-11
11715,2023-02-05,2023-04-06,2024-11-11
2516,2023-12-28,2023-11-15,2024-08-26
12956,2023-06-16,2023-06-01,2024-10-14
4629,2023-12-06,2023-09-22,2024-08-01
8204,2023-01-16,2023-03-12,2024-07-16
5578,2023-06-09,2023-08-20,2024-10-12
13944,2023-02-23,2023-01-04,2024-07-16
1190,2023-03-11,2023-09-11,2024-05-02
7666,2023-01-27,2023-10-18,2024-12-21
4001,2023-01-25,2023-10-09,2024-07-06
2590,2023-05-15,2023-06-06,2024-09-16
5107,2023-07-02,2023-12-03,2024-01-21
1092,2023-03-03,2023-09-15,2024-10-07
5083,2023-09-11,2023-01-15,2024-08-26
14805,2023-10-04,2023-05-18,2024-07-08
12290,2023-07-16,2023-06-06,2024-09-28
9152,2023-10-25,2023-07-18,2024-12-02
8913,2023-11-04,2023-11-19,2024-09-09
186,2023-09-06,2023-06-04,2024-02-24
10863,2023-01-15,2023-05-26,2024-08-09
1944,2023-04-25,2023-05-06,2024-05-26
2580,2023-08-08,2023-02-01,2024-12-21
10395,2023-10-24,2023-06-08,2024-01-10
12572,2023-09-16,2023-07-20,2024-02-01
11397,2023-06-13,2023-04-09,2024-06-01
3730,2023-01-08,2023-08-26,2024-06-24
292,2023-08-08,2023-01-21,2024-09-09
13158,2023-08-08,2023-07-20,2024-10-14
6537,2023-02-12,2023-05-18,2024-04-19
7570,2023-12-06,2023-06-10,2024-12-07
10500,2023-11-17,2023-06-01,2024-10-07
9583,2023-06-25,2023-12-13,2024-02-20
8555,2023-03-06,2023-12-17,2024-11-21
13193,2023-09-05,2023-12-26,2024-08-18
13245,2023-05-06,2023-12-17,2024-12-16
6933,2023-11-12,2023-01-09,2024-10-11
14133,2023-08-01,2023-09-10,2024-04-04
4245,2023-04-09,2023-12-12,2024-03-22
211,2023-09-12,2023-11-21,2024-06-06
14757,2023-03-25,2023-04-10,2024-10-21
6458,2023-11-20,2023-12-20,2024-07-24
6452,2023-08-10,2023-08-10,2024-05-08
1995,2023-06-17,2023-08-22,2024-04-18
8669,2023-09-16,2023-03-06,2024-03-10
1817,2023-09-28,2023-08-07,2024-04-24
14545,2023-06-22,2023-09-02,2024-03-20
416,2023-08-16,2023-01-07,2024-09-23
8364,2023-07-27,2023-02-09,2024-09-20
14870,2023-06-08,2023-08-21,2024-12-20
14092,2023-12-20,2023-02-17,2024-04-03
9012,2023-12-07,2023-02-11,2024-10-09
7903,2023-02-24,2023-06-07,2024-09-22
664,2023-03-26,2023-12-16,2024-04-25
12773,2023-01-27,2023-06-05,2024-04-27
2333,2023-03-19,2023-02-05,2024-09-06
9220,2023-05-21,2023-05-26,2024-09-10
9084,2023-03-18,2023-01-20,2024-02-27
8961,2023-10-23,2023-09-18,2024-01-10
9061,2023-11-07,2023-02-13,2024-11-08
7490,2023-07-19,2023-07-20,2024-05-19
6333,2023-03-13,2023-06-07,2024-12-01
8869,2023-01-09,2023-08-08,2024-10-26
749,2023-04-19,2023-04-14,2024-02-01
8412,2023-05-19,2023-08-12,2024-08-01
2754,2023-03-23,2023-10-26,2024-04-12
10723,2023-12-24,2023-06-03,2024-10-02
10804,2023-02-10,2023-09-19,2024-03-15
14784,2023-11-15,2023-06-08,2024-02-11
3689,2023-02-24,2023-02-13,2024-12-11
13553,2023-10-15,2023-06-18,2024-03-27
565,2023-06-08,2023-07-04,2024-08-09
13247,2023-09-17,2023-06-28,2024-05-14
8662,2023-10-25,2023-11-07,2024-12-23
8487,2023-07-15,2023-12-08,2024-01-22
3751,2023-03-16,2023-01-18,2024-06-06
13492,2023-12-05,2023-11-28,2024-02-17
11516,2023-04-18,2023-08-15,2024-09-10
2043,2023-01-06,2023-01-18,2024-06-15
13921,2023-07-25,2023-11-22,2024-04-28
3505,2023-11-09,2023-10-13,2024-08-05
3860,2023-12-03,2023-06-12,2024-08-24
1548,2023-01-03,2023-01-28,2024-11-16
12251,2023-04-08,2023-01-20,2024-03-07
9985,2023-08-21,2023-09-19,2024-08-11
7986,2023-01-01,2023-06-12,2024-05-23
1779,2023-12-26,2023-05-01,2024-09-11
1065,2023-04-03,2023-01-02,2024-11-18
4957,2023-12-20,2023-02-05,2024-06-10
1889,2023-03-11,2023-03-05,2024-04-02
12807,2023-02-10,2023-09-22,2024-06-01
303,2023-09-10,2023-07-11,2024-07-28
10375,2023-08-09,2023-06-28,2024-10-13
11218,2023-10-19,2023-05-18,2024-08-11
10342,2023-10-10,2023-12-26,2024-04-18
2637,2023-11-06,2023-01-03,2024-06-10
11562,2023-09-20,2023-05-07,2024-11-15
11727,2023-02-21,2023-02-15,2024-11-16
4553,2023-06-04,2023-11-06,2024-02-15
10871,2023-06-24,2023-11-05,2024-06-15
11642,2023-08-09,2023-07-18,2024-10-27
14632,2023-12-10,2023-10-06,2024-06-14
12189,2023-02-10,2023-10-12,2024-03-01
9173,2023-02-23,2023-02-19,2024-01-04
9584,2023-06-28,2023-09-15,2024-01-01
554,2023-06-25,2023-06-22,2024-08-12
4898,2023-06-06,2023-07-21,2024-07-12
8041,2023-08-10,2023-09-13,2024-07-27
7891,2023-06-21,2023-01-08,2024-11-07
5230,2023-03-22,2023-03-01,2024-06-03
518,2023-11-28,2023-07-05,2024-01-16
6871,2023-07-14,2023-02-15,2024-09-01
6783,2023-07-20,2023-10-11,2024-06-04
12426,2023-08-17,2023-06-26,2024-10-07
1580,2023-04-28,2023-08-02,2024-07-09
446,2023-10-26,2023-04-03,2024-02-15
14677,2023-12-06,2023-07-17,2024-10-07
6991,2023-05-17,2023-02-28,2024-02-15
3636,2023-07-17,2023-04-05,2024-10-12
4273,2023-05-13,2023-04-24,2024-12-06
4804,2023-10-02,2023-06-15,2024-01-07
13573,2023-08-05,2023-09-09,2024-06-07
8180,2023-12-28,2023-11-20,2024-07-16
2021,2023-07-19,2023-12-23,2024-01-16
3005,2023-04-26,2023-03-17,2024-03-24
390,2023-02-01,2023-07-04,2024-09-14
2785,2023-05-25,2023-02-22,2024-07-21
10630,2023-05-09,2023-10-27,2024-12-06
14488,2023-10-26,2023-08-01,2024-01-25
12228,2023-10-04,2023-12-04,2024-07-14
5254,2023-04-13,2023-06-06,2024-05-19
9975,2023-07-15,2023-02-13,2024-10-08
4095,2023-03-20,2023-12-02,2024-06-05
7572,2023-05-05,2023-03-17,2024-07-24
1421,2023-11-03,2023-04-24,2024-07-12
2685,2023-08-22,2023-02-19,2024-11-17
6598,2023-04-20,2023-12-01,2024-02-04
8498,2023-01-02,2023-09-26,2024-05-11
12535,2023-03-26,2023-06-02,2024-02-05
3576,2023-12-07,2023-12-19,2024-07-23
11316,2023-06-26,2023-10-18,2024-06-18
9773,2023-09-17,2023-04-23,2024-10-12
4895,2023-04-08,2023-07-09,2024-11-12
11201,2023-06-07,2023-06-19,2024-06-28
2179,2023-03-11,2023-05-20,2024-04-05
7261,2023-06-21,2023-10-12,2024-06-17
366,2023-01-26,2023-09-20,2024-08-22
4488,2023-06-08,2023-09-17,2024-04-05
10005,2023-04-01,2023-10-27,2024-06-27
4962,2023-10-24,2023-09-27,2024-05-09
8823,2023-01-26,2023-01-13,2024-04-08
6049,2023-11-09,2023-06-13,2024-10-28
5633,2023-08-22,2023-06-08,2024-04-23
12254,2023-07-09,2023-07-12,2024-07-11
2720,2023-06-23,2023-04-03,2024-02-16
2550,2023-10-19,2023-11-15,2024-05-14
10220,2023-09-22,2023-12-23,2024-02-11
38,2023-05-17,2023-03-16,2024-02-09
11788,2023-08-08,2023-12-26,2024-06-20
1982,2023-02-21,2023-03-24,2024-03-03
14377,2023-11-10,2023-10-12,2024-07-01
1498,2023-01-11,2023-07-20,2024-07-13
11077,2023-04-20,2023-01-09,2024-09-13
8343,2023-02-08,2023-02-13,2024-11-05
12226,2023-08-19,2023-07-05,2024-05-03
14975,2023-06-04,2023-02-10,2024-01-07
8484,2023-05-05,2023-04-19,2024-05-21
6558,2023-11-23,2023-09-04,2024-05-01
4928,2023-04-24,2023-08-17,2024-07-02
7941,2023-03-10,2023-07-20,2024-03-15
8987,2023-04-21,2023-12-09,2024-02-28
7541,2023-12-28,2023-10-01,2024-05-12
540,2023-03-10,2023-06-12,2024-08-16
4545,2023-03-08,2023-03-26,2024-09-06
7295,2023-05-05,2023-07-26,2024-11-01
7095,2023-03-13,2023-02-06,2024-04-24
5485,2023-12-11,2023-02-01,2024-06-19
6612,2023-10-03,2023-06-19,2024-10-19
8491,2023-07-15,2023-12-02,2024-11-18
14672,2023-05-23,2023-08-18,2024-02-02
9981,2023-10-27,2023-01-02,2024-11-08
111,2023-12-24,2023-03-10,2024-12-27
8556,2023-01-19,2023-12-25,2024-10-07
7321,2023-07-21,2023-05-02,2024-12-18
7795,2023-09-07,2023-10-22,2024-05-07
6274,2023-02-27,2023-04-07,2024-04-01
14967,2023-01-02,2023-07-09,2024-04-12
3096,2023-03-09,2023-03-09,2024-01-03
8770,2023-10-06,2023-03-09,2024-12-19
6304,2023-03-06,2023-01-06,2024-04-23
8398,2023-11-16,2023-03-19,2024-03-20
6912,2023-05-10,2023-06-14,2024-05-22
189,2023-09-25,2023-06-16,2024-01-07
14344,2023-10-21,2023-01-24,2024-08-17
5757,2023-02-27,2023-07-17,2024-02-16
8576,2023-04-18,2023-08-06,2024-02-08
13045,2023-06-28,2023-09-14,2024-08-13
3168,2023-08-16,2023-12-28,2024-04-16
5509,2023-01-04,2023-05-06,2024-07-09
4868,2023-06-06,2023-07-15,2024-02-15
14795,2023-01-03,2023-03-07,2024-12-22
9569,2023-12-04,2023-04-12,2024-05-01
4417,2023-09-08,2023-06-18,2024-07-07
14636,2023-05-09,2023-06-06,2024-03-05
12244,2023-01-02,2023-06-23,2024-03-06
5220,2023-02-05,2023-03-17,2024-06-10
6666,2023-01-08,2023-11-13,2024-11-24
11537,2023-12-09,2023-01-19,2024-12-23
6739,2023-02-17,2023-07-04,2024-09-02
7745,2023-03-15,2023-12-20,2024-11-20
2906,2023-06-14,2023-06-24,2024-02-07
956,2023-04-18,2023-10-13,2024-10-19
9174,2023-02-21,2023-01-22,2024-08-07
10647,2023-11-26,2023-01-22,2024-06-20
5422,2023-04-03,2023-12-14,2024-10-27
4878,2023-11-08,2023-06-09,2024-01-19
673,2023-12-07,2023-08-26,2024-05-20
13397,2023-12-16,2023-07-20,2024-05-08
11700,2023-08-02,2023-11-26,2024-09-10
12862,2023-11-09,2023-06-09,2024-01-28
2564,2023-10-21,2023-06-07,2024-01-07
402,2023-01-07,2023-07-22,2024-02-21
2184,2023-04-22,2023-12-15,2024-07-05
5005,2023-05-25,2023-03-08,2024-06-24
12667,2023-02-24,2023-01-21,2024-05-16
7883,2023-08-05,2023-11-16,2024-06-07
11400,2023-12-03,2023-11-17,2024-03-16
3168,2023-02-10,2023-09-10,2024-10-04
14586,2023-02-27,2023-08-09,2024-04-13
4723,2023-10-13,2023-12-01,2024-02-10
2475,2023-06-02,2023-04-22,2024-03-05
4518,2023-01-01,2023-03-22,2024-12-28
7986,2023-06-11,2023-11-18,2024-10-19
11810,2023-02-17,2023-12-05,2024-04-01
869,2023-08-20,2023-09-19,2024-02-18
2979,2023-03-24,2023-02-13,2024-12-08
5358,2023-05-13,2023-10-07,2024-08-16
12699,2023-10-04,2023-08-07,2024-05-18
9264,2023-02-14,2023-03-21,2024-09-13
12334,2023-08-25,2023-08-27,2024-10-23
14898,2023-02-19,2023-02-22,2024-06-27
5145,2023-12-18,2023-07-19,2024-04-01
10624,2023-08-12,2023-02-13,2024-08-28
14137,2023-11-22,2023-02-14,2024-06-10
14902,2023-11-21,2023-06-09,2024-11-13
14287,2023-10-11,2023-04-13,2024-04-27
1493,2023-09-09,2023-03-16,2024-03-25
891,2023-06-21,2023-11-02,2024-09-22
3684,2023-09-10,2023-10-26,2024-10-26
624,2023-04-16,2023-01-15,2024-10-25
9403,2023-09-13,2023-07-03,2024-03-10
12397,2023-06-13,2023-05-06,2024-11-11
9660,2023-07-02,2023-01-10,2024-06-13
8595,2023-04-22,2023-12-07,2024-04-01
89,2023-01-20,2023-05-08,2024-05-11
274,2023-06-18,2023-05-24,2024-10-20
9929,2023-10-03,2023-12-19,2024-04-03
7215,2023-01-24,2023-01-11,2024-11-04
5464,2023-01-08,2023-03-19,2024-01-09
13948,2023-01-10,2023-07-11,2024-04-05
5585,2023-10-05,2023-11-14,2024-06-03
12819,2023-09-28,2023-12-17,2024-06-21
1180,2023-02-08,2023-02-08,2024-05-27
11566,2023-10-08,2023-06-26,2024-08-09
14562,2023-10-28,2023-10-26,2024-06-03
6656,2023-02-11,2023-08-25,2024-09-23
4692,2023-11-10,2023-12-12,2024-04-27
3398,2023-12-10,2023-09-07,2024-11-01
626,2023-12-27,2023-03-20,2024-07-09
14973,2023-12-26,2023-10-10,2024-01-27
3410,2023-10-20,2023-07-26,2024-03-20
9031,2023-04-26,2023-06-25,2024-09-26
7977,2023-05-04,2023-01-23,2024-02-06
14209,2023-03-10,2023-11-27,2024-10-27
6253,2023-12-16,2023-04-23,2024-11-05
10951,2023-03-12,2023-05-15,2024-06-14
3531,2023-08-16,2023-08-17,2024-12-01
5199,2023-03-13,2023-03-11,2024-12-25
7202,2023-07-25,2023-04-25,2024-02-25
3266,2023-02-28,2023-05-23,2024-04-08
14264,2023-05-18,2023-03-06,2024-12-07
10842,2023-08-09,2023-02-07,2024-04-05
3088,2023-04-15,2023-01-11,2024-08-09
3383,2023-01-23,2023-06-13,2024-10-04
4568,2023-03-15,2023-03-13,2024-08-21
5883,2023-02-26,2023-09-05,2024-06-06
12422,2023-03-20,2023-06-20,2024-08-23
3064,2023-12-13,2023-02-14,2024-12-13
9763,2023-06-10,2023-03-03,2024-12-05
1487,2023-09-16,2023-06-04,2024-06-24
158,2023-08-21,2023-10-11,2024-12-10
10485,2023-02-01,2023-12-16,2024-01-10
4445,2023-07-12,2023-01-19,2024-08-03
6427,2023-05-04,2023-10-25,2024-12-22
27,2023-01-01,2023-08-08,2024-09-28
11350,2023-08-18,2023-08-22,2024-07-26
12414,2023-10-18,2023-01-16,2024-08-21
9555,2023-06-22,2023-03-17,2024-04-08
415,2023-11-16,2023-07-02,2024-09-19
3192,2023-09-06,2023-12-06,2024-11-27
1913,2023-12-27,2023-03-26,2024-02-16
9935,2023-07-08,2023-05-05,2024-08-18
7871,2023-07-18,2023-12-15,2024-01-14
1376,2023-11-12,2023-08-24,2024-04-19
7918,2023-02-09,2023-10-22,2024-03-09
604,2023-12-13,2023-07-01,2024-11-20
9121,2023-03-16,2023-03-26,2024-07-18
9406,2023-03-12,2023-05-22,2024-03-19
5240,2023-11-10,2023-02-07,2024-10-14
13405,2023-07-05,2023-09-08,2024-12-23
11388,2023-09-27,2023-09-27,2024-03-24
1806,2023-07-20,2023-10-20,2024-03-27
13845,2023-09-25,2023-04-02,2024-02-21
3374,2023-11-05,2023-06-13,2024-06-27
6407,2023-03-11,2023-10-22,2024-12-28
12129,2023-02-24,2023-08-25,2024-10-14
9006,2023-11-17,2023-04-28,2024-06-16
9298,2023-02-26,2023-10-01,2024-03-11
13679,2023-11-04,2023-01-24,2024-01-28
8826,2023-02-14,2023-08-21,2024-07-21
5113,2023-10-07,2023-02-11,2024-06-02
2637,2023-06-01,2023-08-02,2024-09-23
5617,2023-03-14,2023-05-02,2024-05-19
3853,2023-08-17,2023-08-18,2024-08-28
1514,2023-01-22,2023-07-11,2024-12-16
4797,2023-05-04,2023-10-23,2024-10-08
3369,2023-02-11,2023-04-09,2024-06-25
14073,2023-12-27,2023-01-17,2024-11-28
2237,2023-09-25,2023-04-28,2024-03-20
12104,2023-02-05,2023-03-16,2024-04-21
5997,2023-06-15,2023-01-27,2024-07-14
10060,2023-06-18,2023-05-10,2024-01-28
6488,2023-06-23,2023-07-27,2024-07-13
8932,2023-03-16,2023-04-16,2024-04-17
4664,2023-02-08,2023-11-24,2024-06-08
7918,2023-10-05,2023-12-24,2024-10-04
3709,2023-07-18,2023-02-15,2024-06-06
3595,2023-03-14,2023-08-13,2024-08-02
2689,2023-05-23,2023-06-10,2024-08-22
9118,2023-10-24,2023-04-14,2024-01-28
4179,2023-06-26,2023-10-03,2024-06-25
269,2023-04-25,2023-09-17,2024-01-05
12662,2023-11-24,2023-06-13,2024-07-18
8705,2023-02-22,2023-11-20,2024-07-18
11245,2023-06-25,2023-09-09,2024-04-22
2422,2023-02-19,2023-02-28,2024-04-23
4446,2023-11-22,2023-10-15,2024-03-17
5884,2023-03-21,2023-04-02,2024-05-02
9372,2023-07-17,2023-04-20,2024-05-28
9673,2023-04-17,2023-12-21,2024-09-28
1390,2023-06-23,2023-01-25,2024-05-11
3046,2023-02-18,2023-05-03,2024-11-07
6154,2023-09-13,2023-01-15,2024-07-13
1237,2023-05-19,2023-06-16,2024-04-05
4375,2023-01-24,2023-09-09,2024-03-06
9436,2023-11-23,2023-11-24,2024-12-26
11102,2023-07-11,2023-09-08,2024-09-23
8890,2023-01-07,2023-08-09,2024-06-02
12409,2023-09-11,2023-07-15,2024-02-23
12279,2023-08-13,2023-03-24,2024-12-23
8506,2023-09-23,2023-05-28,2024-04-11
2171,2023-06-22,2023-06-23,2024-01-05
2357,2023-03-09,2023-06-24,2024-03-06
713,2023-04-11,2023-10-13,2024-12-21
494,2023-05-10,2023-04-18,2024-08-09
4488,2023-01-21,2023-06-21,2024-06-07
13085,2023-07-12,2023-07-10,2024-12-27
10690,2023-09-15,2023-03-02,2024-08-26
5729,2023-02-11,2023-03-19,2024-09-06
7595,2023-05-25,2023-04-07,2024-04-11
10526,2023-09-23,2023-01-09,2024-07-25
14128,2023-04-27,2023-08-06,2024-05-27
9569,2023-12-14,2023-09-09,2024-03-26
6961,2023-03-05,2023-08-02,2024-06-17
458,2023-03-23,2023-09-22,2024-07-10
9902,2023-09-08,2023-08-10,2024-09-27
1258,2023-01-28,2023-05-11,2024-11-20
3078,2023-11-22,2023-05-21,2024-02-09
975,2023-03-07,2023-05-17,2024-09-07
7348,2023-06-26,2023-03-28,2024-12-14
13237,2023-05-10,2023-08-06,2024-11-03
5121,2023-05-15,2023-02-23,2024-11-21
3494,2023-01-04,2023-05-25,2024-05-23
8867,2023-06-15,2023-07-02,2024-09-21
1121,2023-02-08,2023-11-23,2024-12-12
6746,2023-07-01,2023-03-10,2024-10-01
7091,2023-05-13,2023-08-13,2024-11-02
4896,2023-07-08,2023-01-28,2024-04-19
14972,2023-06-04,2023-11-17,2024-06-28
8082,2023-03-01,2023-03-05,2024-06-20
2103,2023-04-18,2023-05-04,2024-10-20
4439,2023-05-10,2023-04-27,2024-03-21
4772,2023-08-01,2023-04-19,2024-03-18
1488,2023-08-20,2023-03-10,2024-10-10
911,2023-11-19,2023-06-16,2024-02-06
3238,2023-04-28,2023-01-17,2024-10-07
6098,2023-02-01,2023-05-09,2024-09-28
11222,2023-03-13,2023-03-19,2024-12-10
14845,2023-02-14,2023-05-03,2024-08-23
11262,2023-08-26,2023-03-17,2024-08-06
8760,2023-02-10,2023-01-22,2024-11-02
9962,2023-04-20,2023-04-08,2024-03-16
6735,2023-11-24,2023-09-01,2024-05-05
4775,2023-01-21,2023-01-22,2024-08-25
1690,2023-12-04,2023-06-18,2024-05-23
6615,2023-11-22,2023-02-04,2024-07-24
8089,2023-05-08,2023-01-20,2024-11-25
6520,2023-07-01,2023-02-17,2024-01-02
4304,2023-12-03,2023-01-09,2024-12-17
12003,2023-02-10,2023-05-03,2024-06-24
6063,2023-11-21,2023-08-28,2024-08-17
188,2023-02-09,2023-06-11,2024-05-16
5574,2023-03-14,2023-05-07,2024-04-28
7869,2023-07-19,2023-01-27,2024-06-08
13124,2023-02-13,2023-04-17,2024-11-18
10964,2023-12-10,2023-02-03,2024-08-25
3541,2023-02-13,2023-08-19,2024-03-12
9037,2023-10-27,2023-08-26,2024-08-18
2978,2023-02-07,2023-04-11,2024-10-21
14487,2023-05-07,2023-02-24,2024-05-01
11594,2023-03-17,2023-12-02,2024-06-16
3777,2023-12-13,2023-05-07,2024-09-24
1181,2023-11-22,2023-09-22,2024-08-01
8210,2023-05-26,2023-09-08,2024-12-04
6976,2023-09-20,2023-02-01,2024-10-22
12154,2023-04-24,2023-04-14,2024-02-17
2203,2023-12-14,2023-07-08,2024-11-17
4626,2023-10-03,2023-02-07,2024-04-07
8752,2023-01-18,2023-05-26,2024-04-10
7889,2023-11-17,2023-10-24,2024-11-22
6301,2023-08-13,2023-07-14,2024-06-13
7294,2023-02-05,2023-08-24,2024-02-21
10906,2023-09-28,2023-12-07,2024-04-09
595,2023-08-06,2023-05-08,2024-02-16
10273,2023-06-20,2023-09-10,2024-11-08
11468,2023-04-08,2023-10-10,2024-06-26
2747,2023-06-05,2023-06-01,2024-08-19
1024,2023-07-18,2023-01-04,2024-02-07
12246,2023-03-26,2023-03-20,2024-06-21
14439,2023-10-17,2023-03-01,2024-02-16
2836,2023-08-13,2023-11-17,2024-11-22
604,2023-01-26,2023-08-21,2024-12-27
6362,2023-10-24,2023-07-06,2024-05-24
4311,2023-12-04,2023-12-09,2024-09-27
643,2023-09-23,2023-09-11,2024-02-19
7991,2023-11-06,2023-11-07,2024-05-10
12041,2023-02-14,2023-11-14,2024-01-22
3789,2023-02-21,2023-09-16,2024-06-27
14622,2023-04-08,2023-12-13,2024-11-05
11372,2023-02-28,2023-06-15,2024-03-21
9204,2023-11-25,2023-06-12,2024-03-17
14069,2023-07-23,2023-12-09,2024-06-21
8423,2023-03-25,2023-11-25,2024-08-21
3443,2023-09-26,2023-08-25,2024-02-27
13100,2023-10-09,2023-12-15,2024-09-28
6721,2023-12-17,2023-07-08,2024-09-02
14147,2023-02-23,2023-01-01,2024-11-09
7898,2023-08-06,2023-12-25,2024-10-27
6240,2023-05-21,2023-05-15,2024-07-12
11138,2023-07-20,2023-01-22,2024-03-19
7777,2023-10-15,2023-11-06,2024-04-23
6061,2023-07-18,2023-08-16,2024-01-02
1091,2023-12-23,2023-07-02,2024-12-19
2836,2023-07-15,2023-03-22,2024-04-10
5150,2023-08-06,2023-06-27,2024-08-11
3854,2023-09-13,2023-03-03,2024-07-04
9066,2023-09-03,2023-10-22,2024-07-14
5336,2023-01-23,2023-05-20,2024-08-28
8920,2023-11-20,2023-08-22,2024-02-06
5043,2023-07-28,2023-11-11,2024-02-22
9032,2023-04-09,2023-12-01,2024-10-24
8681,2023-01-14,2023-07-14,2024-02-01
13588,2023-09-14,2023-09-18,2024-09-04
11059,2023-06-15,2023-01-02,2024-06-03
10706,2023-10-01,2023-04-11,2024-12-23
5824,2023-11-21,2023-05-24,2024-09-22
6644,2023-02-14,2023-06-06,2024-02-03
4431,2023-07-16,2023-03-27,2024-03-02
8597,2023-01-25,2023-12-26,2024-12-24
14273,2023-04-23,2023-03-16,2024-08-04
3049,2023-01-13,2023-06-21,2024-11-14
7148,2023-08-20,2023-08-21,2024-12-05
6513,2023-10-03,2023-05-23,2024-05-23
1590,2023-09-09,2023-03-23,2024-12-19
1912,2023-11-05,2023-02-27,2024-09-17
6215,2023-12-27,2023-07-01,2024-09-14
6852,2023-08-28,2023-04-05,2024-05-22
14664,2023-02-15,2023-02-04,2024-01-05
8600,2023-04-04,2023-03-06,2024-04-12
2238,2023-11-13,2023-06-08,2024-08-26
14951,2023-07-26,2023-12-23,2024-08-20
4144,2023-03-02,2023-05-03,2024-10-25
5145,2023-05-13,2023-05-28,2024-01-17
3012,2023-12-25,2023-07-19,2024-10-27
8974,2023-01-11,2023-05-27,2024-03-15
3809,2023-12-15,2023-10-15,2024-11-08
12552,2023-09-11,2023-05-01,2024-05-03
3629,2023-06-14,2023-11-20,2024-04-05
6833,2023-09-06,2023-09-18,2024-05-21
7757,2023-06-27,2023-07-07,2024-07-07
10963,2023-06-26,2023-05-22,2024-05-28
4491,2023-03-12,2023-04-27,2024-02-19
6689,2023-11-03,2023-04-17,2024-01-25
599,2023-09-25,2023-05-05,2024-10-13
10231,2023-10-07,2023-01-24,2024-03-22
963,2023-11-01,2023-02-02,2024-02-28
5701,2023-03-13,2023-06-05,2024-11-24
10678,2023-12-15,2023-10-13,2024-04-03
14222,2023-02-24,2023-11-20,2024-02-24
1142,2023-09-02,2023-03-13,2024-05-07
10325,2023-08-06,2023-04-22,2024-11-14
13607,2023-04-01,2023-06-19,2024-09-01
13922,2023-07-05,2023-09-01,2024-01-26
5316,2023-05-07,2023-10-18,2024-09-04
4556,2023-08-06,2023-10-23,2024-09-18
6928,2023-03-12,2023-09-12,2024-01-11
2019,2023-02-10,2023-03-14,2024-06-27
4291,2023-09-11,2023-03-13,2024-02-09
7291,2023-02-08,2023-08-10,2024-05-24
13404,2023-01-02,2023-10-04,2024-10-02
6048,2023-12-26,2023-07-10,2024-10-21
2160,2023-10-21,2023-05-04,2024-05-15
5712,2023-03-03,2023-11-03,2024-08-18
14342,2023-08-21,2023-09-15,2024-05-04
9902,2023-04-09,2023-05-06,2024-09-19
7882,2023-03-25,2023-04-20,2024-09-18
8855,2023-09-23,2023-08-24,2024-11-23
11408,2023-10-23,2023-10-09,2024-03-05
12299,2023-11-05,2023-07-25,2024-07-26
13055,2023-07-25,2023-04-27,2024-09-04
13433,2023-11-04,2023-07-13,2024-01-03
10598,2023-03-06,2023-08-25,2024-09-04
367,2023-12-10,2023-09-04,2024-12-09
1518,2023-03-17,2023-08-04,2024-02-13
1039,2023-11-04,2023-04-20,2024-09-21
11571,2023-11-14,2023-09-16,2024-05-09
3808,2023-12-11,2023-05-09,2024-07-16
4169,2023-04-08,2023-02-11,2024-09-03
1580,2023-01-04,2023-04-03,2024-08-11
13254,2023-01-23,2023-03-07,2024-03-25
9751,2023-01-15,2023-03-01,2024-06-10
414,2023-10-09,2023-12-11,2024-03-22
3631,2023-11-26,2023-02-16,2024-09-15
7677,2023-01-13,2023-09-23,2024-11-03
14652,2023-04-14,2023-05-02,2024-01-10
14377,2023-06-25,2023-02-07,2024-09-21
2615,2023-09-05,2023-01-19,2024-09-24
4590,2023-05-26,2023-03-26,2024-07-14
10208,2023-02-22,2023-07-13,2024-11-27
1782,2023-02-05,2023-12-14,2024-09-25
8426,2023-08-11,2023-10-24,2024-11-01
13901,2023-08-25,2023-12-02,2024-02-19
574,2023-04-26,2023-07-18,2024-10-13
7098,2023-04-25,2023-05-18,2024-02-20
5239,2023-05-26,2023-07-06,2024-06-11
11758,2023-09-11,2023-11-17,2024-07-24
6585,2023-04-28,2023-03-18,2024-11-21
7343,2023-01-28,2023-03-25,2024-02-06
12494,2023-06-07,2023-07-17,2024-07-23
14222,2023-02-17,2023-05-28,2024-11-22
13470,2023-08-16,2023-05-20,2024-11-15
6512,2023-11-01,2023-11-03,2024-11-28
935,2023-10-12,2023-11-09,2024-01-25
5864,2023-07-04,2023-12-09,2024-07-10
826,2023-04-14,2023-09-26,2024-02-07
4642,2023-08-15,2023-11-22,2024-02-12
7522,2023-10-28,2023-11-10,2024-02-25
1929,2023-07-15,2023-11-02,2024-10-16
4599,2023-08-18,2023-07-09,2024-10-25
12715,2023-03-14,2023-09-01,2024-12-21
8987,2023-10-24,2023-10-09,2024-10-02
10397,2023-11-10,2023-06-27,2024-08-22
12493,2023-05-06,2023-12-06,2024-12-09
10156,2023-06-12,2023-09-26,2024-12-23
14640,2023-06-22,2023-10-18,2024-01-25
321,2023-03-27,2023-08-27,2024-02-03
3271,2023-07-02,2023-09-01,2024-05-01
12918,2023-11-06,2023-10-25,2024-01-23
14190,2023-08-19,2023-11-01,2024-11-02
8162,2023-12-16,2023-12-01,2024-08-14
4614,2023-12-17,2023-07-17,2024-12-18
12046,2023-10-27,2023-02-25,2024-01-07
206,2023-02-28,2023-09-19,2024-04-22
10811,2023-09-23,2023-01-07,2024-03-25
8322,2023-04-14,2023-01-01,2024-09-11
12782,2023-03-07,2023-12-28,2024-04-05
1810,2023-06-26,2023-09-15,2024-12-02
7416,2023-05-17,2023-04-28,2024-06-07
2774,2023-06-22,2023-01-21,2024-07-19
10449,2023-09-04,2023-05-07,2024-08-03
7351,2023-09-05,2023-07-06,2024-03-03
6433,2023-12-14,2023-01-26,2024-07-14
8891,2023-07-01,2023-02-16,2024-01-06
6437,2023-05-06,2023-03-21,2024-12-09
9872,2023-10-25,2023-10-11,2024-04-19
6817,2023-06-07,2023-02-21,2024-10-06
2318,2023-12-17,2023-03-03,2024-03-16
1180,2023-09-08,2023-03-27,2024-03-05
10431,2023-07-03,2023-12-16,2024-08-08
5805,2023-02-12,2023-02-05,2024-11-25
9800,2023-06-27,2023-07-10,2024-07-07
6463,2023-11-07,2023-07-20,2024-02-03
12784,2023-08-08,2023-07-07,2024-10-20
12374,2023-01-24,2023-12-03,2024-01-28
1386,2023-07-15,2023-02-08,2024-09-11
10089,2023-04-23,2023-04-12,2024-12-14
11645,2023-11-05,2023-03-21,2024-07-03
11668,2023-07-18,2023-01-14,2024-03-15
13758,2023-05-27,2023-07-02,2024-10-13
12832,2023-03-25,2023-12-22,2024-08-15
11794,2023-12-18,2023-11-23,2024-09-17
6310,2023-11-07,2023-11-12,2024-02-27
8342,2023-02-08,2023-07-14,2024-06-21
8977,2023-07-03,2023-10-18,2024-01-02
11871,2023-04-08,2023-06-01,2024-06-02
11458,2023-07-28,2023-06-01,2024-01-23
99,2023-03-14,2023-08-05,2024-04-23
9784,2023-03-04,2023-03-13,2024-02-01
7820,2023-07-24,2023-09-27,2024-12-03
14299,2023-04-06,2023-03-21,2024-07-10
10365,2023-02-12,2023-03-15,2024-12-21
14738,2023-12-27,2023-06-22,2024-07-27
12671,2023-06-22,2023-04-07,2024-07-05
683,2023-01-18,2023-11-13,2024-11-04
9654,2023-04-16,2023-08-20,2024-04-26
14732,2023-08-26,2023-07-07,2024-02-16
7910,2023-10-17,2023-05-08,2024-10-23
11288,2023-10-08,2023-07-16,2024-06-25
9433,2023-08-19,2023-09-02,2024-02-17
13796,2023-09-16,2023-02-24,2024-03-16
10309,2023-07-17,2023-08-14,2024-10-23
8395,2023-06-08,2023-11-19,2024-10-13
9676,2023-09-10,2023-04-14,2024-03-24
1632,2023-06-02,2023-03-06,2024-10-09
10603,2023-02-04,2023-05-16,2024-01-01
14349,2023-08-11,2023-12-28,2024-02-24
3076,2023-12-12,2023-09-27,2024-03-14
6827,2023-11-07,2023-12-22,2024-05-16
2705,2023-02-01,2023-03-21,2024-05-27
10901,2023-08-05,2023-01-26,2024-09-20
2055,2023-06-28,2023-10-15,2024-01-17
13062,2023-08-28,2023-03-21,2024-03-25
1834,2023-11-25,2023-12-18,2024-12-22
13087,2023-11-10,2023-09-24,2024-03-26
7736,2023-06-21,2023-10-26,2024-01-17
12130,2023-02-09,2023-03-20,2024-04-07
9943,2023-01-27,2023-10-28,2024-06-19
9640,2023-06-14,2023-03-21,2024-09-27
11223,2023-09-26,2023-06-24,2024-05-22
1731,2023-05-22,2023-01-17,2024-02-14
14280,2023-09-14,2023-08-08,2024-05-01
13566,2023-03-04,2023-08-05,2024-11-08
9308,2023-01-03,2023-11-19,2024-02-20
6790,2023-04-20,2023-04-26,2024-07-12
4265,2023-10-16,2023-07-10,2024-01-18
11877,2023-11-22,2023-02-04,2024-04-19
628,2023-08-10,2023-01-20,2024-11-03
9296,2023-12-05,2023-04-28,2024-08-26
5850,2023-06-28,2023-01-09,2024-08-21
10390,2023-11-20,2023-04-06,2024-07-09
13822,2023-07-25,2023-04-09,2024-12-08
13741,2023-08-23,2023-12-20,2024-07-03
6543,2023-09-26,2023-09-14,2024-04-09
10756,2023-06-25,2023-11-17,2024-06-22
7093,2023-07-20,2023-08-13,2024-10-26
11898,2023-05-02,2023-09-23,2024-10-15
5921,2023-11-10,2023-12-05,2024-08-20
356,2023-07-27,2023-10-18,2024-02-21
14255,2023-05-22,2023-08-03,2024-01-08
8763,2023-02-14,2023-04-07,2024-09-07
8962,2023-11-10,2023-09-10,2024-06-16
13069,2023-06-02,2023-09-05,2024-11-25
3154,2023-09-10,2023-07-23,2024-08-25
5701,2023-05-21,2023-11-26,2024-02-06
12461,2023-08-18,2023-11-20,2024-04-05
10494,2023-02-13,2023-10-03,2024-10-04
2435,2023-02-21,2023-11-26,2024-10-15
12155,2023-03-19,2023-06-28,2024-06-16
1865,2023-05-17,2023-03-07,2024-07-27
6742,2023-08-26,2023-05-17,2024-11-05
13866,2023-09-18,2023-11-08,2024-02-21
13604,2023-09-16,2023-12-24,2024-03-27
12876,2023-10-08,2023-02-28,2024-03-24
11032,2023-08-14,2023-08-18,2024-01-16
9187,2023-01-14,2023-08-10,2024-03-19
7568,2023-11-01,2023-02-06,2024-05-19
1692,2023-01-15,2023-10-08,2024-02-03
13149,2023-05-07,2023-07-06,2024-03-13
7437,2023-09-04,2023-10-07,2024-07-27
12554,2023-01-08,2023-12-09,2024-10-03
8551,2023-12-18,2023-07-26,2024-07-01
14328,2023-04-06,2023-09-24,2024-03-09
1199,2023-08-03,2023-03-03,2024-01-06
9878,2023-03-19,2023-09-03,2024-10-09
14410,2023-09-13,2023-01-21,2024-03-10
301,2023-10-07,2023-02-27,2024-05-23
231,2023-09-28,2023-10-27,2024-12-21
12738,2023-08-11,2023-02-25,2024-12-02
11838,2023-04-08,2023-06-18,2024-08-18
14320,2023-10-26,2023-08-04,2024-12-13
6416,2023-04-12,2023-05-17,2024-09-08
8859,2023-09-14,2023-07-09,2024-09-02
9395,2023-08-28,2023-09-10,2024-02-11
3679,2023-07-14,2023-06-20,2024-06-27
9970,2023-07-20,2023-05-23,2024-12-07
3999,2023-02-25,2023-02-26,2024-08-24
11724,2023-07-26,2023-07-14,2024-12-09
4586,2023-11-07,2023-11-09,2024-08-23
10025,2023-05-07,2023-12-07,2024-04-24
5076,2023-09-04,2023-08-11,2024-03-09
13457,2023-03-07,2023-11-09,2024-02-10
13461,2023-04-06,2023-03-22,2024-01-15
13091,2023-05-07,2023-09-01,2024-03-08
965,2023-01-04,2023-12-14,2024-04-18
8263,2023-04-18,2023-05-22,2024-11-16
5602,2023-12-08,2023-09-17,2024-07-24
5521,2023-10-20,2023-04-16,2024-04-22
130,2023-07-12,2023-07-23,2024-10-20
13183,2023-11-09,2023-07-21,2024-09-04
10189,2023-06-15,2023-02-13,2024-11-18
3564,2023-09-15,2023-08-09,2024-09-12
6225,2023-05-12,2023-11-27,2024-01-20
14107,2023-10-09,2023-05-17,2024-06-12
7173,2023-04-09,2023-08-06,2024-04-20
2991,2023-03-01,2023-09-14,2024-01-07
3895,2023-06-06,2023-01-10,2024-01-04
1726,2023-05-12,2023-07-02,2024-07-10
937,2023-08-14,2023-05-20,2024-03-23
10304,2023-03-11,2023-01-18,2024-02-08
13679,2023-10-19,2023-03-20,2024-05-28
10188,2023-10-20,2023-09-22,2024-05-23
11440,2023-12-04,2023-08-07,2024-07-24
11027,2023-06-04,2023-07-07,2024-09-20
3154,2023-11-09,2023-09-28,2024-07-28
8844,2023-01-03,2023-08-22,2024-09-19
5448,2023-05-01,2023-05-05,2024-11-19
62,2023-08-22,2023-04-13,2024-11-12
9610,2023-01-04,2023-01-26,2024-07-01
4183,2023-12-20,2023-08-14,2024-09-28
8537,2023-11-02,2023-03-03,2024-08-26
3314,2023-02-02,2023-11-07,2024-09-09
2652,2023-02-15,2023-06-14,2024-04-27
1438,2023-05-24,2023-02-08,2024-06-26
1434,2023-11-14,2023-10-15,2024-05-24
11657,2023-04-28,2023-07-21,2024-05-13
2042,2023-12-15,2023-11-12,2024-11-01
13012,2023-07-04,2023-04-01,2024-05-02
1603,2023-07-04,2023-12-03,2024-07-19
14713,2023-08-14,2023-06-17,2024-12-05
13060,2023-07-22,2023-01-23,2024-01-09
2529,2023-12-02,2023-12-21,2024-11-02
10866,2023-02-24,2023-12-26,2024-04-16
4813,2023-08-24,2023-09-09,2024-07-06
14849,2023-02-16,2023-09-24,2024-03-13
7109,2023-06-27,2023-02-17,2024-02-03
5161,2023-02-14,2023-04-14,2024-08-11
3132,2023-07-27,2023-02-03,2024-03-16
6353,2023-07-24,2023-10-10,2024-10-19
11648,2023-10-02,2023-01-15,2024-11-27
12531,2023-12-23,2023-03-28,2024-09-27
9385,2023-11-11,2023-03-07,2024-01-03
8963,2023-03-12,2023-07-18,2024-02-27
13376,2023-09-01,2023-10-06,2024-01-10
1202,2023-07-24,2023-05-12,2024-11-25
6303,2023-08-05,2023-06-24,2024-05-17
9992,2023-03-20,2023-07-04,2024-08-19
12531,2023-05-07,2023-02-20,2024-04-05
9575,2023-01-17,2023-09-13,2024-06-06
347,2023-01-26,2023-09-15,2024-12-24
12995,2023-04-15,2023-02-10,2024-02-07
9305,2023-08-15,2023-01-27,2024-09-21
7748,2023-09-09,2023-12-25,2024-05-18
5548,2023-01-25,2023-11-19,2024-04-23
394,2023-07-15,2023-09-10,2024-09-03
3506,2023-05-05,2023-08-23,2024-07-10
5558,2023-10-28,2023-09-21,2024-07-07
4473,2023-04-12,2023-03-20,2024-07-21
6142,2023-11-24,2023-11-19,2024-09-02
14955,2023-06-24,2023-10-14,2024-03-12
14541,2023-05-24,2023-09-20,2024-09-15
6005,2023-07-16,2023-02-27,2024-01-05
6708,2023-07-24,2023-02-22,2024-04-19
527,2023-07-16,2023-08-28,2024-08-08
5593,2023-11-09,2023-03-22,2024-04-27
9493,2023-05-08,2023-08-06,2024-03-02
13608,2023-05-28,2023-06-19,2024-08-10
14271,2023-05-25,2023-04-23,2024-04-05
2790,2023-11-28,2023-05-24,2024-05-06
9036,2023-11-09,2023-06-27,2024-11-07
782,2023-07-14,2023-08-21,2024-11-04
7202,2023-02-04,2023-04-18,2024-09-22
7882,2023-04-08,2023-08-14,2024-06-22
703,2023-08-16,2023-07-18,2024-12-23
2631,2023-11-28,2023-06-24,2024-07-10
4506,2023-02-16,2023-02-23,2024-11-09
10161,2023-05-06,2023-01-17,2024-12-08
14546,2023-12-11,2023-12-18,2024-07-18
14330,2023-12-23,2023-09-20,2024-06-02
13219,2023-02-13,2023-04-21,2024-09-22
10546,2023-08-23,2023-03-04,2024-09-07
4976,2023-05-07,2023-02-22,2024-03-23
7223,2023-01-27,2023-10-17,2024-09-16
1328,2023-07-25,2023-07-10,2024-08-17
12200,2023-05-12,2023-07-09,2024-11-08
1478,2023-04-26,2023-04-02,2024-02-11
9503,2023-08-14,2023-10-14,2024-07-15
5231,2023-04-16,2023-11-18,2024-11-03
8774,2023-05-17,2023-03-16,2024-07-02
6686,2023-02-13,2023-12-24,2024-07-19
5739,2023-10-26,2023-06-28,2024-01-09
13514,2023-05-10,2023-05-16,2024-02-06
14399,2023-06-02,2023-05-04,2024-02-27
3724,2023-12-23,2023-11-24,2024-11-23
13396,2023-08-01,2023-05-19,2024-02-05
1723,2023-02-26,2023-06-04,2024-07-04
2023,2023-10-08,2023-05-01,2024-02-11
3957,2023-07-13,2023-08-02,2024-07-07
9925,2023-03-02,2023-03-11,2024-02-28
13891,2023-09-07,2023-11-23,2024-02-08
6807,2023-07-24,2023-06-09,2024-11-09
7435,2023-01-27,2023-03-26,2024-03-25
13530,2023-01-08,2023-09-19,2024-12-06
14251,2023-04-22,2023-12-18,2024-07-09
4831,2023-04-12,2023-07-24,2024-02-21
9049,2023-02-13,2023-02-04,2024-09-21
8107,2023-03-15,2023-02-11,2024-10-08
11011,2023-01-24,2023-07-02,2024-09-12
2815,2023-10-27,2023-01-27,2024-02-22
11490,2023-05-21,2023-04-17,2024-03-20
13100,2023-08-25,2023-11-10,2024-01-15
729,2023-09-09,2023-11-22,2024-07-15
4941,2023-04-25,2023-04-24,2024-11-09
7677,2023-02-27,2023-06-02,2024-11-06
12345,2023-06-05,2023-04-09,2024-02-21
2889,2023-11-12,2023-10-19,2024-04-05
14041,2023-11-07,2023-04-24,2024-04-06
13930,2023-11-26,2023-12-14,2024-05-20
9028,2023-01-07,2023-09-03,2024-05-06
13749,2023-10-20,2023-07-23,2024-09-25
8880,2023-08-12,2023-09-05,2024-02-02
8524,2023-06-05,2023-08-12,2024-03-17
4735,2023-01-18,2023-02-22,2024-11-13
1230,2023-03-14,2023-08-25,2024-08-04
2808,2023-12-18,2023-07-27,2024-07-14
5860,2023-07-01,2023-10-17,2024-06-21
10983,2023-04-19,2023-03-17,2024-06-13
14656,2023-01-04,2023-10-26,2024-11-13
6754,2023-07-11,2023-05-28,2024-02-28
6189,2023-04-28,2023-07-20,2024-07-24
12971,2023-07-27,2023-10-09,2024-09-05
2073,2023-02-25,2023-05-07,2024-05-10
7811,2023-03-16,2023-05-14,2024-05-13
8220,2023-10-26,2023-12-28,2024-02-03
2022,2023-01-28,2023-10-09,2024-12-24
7100,2023-01-06,2023-10-07,2024-04-26
13169,2023-02-06,2023-12-25,2024-10-21
1698,2023-09-04,2023-07-05,2024-08-12
3421,2023-10-19,2023-10-23,2024-10-22
718,2023-08-05,2023-04-13,2024-01-23
6424,2023-07-25,2023-09-17,2024-08-05
1854,2023-05-11,2023-12-05,2024-12-04
12334,2023-10-10,2023-04-06,2024-10-28
5823,2023-03-16,2023-05-16,2024-10-01
2374,2023-02-27,2023-01-17,2024-01-25
1107,2023-03-27,2023-03-21,2024-10-26
13304,2023-02-20,2023-07-08,2024-01-28
8285,2023-06-26,2023-01-04,2024-02-25
1268,2023-04-28,2023-11-21,2024-08-26
11637,2023-08-02,2023-09-12,2024-01-05
7526,2023-04-05,2023-07-16,2024-05-12
5297,2023-12-10,2023-03-10,2024-11-27
593,2023-06-03,2023-03-22,2024-07-02
7440,2023-04-17,2023-12-09,2024-09-19
12592,2023-01-06,2023-09-15,2024-03-19
14054,2023-03-02,2023-10-05,2024-10-04
5909,2023-01-02,2023-08-28,2024-12-26
298,2023-10-04,2023-08-09,2024-06-03
8975,2023-06-03,2023-02-06,2024-09-03
7628,2023-01-12,2023-08-23,2024-10-07
10820,2023-05-01,2023-10-23,2024-11-05
7436,2023-06-09,2023-07-11,2024-02-16
14664,2023-06-06,2023-07-12,2024-05-02
133,2023-01-19,2023-08-03,2024-10-09
8615,2023-02-17,2023-10-17,2024-02-01
2442,2023-06-10,2023-12-09,2024-11-13
6081,2023-12-25,2023-11-05,2024-05-03
4343,2023-07-16,2023-10-05,2024-06-19
4374,2023-09-22,2023-03-14,2024-12-13
4062,2023-12-07,2023-09-22,2024-03-18
13660,2023-06-01,2023-03-26,2024-10-11
2321,2023-07-05,2023-06-16,2024-07-06
5911,2023-04-13,2023-09-16,2024-09-06
12158,2023-08-01,2023-11-13,2024-03-01
14983,2023-02-22,2023-04-28,2024-06-19
13270,2023-04-13,2023-09-24,2024-05-14
11584,2023-11-23,2023-08-19,2024-07-09
7667,2023-07-02,2023-10-23,2024-06-25
1055,2023-07-04,2023-01-10,2024-03-14
13933,2023-05-25,2023-10-06,2024-12-28
184,2023-11-27,2023-02-01,2024-03-06
1381,2023-10-13,2023-05-08,2024-08-09
3067,2023-12-11,2023-01-23,2024-10-05
7717,2023-05-01,2023-08-06,2024-10-20
3212,2023-01-10,2023-10-22,2024-07-28
10362,2023-11-10,2023-03-02,2024-04-20
7756,2023-11-14,2023-02-26,2024-10-14
6158,2023-05-19,2023-02-05,2024-04-14
1224,2023-02-28,2023-07-22,2024-07-09
13455,2023-06-15,2023-03-21,2024-03-05
110,2023-03-09,2023-11-22,2024-06-17
11910,2023-10-07,2023-04-09,2024-07-15
11458,2023-07-27,2023-11-21,2024-06-12
9238,2023-05-16,2023-04-27,2024-01-26
11055,2023-08-14,2023-03-10,2024-03-20
6205,2023-05-11,2023-06-20,2024-02-24
8483,2023-04-08,2023-03-27,2024-04-09
3710,2023-11-20,2023-04-22,2024-06-16
6537,2023-02-21,2023-06-01,2024-04-12
12746,2023-03-20,2023-12-28,2024-04-09
11923,2023-01-10,2023-11-22,2024-11-04
14627,2023-09-03,2023-11-25,2024-12-20
12473,2023-09-10,2023-08-07,2024-05-22
3039,2023-07-09,2023-04-18,2024-02-19
10426,2023-09-04,2023-09-04,2024-03-26
4958,2023-10-27,2023-09-08,2024-05-16
7236,2023-12-09,2023-04-15,2024-04-17
5226,2023-03-20,2023-03-11,2024-12-09
5689,2023-10-28,2023-04-11,2024-12-02
2474,2023-07-01,2023-05-08,2024-10-08
8295,2023-01-03,2023-12-22,2024-09-08
11562,2023-12-03,2023-10-01,2024-06-26
4940,2023-06-23,2023-05-04,2024-09-10
4046,2023-10-10,2023-12-06,2024-09-18
2074,2023-03-08,2023-10-27,2024-11-13
3300,2023-02-12,2023-02-24,2024-06-08
11566,2023-09-04,2023-01-26,2024-09-09
6604,2023-05-02,2023-10-26,2024-06-19
12918,2023-09-24,2023-05-17,2024-07-14
4813,2023-10-21,2023-03-25,2024-04-18
54,2023-06-01,2023-08-14,2024-11-21
5732,2023-12-06,2023-09-10,2024-06-01
6615,2023-05-16,2023-11-10,2024-11-11
14954,2023-07-06,2023-01-14,2024-07-14
9785,2023-12-19,2023-03-17,2024-07-04
698,2023-10-09,2023-08-08,2024-02-16
8039,2023-05-08,2023-02-09,2024-10-15
6189,2023-06-12,2023-04-22,2024-06-03
9266,2023-10-06,2023-02-20,2024-06-07
1607,2023-05-13,2023-02-06,2024-02-05
9102,2023-09-01,2023-09-27,2024-04-13
13942,2023-04-10,2023-12-09,2024-06-13
13898,2023-02-26,2023-12-12,2024-12-24
13247,2023-05-18,2023-07-14,2024-02-24
6287,2023-11-11,2023-03-25,2024-08-10
5269,2023-03-24,2023-08-06,2024-04-23
13658,2023-12-13,2023-06-25,2024-10-06
1619,2023-11-19,2023-05-07,2024-03-19
7206,2023-03-17,2023-02-05,2024-05-23
2053,2023-11-13,2023-03-11,2024-06-11
1740,2023-01-22,2023-02-06,2024-09-06
2146,2023-04-23,2023-12-06,2024-12-20
7487,2023-12-06,2023-01-14,2024-11-28
6093,2023-07-01,2023-03-02,2024-08-27
14197,2023-04-04,2023-08-15,2024-05-02
4564,2023-09-04,2023-05-03,2024-09-08
4715,2023-01-04,2023-07-20,2024-11-13
12887,2023-06-08,2023-11-25,2024-03-08
6223,2023-12-11,2023-01-06,2024-02-22
2518,2023-06-12,2023-09-23,2024-09-09
4628,2023-12-02,2023-01-08,2024-03-03
12394,2023-06-26,2023-08-24,2024-03-07
4393,2023-04-05,2023-03-19,2024-08-10
4924,2023-11-17,2023-08-06,2024-09-17
5059,2023-05-16,2023-02-22,2024-07-12
13850,2023-01-21,2023-06-23,2024-04-02
4205,2023-07-22,2023-11-24,2024-04-13
63,2023-06-17,2023-10-01,2024-03-14
8215,2023-12-23,2023-05-07,2024-02-17
12292,2023-11-07,2023-10-22,2024-09-16
5188,2023-12-26,2023-04-09,2024-07-04
3178,2023-07-21,2023-04-18,2024-12-13
1745,2023-04-08,2023-04-10,2024-10-17
4009,2023-11-25,2023-03-22,2024-10-19
14322,2023-08-18,2023-01-06,2024-12-17
14548,2023-05-25,2023-02-07,2024-09-03
3303,2023-05-22,2023-02-10,2024-12-24
7688,2023-12-07,2023-02-02,2024-02-17
11944,2023-10-16,2023-06-18,2024-03-28
5874,2023-03-07,2023-05-08,2024-04-10
6988,2023-10-17,2023-02-26,2024-11-07
1183,2023-02-05,2023-11-23,2024-08-23
7228,2023-03-04,2023-08-15,2024-05-23
5556,2023-02-03,2023-08-15,2024-08-03
10770,2023-04-04,2023-01-15,2024-03-07
4260,2023-11-24,2023-07-12,2024-03-01
2560,2023-04-19,2023-06-19,2024-07-28
14639,2023-12-25,2023-07-05,2024-02-06
7067,2023-03-28,2023-09-24,2024-05-06
11866,2023-04-10,2023-06-23,2024-05-16
12221,2023-04-21,2023-09-01,2024-09-22
1038,2023-10-11,2023-05-13,2024-10-08
13319,2023-08-13,2023-04-01,2024-02-04
12251,2023-08-06,2023-05-07,2024-05-24
7177,2023-01-17,2023-11-22,2024-02-01
10533,2023-10-14,2023-07-17,2024-01-23
8137,2023-01-23,2023-07-21,2024-11-26
3904,2023-05-15,2023-06-20,2024-10-23
9613,2023-11-13,2023-03-12,2024-01-21
7179,2023-09-06,2023-12-07,2024-04-10
13768,2023-07-13,2023-10-18,2024-11-17
2170,2023-09-09,2023-03-21,2024-12-23
11229,2023-11-02,2023-08-13,2024-10-06
2334,2023-06-27,2023-09-15,2024-12-18
8232,2023-10-10,2023-07-08,2024-06-26
3163,2023-09-25,2023-09-18,2024-07-15
11665,2023-05-20,2023-06-27,2024-06-16
12645,2023-03-22,2023-11-09,2024-09-16
6802,2023-07-07,2023-07-16,2024-01-22
297,2023-08-24,2023-08-24,2024-01-27
8215,2023-01-08,2023-03-04,2024-10-13
2872,2023-11-06,2023-08-07,2024-01-09
1495,2023-04-18,2023-06-20,2024-01-05
5592,2023-10-17,2023-08-19,2024-10-21
927,2023-11-15,2023-03-12,2024-02-15
9971,2023-01-26,2023-05-02,2024-10-18
11452,2023-12-02,2023-07-19,2024-09-10
12311,2023-08-10,2023-05-13,2024-08-13
13150,2023-06-06,2023-07-11,2024-03-03
11871,2023-03-20,2023-12-06,2024-09-04
7221,2023-10-28,2023-08-25,2024-03-10
13936,2023-12-14,2023-05-01,2024-12-24
11804,2023-02-08,2023-02-05,2024-02-25
5037,2023-11-21,2023-01-08,2024-06-03
7784,2023-11-06,2023-07-25,2024-05-27
11958,2023-10-19,2023-10-28,2024-11-22
9958,2023-06-26,2023-08-28,2024-03-19
12105,2023-08-11,2023-05-21,2024-08-16
3684,2023-04-17,2023-03-10,2024-07-26
8764,2023-07-20,2023-06-04,2024-11-09
303,2023-04-04,2023-09-08,2024-06-26
4165,2023-06-13,2023-12-13,2024-10-01
10899,2023-12-16,2023-06-13,2024-01-21
13733,2023-10-23,2023-09-15,2024-02-20
5970,2023-01-02,2023-02-12,2024-04-21
8782,2023-07-14,2023-04-02,2024-03-13
1446,2023-06-13,2023-05-21,2024-08-04
7051,2023-08-23,2023-05-13,2024-07-18
2032,2023-02-24,2023-10-13,2024-03-26
14836,2023-02-25,2023-05-24,2024-06-03
2028,2023-01-17,2023-11-24,2024-02-01
12715,2023-02-24,2023-10-03,2024-02-09
8564,2023-08-18,2023-07-03,2024-07-03
1925,2023-01-09,2023-06-12,2024-08-12
2847,2023-08-08,2023-05-11,2024-09-07
5634,2023-01-09,2023-04-12,2024-09-15
12848,2023-03-07,2023-11-04,2024-03-16
4167,2023-08-13,2023-10-23,2024-11-26
8128,2023-02-08,2023-07-11,2024-12-23
4989,2023-01-02,2023-01-05,2024-03-10
1190,2023-07-19,2023-04-10,2024-01-14
13440,2023-03-14,2023-11-14,2024-08-10
9457,2023-03-23,2023-09-28,2024-04-04
2613,2023-07-26,2023-11-27,2024-01-18
14041,2023-09-18,2023-06-01,2024-12-28
11999,2023-03-19,2023-07-11,2024-09-07
1682,2023-02-25,2023-08-15,2024-01-19
2460,2023-06-10,2023-11-01,2024-06-02
3652,2023-08-12,2023-12-08,2024-06-01
14198,2023-08-09,2023-05-11,2024-09-06
10983,2023-05-23,2023-08-17,2024-12-13
2253,2023-09-18,2023-03-18,2024-12-13
8894,2023-09-23,2023-01-10,2024-05-11
8121,2023-02-03,2023-07-15,2024-09-22
8746,2023-01-23,2023-04-14,2024-02-06
14536,2023-02-28,2023-03-04,2024-11-19
3011,2023-05-16,2023-02-17,2024-04-13
1064,2023-11-24,2023-06-14,2024-02-20
9700,2023-09-09,2023-02-05,2024-12-17
10715,2023-03-06,2023-04-08,2024-12-27
10583,2023-12-09,2023-11-24,2024-05-03
10035,2023-04-26,2023-04-05,2024-07-26
14639,2023-01-05,2023-06-14,2024-04-24
6428,2023-09-19,2023-11-19,2024-10-19
12619,2023-01-02,2023-04-26,2024-09-05
5889,2023-03-19,2023-07-06,2024-11-01
11604,2023-07-27,2023-12-27,2024-07-25
413,2023-07-10,2023-06-05,2024-01-09
11332,2023-03-09,2023-05-16,2024-02-09
14822,2023-06-05,2023-09-21,2024-09-27
13364,2023-12-19,2023-04-05,2024-01-04
14211,2023-07-14,2023-07-24,2024-07-22
651,2023-01-04,2023-09-23,2024-09-12
3372,2023-01-24,2023-04-07,2024-12-02
4096,2023-11-22,2023-10-18,2024-07-11
10767,2023-09-18,2023-02-11,2024-12-19
7784,2023-09-02,2023-09-04,2024-10-28
785,2023-04-22,2023-07-22,2024-12-04
4857,2023-01-16,2023-04-21,2024-09-07
4743,2023-05-07,2023-06-16,2024-02-27
3251,2023-10-26,2023-12-18,2024-11-15
13271,2023-12-07,2023-02-23,2024-08-11
10673,2023-09-22,2023-03-21,2024-10-15
2101,2023-03-19,2023-07-26,2024-03-07
12186,2023-06-08,2023-12-27,2024-11-06
10082,2023-12-02,2023-03-01,2024-08-25
13505,2023-10-14,2023-09-25,2024-10-21
9679,2023-02-26,2023-08-12,2024-10-23
6906,2023-08-17,2023-10-26,2024-05-27
6761,2023-03-03,2023-04-26,2024-06-22
8440,2023-11-19,2023-05-12,2024-05-06
9341,2023-03-27,2023-06-28,2024-05-11
9614,2023-08-14,2023-05-21,2024-12-11
5658,2023-04-13,2023-06-13,2024-07-17
1266,2023-07-01,2023-12-23,2024-10-15
12994,2023-02-20,2023-05-05,2024-07-19
6217,2023-12-22,2023-01-20,2024-12-05
6752,2023-03-05,2023-06-24,2024-12-18
9404,2023-05-27,2023-07-14,2024-04-05
6657,2023-10-08,2023-05-08,2024-02-14
9979,2023-05-18,2023-06-24,2024-10-28
11687,2023-10-15,2023-09-18,2024-03-17
12539,2023-01-24,2023-03-22,2024-10-06
14747,2023-02-07,2023-04-05,2024-10-10
12289,2023-07-25,2023-07-18,2024-03-22
6898,2023-11-15,2023-12-26,2024-12-13
13915,2023-09-12,2023-12-07,2024-04-09
7429,2023-07-09,2023-06-16,2024-08-07
13227,2023-03-01,2023-08-18,2024-07-02
706,2023-12-05,2023-11-21,2024-02-01
13924,2023-08-19,2023-10-11,2024-12-22
4290,2023-12-01,2023-04-22,2024-11-22
9385,2023-05-27,2023-06-19,2024-05-03
794,2023-03-10,2023-06-01,2024-12-18
8768,2023-09-05,2023-01-21,2024-04-02
148,2023-11-10,2023-03-08,2024-04-08
9683,2023-09-16,2023-02-08,2024-06-03
6769,2023-02-22,2023-08-23,2024-02-02
12123,2023-08-06,2023-06-06,2024-09-21
7970,2023-12-16,2023-10-17,2024-05-07
6842,2023-02-03,2023-02-26,2024-09-23
11550,2023-01-13,2023-08-26,2024-10-12
5451,2023-09-20,2023-01-08,2024-10-17
339,2023-07-07,2023-07-26,2024-09-06
11965,2023-05-25,2023-03-26,2024-01-23
13648,2023-09-08,2023-09-19,2024-03-13
14230,2023-06-03,2023-10-27,2024-09-05
13549,2023-10-16,2023-03-09,2024-05-17
5338,2023-06-02,2023-08-23,2024-03-16
3434,2023-02-20,2023-01-08,2024-10-06
743,2023-12-06,2023-11-28,2024-01-14
8376,2023-02-24,2023-12-07,2024-12-18
3055,2023-10-12,2023-05-12,2024-12-09
10042,2023-02-05,2023-08-19,2024-03-01
1934,2023-09-15,2023-10-02,2024-09-11
8202,2023-02-12,2023-09-04,2024-04-21
857,2023-01-28,2023-06-19,2024-02-26
3256,2023-06-01,2023-11-07,2024-05-10
11865,2023-02-21,2023-04-16,2024-06-25
9953,2023-11-28,2023-05-09,2024-01-13
5849,2023-01-07,2023-02-28,2024-07-26
14347,2023-01-23,2023-11-23,2024-01-10
2578,2023-05-04,2023-04-22,2024-08-16
11006,2023-10-17,2023-03-20,2024-02-01
12920,2023-03-22,2023-10-13,2024-09-04
10352,2023-07-01,2023-03-10,2024-12-15
8955,2023-01-25,2023-01-09,2024-04-22
5763,2023-09-10,2023-07-24,2024-08-24
9666,2023-04-04,2023-01-26,2024-12-05
4557,2023-06-12,2023-05-25,2024-03-13
11891,2023-01-22,2023-12-21,2024-11-14
6691,2023-03-16,2023-11-25,2024-08-04
4767,2023-05-02,2023-02-05,2024-03-24
1290,2023-01-20,2023-06-06,2024-11-28
11415,2023-03-27,2023-02-10,2024-03-26
6895,2023-07-06,2023-12-17,2024-02-01
12439,2023-08-22,2023-06-06,2024-05-21
2876,2023-11-07,2023-04-06,2024-06-15
516,2023-11-28,2023-05-18,2024-01-21
4094,2023-09-16,2023-02-13,2024-10-26
5362,2023-04-04,2023-10-21,2024-10-01
14556,2023-02-07,2023-09-16,2024-07-04
952,2023-02-12,2023-11-10,2024-02-05
875,2023-10-22,2023-12-02,2024-05-17
14904,2023-06-20,2023-04-06,2024-09-20
9534,2023-01-23,2023-04-07,2024-09-23
122,2023-06-08,2023-07-20,2024-08-01
5003,2023-08-18,2023-09-16,2024-09-09
6732,2023-10-22,2023-03-21,2024-01-26
9646,2023-05-11,2023-09-17,2024-12-17
12186,2023-01-04,2023-07-17,2024-03-19
3120,2023-02-07,2023-05-24,2024-06-20
4960,2023-07-14,2023-11-23,2024-01-12
12946,2023-09-21,2023-04-07,2024-12-25
7836,2023-04-18,2023-12-10,2024-07-21
11784,2023-12-14,2023-12-08,2024-12-18
11670,2023-11-19,2023-08-26,2024-04-26
2851,2023-08-01,2023-08-08,2024-02-28
5189,2023-08-06,2023-12-22,2024-09-02
9390,2023-05-04,2023-03-25,2024-01-15
11567,2023-07-17,2023-03-18,2024-01-02
13958,2023-11-06,2023-02-22,2024-05-09
9032,2023-07-11,2023-11-24,2024-08-03
6358,2023-07-09,2023-12-26,2024-12-20
10826,2023-06-05,2023-10-13,2024-02-22
10499,2023-10-21,2023-06-07,2024-01-04
13852,2023-08-21,2023-05-05,2024-09-28
3702,2023-09-07,2023-08-28,2024-08-16
1897,2023-11-28,2023-08-10,2024-02-24
12647,2023-02-16,2023-05-16,2024-11-06
2628,2023-02-13,2023-12-21,2024-04-12
12854,2023-11-28,2023-03-11,2024-11-24
3218,2023-11-08,2023-04-09,2024-01-11
3168,2023-02-11,2023-02-24,2024-03-08
1467,2023-09-14,2023-10-18,2024-05-05
4171,2023-10-24,2023-07-24,2024-07-02
12473,2023-01-16,2023-01-08,2024-08-16
2090,2023-06-19,2023-08-26,2024-08-19
9855,2023-01-28,2023-06-22,2024-08-15
1432,2023-11-08,2023-12-13,2024-07-17
4254,2023-07-13,2023-03-01,2024-04-10
7824,2023-01-20,2023-01-19,2024-04-23
3067,2023-07-13,2023-04-04,2024-01-22
5271,2023-06-20,2023-09-12,2024-10-02
10711,2023-01-19,2023-09-14,2024-11-01
5217,2023-02-02,2023-06-04,2024-10-19
1950,2023-06-16,2023-12-14,2024-07-26
5965,2023-06-07,2023-11-04,2024-08-24
9345,2023-07-01,2023-10-22,2024-08-27
13203,2023-07-03,2023-12-08,2024-01-04
793,2023-11-04,2023-08-11,2024-07-06
13694,2023-01-04,2023-04-23,2024-04-07
14212,2023-11-06,2023-12-15,2024-12-23
475,2023-08-24,2023-03-22,2024-08-13
8729,2023-01-13,2023-04-17,2024-09-08
9117,2023-06-16,2023-05-05,2024-02-01
1762,2023-11-21,2023-05-20,2024-02-24
2765,2023-11-16,2023-04-10,2024-02-13
6566,2023-12-06,2023-12-10,2024-04-21
6608,2023-01-07,2023-12-22,2024-08-05
14032,2023-11-26,2023-09-16,2024-09-04
7601,2023-08-02,2023-04-25,2024-11-19
8346,2023-02-09,2023-02-09,2024-06-22
11766,2023-02-10,2023-11-11,2024-06-05
402,2023-02-04,2023-02-07,2024-11-09
12121,2023-04-22,2023-10-07,2024-06-18
3878,2023-06-02,2023-01-20,2024-11-14
13364,2023-12-13,2023-05-06,2024-04-26
11099,2023-12-27,2023-08-03,2024-04-05
9517,2023-09-11,2023-03-06,2024-03-20
8514,2023-04-23,2023-10-17,2024-05-13
14227,2023-09-03,2023-01-06,2024-07-08
9604,2023-07-20,2023-11-02,2024-06-16
4614,2023-04-11,2023-04-21,2024-05-10
10487,2023-11-11,2023-02-03,2024-12-03
7031,2023-02-14,2023-08-24,2024-02-21
31,2023-03-22,2023-07-06,2024-07-15
5227,2023-01-12,2023-05-15,2024-04-04
12519,2023-06-11,2023-01-13,2024-06-03
3213,2023-12-27,2023-09-04,2024-11-12
9286,2023-06-18,2023-09-25,2024-07-13
14321,2023-08-25,2023-11-21,2024-01-18
4333,2023-08-06,2023-06-03,2024-08-02
3683,2023-12-04,2023-09-06,2024-05-27
13348,2023-08-18,2023-08-21,2024-09-14
7801,2023-03-13,2023-09-02,2024-09-23
5204,2023-11-21,2023-07-26,2024-09-24
13045,2023-03-03,2023-11-19,2024-09-26
10213,2023-01-19,2023-06-06,2024-03-01
2601,2023-09-25,2023-07-02,2024-02-15
4275,2023-11-06,2023-12-07,2024-03-04
2300,2023-04-09,2023-11-12,2024-05-26
5874,2023-03-11,2023-11-12,2024-07-02
3120,2023-02-06,2023-01-13,2024-08-14
13225,2023-05-22,2023-10-19,2024-11-24
7724,2023-07-16,2023-09-24,2024-06-20
558,2023-04-01,2023-12-11,2024-09-26
12161,2023-03-09,2023-06-03,2024-12-15
1803,2023-09-14,2023-08-13,2024-01-22
775,2023-06-01,2023-03-22,2024-11-03
5019,2023-10-03,2023-03-24,2024-02-04
4482,2023-01-22,2023-09-19,2024-05-12
11207,2023-03-15,2023-11-27,2024-05-06
14613,2023-01-01,2023-07-06,2024-05-03
7725,2023-07-21,2023-11-22,2024-11-21
11831,2023-04-04,2023-05-23,2024-01-23
10851,2023-04-14,2023-06-23,2024-03-13
930,2023-09-01,2023-12-18,2024-05-20
13568,2023-07-16,2023-12-08,2024-02-05
12471,2023-09-17,2023-08-21,2024-02-22
5980,2023-08-01,2023-11-17,2024-11-24
6143,2023-01-22,2023-04-25,2024-06-26
11434,2023-11-18,2023-07-19,2024-04-20
10647,2023-12-11,2023-06-22,2024-03-06
7171,2023-10-01,2023-01-25,2024-12-16
12579,2023-01-24,2023-09-20,2024-04-25
11325,2023-04-19,2023-05-02,2024-01-28
7880,2023-08-26,2023-01-01,2024-09-10
11442,2023-06-12,2023-10-28,2024-09-25
3891,2023-02-08,2023-05-16,2024-08-25
5992,2023-01-14,2023-01-26,2024-09-17
13929,2023-11-27,2023-08-18,2024-03-17
12009,2023-03-03,2023-05-19,2024-12-16
12469,2023-01-05,2023-02-10,2024-02-26
9601,2023-03-17,2023-09-06,2024-11-19
348,2023-12-28,2023-12-13,2024-01-25
1320,2023-11-05,2023-02-13,2024-10-05
13027,2023-06-18,2023-01-01,2024-12-22
11778,2023-04-12,2023-04-15,2024-06-19
4069,2023-09-11,2023-01-13,2024-04-22
3612,2023-04-11,2023-08-14,2024-01-05
13659,2023-06-24,2023-08-25,2024-12-15
13946,2023-11-09,2023-07-04,2024-07-13
1870,2023-04-18,2023-04-01,2024-11-20
1106,2023-04-09,2023-09-28,2024-07-03
4100,2023-07-28,2023-11-27,2024-11-18
5953,2023-10-13,2023-10-15,2024-04-15
12389,2023-01-27,2023-07-24,2024-02-20
585,2023-02-13,2023-06-09,2024-02-21
3702,2023-10-03,2023-09-25,2024-02-18
2000,2023-11-17,2023-02-08,2024-10-06
1649,2023-09-14,2023-06-05,2024-04-04
14533,2023-09-24,2023-08-19,2024-08-19
10133,2023-09-16,2023-12-12,2024-02-28
14266,2023-10-04,2023-07-08,2024-11-05
14012,2023-08-09,2023-11-27,2024-08-20
7325,2023-09-24,2023-12-12,2024-11-14
7939,2023-11-08,2023-06-17,2024-09-10
2795,2023-11-25,2023-05-07,2024-08-13
13391,2023-12-09,2023-10-18,2024-09-25
12178,2023-02-14,2023-06-23,2024-02-15
11452,2023-02-22,2023-06-12,2024-01-16
14885,2023-12-23,2023-01-08,2024-05-22
716,2023-08-28,2023-05-09,2024-10-14
1864,2023-03-27,2023-03-07,2024-02-15
1647,2023-10-21,2023-08-26,2024-10-06
1259,2023-06-09,2023-05-05,2024-09-02
2159,2023-03-11,2023-03-13,2024-08-17
1132,2023-01-23,2023-01-26,2024-04-26
9014,2023-12-12,2023-11-09,2024-08-10
12520,2023-05-08,2023-02-26,2024-11-03
7399,2023-08-01,2023-06-27,2024-12-20
13737,2023-11-10,2023-03-22,2024-10-13
10977,2023-08-08,2023-03-02,2024-09-26
5218,2023-04-28,2023-02-12,2024-07-24
12846,2023-06-08,2023-12-07,2024-03-01
6885,2023-01-01,2023-04-20,2024-02-26
10034,2023-09-17,2023-04-06,2024-03-19
11605,2023-08-22,2023-07-22,2024-08-22
9156,2023-11-14,2023-07-14,2024-02-01
8436,2023-01-06,2023-08-20,2024-11-24
11398,2023-03-26,2023-01-13,2024-12-22
10611,2023-08-26,2023-09-10,2024-08-26
3539,2023-03-01,2023-11-23,2024-03-14
14918,2023-01-22,2023-05-01,2024-10-07
10575,2023-08-12,2023-07-01,2024-07-08
14463,2023-07-18,2023-10-08,2024-09-02
14581,2023-11-09,2023-12-19,2024-08-23
3814,2023-08-01,2023-11-27,2024-05-02
5597,2023-06-20,2023-02-20,2024-08-14
2365,2023-04-08,2023-12-21,2024-12-22
7312,2023-09-03,2023-10-01,2024-03-22
2423,2023-04-07,2023-06-22,2024-12-07
14304,2023-05-11,2023-08-16,2024-10-12
14167,2023-08-17,2023-03-07,2024-10-26
13600,2023-05-20,2023-05-01,2024-03-08
12556,2023-11-04,2023-03-23,2024-03-18
2972,2023-06-27,2023-02-27,2024-02-21
4988,2023-10-17,2023-02-01,2024-09-07
2044,2023-11-24,2023-03-08,2024-11-01
7547,2023-10-13,2023-04-09,2024-06-07
4513,2023-03-02,2023-10-01,2024-05-10
7187,2023-09-17,2023-08-13,2024-04-07
9769,2023-11-14,2023-10-23,2024-03-17
10885,2023-12-22,2023-11-03,2024-07-13
13970,2023-11-14,2023-12-15,2024-11-20
2016,2023-02-26,2023-11-23,2024-05-04
3191,2023-10-27,2023-08-25,2024-04-01
11208,2023-03-11,2023-09-02,2024-08-21
2960,2023-12-12,2023-04-23,2024-09-22
10114,2023-09-20,2023-05-17,2024-11-22
8894,2023-08-26,2023-10-14,2024-02-01
13938,2023-10-22,2023-02-08,2024-10-09
10754,2023-07-15,2023-11-07,2024-04-19
610,2023-06-05,2023-08-28,2024-09-06
12067,2023-05-14,2023-07-19,2024-02-11
356,2023-07-26,2023-03-10,2024-01-27
456,2023-04-13,2023-01-01,2024-12-15
5527,2023-07-01,2023-12-14,2024-04-14
14307,2023-10-06,2023-10-15,2024-06-15
6398,2023-12-27,2023-07-07,2024-03-25
3015,2023-04-11,2023-06-14,2024-11-19
13308,2023-05-28,2023-09-05,2024-10-24
1164,2023-02-06,2023-09-13,2024-11-07
4259,2023-05-15,2023-08-23,2024-07-05
5349,2023-02-14,2023-04-11,2024-05-17
13504,2023-01-27,2023-07-03,2024-02-12
1675,2023-01-12,2023-12-04,2024-09-23
9950,2023-12-17,2023-02-15,2024-11-06
31,2023-09-23,2023-10-07,2024-07-10
9176,2023-09-20,2023-03-18,2024-07-10
11260,2023-02-06,2023-09-06,2024-03-17
7787,2023-04-08,2023-02-01,2024-07-09
11436,2023-09-17,2023-06-21,2024-04-26
4941,2023-02-08,2023-12-02,2024-01-24
3737,2023-05-16,2023-09-01,2024-04-22
10208,2023-02-05,2023-11-25,2024-12-18
13709,2023-09-11,2023-09-19,2024-05-12
9736,2023-08-17,2023-03-04,2024-01-09
1284,2023-02-01,2023-05-12,2024-11-07
12021,2023-03-07,2023-10-11,2024-08-14
11909,2023-11-25,2023-01-01,2024-06-15
5024,2023-06-21,2023-08-07,2024-07-18
6911,2023-11-05,2023-04-26,2024-10-25
6589,2023-09-28,2023-11-03,2024-07-09
14489,2023-11-26,2023-01-01,2024-06-07
4082,2023-05-10,2023-07-22,2024-07-23
9273,2023-10-23,2023-05-06,2024-09-08
13662,2023-01-02,2023-07-25,2024-07-08
6945,2023-06-03,2023-10-12,2024-08-11
3778,2023-08-22,2023-07-05,2024-06-13
4459,2023-03-18,2023-02-18,2024-07-07
8961,2023-11-18,2023-09-15,2024-12-12
2149,2023-01-12,2023-05-17,2024-04-12
3237,2023-07-02,2023-04-05,2024-06-02
13915,2023-08-23,2023-04-13,2024-09-15
7528,2023-01-13,2023-02-05,2024-09-24
6344,2023-06-07,2023-05-05,2024-09-15
12662,2023-12-19,2023-10-25,2024-12-18
1829,2023-11-12,2023-08-12,2024-04-10
14338,2023-10-17,2023-10-15,2024-05-08
8868,2023-06-08,2023-09-20,2024-06-20
13108,2023-07-24,2023-06-25,2024-01-03
9684,2023-08-27,2023-02-24,2024-01-23
2620,2023-11-23,2023-09-22,2024-11-12
9157,2023-08-08,2023-05-21,2024-02-23
6151,2023-03-24,2023-05-12,2024-07-12
12065,2023-11-25,2023-06-15,2024-12-20
1061,2023-02-21,2023-07-25,2024-12-18
4964,2023-06-15,2023-05-18,2024-08-02
1619,2023-01-04,2023-05-22,2024-09-08
12526,2023-08-22,2023-04-07,2024-08-22
3804,2023-07-17,2023-04-13,2024-07-07
12317,2023-03-24,2023-01-06,2024-04-12
11313,2023-11-10,2023-06-04,2024-07-14
14734,2023-02-16,2023-08-23,2024-02-22
6339,2023-02-05,2023-06-05,2024-11-15
1419,2023-07-03,2023-05-14,2024-02-23
5057,2023-11-27,2023-07-22,2024-03-01
2242,2023-06-05,2023-09-09,2024-04-10
5996,2023-12-11,2023-04-19,2024-05-16
10513,2023-09-14,2023-11-08,2024-06-02
14683,2023-03-26,2023-01-24,2024-01-12
4174,2023-05-20,2023-11-09,2024-02-07
268,2023-11-07,2023-02-24,2024-10-16
6167,2023-07-21,2023-11-27,2024-07-22
5560,2023-06-22,2023-07-14,2024-02-07
11551,2023-02-04,2023-11-28,2024-11-22
461,2023-08-23,2023-09-08,2024-12-12
8462,2023-05-14,2023-12-13,2024-05-09
11781,2023-11-14,2023-04-17,2024-03-12
5152,2023-07-19,2023-09-26,2024-12-20
10970,2023-10-15,2023-12-01,2024-02-20
6942,2023-02-21,2023-10-28,2024-01-17
5368,2023-10-24,2023-04-06,2024-04-08
9672,2023-04-18,2023-06-27,2024-06-15
5778,2023-08-07,2023-04-09,2024-11-26
7862,2023-09-27,2023-10-09,2024-08-13
14371,2023-01-15,2023-04-16,2024-04-10
10057,2023-10-11,2023-06-28,2024-01-08
11349,2023-03-28,2023-10-20,2024-02-10
10329,2023-01-20,2023-01-04,2024-12-01
1808,2023-12-09,2023-07-27,2024-05-18
5864,2023-08-19,2023-10-23,2024-07-16
10332,2023-08-09,2023-05-08,2024-02-11
6737,2023-10-19,2023-04-05,2024-04-10
9788,2023-12-08,2023-03-28,2024-04-12
2053,2023-07-28,2023-05-16,2024-02-14
14199,2023-02-15,2023-04-03,2024-06-28
10442,2023-06-20,2023-08-28,2024-08-19
7837,2023-04-01,2023-09-09,2024-09-23
14542,2023-09-28,2023-06-09,2024-10-10
13706,2023-01-02,2023-07-27,2024-10-03
9410,2023-03-16,2023-11-21,2024-06-15
4819,2023-10-23,2023-09-12,2024-12-02
9931,2023-02-26,2023-02-06,2024-10-03
14437,2023-04-03,2023-06-04,2024-06-09
11738,2023-02-28,2023-03-28,2024-07-07
7658,2023-10-06,2023-08-16,2024-06-12
5857,2023-04-02,2023-07-06,2024-02-01
5951,2023-01-11,2023-04-22,2024-04-06
10394,2023-06-04,2023-08-21,2024-03-12
12817,2023-08-23,2023-08-04,2024-08-03
7140,2023-05-18,2023-06-04,2024-08-10
492,2023-07-20,2023-12-24,2024-12-28
11826,2023-10-23,2023-02-08,2024-05-14
9237,2023-12-14,2023-09-10,2024-11-19
1787,2023-02-23,2023-06-03,2024-06-08
2908,2023-05-08,2023-09-24,2024-08-15
13952,2023-03-07,2023-09-11,2024-09-11
7616,2023-04-28,2023-06-19,2024-03-03
1997,2023-04-04,2023-09-26,2024-02-17
6748,2023-10-25,2023-05-22,2024-07-18
6810,2023-03-01,2023-01-20,2024-06-08
3609,2023-01-10,2023-05-07,2024-04-23
4011,2023-11-11,2023-12-01,2024-10-09
8164,2023-11-10,2023-05-15,2024-08-25
13512,2023-05-04,2023-07-28,2024-03-16
6396,2023-08-27,2023-03-26,2024-03-08
2176,2023-09-27,2023-09-08,2024-09-10
4337,2023-08-16,2023-05-02,2024-12-23
9490,2023-09-26,2023-04-06,2024-07-22
65,2023-03-01,2023-06-14,2024-06-02
8631,2023-02-14,2023-10-27,2024-02-25
7631,2023-02-03,2023-09-18,2024-01-15
14347,2023-07-20,2023-01-05,2024-10-05
14407,2023-02-27,2023-12-07,2024-12-12
1439,2023-05-20,2023-09-26,2024-07-10
1043,2023-11-06,2023-12-04,2024-04-16
11899,2023-05-15,2023-07-13,2024-06-09
9073,2023-11-22,2023-09-11,2024-08-05
10831,2023-03-05,2023-04-09,2024-03-19
14532,2023-02-09,2023-12-17,2024-05-01
12819,2023-07-24,2023-01-17,2024-10-21
6292,2023-10-05,2023-11-16,2024-03-13
6920,2023-03-18,2023-06-04,2024-02-27
8588,2023-02-21,2023-09-15,2024-08-10
8046,2023-11-11,2023-09-04,2024-12-09
2891,2023-07-26,2023-03-12,2024-02-26
11667,2023-04-23,2023-07-05,2024-12-08
278,2023-11-08,2023-06-24,2024-05-09
3214,2023-10-15,2023-06-08,2024-04-25
8356,2023-02-13,2023-03-23,2024-02-05
7580,2023-12-21,2023-05-22,2024-03-20
3997,2023-03-28,2023-05-02,2024-12-10
6076,2023-12-27,2023-08-20,2024-05-04
7139,2023-06-19,2023-07-28,2024-12-05
26,2023-12-25,2023-10-21,2024-09-06
1042,2023-03-24,2023-04-26,2024-06-04
4784,2023-12-07,2023-11-21,2024-05-07
6826,2023-10-25,2023-09-03,2024-02-06
7328,2023-09-17,2023-08-12,2024-08-03
4201,2023-11-21,2023-09-09,2024-11-01
2842,2023-03-27,2023-03-20,2024-12-21
8929,2023-04-15,2023-04-27,2024-10-23
5376,2023-03-18,2023-07-28,2024-08-12
8500,2023-07-13,2023-12-07,2024-08-19
6070,2023-06-03,2023-01-22,2024-08-15
7563,2023-05-17,2023-10-14,2024-03-01
6329,2023-07-17,2023-07-25,2024-03-28
14841,2023-02-22,2023-01-09,2024-11-20
2867,2023-06-19,2023-06-12,2024-01-01
75,2023-01-06,2023-09-13,2024-02-21
692,2023-01-12,2023-02-14,2024-08-05
6596,2023-03-17,2023-02-17,2024-04-10
2470,2023-06-01,2023-02-27,2024-08-08
776,2023-05-05,2023-04-13,2024-05-02
5797,2023-12-23,2023-10-10,2024-09-24
13441,2023-11-14,2023-09-17,2024-05-09
14178,2023-07-06,2023-12-09,2024-04-01
4930,2023-04-14,2023-12-13,2024-10-04
9023,2023-11-27,2023-01-26,2024-08-23
14362,2023-03-18,2023-05-16,2024-06-05
13957,2023-03-01,2023-03-05,2024-08-07
7590,2023-06-07,2023-02-25,2024-02-07
2058,2023-08-15,2023-03-12,2024-08-24
12393,2023-02-04,2023-04-06,2024-06-02
4939,2023-09-28,2023-10-18,2024-03-26
13345,2023-09-16,2023-05-18,2024-07-06
2680,2023-12-03,2023-06-22,2024-01-04
4323,2023-09-06,2023-12-18,2024-05-20
10162,2023-04-14,2023-12-03,2024-09-05
3759,2023-04-11,2023-07-03,2024-09-18
6673,2023-12-03,2023-08-19,2024-03-06
9982,2023-01-08,2023-10-17,2024-06-24
1850,2023-05-13,2023-12-07,2024-09-21
14389,2023-06-22,2023-12-13,2024-06-19
10940,2023-07-08,2023-09-13,2024-10-10
1917,2023-12-17,2023-10-20,2024-11-22
2218,2023-09-15,2023-08-16,2024-09-26
11848,2023-05-21,2023-07-10,2024-01-04
13523,2023-04-26,2023-03-10,2024-01-01
869,2023-01-28,2023-02-09,2024-08-10
7715,2023-12-17,2023-06-13,2024-03-09
2736,2023-07-05,2023-09-04,2024-03-07
12361,2023-12-06,2023-06-20,2024-11-25
5496,2023-08-09,2023-07-09,2024-05-19
494,2023-04-15,2023-09-11,2024-08-17
11894,2023-04-26,2023-06-08,2024-11-09
5962,2023-10-25,2023-08-18,2024-03-11
13935,2023-03-25,2023-10-23,2024-04-12
6079,2023-09-02,2023-04-22,2024-09-28
12737,2023-02-28,2023-11-09,2024-01-27
9956,2023-09-18,2023-10-07,2024-04-24
13737,2023-06-12,2023-05-07,2024-08-11
5366,2023-07-19,2023-12-25,2024-01-08
14349,2023-10-09,2023-10-24,2024-03-25
13653,2023-12-22,2023-05-18,2024-07-01
8810,2023-12-02,2023-06-11,2024-02-20
1612,2023-07-22,2023-03-13,2024-07-10
5907,2023-05-03,2023-08-21,2024-02-03
788,2023-08-05,2023-06-18,2024-04-21
4439,2023-06-12,2023-12-03,2024-09-09
4501,2023-07-13,2023-06-07,2024-01-25
12479,2023-08-13,2023-11-21,2024-01-09
7204,2023-04-23,2023-01-08,2024-09-11
3640,2023-08-08,2023-02-20,2024-12-02
7942,2023-05-07,2023-10-13,2024-05-22
2089,2023-06-27,2023-03-14,2024-06-21
11090,2023-08-07,2023-05-20,2024-09-05
5907,2023-01-10,2023-03-16,2024-07-03
9060,2023-05-18,2023-10-22,2024-03-03
6335,2023-11-15,2023-07-01,2024-01-02
4244,2023-06-20,2023-04-20,2024-12-15
5342,2023-08-05,2023-08-15,2024-08-11
750,2023-08-21,2023-08-21,2024-07-09
5910,2023-02-12,2023-04-06,2024-12-25
3811,2023-07-17,2023-11-14,2024-09-14
13411,2023-02-22,2023-05-09,2024-04-15
1091,2023-02-09,2023-08-01,2024-09-03
14906,2023-04-02,2023-01-23,2024-07-18
6420,2023-03-20,2023-10-23,2024-10-22
5845,2023-01-01,2023-12-22,2024-01-23
14123,2023-02-04,2023-05-19,2024-10-02
5968,2023-03-13,2023-10-26,2024-06-03
4100,2023-03-17,2023-02-02,2024-01-06
9756,2023-05-13,2023-01-04,2024-04-08
9937,2023-03-02,2023-01-07,2024-09-09
12397,2023-02-12,2023-12-07,2024-02-02
14469,2023-06-08,2023-05-06,2024-10-06
12339,2023-05-24,2023-01-18,2024-09-12
2806,2023-12-27,2023-09-02,2024-09-21
6741,2023-04-23,2023-05-26,2024-06-16
3258,2023-07-26,2023-09-12,2024-02-02
2348,2023-05-23,2023-01-16,2024-02-18
3352,2023-02-24,2023-08-03,2024-05-26
14900,2023-02-01,2023-08-27,2024-09-24
12422,2023-07-22,2023-04-25,2024-02-06
10665,2023-03-11,2023-09-14,2024-02-12
12106,2023-02-22,2023-07-14,2024-12-19
12429,2023-01-10,2023-01-18,2024-06-13
12961,2023-05-15,2023-02-20,2024-11-23
12140,2023-10-09,2023-04-10,2024-01-22
6397,2023-01-09,2023-06-28,2024-02-04
14349,2023-01-11,2023-08-05,2024-12-13
3008,2023-03-17,2023-12-05,2024-12-13
1610,2023-09-13,2023-05-11,2024-05-15
739,2023-01-16,2023-03-07,2024-06-17
12824,2023-12-11,2023-04-12,2024-01-07
13201,2023-11-02,2023-03-13,2024-03-14
12847,2023-11-11,2023-09-21,2024-08-07
10326,2023-01-07,2023-09-21,2024-03-01
2627,2023-04-11,2023-06-11,2024-07-12
8365,2023-05-22,2023-01-23,2024-01-09
13379,2023-06-12,2023-07-16,2024-12-07
12167,2023-12-05,2023-09-25,2024-11-07
4650,2023-03-24,2023-02-02,2024-03-25
11110,2023-10-06,2023-07-08,2024-08-27
14839,2023-10-02,2023-08-06,2024-04-24
9199,2023-12-08,2023-06-20,2024-02-17
6348,2023-07-26,2023-07-24,2024-09-05
1066,2023-06-10,2023-06-28,2024-09-22
12756,2023-04-27,2023-09-09,2024-11-26
8264,2023-06-01,2023-02-16,2024-08-27
1939,2023-06-04,2023-04-05,2024-01-01
1908,2023-05-15,2023-09-20,2024-10-20
9150,2023-04-18,2023-08-10,2024-09-10
11668,2023-03-27,2023-04-02,2024-01-26
11432,2023-03-08,2023-02-06,2024-05-18
9110,2023-10-10,2023-04-27,2024-03-05
14027,2023-09-03,2023-04-25,2024-04-26
11776,2023-06-22,2023-02-18,2024-12-17
11387,2023-05-26,2023-06-11,2024-10-18
13118,2023-09-18,2023-01-12,2024-10-03
3246,2023-05-06,2023-08-19,2024-08-14
729,2023-11-15,2023-03-15,2024-12-24
167,2023-07-13,2023-11-26,2024-03-01
13512,2023-09-11,2023-02-01,2024-08-06
10315,2023-06-03,2023-10-28,2024-11-16
11691,2023-10-10,2023-02-04,2024-06-07
10525,2023-09-08,2023-10-03,2024-02-05
8822,2023-11-07,2023-10-01,2024-11-09
11801,2023-01-28,2023-12-10,2024-09-26
2260,2023-08-27,2023-10-24,2024-10-20
14939,2023-08-10,2023-08-23,2024-06-02
11933,2023-03-08,2023-07-26,2024-08-20
13777,2023-05-17,2023-06-17,2024-12-17
10188,2023-11-18,2023-05-07,2024-08-21
11838,2023-08-17,2023-09-09,2024-10-18
11743,2023-06-13,2023-10-19,2024-09-22
11921,2023-02-17,2023-08-21,2024-05-18
10586,2023-05-10,2023-12-12,2024-07-12
4557,2023-05-16,2023-06-13,2024-03-01
5578,2023-01-23,2023-09-21,2024-06-15
7729,2023-06-10,2023-11-05,2024-01-28
13825,2023-07-11,2023-11-27,2024-10-03
8024,2023-06-02,2023-01-05,2024-06-11
5088,2023-07-13,2023-11-17,2024-12-22
12851,2023-07-21,2023-03-02,2024-05-11
9196,2023-07-19,2023-11-07,2024-11-21
4106,2023-04-09,2023-11-21,2024-12-01
12481,2023-02-09,2023-05-21,2024-11-05
3667,2023-04-03,2023-03-16,2024-09-20
5445,2023-03-09,2023-03-10,2024-04-15
3762,2023-04-07,2023-07-06,2024-08-12
10114,2023-05-07,2023-09-28,2024-03-10
7235,2023-08-04,2023-03-21,2024-02-03
1398,2023-08-11,2023-11-19,2024-11-03
6988,2023-05-26,2023-09-20,2024-06-12
10385,2023-05-15,2023-03-18,2024-01-08
5221,2023-12-09,2023-03-01,2024-04-17
4783,2023-12-11,2023-07-07,2024-01-06
8653,2023-11-02,2023-09-13,2024-10-12
4488,2023-08-15,2023-12-23,2024-09-03
3217,2023-04-07,2023-10-11,2024-04-14
2789,2023-11-23,2023-06-17,2024-01-11
5553,2023-04-09,2023-02-23,2024-02-06
174,2023-08-05,2023-03-09,2024-05-27
4746,2023-12-18,2023-04-13,2024-06-28
13499,2023-11-28,2023-10-24,2024-11-12
12204,2023-05-25,2023-09-26,2024-04-19
14901,2023-07-25,2023-09-24,2024-03-08
171,2023-04-12,2023-04-11,2024-08-20
9757,2023-07-04,2023-05-20,2024-05-13
12010,2023-07-01,2023-07-15,2024-05-15
10980,2023-02-06,2023-10-11,2024-05-28
11027,2023-04-05,2023-08-03,2024-02-12
4499,2023-01-07,2023-12-08,2024-12-02
2907,2023-04-23,2023-02-06,2024-07-21
7101,2023-01-13,2023-07-11,2024-05-03
8857,2023-08-13,2023-09-25,2024-12-08
9751,2023-10-02,2023-08-05,2024-08-01
12327,2023-04-09,2023-02-14,2024-03-12
6972,2023-08-13,2023-11-24,2024-03-14
3945,2023-08-24,2023-05-10,2024-12-03
717,2023-10-03,2023-12-15,2024-08-06
3343,2023-09-14,2023-11-22,2024-07-22
5997,2023-04-18,2023-08-15,2024-09-07
379,2023-03-08,2023-09-25,2024-07-09
78,2023-10-11,2023-04-06,2024-03-08
2339,2023-01-17,2023-08-14,2024-11-24
11929,2023-06-21,2023-11-04,2024-05-01
13512,2023-09-05,2023-01-14,2024-11-21
8234,2023-06-22,2023-06-17,2024-05-14
7616,2023-03-11,2023-08-19,2024-04-02
14690,2023-11-23,2023-05-27,2024-08-25
12769,2023-11-12,2023-11-20,2024-06-22
9585,2023-01-09,2023-10-16,2024-12-24
8303,2023-08-24,2023-03-03,2024-11-12
9649,2023-08-18,2023-07-14,2024-03-28
3175,2023-06-28,2023-12-20,2024-03-06
11531,2023-06-09,2023-03-23,2024-05-14
19,2023-05-09,2023-02-07,2024-11-23
10595,2023-08-02,2023-04-20,2024-04-16
2480,2023-10-04,2023-11-06,2024-12-01
10519,2023-08-07,2023-08-04,2024-05-25
1408,2023-06-24,2023-12-02,2024-07-21
9494,2023-06-14,2023-02-27,2024-04-11
9265,2023-05-26,2023-11-09,2024-12-12
11919,2023-11-28,2023-06-17,2024-01-02
10678,2023-01-11,2023-11-02,2024-07-28
5437,2023-06-26,2023-05-22,2024-03-18
4719,2023-06-17,2023-04-23,2024-04-16
13114,2023-10-24,2023-06-05,2024-04-13
541,2023-02-16,2023-09-20,2024-09-08
11446,2023-12-17,2023-05-04,2024-03-16
6032,2023-08-15,2023-09-12,2024-11-27
6528,2023-10-04,2023-11-21,2024-10-16
8335,2023-07-14,2023-07-05,2024-01-17
9107,2023-08-25,2023-06-02,2024-05-07
7512,2023-10-05,2023-01-05,2024-11-19
6235,2023-11-13,2023-07-10,2024-02-27
14910,2023-04-27,2023-05-14,2024-11-06
6491,2023-08-27,2023-06-06,2024-02-18
6648,2023-08-25,2023-09-05,2024-05-20
9214,2023-08-12,2023-08-09,2024-12-01
8559,2023-08-14,2023-01-10,2024-10-22
14868,2023-04-06,2023-08-17,2024-01-04
9849,2023-02-01,2023-12-15,2024-04-06
7810,2023-03-16,2023-08-03,2024-10-09
746,2023-09-08,2023-04-25,2024-06-15
4123,2023-04-13,2023-09-20,2024-08-04
1116,2023-09-27,2023-04-13,2024-09-09
11363,2023-06-13,2023-03-25,2024-10-12
9406,2023-07-04,2023-07-11,2024-01-27
3723,2023-11-17,2023-10-20,2024-12-03
57,2023-09-13,2023-06-23,2024-07-05
13406,2023-05-07,2023-06-14,2024-12-26
1282,2023-03-01,2023-01-18,2024-08-22
6308,2023-12-19,2023-02-25,2024-12-10
6483,2023-10-07,2023-08-19,2024-02-18
3603,2023-05-21,2023-10-25,2024-01-10
14739,2023-01-26,2023-04-02,2024-12-22
6863,2023-03-25,2023-04-19,2024-06-27
6670,2023-08-24,2023-05-28,2024-03-23
6104,2023-08-07,2023-04-17,2024-04-17
9940,2023-02-28,2023-12-11,2024-01-25
4298,2023-05-18,2023-02-10,2024-07-17
4619,2023-05-02,2023-03-22,2024-10-28
13017,2023-04-09,2023-08-10,2024-11-06
11906,2023-07-26,2023-02-05,2024-04-22
14535,2023-12-03,2023-03-24,2024-06-27
11121,2023-04-14,2023-02-21,2024-02-12
12688,2023-08-21,2023-09-16,2024-01-22
3169,2023-04-05,2023-06-14,2024-02-02
5616,2023-07-11,2023-12-04,2024-06-02
9888,2023-05-28,2023-06-11,2024-12-26
13630,2023-05-08,2023-11-17,2024-07-11
8622,2023-07-25,2023-06-07,2024-05-16
9290,2023-06-03,2023-10-10,2024-06-22
14760,2023-11-10,2023-06-24,2024-10-24
13863,2023-12-20,2023-02-05,2024-11-19
12466,2023-06-28,2023-08-11,2024-04-10
6206,2023-10-02,2023-02-26,2024-02-07
4247,2023-05-22,2023-12-16,2024-06-15
1647,2023-08-25,2023-05-20,2024-09-06
4326,2023-06-04,2023-06-21,2024-10-28
6903,2023-12-02,2023-06-22,2024-01-18
11446,2023-01-21,2023-06-25,2024-12-02
4794,2023-03-06,2023-07-03,2024-08-22
13208,2023-11-12,2023-08-14,2024-11-15
13878,2023-11-03,2023-04-13,2024-11-21
11278,2023-08-01,2023-11-06,2024-11-10
5346,2023-04-23,2023-04-05,2024-04-20
11783,2023-05-10,2023-09-23,2024-05-25
5241,2023-05-27,2023-10-06,2024-04-20
5208,2023-03-03,2023-12-09,2024-10-10
1057,2023-04-07,2023-08-20,2024-09-04
2318,2023-04-13,2023-03-28,2024-02-05
3586,2023-09-23,2023-02-20,2024-08-18
7706,2023-06-21,2023-03-22,2024-02-13
12848,2023-01-24,2023-11-02,2024-02-25
7946,2023-08-06,2023-11-02,2024-05-26
5430,2023-02-06,2023-11-26,2024-03-05
12137,2023-06-24,2023-10-09,2024-08-20
3571,2023-04-05,2023-03-04,2024-09-18
4635,2023-09-16,2023-07-12,2024-05-22
8036,2023-03-11,2023-09-02,2024-04-24
3445,2023-06-14,2023-11-04,2024-10-10
8262,2023-07-13,2023-03-15,2024-10-08
9292,2023-12-01,2023-04-10,2024-11-21
2209,2023-01-16,2023-03-25,2024-01-14
3590,2023-11-17,2023-04-04,2024-12-19
13535,2023-10-05,2023-09-04,2024-10-28
13486,2023-09-04,2023-02-02,2024-08-13
11917,2023-09-19,2023-05-23,2024-07-03
8043,2023-12-06,2023-02-17,2024-08-26
13660,2023-11-04,2023-05-14,2024-04-02
13468,2023-06-25,2023-04-11,2024-03-23
1854,2023-01-25,2023-02-22,2024-05-24
5168,2023-02-01,2023-01-25,2024-03-09
11061,2023-04-03,2023-09-11,2024-01-02
8149,2023-06-02,2023-12-04,2024-02-17
3654,2023-12-24,2023-01-20,2024-08-06
12462,2023-06-04,2023-01-25,2024-04-22
8816,2023-01-26,2023-05-25,2024-03-12
10474,2023-06-25,2023-12-17,2024-04-26
1083,2023-12-20,2023-07-17,2024-07-17
7096,2023-07-20,2023-07-20,2024-06-10
2321,2023-07-05,2023-12-14,2024-01-28
5577,2023-01-05,2023-07-25,2024-07-14
10527,2023-08-28,2023-05-20,2024-12-22
2701,2023-03-26,2023-07-28,2024-06-01
12695,2023-10-17,2023-09-12,2024-03-13
3562,2023-11-20,2023-05-02,2024-03-07
8537,2023-08-18,2023-12-27,2024-03-09
1330,2023-07-06,2023-11-26,2024-02-03
4698,2023-03-10,2023-03-23,2024-10-26
6057,2023-10-20,2023-11-02,2024-07-04
3878,2023-10-27,2023-12-17,2024-07-19
9821,2023-04-06,2023-04-14,2024-08-06
12592,2023-07-11,2023-09-26,2024-05-14
2495,2023-03-09,2023-07-21,2024-02-27
12009,2023-03-19,2023-03-24,2024-12-01
3432,2023-11-25,2023-01-02,2024-03-12
14517,2023-02-18,2023-05-06,2024-01-10
13299,2023-05-05,2023-03-19,2024-09-28
14921,2023-01-17,2023-08-22,2024-10-01
1200,2023-11-21,2023-11-18,2024-11-20
11501,2023-11-27,2023-09-07,2024-10-18
14778,2023-05-13,2023-02-20,2024-12-15
1193,2023-12-22,2023-06-07,2024-12-21
3251,2023-12-22,2023-11-10,2024-02-15
14452,2023-10-15,2023-02-23,2024-01-18
10264,2023-08-01,2023-02-24,2024-03-06
11185,2023-03-15,2023-06-03,2024-08-22
1621,2023-10-28,2023-11-04,2024-03-26
1203,2023-09-13,2023-05-23,2024-01-06
1877,2023-03-05,2023-12-14,2024-06-22
2084,2023-09-15,2023-08-13,2024-09-09
1641,2023-11-06,2023-07-28,2024-04-06
7412,2023-12-28,2023-03-11,2024-11-06
8048,2023-03-11,2023-05-18,2024-07-03
13757,2023-02-22,2023-01-16,2024-06-17
9505,2023-05-01,2023-08-12,2024-03-23
4984,2023-11-13,2023-08-20,2024-02-14
2782,2023-01-07,2023-09-10,2024-08-28
4502,2023-07-28,2023-10-22,2024-01-25
9902,2023-06-15,2023-04-12,2024-09-23
6143,2023-09-08,2023-04-28,2024-08-04
6440,2023-07-23,2023-01-20,2024-04-25
6164,2023-04-05,2023-11-13,2024-05-05
7046,2023-08-11,2023-06-20,2024-04-21
11213,2023-04-28,2023-05-23,2024-12-05
8816,2023-08-16,2023-08-04,2024-08-05
3085,2023-04-02,2023-08-20,2024-09-04
14279,2023-08-17,2023-12-28,2024-02-19
7621,2023-08-19,2023-02-15,2024-04-24
13722,2023-11-16,2023-04-06,2024-01-16
1311,2023-10-05,2023-01-11,2024-11-10
2966,2023-04-05,2023-10-26,2024-09-28
5078,2023-07-25,2023-10-07,2024-08-28
11569,2023-10-19,2023-02-17,2024-06-19
13406,2023-08-11,2023-10-03,2024-01-20
1181,2023-03-07,2023-08-12,2024-12-05
4132,2023-06-08,2023-08-20,2024-06-02
12052,2023-08-07,2023-02-13,2024-01-27
12281,2023-02-18,2023-11-28,2024-12-03
433,2023-07-15,2023-11-28,2024-07-25
10298,2023-04-12,2023-05-24,2024-06-27
3638,2023-03-05,2023-05-12,2024-01-09
6913,2023-12-10,2023-03-02,2024-08-09
13425,2023-11-22,2023-02-21,2024-07-01
3542,2023-06-08,2023-07-15,2024-01-14
3965,2023-01-21,2023-04-06,2024-12-11
446,2023-09-03,2023-05-14,2024-02-13
4537,2023-10-24,2023-06-17,2024-12-23
4159,2023-01-28,2023-12-03,2024-07-27
9988,2023-06-20,2023-10-03,2024-11-22
441,2023-06-05,2023-12-07,2024-04-03
4705,2023-09-05,2023-12-09,2024-06-21
8747,2023-01-17,2023-11-27,2024-07-08
10304,2023-04-22,2023-05-21,2024-10-14
8549,2023-03-15,2023-05-07,2024-04-18
6885,2023-03-14,2023-07-21,2024-06-27
2086,2023-07-28,2023-01-02,2024-02-09
8503,2023-12-25,2023-12-16,2024-11-05
4638,2023-01-01,2023-09-26,2024-07-03
5948,2023-04-20,2023-06-25,2024-08-03
11936,2023-03-05,2023-04-03,2024-07-25
7252,2023-08-24,2023-09-16,2024-04-06
9723,2023-01-12,2023-05-21,2024-01-25
11825,2023-01-23,2023-05-04,2024-10-19
9788,2023-11-06,2023-10-24,2024-12-17
7659,2023-08-26,2023-04-12,2024-02-18
11372,2023-06-23,2023-06-02,2024-11-23
9282,2023-10-26,2023-02-05,2024-08-26
10418,2023-01-09,2023-04-12,2024-03-23
1930,2023-12-04,2023-08-24,2024-02-26
7537,2023-01-07,2023-11-08,2024-03-07
1450,2023-04-28,2023-07-18,2024-09-04
10748,2023-10-15,2023-06-20,2024-07-08
10269,2023-04-20,2023-11-20,2024-07-15
4352,2023-11-16,2023-05-26,2024-01-06
12370,2023-03-15,2023-07-09,2024-02-24
11631,2023-12-20,2023-04-04,2024-03-26
12545,2023-09-19,2023-04-28,2024-12-27
13102,2023-01-04,2023-05-06,2024-12-09
3717,2023-06-16,2023-03-11,2024-05-02
8284,2023-12-23,2023-08-11,2024-09-25
13329,2023-03-01,2023-12-03,2024-04-11
3009,2023-12-06,2023-11-27,2024-09-17
4915,2023-09-11,2023-08-21,2024-07-13
1426,2023-11-18,2023-11-03,2024-05-12
10657,2023-08-24,2023-09-02,2024-09-01
12843,2023-01-03,2023-01-16,2024-02-03
11137,2023-01-20,2023-04-18,2024-02-20
13457,2023-08-07,2023-02-18,2024-11-02
12508,2023-11-20,2023-11-18,2024-01-02
7899,2023-10-07,2023-06-25,2024-03-01
1217,2023-04-24,2023-07-11,2024-08-07
6858,2023-09-07,2023-01-14,2024-04-22
6159,2023-07-16,2023-04-10,2024-10-07
12515,2023-03-26,2023-06-03,2024-02-02
8760,2023-02-20,2023-11-11,2024-05-15
10429,2023-02-17,2023-01-20,2024-03-23
2402,2023-09-26,2023-04-28,2024-09-17
14894,2023-01-08,2023-09-23,2024-12-08
14528,2023-07-23,2023-04-05,2024-11-03
10479,2023-10-02,2023-09-07,2024-11-22
2309,2023-02-21,2023-07-15,2024-10-05
2705,2023-10-07,2023-11-12,2024-05-10
10575,2023-06-28,2023-05-20,2024-01-24
7593,2023-12-18,2023-09-20,2024-04-01
7218,2023-02-05,2023-07-09,2024-10-07
14958,2023-06-06,2023-10-21,2024-10-22
205,2023-06-27,2023-01-28,2024-10-24
7146,2023-07-08,2023-10-12,2024-09-04
8937,2023-06-13,2023-03-16,2024-02-24
14529,2023-02-24,2023-12-15,2024-01-07
10320,2023-02-20,2023-10-01,2024-11-22
6427,2023-06-22,2023-01-18,2024-06-02
4283,2023-09-17,2023-05-15,2024-11-19
12797,2023-08-28,2023-03-23,2024-03-02
11853,2023-12-12,2023-07-05,2024-10-13
4250,2023-05-12,2023-12-21,2024-03-26
14861,2023-02-09,2023-08-12,2024-06-24
13714,2023-01-16,2023-03-24,2024-06-14
438,2023-01-27,2023-08-09,2024-05-02
8681,2023-11-25,2023-07-24,2024-04-03
4691,2023-09-11,2023-09-25,2024-02-24
1757,2023-11-06,2023-10-15,2024-04-25
5361,2023-10-08,2023-05-08,2024-09-03
5635,2023-09-04,2023-12-07,2024-02-03
366,2023-06-28,2023-03-25,2024-07-05
8623,2023-10-13,2023-10-22,2024-09-21
1506,2023-09-22,2023-11-21,2024-06-20
14265,2023-11-17,2023-10-15,2024-02-14
2729,2023-11-14,2023-05-28,2024-08-17
1830,2023-12-19,2023-06-25,2024-04-04
12421,2023-03-08,2023-06-22,2024-09-25
4782,2023-04-08,2023-03-01,2024-05-16
8396,2023-08-16,2023-09-09,2024-08-08
14830,2023-07-10,2023-07-11,2024-11-18
9735,2023-06-14,2023-07-24,2024-02-09
582,2023-02-14,2023-12-04,2024-10-19
10857,2023-10-08,2023-05-05,2024-07-11
11820,2023-04-21,2023-09-12,2024-02-23
6596,2023-10-13,2023-11-12,2024-11-17
1469,2023-12-12,2023-03-07,2024-02-25
6430,2023-02-05,2023-12-05,2024-11-04
212,2023-08-11,2023-01-21,2024-09-12
14103,2023-01-08,2023-12-17,2024-06-26
9740,2023-10-25,2023-05-13,2024-08-16
2941,2023-01-25,2023-01-12,2024-12-23
6962,2023-01-09,2023-05-22,2024-06-24
9168,2023-06-07,2023-11-03,2024-11-04
9894,2023-02-02,2023-02-11,2024-05-27
2573,2023-08-27,2023-02-09,2024-05-08
10156,2023-06-07,2023-08-28,2024-01-11
10845,2023-11-05,2023-02-18,2024-07-24
842,2023-01-02,2023-10-11,2024-10-05
14038,2023-11-24,2023-09-18,2024-09-15
9619,2023-10-10,2023-07-06,2024-11-23
1205,2023-09-07,2023-04-25,2024-06-18
7419,2023-07-16,2023-05-11,2024-08-14
14530,2023-04-23,2023-07-08,2024-02-26
14847,2023-02-06,2023-03-05,2024-06-09
9453,2023-05-25,2023-04-23,2024-03-17
12670,2023-11-12,2023-09-10,2024-12-01
668,2023-10-24,2023-07-09,2024-06-03
3084,2023-09-17,2023-09-22,2024-07-24
10830,2023-11-04,2023-09-03,2024-05-17
3819,2023-01-24,2023-11-24,2024-08-26
13252,2023-09-15,2023-08-10,2024-08-11
7690,2023-01-06,2023-12-27,2024-11-17
10205,2023-02-16,2023-02-03,2024-06-16
12585,2023-09-11,2023-03-20,2024-05-09
11223,2023-07-28,2023-06-26,2024-06-24
2549,2023-03-18,2023-04-11,2024-12-06
4844,2023-11-25,2023-11-17,2024-05-12
10618,2023-09-14,2023-06-23,2024-08-26
7038,2023-04-28,2023-12-04,2024-07-18
11432,2023-04-12,2023-07-22,2024-10-07
1353,2023-06-04,2023-01-13,2024-11-24
12642,2023-11-19,2023-11-18,2024-05-12
527,2023-09-28,2023-04-12,2024-11-13
11046,2023-07-11,2023-03-20,2024-05-14
13192,2023-07-10,2023-02-26,2024-11-02
13258,2023-12-04,2023-04-17,2024-06-28
821,2023-05-16,2023-05-14,2024-02-02
8,2023-02-27,2023-08-10,2024-09-17
7153,2023-07-14,2023-12-12,2024-03-03
2798,2023-02-20,2023-10-28,2024-03-19
9067,2023-01-16,2023-03-15,2024-01-05
8114,2023-10-17,2023-02-23,2024-06-21
14579,2023-07-09,2023-09-24,2024-04-11
12083,2023-06-09,2023-07-19,2024-09-22
14561,2023-05-10,2023-01-11,2024-07-01
12957,2023-10-11,2023-11-19,2024-01-10
3023,2023-07-16,2023-04-22,2024-08-17
7533,2023-01-13,2023-12-05,2024-11-06
7932,2023-06-15,2023-12-03,2024-12-28
4659,2023-07-19,2023-08-28,2024-07-20
11900,2023-11-27,2023-10-22,2024-09-09
12104,2023-03-07,2023-07-07,2024-07-07
9865,2023-07-14,2023-09-26,2024-10-15
12441,2023-04-28,2023-10-12,2024-11-07
10518,2023-05-20,2023-03-19,2024-12-05
3816,2023-03-26,2023-06-06,2024-07-14
14597,2023-09-25,2023-03-21,2024-12-24
6154,2023-09-06,2023-11-28,2024-06-09
11597,2023-12-06,2023-03-27,2024-09-13
14729,2023-03-03,2023-01-05,2024-11-06
10846,2023-07-14,2023-04-26,2024-06-06
6039,2023-09-23,2023-12-25,2024-06-20
4055,2023-03-02,2023-11-14,2024-07-13
13423,2023-02-05,2023-07-19,2024-09-26
11083,2023-05-24,2023-05-06,2024-04-20
13781,2023-03-02,2023-02-27,2024-10-21
3841,2023-01-03,2023-11-03,2024-03-03
4617,2023-01-03,2023-03-03,2024-09-03
12437,2023-04-11,2023-05-04,2024-09-25
2150,2023-08-02,2023-06-11,2024-05-21
10372,2023-10-01,2023-05-24,2024-07-24
13168,2023-06-14,2023-01-11,2024-02-15
10138,2023-11-20,2023-10-27,2024-08-15
13216,2023-08-10,2023-01-09,2024-08-26
3076,2023-07-23,2023-07-27,2024-07-03
8605,2023-04-03,2023-08-15,2024-04-11
11160,2023-09-10,2023-07-01,2024-08-10
8366,2023-03-11,2023-03-14,2024-12-03
2265,2023-04-08,2023-01-20,2024-01-08
14081,2023-09-25,2023-02-09,2024-10-17
4604,2023-11-25,2023-11-16,2024-01-07
3310,2023-12-15,2023-06-28,2024-12-14
1241,2023-05-10,2023-06-13,2024-12-20
14647,2023-11-23,2023-09-19,2024-03-16
14178,2023-07-12,2023-09-23,2024-06-05
10919,2023-09-24,2023-10-16,2024-09-13
232,2023-06-27,2023-09-18,2024-11-12
5079,2023-04-08,2023-11-02,2024-08-10
7839,2023-06-17,2023-01-25,2024-12-19
409,2023-12-03,2023-01-05,2024-11-04
9987,2023-01-26,2023-10-28,2024-05-21
5098,2023-06-05,2023-07-06,2024-01-24
2718,2023-12-21,2023-04-27,2024-06-24
186,2023-11-02,2023-10-22,2024-09-03
10832,2023-06-27,2023-05-11,2024-12-25
10812,2023-02-16,2023-03-24,2024-08-08
12507,2023-05-28,2023-08-17,2024-03-11
11082,2023-11-11,2023-12-06,2024-09-25
330,2023-02-23,2023-06-21,2024-05-08
834,2023-02-13,2023-12-28,2024-06-06
3277,2023-11-20,2023-11-03,2024-10-06
14838,2023-02-04,2023-11-25,2024-06-25
8112,2023-08-06,2023-07-02,2024-04-28
4819,2023-05-04,2023-09-12,2024-06-13
3692,2023-03-01,2023-09-04,2024-05-04
8460,2023-03-10,2023-02-06,2024-07-21
4270,2023-12-11,2023-11-23,2024-08-08
6329,2023-01-22,2023-10-28,2024-12-16
7435,2023-11-12,2023-08-01,2024-11-14
2755,2023-12-19,2023-09-05,2024-10-16
11023,2023-09-20,2023-06-16,2024-06-02
1407,2023-10-28,2023-12-25,2024-09-08
13797,2023-06-12,2023-05-26,2024-11-21
14260,2023-03-21,2023-04-09,2024-01-21
14361,2023-01-14,2023-08-27,2024-02-07
12558,2023-04-09,2023-01-22,2024-09-13
6531,2023-09-08,2023-02-27,2024-06-04
5001,2023-06-01,2023-11-27,2024-12-24
14338,2023-06-17,2023-10-16,2024-08-04
8067,2023-10-22,2023-07-04,2024-03-19
5095,2023-05-13,2023-12-26,2024-01-21
8894,2023-11-11,2023-12-23,2024-09-09
5058,2023-09-22,2023-10-15,2024-08-11
1588,2023-07-17,2023-12-01,2024-08-22
11995,2023-03-01,2023-02-14,2024-11-12
11252,2023-08-17,2023-09-21,2024-06-04
3729,2023-08-24,2023-01-14,2024-07-11
5829,2023-12-10,2023-08-22,2024-11-05
11253,2023-05-27,2023-04-11,2024-04-28
8508,2023-11-06,2023-05-17,2024-02-21
7308,2023-02-17,2023-08-04,2024-09-23
10784,2023-08-16,2023-09-07,2024-09-11
1022,2023-04-02,2023-09-07,2024-09-09
4758,2023-03-22,2023-01-23,2024-05-14
12293,2023-05-16,2023-10-02,2024-05-09
14214,2023-02-08,2023-01-08,2024-01-03
2644,2023-10-15,2023-02-01,2024-11-26
3813,2023-11-17,2023-05-24,2024-04-19
7083,2023-07-03,2023-09-15,2024-09-05
6005,2023-03-16,2023-08-22,2024-04-18
7913,2023-02-02,2023-06-18,2024-07-23
14110,2023-12-25,2023-10-13,2024-02-10
3185,2023-09-01,2023-02-22,2024-11-28
5463,2023-06-25,2023-06-21,2024-03-02
2072,2023-08-26,2023-01-17,2024-09-19
232,2023-12-02,2023-07-26,2024-11-28
413,2023-12-18,2023-07-22,2024-01-23
7097,2023-12-03,2023-07-21,2024-04-04
2345,2023-02-28,2023-03-28,2024-02-07
524,2023-03-18,2023-08-01,2024-05-12
12778,2023-12-11,2023-01-18,2024-04-10
7597,2023-05-05,2023-04-13,2024-10-09
9337,2023-05-01,2023-11-19,2024-10-02
9007,2023-07-10,2023-08-02,2024-11-10
13363,2023-10-08,2023-05-22,2024-05-05
9202,2023-02-13,2023-11-18,2024-08-12
2415,2023-12-18,2023-05-03,2024-09-25
5450,2023-09-18,2023-01-04,2024-07-13
2418,2023-01-26,2023-04-13,2024-01-03
4052,2023-01-22,2023-08-26,2024-04-22
5255,2023-05-20,2023-07-24,2024-06-08
7248,2023-09-15,2023-05-01,2024-01-22
12519,2023-06-16,2023-08-18,2024-09-20
1772,2023-04-18,2023-08-03,2024-09-14
6290,2023-01-10,2023-07-08,2024-01-12
11509,2023-09-09,2023-03-13,2024-07-20
13470,2023-12-27,2023-11-07,2024-04-28
5477,2023-08-06,2023-07-21,2024-11-25
5799,2023-02-15,2023-08-16,2024-06-28
12450,2023-02-18,2023-11-10,2024-07-05
3148,2023-11-09,2023-04-13,2024-02-06
2590,2023-09-22,2023-11-27,2024-12-02
10243,2023-01-04,2023-08-23,2024-10-03
3868,2023-07-09,2023-12-16,2024-05-20
12984,2023-11-26,2023-07-14,2024-03-10
9666,2023-04-07,2023-08-17,2024-12-19
12022,2023-02-26,2023-01-16,2024-01-18
1521,2023-04-11,2023-03-06,2024-08-20
926,2023-06-12,2023-12-27,2024-08-08
14424,2023-04-13,2023-06-11,2024-12-19
2996,2023-11-21,2023-04-16,2024-01-09
14508,2023-02-12,2023-02-20,2024-03-05
1789,2023-03-22,2023-01-13,2024-04-05
7280,2023-04-23,2023-11-28,2024-08-12
13857,2023-11-23,2023-09-14,2024-01-07
11938,2023-12-12,2023-02-17,2024-04-23
5232,2023-11-10,2023-09-25,2024-02-17
4706,2023-02-06,2023-07-07,2024-03-11
13125,2023-10-15,2023-04-13,2024-11-07
1578,2023-10-14,2023-12-18,2024-01-28
4463,2023-08-25,2023-04-17,2024-02-19
5489,2023-09-25,2023-06-27,2024-03-14
879,2023-12-16,2023-09-28,2024-10-14
5594,2023-12-03,2023-12-10,2024-11-17
11087,2023-10-23,2023-03-09,2024-02-13
11398,2023-08-05,2023-11-23,2024-10-07
4847,2023-02-07,2023-06-23,2024-10-22
9320,2023-12-24,2023-09-08,2024-09-08
7378,2023-05-18,2023-08-04,2024-06-05
5217,2023-09-19,2023-04-22,2024-02-25
13947,2023-08-07,2023-08-01,2024-09-01
13395,2023-02-07,2023-03-15,2024-04-13
14459,2023-05-06,2023-03-18,2024-01-27
382,2023-01-08,2023-12-17,2024-01-13
8941,2023-11-04,2023-10-04,2024-05-06
3297,2023-09-20,2023-07-16,2024-09-16
5504,2023-08-25,2023-10-08,2024-10-23
13091,2023-10-26,2023-10-14,2024-11-27
10999,2023-08-07,2023-06-27,2024-06-05
4093,2023-05-19,2023-09-10,2024-08-22
14818,2023-03-16,2023-01-01,2024-10-23
13917,2023-10-09,2023-09-27,2024-10-06
7019,2023-10-19,2023-10-21,2024-10-25
14342,2023-12-27,2023-09-24,2024-01-25
3499,2023-12-16,2023-08-12,2024-10-08
4098,2023-04-02,2023-06-10,2024-02-10
814,2023-04-02,2023-05-25,2024-05-12
2988,2023-05-16,2023-04-17,2024-08-23
3929,2023-06-05,2023-03-07,2024-08-11
4689,2023-08-08,2023-08-24,2024-05-01
1698,2023-09-14,2023-09-13,2024-08-20
12888,2023-07-18,2023-09-08,2024-06-17
892,2023-10-10,2023-08-24,2024-03-25
4776,2023-04-25,2023-10-13,2024-09-21
6756,2023-04-04,2023-09-01,2024-08-18
2915,2023-02-19,2023-08-09,2024-05-14
4484,2023-03-25,2023-12-20,2024-05-01
14121,2023-04-27,2023-03-15,2024-06-21
10486,2023-06-02,2023-10-27,2024-03-20
13512,2023-06-12,2023-07-18,2024-06-05
369,2023-08-06,2023-08-18,2024-12-12
11176,2023-05-06,2023-09-14,2024-08-07
2328,2023-12-18,2023-07-02,2024-07-25
7207,2023-07-20,2023-01-23,2024-01-10
14011,2023-01-05,2023-08-01,2024-09-14
589,2023-11-04,2023-01-03,2024-11-16
88,2023-07-08,2023-08-27,2024-10-15
10848,2023-02-18,2023-09-04,2024-01-19
632,2023-12-27,2023-03-16,2024-02-16
5405,2023-06-23,2023-04-28,2024-11-25
11432,2023-02-04,2023-08-21,2024-04-13
13909,2023-07-03,2023-05-08,2024-10-08
9233,2023-09-28,2023-08-08,2024-04-14
14776,2023-08-28,2023-01-06,2024-05-06
10553,2023-07-24,2023-12-12,2024-08-28
5232,2023-02-14,2023-05-06,2024-10-03
9863,2023-12-06,2023-05-15,2024-10-12
10475,2023-02-05,2023-12-28,2024-02-17
2062,2023-05-21,2023-12-14,2024-02-18
4455,2023-02-11,2023-08-05,2024-12-04
11573,2023-08-28,2023-03-22,2024-11-26
3302,2023-04-09,2023-08-10,2024-10-03
3058,2023-06-26,2023-01-18,2024-07-24
10860,2023-12-22,2023-07-15,2024-12-17
8896,2023-06-08,2023-11-07,2024-03-04
2752,2023-03-01,2023-07-24,2024-03-11
9316,2023-02-24,2023-11-11,2024-12-17
6130,2023-06-06,2023-07-28,2024-12-12
8357,2023-04-26,2023-03-11,2024-11-21
14828,2023-02-04,2023-05-03,2024-03-04
1206,2023-01-18,2023-10-19,2024-09-21
14566,2023-10-24,2023-02-08,2024-02-23
6233,2023-09-09,2023-01-21,2024-10-26
4448,2023-10-07,2023-02-22,2024-12-13
9810,2023-09-23,2023-02-27,2024-12-21
12882,2023-05-27,2023-06-02,2024-12-24
14982,2023-10-18,2023-01-03,2024-02-02
14874,2023-12-21,2023-06-03,2024-02-22
7647,2023-02-02,2023-07-01,2024-12-15
3829,2023-10-12,2023-03-09,2024-03-06
9003,2023-12-23,2023-09-23,2024-07-04
7485,2023-12-24,2023-11-02,2024-07-06
13416,2023-11-21,2023-11-16,2024-10-28
13461,2023-12-01,2023-08-17,2024-04-26
12291,2023-03-26,2023-08-08,2024-02-22
1813,2023-05-07,2023-09-26,2024-06-09
11967,2023-04-05,2023-03-04,2024-02-16
12321,2023-02-21,2023-04-06,2024-12-09
11806,2023-01-16,2023-06-14,2024-07-04
3201,2023-10-02,2023-06-07,2024-06-14
13685,2023-11-02,2023-11-06,2024-03-12
13017,2023-04-15,2023-09-08,2024-02-17
2628,2023-04-12,2023-06-01,2024-07-03
5973,2023-06-02,2023-10-01,2024-01-17
13198,2023-05-13,2023-02-16,2024-06-20
14916,2023-08-01,2023-09-10,2024-11-27
6500,2023-07-21,2023-06-28,2024-01-14
11271,2023-06-09,2023-02-08,2024-09-22
1454,2023-09-09,2023-01-12,2024-05-10
2682,2023-10-14,2023-02-23,2024-09-16
2413,2023-07-06,2023-01-07,2024-11-25
14596,2023-01-08,2023-07-23,2024-08-13
12168,2023-05-18,2023-11-05,2024-09-18
8508,2023-03-18,2023-09-05,2024-07-24
8928,2023-09-18,2023-08-11,2024-03-12
450,2023-11-08,2023-06-14,2024-12-06
128,2023-03-27,2023-07-08,2024-01-12
14847,2023-07-08,2023-01-12,2024-10-13
757,2023-05-06,2023-12-05,2024-03-20
10533,2023-11-04,2023-02-12,2024-03-23
7352,2023-06-04,2023-03-02,2024-11-04
12010,2023-01-06,2023-10-02,2024-08-05
14583,2023-12-11,2023-03-15,2024-08-01
6129,2023-07-02,2023-09-21,2024-05-08
8461,2023-12-27,2023-12-07,2024-01-13
2615,2023-11-06,2023-11-01,2024-08-18
11144,2023-06-05,2023-12-16,2024-12-03
5066,2023-07-02,2023-08-22,2024-11-05
6028,2023-12-28,2023-02-16,2024-12-15
8844,2023-09-15,2023-04-12,2024-05-26
11399,2023-08-18,2023-11-09,2024-10-21
9633,2023-10-14,2023-08-02,2024-11-05
12631,2023-02-01,2023-11-11,2024-12-20
541,2023-05-20,2023-10-21,2024-04-12
3721,2023-02-03,2023-11-21,2024-02-19
13191,2023-03-20,2023-01-20,2024-03-15
7430,2023-08-20,2023-07-23,2024-10-04
2925,2023-03-20,2023-10-06,2024-09-19
5744,2023-05-12,2023-07-05,2024-07-12
14182,2023-01-07,2023-10-14,2024-07-08
14191,2023-03-23,2023-07-21,2024-04-10
2037,2023-12-21,2023-01-20,2024-10-15
6168,2023-06-27,2023-05-06,2024-03-28
135,2023-11-03,2023-05-20,2024-09-18
734,2023-09-10,2023-08-11,2024-05-22
14676,2023-09-12,2023-09-11,2024-07-10
1753,2023-12-27,2023-12-10,2024-06-26
8893,2023-12-25,2023-03-27,2024-12-02
14354,2023-12-18,2023-05-18,2024-07-17
14657,2023-09-14,2023-11-19,2024-05-03
2961,2023-03-04,2023-05-25,2024-04-27
7103,2023-11-28,2023-08-26,2024-11-06
10702,2023-09-26,2023-06-28,2024-09-22
5959,2023-07-26,2023-07-02,2024-07-16
9984,2023-03-10,2023-12-19,2024-11-12
6477,2023-07-15,2023-08-20,2024-10-14
9258,2023-10-08,2023-02-24,2024-05-09
12881,2023-05-12,2023-07-10,2024-05-10
1437,2023-02-07,2023-07-07,2024-01-03
8074,2023-11-01,2023-05-05,2024-06-11
10349,2023-02-22,2023-06-10,2024-01-19
13030,2023-06-25,2023-10-04,2024-01-26
12003,2023-07-27,2023-01-27,2024-05-22
2532,2023-10-04,2023-12-12,2024-03-19
7260,2023-02-06,2023-10-16,2024-11-20
10886,2023-09-01,2023-09-21,2024-11-14
3701,2023-06-27,2023-04-23,2024-02-01
11492,2023-06-18,2023-08-03,2024-05-12
6603,2023-01-21,2023-09-23,2024-07-10
4719,2023-03-19,2023-05-05,2024-03-15
12351,2023-01-26,2023-11-18,2024-10-05
7960,2023-11-01,2023-02-05,2024-09-20
12737,2023-10-07,2023-01-01,2024-08-13
14689,2023-11-08,2023-08-01,2024-04-03
2159,2023-07-01,2023-06-07,2024-12-28
4799,2023-10-11,2023-02-21,2024-08-03
14168,2023-11-02,2023-02-22,2024-11-17
9991,2023-10-13,2023-05-07,2024-12-20
14627,2023-07-20,2023-08-02,2024-01-15
8435,2023-09-17,2023-06-02,2024-10-25
14566,2023-12-02,2023-11-14,2024-07-09
2992,2023-08-02,2023-09-18,2024-12-01
2796,2023-02-02,2023-05-14,2024-08-20
340,2023-03-04,2023-10-01,2024-10-22
11596,2023-03-21,2023-10-08,2024-09-21
7327,2023-09-24,2023-12-02,2024-06-26
8224,2023-09-18,2023-12-09,2024-10-09
9728,2023-03-05,2023-09-09,2024-05-13
14710,2023-05-03,2023-11-13,2024-06-20
2032,2023-09-17,2023-01-10,2024-02-27
2029,2023-09-23,2023-09-12,2024-04-24
1269,2023-06-08,2023-07-20,2024-10-14
8613,2023-10-15,2023-08-09,2024-03-28
948,2023-07-18,2023-03-28,2024-08-08
2032,2023-05-12,2023-03-20,2024-05-15
591,2023-05-09,2023-05-24,2024-01-24
1728,2023-12-06,2023-07-25,2024-01-22
6966,2023-01-12,2023-06-19,2024-06-07
12294,2023-02-10,2023-12-19,2024-06-14
4155,2023-09-08,2023-03-06,2024-07-04
14525,2023-10-14,2023-05-26,2024-02-19
12914,2023-01-07,2023-03-06,2024-06-27
4288,2023-12-25,2023-05-12,2024-05-03
2838,2023-02-25,2023-01-18,2024-02-06
4337,2023-05-08,2023-11-26,2024-02-04
3490,2023-09-13,2023-12-02,2024-02-23
13578,2023-10-23,2023-03-13,2024-02-05
1126,2023-11-26,2023-12-03,2024-01-26
9767,2023-02-11,2023-11-26,2024-04-06
19,2023-06-28,2023-06-28,2024-03-06
5461,2023-01-09,2023-04-20,2024-10-07
8338,2023-07-03,2023-01-04,2024-05-14
11456,2023-08-16,2023-11-05,2024-07-21
14435,2023-11-25,2023-10-23,2024-07-11
4237,2023-10-25,2023-08-11,2024-08-06
5503,2023-05-27,2023-07-11,2024-04-22
1286,2023-01-13,2023-06-15,2024-12-03
3543,2023-02-05,2023-03-15,2024-05-15
4988,2023-07-03,2023-12-24,2024-11-26
363,2023-08-28,2023-03-15,2024-04-06
11278,2023-03-11,2023-12-18,2024-07-06
14526,2023-06-28,2023-08-23,2024-12-12
9804,2023-06-24,2023-08-09,2024-09-25
8557,2023-08-12,2023-01-05,2024-08-19
14880,2023-02-17,2023-11-19,2024-06-03
8288,2023-04-16,2023-10-04,2024-11-09
8582,2023-05-14,2023-02-26,2024-09-13
7109,2023-12-14,2023-11-09,2024-08-18
4993,2023-10-06,2023-09-26,2024-09-27
9414,2023-01-15,2023-12-05,2024-09-18
2453,2023-11-09,2023-06-09,2024-04-24
7802,2023-06-05,2023-11-19,2024-06-02
13312,2023-08-03,2023-08-09,2024-06-19
13417,2023-06-15,2023-12-02,2024-02-03
6379,2023-05-28,2023-06-20,2024-04-11
12086,2023-09-18,2023-07-23,2024-07-15
8047,2023-09-06,2023-07-11,2024-02-02
14563,2023-12-22,2023-12-01,2024-08-09
8899,2023-04-08,2023-06-17,2024-04-05
3302,2023-06-27,2023-11-08,2024-04-28
3724,2023-11-09,2023-03-09,2024-05-03
10294,2023-12-14,2023-12-02,2024-03-17
9851,2023-04-23,2023-04-07,2024-04-01
7368,2023-02-21,2023-06-15,2024-08-05
8905,2023-03-15,2023-01-22,2024-08-02
450,2023-11-26,2023-11-17,2024-03-21
11132,2023-01-19,2023-10-15,2024-04-26
10799,2023-11-23,2023-09-26,2024-10-13
8537,2023-03-25,2023-12-05,2024-11-19
1444,2023-06-14,2023-01-27,2024-04-07
10042,2023-05-12,2023-08-27,2024-05-09
2153,2023-05-15,2023-07-14,2024-08-08
8140,2023-03-06,2023-12-26,2024-07-18
10972,2023-09-17,2023-12-19,2024-07-07
7424,2023-04-24,2023-11-18,2024-11-03
12001,2023-08-23,2023-02-18,2024-04-22
524,2023-10-15,2023-11-09,2024-12-17
1012,2023-12-22,2023-08-14,2024-09-14
8340,2023-09-20,2023-09-10,2024-03-05
9086,2023-03-08,2023-04-24,2024-11-14
1126,2023-06-28,2023-06-15,2024-08-23
1945,2023-06-16,2023-02-06,2024-06-22
4590,2023-09-01,2023-05-08,2024-10-20
10152,2023-01-02,2023-08-28,2024-07-21
2895,2023-09-11,2023-06-22,2024-01-04
14071,2023-03-09,2023-11-05,2024-12-25
6298,2023-10-20,2023-02-13,2024-04-04
2972,2023-06-17,2023-09-22,2024-01-02
8125,2023-10-26,2023-12-04,2024-02-13
10689,2023-01-24,2023-01-15,2024-03-01
14457,2023-11-27,2023-02-13,2024-05-13
12707,2023-09-13,2023-10-26,2024-04-02
4023,2023-12-12,2023-03-04,2024-05-14
12203,2023-08-09,2023-08-08,2024-07-24
10697,2023-07-14,2023-11-12,2024-09-17
8418,2023-05-05,2023-10-09,2024-04-22
8662,2023-07-13,2023-05-08,2024-11-10
9271,2023-04-20,2023-11-13,2024-12-06
5776,2023-02-10,2023-03-13,2024-11-16
13621,2023-08-10,2023-06-20,2024-08-20
3853,2023-08-03,2023-06-02,2024-10-21
8261,2023-02-14,2023-06-13,2024-04-16
12346,2023-02-20,2023-05-13,2024-07-25
7052,2023-05-10,2023-02-01,2024-02-14
11781,2023-01-05,2023-07-16,2024-08-26
3049,2023-06-08,2023-04-13,2024-04-17
12742,2023-07-16,2023-07-28,2024-07-28
2478,2023-05-17,2023-05-06,2024-07-11
8679,2023-10-24,2023-05-06,2024-12-22
5687,2023-08-02,2023-02-14,2024-11-18
13480,2023-11-23,2023-05-14,2024-06-05
5018,2023-05-15,2023-12-14,2024-08-10
10624,2023-04-01,2023-01-21,2024-10-27
14966,2023-02-19,2023-06-01,2024-09-21
4362,2023-08-10,2023-03-14,2024-05-27
8134,2023-04-13,2023-01-17,2024-06-01
6629,2023-07-14,2023-06-17,2024-08-07
7015,2023-06-17,2023-03-22,2024-04-05
3132,2023-05-04,2023-06-05,2024-04-15
8349,2023-08-18,2023-09-17,2024-02-14
1160,2023-06-21,2023-01-24,2024-03-23
1403,2023-03-26,2023-05-04,2024-05-16
8137,2023-08-07,2023-08-17,2024-02-13
10097,2023-10-16,2023-04-27,2024-05-10
6893,2023-07-09,2023-09-26,2024-05-12
152,2023-01-08,2023-09-28,2024-07-14
13618,2023-08-11,2023-02-08,2024-07-01
1565,2023-12-02,2023-04-26,2024-02-21
13324,2023-07-22,2023-02-11,2024-09-05
4537,2023-05-22,2023-03-11,2024-01-05
1405,2023-05-12,2023-03-01,2024-08-05
7593,2023-03-09,2023-11-16,2024-01-08
2337,2023-12-10,2023-11-24,2024-02-26
9666,2023-06-19,2023-10-21,2024-02-03
1510,2023-04-08,2023-07-05,2024-05-13
5021,2023-10-20,2023-02-06,2024-10-27
8950,2023-08-06,2023-10-04,2024-08-27
10303,2023-10-04,2023-04-16,2024-10-20
8954,2023-12-12,2023-06-19,2024-10-11
5143,2023-05-23,2023-08-14,2024-01-12
2160,2023-08-19,2023-04-07,2024-07-18
10260,2023-04-05,2023-05-08,2024-03-22
1158,2023-09-24,2023-12-11,2024-08-28
3932,2023-06-04,2023-03-25,2024-03-08
10355,2023-09-27,2023-09-23,2024-05-25
11510,2023-07-08,2023-09-16,2024-12-25
2799,2023-05-18,2023-01-14,2024-11-21
5739,2023-12-04,2023-06-13,2024-10-27
8124,2023-04-08,2023-06-22,2024-07-03
8024,2023-08-20,2023-12-07,2024-02-21
6173,2023-11-27,2023-02-19,2024-08-18
3172,2023-02-17,2023-01-19,2024-12-22
13289,2023-08-07,2023-06-23,2024-10-20
4794,2023-09-10,2023-04-22,2024-08-15
14434,2023-01-08,2023-12-01,2024-09-18
3591,2023-01-16,2023-02-04,2024-01-09
563,2023-09-16,2023-07-23,2024-05-09
10862,2023-01-06,2023-01-12,2024-02-15
11588,2023-03-03,2023-01-01,2024-10-04
13077,2023-11-22,2023-06-21,2024-08-06
4441,2023-05-02,2023-01-18,2024-08-23
8885,2023-07-24,2023-03-21,2024-05-19
2598,2023-04-20,2023-03-15,2024-09-12
10982,2023-07-21,2023-04-27,2024-07-08
1309,2023-12-23,2023-04-19,2024-10-28
10179,2023-05-24,2023-10-07,2024-04-19
1735,2023-08-17,2023-08-27,2024-06-26
6658,2023-05-23,2023-05-27,2024-06-12
9485,2023-08-25,2023-04-05,2024-04-06
8894,2023-03-28,2023-09-12,2024-12-11
2066,2023-02-06,2023-05-11,2024-08-10
3649,2023-12-27,2023-08-25,2024-08-02
8201,2023-05-23,2023-11-04,2024-08-05
9061,2023-10-24,2023-05-08,2024-01-18
9701,2023-02-07,2023-11-02,2024-05-05
12822,2023-12-22,2023-09-14,2024-09-06
6763,2023-06-09,2023-11-05,2024-08-14
4463,2023-11-13,2023-02-24,2024-12-16
13666,2023-09-13,2023-02-02,2024-12-01
9561,2023-06-12,2023-10-26,2024-07-10
1516,2023-04-21,2023-07-06,2024-05-21
14939,2023-04-09,2023-12-17,2024-07-15
10455,2023-04-19,2023-12-01,2024-03-11
4288,2023-07-11,2023-04-19,2024-03-15
9896,2023-01-02,2023-01-12,2024-11-27
4876,2023-12-26,2023-02-24,2024-08-20
10547,2023-03-21,2023-11-28,2024-05-19
12328,2023-09-22,2023-05-21,2024-05-01
5088,2023-04-06,2023-10-10,2024-01-23
6750,2023-08-21,2023-09-09,2024-10-08
4796,2023-04-14,2023-07-14,2024-05-11
5447,2023-05-17,2023-11-14,2024-01-25
214,2023-03-02,2023-07-25,2024-09-16
11789,2023-03-15,2023-03-20,2024-08-17
11332,2023-06-02,2023-04-15,2024-07-24
11944,2023-09-06,2023-04-14,2024-12-22
8167,2023-04-18,2023-09-15,2024-03-09
952,2023-04-18,2023-10-11,2024-07-07
14115,2023-02-20,2023-05-24,2024-01-04
2923,2023-12-19,2023-04-15,2024-06-12
12630,2023-02-12,2023-02-11,2024-07-27
11559,2023-10-02,2023-09-03,2024-03-02
3551,2023-04-14,2023-06-12,2024-12-05
6331,2023-12-12,2023-02-19,2024-08-24
5562,2023-12-21,2023-12-11,2024-06-06
10337,2023-11-14,2023-11-21,2024-05-04
2063,2023-10-25,2023-07-20,2024-07-25
4908,2023-09-03,2023-04-28,2024-02-08
8486,2023-07-06,2023-09-20,2024-12-02
12820,2023-01-03,2023-07-03,2024-04-18
13298,2023-06-15,2023-03-09,2024-08-11
8172,2023-11-04,2023-11-18,2024-02-24
12109,2023-07-12,2023-02-17,2024-05-21
4669,2023-08-09,2023-07-24,2024-09-16
3633,2023-05-07,2023-07-14,2024-11-10
14683,2023-03-26,2023-09-11,2024-05-13
14944,2023-02-10,2023-08-07,2024-02-14
880,2023-09-11,2023-06-14,2024-08-03
13718,2023-06-26,2023-05-24,2024-08-18
5664,2023-12-02,2023-05-10,2024-03-27
3869,2023-01-24,2023-11-24,2024-02-07
8056,2023-05-16,2023-10-13,2024-05-10
6683,2023-03-22,2023-08-01,2024-10-28
5121,2023-05-23,2023-05-28,2024-04-13
3785,2023-02-20,2023-03-01,2024-10-19
13022,2023-05-10,2023-09-26,2024-10-13
7619,2023-09-07,2023-02-03,2024-01-10
3152,2023-02-20,2023-09-21,2024-11-05
8855,2023-05-15,2023-04-19,2024-11-19
7292,2023-11-15,2023-11-23,2024-11-04
2520,2023-10-25,2023-09-04,2024-02-25
2969,2023-11-10,2023-01-07,2024-10-24
400,2023-12-06,2023-07-17,2024-10-18
7615,2023-09-02,2023-09-26,2024-07-12
2397,2023-05-09,2023-04-27,2024-01-08
9528,2023-09-02,2023-12-28,2024-02-20
13280,2023-04-28,2023-09-17,2024-11-01
11196,2023-03-22,2023-10-21,2024-11-14
2610,2023-02-07,2023-07-26,2024-03-04
14565,2023-04-27,2023-10-28,2024-07-12
7199,2023-03-20,2023-02-22,2024-03-08
9922,2023-12-02,2023-06-13,2024-04-08
8686,2023-09-23,2023-08-12,2024-06-09
7221,2023-09-21,2023-10-09,2024-05-25
3228,2023-09-09,2023-08-19,2024-06-08
3978,2023-11-18,2023-06-11,2024-09-03
9013,2023-04-12,2023-10-22,2024-03-03
11809,2023-06-02,2023-12-18,2024-10-22
5014,2023-12-21,2023-02-05,2024-08-17
3197,2023-02-09,2023-11-02,2024-07-20
3832,2023-12-15,2023-06-08,2024-08-28
7694,2023-10-13,2023-02-11,2024-01-08
4594,2023-12-10,2023-08-23,2024-02-18
10113,2023-02-03,2023-09-16,2024-12-26
8203,2023-09-08,2023-01-16,2024-07-19
4770,2023-09-22,2023-06-06,2024-04-17
12364,2023-10-18,2023-07-21,2024-08-03
7788,2023-04-21,2023-08-23,2024-09-27
526,2023-11-10,2023-09-22,2024-03-09
11748,2023-09-03,2023-06-08,2024-07-13
11093,2023-06-18,2023-03-11,2024-02-27
2906,2023-07-22,2023-05-03,2024-01-12
12653,2023-12-08,2023-09-13,2024-04-14
8829,2023-12-27,2023-02-06,2024-06-20
3472,2023-02-28,2023-01-24,2024-08-27
8704,2023-12-05,2023-09-14,2024-09-22
429,2023-03-24,2023-05-06,2024-02-09
9112,2023-12-06,2023-03-28,2024-09-27
6552,2023-12-13,2023-10-27,2024-02-14
8499,2023-11-05,2023-02-26,2024-04-25
4423,2023-04-25,2023-07-17,2024-04-17
3353,2023-08-06,2023-02-01,2024-03-15
6761,2023-05-05,2023-06-17,2024-05-11
4601,2023-03-12,2023-09-16,2024-11-17
2380,2023-10-09,2023-12-15,2024-04-02
13772,2023-12-20,2023-06-02,2024-03-24
2104,2023-12-04,2023-07-24,2024-04-15
9344,2023-09-18,2023-03-24,2024-08-18
13476,2023-12-18,2023-04-27,2024-11-05
8828,2023-07-18,2023-09-12,2024-03-21
7542,2023-09-20,2023-12-03,2024-03-18
5070,2023-10-04,2023-09-13,2024-04-25
8064,2023-11-24,2023-05-01,2024-11-16
3234,2023-04-06,2023-12-28,2024-05-10
801,2023-01-25,2023-06-28,2024-02-12
13792,2023-01-23,2023-06-17,2024-10-03
745,2023-01-12,2023-06-19,2024-01-28
3312,2023-12-11,2023-03-05,2024-12-07
5024,2023-09-24,2023-03-24,2024-07-23
12707,2023-10-09,2023-11-01,2024-06-09
1359,2023-08-27,2023-11-17,2024-03-08
9437,2023-06-08,2023-02-10,2024-01-20
2632,2023-06-28,2023-12-15,2024-07-06
8986,2023-04-18,2023-08-09,2024-01-28
4374,2023-10-21,2023-07-28,2024-07-27
5299,2023-05-23,2023-05-11,2024-06-23
9154,2023-11-05,2023-08-19,2024-02-24
10605,2023-03-15,2023-05-20,2024-06-03
5913,2023-09-18,2023-09-24,2024-08-16
759,2023-02-28,2023-06-17,2024-06-18
13642,2023-11-28,2023-05-16,2024-12-02
8637,2023-10-10,2023-09-03,2024-07-16
12722,2023-08-14,2023-11-25,2024-08-26
13436,2023-03-14,2023-03-27,2024-12-21
2567,2023-05-26,2023-11-08,2024-06-24
794,2023-07-16,2023-03-11,2024-05-20
10221,2023-11-10,2023-05-04,2024-02-02
6853,2023-12-26,2023-10-27,2024-11-06
6729,2023-04-25,2023-03-16,2024-05-10
337,2023-08-10,2023-09-20,2024-04-17
8563,2023-10-16,2023-04-07,2024-04-04
2253,2023-10-04,2023-11-08,2024-03-13
9127,2023-02-11,2023-04-09,2024-02-12
4773,2023-11-05,2023-10-27,2024-01-09
8772,2023-02-09,2023-03-23,2024-07-02
6263,2023-03-16,2023-03-09,2024-03-11
14455,2023-05-20,2023-01-28,2024-09-05
5114,2023-06-22,2023-10-28,2024-08-06
6127,2023-06-21,2023-06-13,2024-12-22
12606,2023-08-15,2023-01-18,2024-12-09
3761,2023-10-08,2023-09-23,2024-10-22
7693,2023-11-14,2023-05-27,2024-12-01
13542,2023-12-04,2023-11-24,2024-05-24
14545,2023-12-14,2023-05-16,2024-04-24
11131,2023-11-17,2023-05-07,2024-07-16
909,2023-12-05,2023-11-24,2024-05-22
12621,2023-11-13,2023-10-01,2024-04-12
14761,2023-06-11,2023-03-04,2024-02-11
10579,2023-04-05,2023-08-28,2024-12-11
2231,2023-06-02,2023-10-06,2024-02-21
6001,2023-06-22,2023-12-24,2024-09-17
6383,2023-09-18,2023-09-02,2024-06-13
4579,2023-09-10,2023-10-12,2024-01-14
9559,2023-08-17,2023-08-01,2024-07-18
252,2023-09-25,2023-05-25,2024-02-23
7663,2023-02-28,2023-11-26,2024-02-26
2459,2023-06-17,2023-03-10,2024-02-01
12475,2023-05-17,2023-02-07,2024-03-17
12307,2023-06-05,2023-12-28,2024-03-24
5045,2023-07-10,2023-12-27,2024-11-09
7299,2023-01-11,2023-12-04,2024-05-10
11123,2023-11-25,2023-04-07,2024-11-07
12843,2023-10-02,2023-09-05,2024-10-02
9817,2023-09-08,2023-11-01,2024-12-05
4940,2023-09-15,2023-11-03,2024-11-24
602,2023-12-24,2023-06-14,2024-12-14
6018,2023-05-27,2023-03-17,2024-03-20
11461,2023-08-28,2023-07-04,2024-04-25
9829,2023-07-26,2023-07-12,2024-04-10
8532,2023-10-20,2023-02-16,2024-03-28
7867,2023-08-02,2023-04-24,2024-10-27
5643,2023-02-18,2023-05-03,2024-12-16
9104,2023-09-08,2023-01-17,2024-10-25
9361,2023-12-05,2023-12-17,2024-04-20
6660,2023-10-01,2023-04-06,2024-08-09
11928,2023-12-12,2023-04-18,2024-04-24
7085,2023-08-12,2023-04-19,2024-03-18
13274,2023-01-09,2023-04-03,2024-09-20
7234,2023-10-09,2023-02-15,2024-08-05
9458,2023-04-09,2023-09-03,2024-09-09
5009,2023-05-25,2023-03-18,2024-11-17
5374,2023-09-21,2023-06-10,2024-02-22
12632,2023-07-18,2023-06-04,2024-08-13
4204,2023-01-17,2023-03-06,2024-09-14
3752,2023-04-24,2023-09-22,2024-03-18
9911,2023-01-13,2023-04-15,2024-12-22
12668,2023-01-18,2023-08-28,2024-03-23
2351,2023-01-02,2023-12-21,2024-01-25
11646,2023-01-22,2023-05-06,2024-03-18
4952,2023-12-25,2023-06-12,2024-07-17
2155,2023-03-28,2023-09-21,2024-10-02
14882,2023-09-25,2023-09-14,2024-01-28
14782,2023-09-27,2023-05-21,2024-06-11
5918,2023-06-13,2023-08-08,2024-02-17
5911,2023-07-11,2023-09-24,2024-12-02
8121,2023-08-18,2023-07-14,2024-01-08
7582,2023-04-17,2023-04-06,2024-02-20
14755,2023-02-28,2023-05-21,2024-12-23
5108,2023-12-25,2023-08-08,2024-05-15
8605,2023-05-20,2023-07-14,2024-10-08
4274,2023-08-06,2023-04-13,2024-10-27
2162,2023-08-14,2023-04-05,2024-06-01
9114,2023-04-11,2023-01-26,2024-02-22
10489,2023-02-08,2023-06-05,2024-02-03
1729,2023-12-16,2023-02-07,2024-04-01
7648,2023-10-26,2023-12-06,2024-04-13
13769,2023-06-11,2023-04-18,2024-11-16
10235,2023-12-09,2023-10-09,2024-08-06
3576,2023-05-18,2023-06-27,2024-06-07
8226,2023-02-04,2023-05-11,2024-02-02
2243,2023-09-23,2023-04-26,2024-08-23
721,2023-11-04,2023-05-03,2024-01-01
11542,2023-11-16,2023-03-04,2024-01-17
8567,2023-08-07,2023-11-05,2024-12-07
716,2023-11-12,2023-05-03,2024-05-06
693,2023-06-23,2023-07-09,2024-04-22
6074,2023-01-27,2023-05-02,2024-07-01
5681,2023-02-06,2023-11-20,2024-02-18
9716,2023-08-07,2023-03-19,2024-12-25
14167,2023-04-08,2023-12-17,2024-11-09
10120,2023-09-16,2023-07-06,2024-10-10
1479,2023-04-24,2023-07-16,2024-02-25
6015,2023-11-13,2023-12-23,2024-03-04
14219,2023-07-25,2023-01-15,2024-08-01
1551,2023-11-28,2023-01-03,2024-08-14
9491,2023-10-14,2023-10-03,2024-06-20
12864,2023-09-25,2023-02-04,2024-05-03
5154,2023-09-11,2023-05-01,2024-10-23
10703,2023-06-28,2023-09-27,2024-10-06
4872,2023-01-09,2023-01-28,2024-04-28
844,2023-03-01,2023-05-22,2024-08-15
7659,2023-01-16,2023-08-09,2024-06-09
12145,2023-05-16,2023-10-07,2024-01-13
10824,2023-07-21,2023-02-07,2024-06-19
7636,2023-04-02,2023-07-21,2024-06-08
407,2023-08-15,2023-07-26,2024-12-26
2694,2023-04-24,2023-04-02,2024-03-18
12485,2023-09-12,2023-09-17,2024-06-14
13096,2023-04-16,2023-04-27,2024-04-28
302,2023-11-07,2023-05-08,2024-10-05
38,2023-01-20,2023-11-01,2024-08-16
14502,2023-04-23,2023-02-22,2024-07-27
4119,2023-01-25,2023-04-16,2024-05-01
12669,2023-02-28,2023-02-01,2024-12-07
12468,2023-05-15,2023-11-21,2024-05-18
13853,2023-12-08,2023-05-24,2024-05-22
14230,2023-06-23,2023-04-21,2024-05-11
5965,2023-03-17,2023-11-19,2024-11-14
4464,2023-02-12,2023-08-27,2024-01-09
3325,2023-08-15,2023-08-21,2024-08-26
5621,2023-09-28,2023-05-27,2024-03-26
5506,2023-04-06,2023-06-04,2024-08-02
13913,2023-04-09,2023-10-09,2024-12-05
1647,2023-02-10,2023-03-09,2024-03-08
14510,2023-05-07,2023-03-11,2024-04-12
7693,2023-08-22,2023-05-24,2024-09-07
4030,2023-07-21,2023-06-09,2024-02-02
1938,2023-11-15,2023-02-23,2024-06-27
1765,2023-06-26,2023-09-03,2024-08-11
6657,2023-06-12,2023-05-12,2024-10-09
8589,2023-07-10,2023-12-03,2024-08-10
11060,2023-07-12,2023-11-14,2024-02-10
5757,2023-06-19,2023-01-13,2024-05-19
7192,2023-01-05,2023-11-07,2024-02-12
14309,2023-05-06,2023-02-25,2024-02-03
13379,2023-03-11,2023-08-28,2024-12-15
2576,2023-08-18,2023-11-17,2024-08-04
3176,2023-10-07,2023-10-02,2024-01-18
12745,2023-01-21,2023-04-24,2024-08-11
4874,2023-03-08,2023-04-26,2024-07-07
11647,2023-12-11,2023-07-02,2024-11-04
11979,2023-10-08,2023-05-26,2024-05-27
5449,2023-10-06,2023-04-01,2024-12-23
160,2023-02-23,2023-07-11,2024-09-13
12824,2023-06-09,2023-04-20,2024-01-22
2300,2023-10-08,2023-10-17,2024-06-15
8538,2023-12-12,2023-02-09,2024-08-14
10757,2023-11-20,2023-07-26,2024-01-01
9628,2023-07-11,2023-04-11,2024-02-05
5709,2023-09-28,2023-08-03,2024-10-14
13895,2023-11-22,2023-08-01,2024-05-09
4126,2023-09-08,2023-11-10,2024-08-20
44,2023-03-25,2023-03-10,2024-11-25
8345,2023-05-18,2023-11-13,2024-02-28
14786,2023-07-07,2023-03-25,2024-11-13
951,2023-01-22,2023-05-14,2024-10-19
12126,2023-04-27,2023-04-15,2024-02-03
9063,2023-07-02,2023-05-19,2024-05-12
8177,2023-03-13,2023-05-22,2024-06-10
10284,2023-06-26,2023-05-25,2024-05-03
526,2023-10-13,2023-06-24,2024-12-08
6245,2023-11-18,2023-08-15,2024-10-16
2084,2023-12-13,2023-01-13,2024-12-02
12145,2023-01-08,2023-06-03,2024-12-07
9342,2023-10-23,2023-02-19,2024-11-01
11732,2023-10-15,2023-08-25,2024-12-08
733,2023-08-01,2023-11-19,2024-08-21
3827,2023-06-04,2023-09-10,2024-08-03
9610,2023-05-23,2023-11-04,2024-05-17
10266,2023-07-06,2023-10-13,2024-11-22
6432,2023-04-15,2023-11-09,2024-08-28
3149,2023-11-26,2023-06-04,2024-10-04
13025,2023-12-19,2023-01-04,2024-03-02
5459,2023-08-11,2023-04-07,2024-03-02
5685,2023-03-15,2023-11-20,2024-11-12
4071,2023-06-19,2023-05-17,2024-03-19
9224,2023-03-19,2023-12-12,2024-10-20
365,2023-11-22,2023-05-11,2024-07-01
12142,2023-10-16,2023-06-17,2024-03-17
7140,2023-03-12,2023-06-07,2024-11-03
14512,2023-03-20,2023-09-25,2024-08-04
945,2023-02-21,2023-09-20,2024-08-11
3115,2023-01-14,2023-05-06,2024-08-02
11271,2023-07-09,2023-08-03,2024-10-25
1340,2023-07-13,2023-04-03,2024-02-28
11648,2023-03-19,2023-12-20,2024-06-05
10758,2023-06-24,2023-06-25,2024-03-26
3762,2023-05-01,2023-05-22,2024-04-03
9385,2023-05-23,2023-05-24,2024-02-14
13558,2023-11-12,2023-06-13,2024-07-08
2217,2023-06-28,2023-09-02,2024-10-13
12666,2023-10-16,2023-04-08,2024-05-07
3075,2023-04-26,2023-03-04,2024-01-23
7722,2023-02-20,2023-09-24,2024-09-06
2907,2023-08-20,2023-08-17,2024-03-10
9112,2023-01-07,2023-02-14,2024-09-21
838,2023-08-15,2023-02-06,2024-08-05
5375,2023-06-11,2023-12-25,2024-02-22
12863,2023-08-24,2023-11-24,2024-07-13
9333,2023-01-09,2023-04-20,2024-06-07
1752,2023-05-10,2023-02-12,2024-12-20
14675,2023-09-18,2023-07-28,2024-06-28
11164,2023-01-23,2023-04-21,2024-12-02
13566,2023-10-01,2023-07-13,2024-04-16
14165,2023-11-24,2023-05-10,2024-10-08
10755,2023-09-12,2023-04-12,2024-06-27
5963,2023-02-07,2023-07-23,2024-05-15
6738,2023-04-27,2023-10-10,2024-12-02
7460,2023-09-23,2023-07-20,2024-03-19
9121,2023-03-13,2023-07-23,2024-04-15
13338,2023-08-05,2023-04-26,2024-12-15
2293,2023-11-16,2023-11-28,2024-11-13
4062,2023-12-25,2023-10-24,2024-04-18
12418,2023-05-02,2023-07-16,2024-08-05
7426,2023-04-12,2023-02-15,2024-07-26
12545,2023-03-15,2023-06-16,2024-07-13
10980,2023-02-25,2023-03-02,2024-12-10
1550,2023-07-01,2023-08-16,2024-02-04
8909,2023-09-10,2023-10-16,2024-10-02
4192,2023-07-15,2023-02-07,2024-12-01
5830,2023-03-14,2023-01-28,2024-03-03
901,2023-11-13,2023-08-11,2024-09-13
6707,2023-02-25,2023-02-11,2024-08-12
8432,2023-01-03,2023-07-09,2024-05-05
13023,2023-01-06,2023-01-24,2024-05-23
11466,2023-07-09,2023-03-07,2024-03-20
10848,2023-07-24,2023-04-04,2024-01-23
10240,2023-03-05,2023-09-05,2024-07-06
7923,2023-08-02,2023-06-05,2024-06-10
12932,2023-05-01,2023-03-10,2024-10-22
4776,2023-12-26,2023-11-02,2024-08-06
556,2023-07-24,2023-05-07,2024-01-18
7184,2023-04-14,2023-08-22,2024-01-18
6906,2023-12-13,2023-01-12,2024-09-16
2098,2023-11-11,2023-12-20,2024-08-11
10425,2023-02-08,2023-01-24,2024-12-04
5475,2023-11-10,2023-12-23,2024-12-18
7073,2023-03-02,2023-06-12,2024-09-10
2172,2023-11-19,2023-06-14,2024-07-25
147,2023-06-21,2023-10-19,2024-01-09
6312,2023-02-13,2023-03-09,2024-02-07
5694,2023-11-02,2023-05-12,2024-10-26
4824,2023-07-22,2023-04-01,2024-02-19
707,2023-02-20,2023-01-08,2024-01-06
11687,2023-12-13,2023-05-11,2024-12-19
5045,2023-12-01,2023-04-01,2024-10-17
7184,2023-07-01,2023-11-26,2024-07-11
14188,2023-06-14,2023-02-18,2024-10-24
3265,2023-07-26,2023-04-24,2024-05-08
6765,2023-07-04,2023-04-08,2024-07-14
9436,2023-08-22,2023-10-08,2024-05-16
2490,2023-09-13,2023-09-16,2024-07-28
11586,2023-11-26,2023-06-22,2024-04-14
5095,2023-07-04,2023-12-13,2024-09-14
12120,2023-12-11,2023-06-05,2024-02-26
12037,2023-08-27,2023-12-28,2024-04-28
12058,2023-06-27,2023-09-11,2024-01-23
5970,2023-01-15,2023-11-20,2024-12-16
4213,2023-05-24,2023-08-11,2024-09-09
4805,2023-06-22,2023-08-14,2024-10-17
8736,2023-07-15,2023-12-15,2024-10-19
8207,2023-11-19,2023-01-06,2024-08-25
5994,2023-07-16,2023-12-20,2024-12-03
7372,2023-07-05,2023-03-28,2024-07-28
11349,2023-09-04,2023-01-08,2024-11-18
12672,2023-12-05,2023-05-01,2024-04-15
12695,2023-06-14,2023-12-03,2024-08-08
5950,2023-03-10,2023-08-09,2024-04-11
6289,2023-08-04,2023-11-11,2024-11-09
9899,2023-05-21,2023-01-27,2024-03-01
8715,2023-11-04,2023-06-01,2024-09-16
3443,2023-11-02,2023-04-02,2024-08-08
5960,2023-02-06,2023-02-16,2024-07-11
8457,2023-07-04,2023-08-16,2024-10-13
1178,2023-10-15,2023-10-09,2024-08-09
3656,2023-07-19,2023-05-26,2024-11-28
1479,2023-05-06,2023-12-09,2024-10-14
14071,2023-01-14,2023-10-21,2024-07-22
4442,2023-09-25,2023-10-13,2024-12-20
14833,2023-06-13,2023-10-14,2024-10-01
2326,2023-06-20,2023-12-13,2024-10-08
6228,2023-09-20,2023-11-04,2024-05-17
3770,2023-12-11,2023-10-15,2024-08-02
13727,2023-02-24,2023-04-11,2024-12-08
2775,2023-09-23,2023-09-15,2024-05-20
11122,2023-12-23,2023-02-28,2024-11-23
10997,2023-04-08,2023-12-02,2024-12-27
14562,2023-04-01,2023-04-19,2024-09-08
9326,2023-07-28,2023-02-14,2024-08-22
1248,2023-01-13,2023-07-11,2024-10-27
8800,2023-12-21,2023-09-10,2024-02-02
1457,2023-07-18,2023-11-20,2024-12-16
1949,2023-06-19,2023-03-08,2024-06-15
11358,2023-10-01,2023-09-09,2024-03-02
11308,2023-09-18,2023-09-09,2024-01-22
8739,2023-06-09,2023-09-14,2024-06-11
5171,2023-12-25,2023-09-02,2024-12-10
6855,2023-02-17,2023-04-08,2024-01-11
8344,2023-04-24,2023-01-09,2024-08-15
10599,2023-10-08,2023-04-02,2024-02-10
12924,2023-04-23,2023-11-02,2024-03-07
5816,2023-09-24,2023-11-11,2024-04-16
7730,2023-08-12,2023-11-25,2024-08-11
13484,2023-09-28,2023-04-19,2024-05-26
656,2023-06-09,2023-03-19,2024-12-11
10460,2023-04-04,2023-12-07,2024-09-20
1719,2023-10-18,2023-11-08,2024-07-11
97,2023-06-10,2023-07-16,2024-05-11
3226,2023-09-18,2023-04-13,2024-09-03
668,2023-08-25,2023-11-17,2024-10-16
11427,2023-11-11,2023-04-04,2024-06-08
11775,2023-03-28,2023-09-10,2024-07-09
5051,2023-01-07,2023-01-07,2024-09-11
10802,2023-05-18,2023-09-08,2024-01-20
6655,2023-05-03,2023-07-06,2024-07-15
4127,2023-12-05,2023-08-04,2024-05-08
7923,2023-03-01,2023-12-09,2024-02-17
12955,2023-03-18,2023-01-07,2024-04-19
11170,2023-03-20,2023-11-21,2024-08-04
2142,2023-05-08,2023-04-02,2024-05-16
2090,2023-04-13,2023-02-12,2024-08-09
4178,2023-01-20,2023-09-13,2024-09-01
2771,2023-07-21,2023-09-25,2024-02-15
2542,2023-08-03,2023-05-10,2024-11-09
2765,2023-06-14,2023-04-27,2024-07-25
6872,2023-08-17,2023-10-22,2024-02-15
4727,2023-11-02,2023-04-04,2024-03-04
9759,2023-04-10,2023-07-08,2024-06-22
9384,2023-12-21,2023-03-06,2024-06-08
3635,2023-05-22,2023-12-23,2024-12-09
8483,2023-02-13,2023-05-14,2024-12-18
4553,2023-08-04,2023-11-06,2024-08-03
12609,2023-08-19,2023-01-10,2024-08-05
9355,2023-09-01,2023-01-06,2024-09-24
13697,2023-12-03,2023-08-27,2024-01-08
13902,2023-07-10,2023-03-23,2024-07-28
10421,2023-03-03,2023-06-16,2024-07-06
14253,2023-08-02,2023-02-01,2024-09-01
7081,2023-04-27,2023-06-25,2024-04-06
5716,2023-09-09,2023-12-17,2024-08-04
327,2023-04-15,2023-11-24,2024-06-09
9929,2023-10-07,2023-02-05,2024-12-01
10385,2023-12-05,2023-03-18,2024-03-21
5476,2023-03-23,2023-09-03,2024-01-05
12490,2023-04-09,2023-10-11,2024-02-02
1786,2023-03-15,2023-11-26,2024-02-21
5543,2023-12-23,2023-11-22,2024-08-20
9365,2023-01-14,2023-06-01,2024-02-27
9656,2023-02-02,2023-07-09,2024-02-11
12553,2023-04-16,2023-05-13,2024-05-28
2828,2023-10-23,2023-01-26,2024-01-14
968,2023-07-25,2023-06-20,2024-10-09
6054,2023-01-01,2023-01-23,2024-12-26
2668,2023-01-15,2023-05-11,2024-06-06
11668,2023-01-24,2023-09-24,2024-07-07
2226,2023-04-01,2023-03-27,2024-11-16
13800,2023-11-28,2023-02-18,2024-06-22
10122,2023-12-08,2023-03-25,2024-12-02
13343,2023-08-07,2023-12-05,2024-11-08
10527,2023-03-07,2023-06-21,2024-07-28
6998,2023-09-18,2023-02-05,2024-12-04
3243,2023-10-01,2023-02-27,2024-07-04
5564,2023-04-16,2023-10-21,2024-10-13
309,2023-06-13,2023-08-05,2024-02-15
4411,2023-03-02,2023-03-08,2024-11-10
6429,2023-10-21,2023-03-21,2024-03-24
13879,2023-04-09,2023-08-26,2024-05-05
8750,2023-08-25,2023-04-22,2024-02-16
13540,2023-08-06,2023-11-19,2024-11-06
3451,2023-12-14,2023-10-19,2024-08-12
13376,2023-09-28,2023-01-21,2024-08-20
10455,2023-02-15,2023-04-22,2024-07-06
13749,2023-07-18,2023-02-20,2024-01-03
9986,2023-05-24,2023-07-22,2024-10-27
6970,2023-08-21,2023-11-02,2024-04-17
10210,2023-07-16,2023-06-05,2024-04-21
2993,2023-01-11,2023-04-03,2024-01-08
1626,2023-08-02,2023-04-01,2024-05-11
547,2023-06-06,2023-11-12,2024-12-14
524,2023-11-10,2023-10-18,2024-12-10
9377,2023-05-01,2023-10-09,2024-06-22
4698,2023-04-17,2023-10-22,2024-01-24
12739,2023-05-01,2023-03-23,2024-04-21
12723,2023-07-25,2023-06-01,2024-10-07
163,2023-09-20,2023-03-28,2024-08-14
7483,2023-02-08,2023-08-08,2024-10-19
4764,2023-04-14,2023-08-05,2024-01-27
5337,2023-01-17,2023-05-22,2024-12-08
7758,2023-08-25,2023-07-05,2024-01-21
2963,2023-12-23,2023-05-13,2024-03-13
4680,2023-02-10,2023-12-27,2024-10-19
14104,2023-07-02,2023-06-15,2024-11-17
635,2023-02-01,2023-03-08,2024-11-07
2299,2023-01-20,2023-08-12,2024-08-06
7528,2023-06-09,2023-11-28,2024-05-05
7901,2023-05-25,2023-07-04,2024-09-06
10477,2023-04-28,2023-09-14,2024-08-09
3204,2023-12-14,2023-10-17,2024-12-20
13517,2023-05-05,2023-01-06,2024-11-01
12294,2023-07-15,2023-12-12,2024-06-19
128,2023-12-15,2023-10-12,2024-11-17
9338,2023-08-19,2023-03-19,2024-09-20
10743,2023-07-13,2023-09-10,2024-12-08
10963,2023-02-01,2023-09-13,2024-10-24
12300,2023-08-18,2023-09-16,2024-06-06
3683,2023-09-08,2023-06-17,2024-05-07
2729,2023-09-20,2023-07-22,2024-08-19
1817,2023-12-27,2023-04-24,2024-12-06
151,2023-11-15,2023-03-14,2024-10-17
11660,2023-05-20,2023-03-08,2024-06-11
7898,2023-05-25,2023-08-08,2024-08-17
9371,2023-03-15,2023-11-28,2024-09-16
1010,2023-08-11,2023-06-18,2024-10-23
5942,2023-02-10,2023-09-24,2024-11-16
1258,2023-12-19,2023-08-22,2024-12-22
6679,2023-05-24,2023-04-08,2024-07-27
4111,2023-02-17,2023-12-08,2024-06-07
10755,2023-08-10,2023-06-23,2024-02-16
1862,2023-11-26,2023-06-02,2024-06-15
1806,2023-05-19,2023-09-07,2024-05-11
7841,2023-01-24,2023-04-20,2024-06-04
9134,2023-04-21,2023-07-11,2024-09-16
14927,2023-10-07,2023-01-21,2024-02-09
13010,2023-11-10,2023-12-15,2024-09-10
6655,2023-02-19,2023-04-22,2024-11-21
1568,2023-01-17,2023-07-25,2024-08-25
10467,2023-11-13,2023-11-11,2024-05-11
6019,2023-11-12,2023-07-28,2024-05-25
10001,2023-07-25,2023-04-25,2024-11-18
13191,2023-04-22,2023-06-22,2024-10-06
3162,2023-01-10,2023-09-20,2024-10-06
12993,2023-06-26,2023-06-16,2024-06-25
12256,2023-08-04,2023-05-17,2024-12-02
1287,2023-09-19,2023-07-14,2024-02-22
13822,2023-11-25,2023-07-19,2024-11-13
10925,2023-06-10,2023-11-06,2024-07-06
10128,2023-03-26,2023-03-20,2024-09-05
8811,2023-12-23,2023-10-12,2024-05-26
4255,2023-03-22,2023-04-14,2024-04-11
6306,2023-10-05,2023-12-21,2024-10-04
7490,2023-04-01,2023-09-27,2024-09-17
4909,2023-08-13,2023-10-13,2024-10-15
797,2023-10-17,2023-08-19,2024-09-14
6790,2023-03-09,2023-09-12,2024-04-05
3257,2023-02-27,2023-12-18,2024-04-12
7746,2023-07-03,2023-05-17,2024-11-04
3334,2023-07-19,2023-09-07,2024-03-13
10576,2023-09-03,2023-02-02,2024-03-20
10102,2023-05-23,2023-10-18,2024-08-24
4113,2023-03-16,2023-08-26,2024-12-12
6645,2023-04-17,2023-03-03,2024-09-21
11597,2023-07-14,2023-07-02,2024-07-08
10381,2023-03-01,2023-01-03,2024-06-28
12485,2023-01-08,2023-04-23,2024-02-16
8632,2023-02-20,2023-01-13,2024-08-05
1923,2023-05-10,2023-11-27,2024-04-25
3693,2023-01-12,2023-11-05,2024-03-16
4529,2023-09-15,2023-04-01,2024-02-08
3241,2023-03-01,2023-09-17,2024-08-03
2269,2023-06-26,2023-12-06,2024-10-08
9378,2023-10-14,2023-08-04,2024-06-18
7712,2023-07-14,2023-01-25,2024-02-02
4180,2023-10-12,2023-01-14,2024-11-11
474,2023-11-01,2023-01-10,2024-05-17
12029,2023-03-14,2023-09-17,2024-12-21
14957,2023-04-23,2023-10-05,2024-02-22
4590,2023-02-08,2023-05-16,2024-06-10
4950,2023-09-01,2023-07-09,2024-01-18
292,2023-09-07,2023-08-17,2024-05-23
8823,2023-04-26,2023-08-13,2024-05-23
1813,2023-06-06,2023-10-26,2024-05-22
12129,2023-10-01,2023-01-19,2024-09-17
11137,2023-08-20,2023-10-24,2024-06-26
1582,2023-04-27,2023-08-12,2024-03-27
8766,2023-09-21,2023-03-27,2024-11-22
455,2023-06-22,2023-07-16,2024-06-07
10134,2023-07-26,2023-09-26,2024-07-04
14509,2023-09-17,2023-03-25,2024-11-15
14452,2023-10-15,2023-01-15,2024-09-01
12279,2023-06-05,2023-01-04,2024-03-19
4175,2023-12-11,2023-05-21,2024-06-18
7725,2023-05-11,2023-09-13,2024-10-14
5495,2023-02-12,2023-11-27,2024-07-05
6599,2023-02-10,2023-05-27,2024-09-19
3176,2023-06-26,2023-10-25,2024-01-17
3506,2023-02-27,2023-04-15,2024-03-11
1642,2023-07-28,2023-04-28,2024-02-15
6242,2023-02-20,2023-07-21,2024-02-25
3490,2023-08-18,2023-02-26,2024-12-15
1936,2023-09-10,2023-12-09,2024-03-12
9782,2023-10-16,2023-06-25,2024-08-28
3774,2023-07-12,2023-03-05,2024-05-12
14558,2023-02-04,2023-11-03,2024-06-28
1086,2023-11-13,2023-05-27,2024-08-03
12990,2023-11-11,2023-11-18,2024-01-22
2567,2023-05-20,2023-01-28,2024-09-08
13283,2023-02-20,2023-05-18,2024-08-16
6741,2023-03-18,2023-07-14,2024-07-03
724,2023-10-26,2023-05-16,2024-06-09
10933,2023-11-12,2023-10-19,2024-08-02
10010,2023-02-03,2023-07-21,2024-04-09
6153,2023-09-14,2023-04-28,2024-12-20
10645,2023-06-09,2023-11-18,2024-09-09
566,2023-10-24,2023-06-03,2024-05-15
1719,2023-04-11,2023-11-09,2024-08-10
10024,2023-06-24,2023-12-01,2024-07-04
14599,2023-09-27,2023-08-01,2024-07-26
12331,2023-09-15,2023-09-16,2024-05-06
10818,2023-07-12,2023-09-18,2024-01-05
3657,2023-04-10,2023-10-12,2024-01-05
12956,2023-09-03,2023-10-13,2024-04-17
6144,2023-04-14,2023-08-15,2024-07-20
14198,2023-11-24,2023-09-20,2024-09-19
3846,2023-01-17,2023-06-16,2024-03-22
13596,2023-03-08,2023-07-26,2024-08-14
5098,2023-01-23,2023-09-05,2024-09-21
2435,2023-02-03,2023-02-24,2024-11-23
1316,2023-07-19,2023-09-18,2024-02-17
13356,2023-07-23,2023-05-15,2024-06-14
9034,2023-04-03,2023-07-09,2024-09-28
8066,2023-10-11,2023-05-13,2024-09-15
2382,2023-11-13,2023-05-04,2024-01-27
667,2023-04-23,2023-04-03,2024-09-08
6177,2023-12-11,2023-01-09,2024-06-27
9495,2023-06-14,2023-08-20,2024-09-12
3643,2023-05-10,2023-07-13,2024-09-01
11155,2023-07-18,2023-01-15,2024-10-17
3824,2023-06-09,2023-06-20,2024-01-12
6035,2023-06-18,2023-06-14,2024-11-01
5854,2023-12-05,2023-04-25,2024-04-27
6654,2023-11-21,2023-06-27,2024-12-06
11272,2023-07-22,2023-07-06,2024-12-15
12767,2023-11-20,2023-02-23,2024-07-09
6175,2023-03-26,2023-04-19,2024-06-08
3837,2023-04-05,2023-07-14,2024-06-19
5634,2023-06-23,2023-01-09,2024-11-22
8802,2023-03-26,2023-05-01,2024-11-03
12722,2023-12-04,2023-08-08,2024-05-22
6963,2023-12-08,2023-11-08,2024-02-02
14071,2023-01-11,2023-02-21,2024-10-04
1862,2023-10-23,2023-02-06,2024-08-08
9662,2023-10-24,2023-04-08,2024-05-01
9824,2023-06-11,2023-03-28,2024-02-07
5668,2023-06-05,2023-07-12,2024-08-11
2145,2023-09-26,2023-05-24,2024-05-26
163,2023-04-18,2023-05-12,2024-11-23
9261,2023-03-11,2023-03-23,2024-07-19
14846,2023-08-21,2023-10-01,2024-09-12
4171,2023-06-10,2023-06-07,2024-09-23
3403,2023-02-08,2023-12-11,2024-09-22
1734,2023-12-14,2023-11-05,2024-10-26
7462,2023-04-07,2023-11-23,2024-05-09
7449,2023-05-20,2023-12-13,2024-04-02
3020,2023-12-11,2023-05-14,2024-12-20
8316,2023-10-01,2023-05-01,2024-03-21
6806,2023-01-01,2023-08-07,2024-04-04
3270,2023-12-16,2023-04-03,2024-01-14
12961,2023-04-19,2023-10-27,2024-03-16
7325,2023-06-27,2023-07-06,2024-11-09
4929,2023-04-21,2023-11-21,2024-03-06
7666,2023-03-07,2023-12-19,2024-06-01
10371,2023-08-22,2023-12-26,2024-01-15
9643,2023-09-03,2023-10-25,2024-08-24
7151,2023-02-12,2023-10-09,2024-06-03
4003,2023-01-17,2023-05-14,2024-05-27
12293,2023-09-17,2023-07-19,2024-12-24
736,2023-04-08,2023-09-09,2024-07-13
8444,2023-09-18,2023-02-12,2024-10-08
5463,2023-12-08,2023-09-07,2024-10-10
3410,2023-02-15,2023-06-06,2024-06-24
8701,2023-10-28,2023-01-28,2024-03-23
11068,2023-02-03,2023-05-02,2024-01-08
11334,2023-06-21,2023-02-01,2024-08-06
5530,2023-12-07,2023-10-09,2024-08-17
10849,2023-07-24,2023-01-18,2024-08-16
10583,2023-03-15,2023-05-27,2024-12-19
7617,2023-03-01,2023-07-17,2024-11-21
14127,2023-08-06,2023-02-22,2024-05-25
13560,2023-06-27,2023-11-27,2024-11-17
10947,2023-10-21,2023-07-02,2024-01-01
12143,2023-04-03,2023-08-14,2024-08-10
5072,2023-04-26,2023-07-04,2024-04-15
10090,2023-11-15,2023-01-04,2024-09-20
3070,2023-07-03,2023-09-07,2024-09-08
6234,2023-11-26,2023-04-24,2024-12-28
9755,2023-11-23,2023-02-01,2024-07-24
7320,2023-01-03,2023-08-28,2024-01-13
761,2023-01-08,2023-10-27,2024-12-16
8187,2023-11-05,2023-02-27,2024-09-03
4546,2023-12-05,2023-05-09,2024-02-13
5832,2023-11-12,2023-01-05,2024-05-27
11735,2023-08-22,2023-09-03,2024-07-01
8746,2023-02-10,2023-03-15,2024-03-12
13679,2023-11-08,2023-09-04,2024-03-02
1477,2023-12-07,2023-09-21,2024-08-02
11939,2023-05-12,2023-04-06,2024-11-26
1230,2023-06-22,2023-09-03,2024-01-04
10243,2023-11-22,2023-10-22,2024-10-05
8033,2023-09-10,2023-09-28,2024-10-26
13230,2023-05-26,2023-09-11,2024-08-13
7082,2023-04-25,2023-01-20,2024-10-20
1226,2023-01-24,2023-09-10,2024-08-21
5383,2023-05-09,2023-11-21,2024-06-13
12161,2023-03-04,2023-07-15,2024-07-12
9027,2023-08-03,2023-01-07,2024-09-07
504,2023-03-06,2023-05-21,2024-04-06
3549,2023-11-19,2023-05-22,2024-02-09
9418,2023-04-22,2023-01-24,2024-08-07
14953,2023-09-03,2023-07-25,2024-06-24
4946,2023-02-03,2023-07-07,2024-05-01
7082,2023-12-21,2023-04-16,2024-08-20
4014,2023-01-28,2023-02-24,2024-07-15
10565,2023-11-04,2023-11-06,2024-09-25
3088,2023-08-01,2023-05-10,2024-07-12
14049,2023-10-26,2023-10-27,2024-11-06
5793,2023-08-20,2023-06-16,2024-02-15
7824,2023-04-12,2023-03-24,2024-11-28
10107,2023-12-18,2023-08-18,2024-10-15
4067,2023-11-08,2023-10-17,2024-09-11
9644,2023-10-15,2023-10-02,2024-09-20
8795,2023-01-07,2023-05-06,2024-03-12
10362,2023-08-24,2023-08-17,2024-02-15
665,2023-02-07,2023-01-08,2024-10-13
7478,2023-04-21,2023-02-23,2024-09-23
1808,2023-07-04,2023-02-08,2024-03-12
4315,2023-02-21,2023-03-20,2024-02-16
8505,2023-03-13,2023-05-22,2024-09-28
11076,2023-10-25,2023-04-04,2024-09-27
7150,2023-05-22,2023-12-28,2024-05-28
11179,2023-11-25,2023-04-25,2024-08-19
4618,2023-10-06,2023-07-26,2024-06-19
3751,2023-12-15,2023-09-03,2024-02-15
5767,2023-11-03,2023-09-02,2024-11-27
7505,2023-08-13,2023-07-21,2024-04-07
11068,2023-01-01,2023-05-28,2024-03-22
7926,2023-01-18,2023-01-05,2024-03-11
1150,2023-04-10,2023-11-12,2024-11-15
10811,2023-03-09,2023-08-01,2024-01-09
7102,2023-06-20,2023-04-06,2024-10-15
14868,2023-09-21,2023-09-23,2024-12-03
13496,2023-02-03,2023-05-10,2024-12-24
3415,2023-08-20,2023-04-04,2024-10-17
990,2023-11-27,2023-12-16,2024-08-25
8280,2023-10-19,2023-02-07,2024-12-16
14215,2023-11-03,2023-08-10,2024-03-06
1966,2023-10-22,2023-07-04,2024-02-12
3758,2023-02-07,2023-04-13,2024-04-10
1332,2023-02-20,2023-07-15,2024-06-04
9352,2023-06-08,2023-02-26,2024-04-02
7134,2023-06-27,2023-02-08,2024-05-04
8266,2023-08-23,2023-07-20,2024-12-15
13457,2023-06-24,2023-05-07,2024-05-26
2014,2023-11-22,2023-10-12,2024-04-03
2147,2023-03-26,2023-05-02,2024-06-17
12047,2023-06-27,2023-06-09,2024-01-07
11843,2023-10-26,2023-10-17,2024-01-18
11956,2023-03-20,2023-09-16,2024-12-16
13897,2023-10-09,2023-03-10,2024-02-13
2126,2023-06-22,2023-06-23,2024-09-08
3485,2023-07-25,2023-12-10,2024-08-22
2935,2023-03-11,2023-03-21,2024-04-13
118,2023-06-15,2023-10-09,2024-08-01
12718,2023-05-17,2023-06-20,2024-12-18
5037,2023-10-05,2023-06-25,2024-12-23
12303,2023-04-08,2023-06-14,2024-12-28
4865,2023-01-11,2023-04-15,2024-12-15
284,2023-10-08,2023-04-26,2024-06-03
2584,2023-04-11,2023-09-08,2024-03-01
1028,2023-11-22,2023-10-24,2024-08-02
8353,2023-03-27,2023-08-05,2024-06-06
6450,2023-06-21,2023-02-08,2024-07-28
8417,2023-01-12,2023-08-17,2024-07-22
12762,2023-06-12,2023-05-17,2024-12-04
14883,2023-05-11,2023-04-12,2024-10-09
11357,2023-07-17,2023-12-18,2024-09-09
3236,2023-11-06,2023-08-16,2024-09-08
13432,2023-12-16,2023-11-10,2024-04-19
3606,2023-04-28,2023-08-27,2024-02-05
7531,2023-03-01,2023-08-01,2024-08-15
6402,2023-10-12,2023-08-24,2024-02-09
10840,2023-12-10,2023-04-15,2024-02-25
5654,2023-11-15,2023-02-16,2024-08-04
13342,2023-11-04,2023-07-26,2024-10-06
5024,2023-07-17,2023-09-18,2024-12-01
1614,2023-03-03,2023-07-05,2024-12-24
11964,2023-06-27,2023-11-15,2024-01-02
3111,2023-08-12,2023-01-26,2024-10-26
6217,2023-03-26,2023-01-10,2024-04-25
10954,2023-09-15,2023-08-06,2024-09-06
9021,2023-07-19,2023-08-08,2024-01-12
3968,2023-09-16,2023-10-24,2024-11-03
3245,2023-06-18,2023-10-21,2024-09-01
7602,2023-10-02,2023-07-15,2024-07-27
13839,2023-04-23,2023-06-03,2024-03-11
9408,2023-03-25,2023-04-23,2024-12-28
7488,2023-09-09,2023-09-22,2024-11-15
13582,2023-03-12,2023-02-21,2024-12-21
14108,2023-06-14,2023-09-14,2024-05-08
11834,2023-02-24,2023-01-12,2024-03-14
2883,2023-10-25,2023-02-05,2024-03-27
7198,2023-06-24,2023-05-23,2024-09-10
12579,2023-02-22,2023-03-16,2024-06-05
2552,2023-12-13,2023-07-28,2024-05-09
1180,2023-11-24,2023-10-08,2024-01-03
1702,2023-05-14,2023-07-09,2024-01-05
12529,2023-05-09,2023-10-10,2024-08-28
8134,2023-12-03,2023-08-24,2024-12-07
10433,2023-11-10,2023-08-02,2024-03-15
3372,2023-05-08,2023-06-05,2024-12-17
12885,2023-12-08,2023-03-12,2024-11-12
9402,2023-12-06,2023-04-11,2024-12-04
3320,2023-03-02,2023-06-03,2024-06-22
9436,2023-05-21,2023-10-16,2024-03-06
13980,2023-08-17,2023-02-09,2024-11-28
3146,2023-09-08,2023-07-11,2024-06-03
3208,2023-02-11,2023-06-27,2024-08-05
14048,2023-07-14,2023-12-01,2024-06-16
7553,2023-01-17,2023-10-07,2024-07-28
12190,2023-12-24,2023-03-21,2024-12-14
2512,2023-03-08,2023-05-20,2024-01-26
1685,2023-06-19,2023-06-16,2024-04-01
2333,2023-04-27,2023-09-09,2024-05-12
703,2023-08-10,2023-03-13,2024-11-20
3003,2023-02-06,2023-01-01,2024-03-17
8984,2023-02-01,2023-09-04,2024-08-28
2166,2023-01-14,2023-09-27,2024-06-16
9036,2023-10-08,2023-07-25,2024-03-07
6562,2023-11-22,2023-11-18,2024-02-24
3689,2023-10-02,2023-07-18,2024-05-25
3602,2023-05-25,2023-08-07,2024-01-13
8852,2023-02-19,2023-09-23,2024-03-27
3193,2023-01-02,2023-05-27,2024-11-12
656,2023-07-27,2023-08-25,2024-06-09
7745,2023-06-12,2023-02-14,2024-11-23
12634,2023-05-24,2023-02-15,2024-10-02
5483,2023-04-25,2023-03-11,2024-12-26
3363,2023-05-14,2023-10-14,2024-07-19
8639,2023-07-04,2023-11-25,2024-07-23
2096,2023-08-13,2023-01-09,2024-04-28
3083,2023-06-07,2023-11-13,2024-06-24
12801,2023-06-01,2023-02-06,2024-06-27
11410,2023-09-09,2023-10-09,2024-08-02
317,2023-09-13,2023-06-15,2024-12-24
1564,2023-09-11,2023-01-14,2024-02-01
12061,2023-09-11,2023-05-14,2024-08-18
6222,2023-01-23,2023-11-05,2024-02-24
14034,2023-11-16,2023-11-06,2024-02-01
12179,2023-01-28,2023-03-08,2024-11-25
5854,2023-07-13,2023-03-27,2024-04-16
4877,2023-08-09,2023-10-11,2024-01-24
6573,2023-06-22,2023-09-09,2024-02-08
11163,2023-08-28,2023-12-17,2024-10-07
11875,2023-07-28,2023-05-14,2024-09-21
7217,2023-02-17,2023-06-03,2024-04-21
8511,2023-01-15,2023-05-14,2024-07-14
10746,2023-08-11,2023-07-10,2024-03-06
8921,2023-04-08,2023-02-27,2024-03-28
1183,2023-10-28,2023-08-05,2024-09-06
7605,2023-10-06,2023-08-10,2024-01-04
8403,2023-08-14,2023-09-26,2024-06-04
2540,2023-05-07,2023-01-20,2024-02-10
9937,2023-06-04,2023-10-20,2024-12-23
7056,2023-08-28,2023-05-19,2024-06-09
12702,2023-08-07,2023-10-11,2024-03-15
3013,2023-01-12,2023-04-21,2024-10-19
10383,2023-02-26,2023-03-22,2024-07-01
4283,2023-02-12,2023-11-12,2024-04-02
7711,2023-01-16,2023-05-16,2024-12-03
11233,2023-01-08,2023-06-22,2024-06-13
10031,2023-07-15,2023-09-27,2024-01-04
4134,2023-03-01,2023-04-04,2024-11-05
7547,2023-11-19,2023-09-20,2024-11-18
12162,2023-09-05,2023-08-26,2024-06-13
158,2023-11-07,2023-05-12,2024-11-26
4228,2023-10-17,2023-07-14,2024-12-10
13922,2023-02-12,2023-12-03,2024-07-17
387,2023-06-12,2023-05-12,2024-12-25
8159,2023-09-09,2023-02-25,2024-03-20
9168,2023-12-14,2023-07-02,2024-03-19
13784,2023-05-19,2023-10-02,2024-11-25
1567,2023-10-04,2023-03-04,2024-09-16
1190,2023-11-09,2023-01-22,2024-06-18
14349,2023-04-08,2023-10-27,2024-07-13
9138,2023-11-21,2023-05-25,2024-08-14
2333,2023-12-18,2023-03-26,2024-08-01
11528,2023-10-14,2023-10-11,2024-07-19
876,2023-06-15,2023-03-25,2024-03-04
14357,2023-10-04,2023-07-28,2024-05-28
6607,2023-09-19,2023-05-28,2024-03-24
4148,2023-10-22,2023-09-11,2024-04-06
891,2023-01-18,2023-02-20,2024-10-15
4641,2023-05-28,2023-08-25,2024-09-26
3407,2023-02-28,2023-03-08,2024-07-20
6601,2023-11-16,2023-03-07,2024-05-23
9565,2023-07-12,2023-01-22,2024-11-18
3441,2023-12-22,2023-07-05,2024-08-08
11450,2023-08-11,2023-05-14,2024-08-13
13796,2023-07-20,2023-04-10,2024-01-08
13212,2023-06-15,2023-11-05,2024-07-06
14215,2023-01-27,2023-11-25,2024-03-18
2492,2023-07-13,2023-02-19,2024-12-21
827,2023-10-27,2023-12-20,2024-04-14
8195,2023-10-12,2023-10-15,2024-12-07
12332,2023-10-04,2023-12-13,2024-01-06
7688,2023-04-25,2023-05-28,2024-07-16
1589,2023-07-07,2023-01-17,2024-01-02
9980,2023-10-04,2023-02-19,2024-01-04
6887,2023-02-26,2023-04-28,2024-02-01
7683,2023-01-08,2023-01-03,2024-06-15
4849,2023-03-20,2023-04-23,2024-10-16
12655,2023-11-08,2023-06-25,2024-09-28
14170,2023-03-15,2023-05-06,2024-02-04
10010,2023-01-05,2023-12-01,2024-04-25
13880,2023-04-25,2023-08-03,2024-12-25
9392,2023-03-02,2023-05-21,2024-12-05
7551,2023-05-08,2023-03-08,2024-08-20
12184,2023-10-28,2023-05-12,2024-08-28
9275,2023-05-09,2023-09-15,2024-04-26
8947,2023-01-03,2023-03-23,2024-12-19
571,2023-03-07,2023-10-06,2024-07-09
11519,2023-02-13,2023-12-04,2024-04-05
12877,2023-02-02,2023-02-14,2024-08-10
1898,2023-04-08,2023-12-26,2024-08-19
8305,2023-01-22,2023-11-18,2024-03-18
11599,2023-07-17,2023-02-02,2024-12-23
9790,2023-12-28,2023-01-17,2024-08-19
2282,2023-06-06,2023-10-27,2024-07-03
10331,2023-09-08,2023-09-26,2024-05-05
637,2023-07-19,2023-03-17,2024-03-22
237,2023-06-01,2023-12-03,2024-02-04
8319,2023-06-25,2023-07-28,2024-08-04
11732,2023-06-10,2023-10-08,2024-11-06
11208,2023-04-26,2023-05-04,2024-12-16
13858,2023-01-02,2023-10-20,2024-01-19
5767,2023-07-11,2023-05-14,2024-05-11
3103,2023-04-23,2023-04-25,2024-08-24
3305,2023-05-24,2023-10-08,2024-08-08
1648,2023-02-06,2023-10-27,2024-01-28
950,2023-03-22,2023-05-15,2024-05-25
12166,2023-11-13,2023-04-02,2024-03-09
3041,2023-04-17,2023-12-16,2024-01-27
5883,2023-07-03,2023-08-06,2024-07-05
6416,2023-06-16,2023-11-08,2024-09-27
11907,2023-02-06,2023-12-06,2024-01-12
3750,2023-07-27,2023-05-22,2024-12-13
11195,2023-04-03,2023-02-08,2024-04-08
277,2023-01-23,2023-05-28,2024-02-15
7853,2023-08-01,2023-11-16,2024-10-02
3338,2023-02-09,2023-12-27,2024-10-13
8996,2023-10-13,2023-05-18,2024-09-14
6330,2023-05-11,2023-09-07,2024-02-25
14502,2023-09-25,2023-06-15,2024-07-13
12530,2023-09-21,2023-12-16,2024-02-08
8382,2023-11-24,2023-07-22,2024-01-04
14070,2023-02-09,2023-04-22,2024-05-20
5430,2023-01-21,2023-10-23,2024-08-13
13821,2023-04-09,2023-12-15,2024-09-11
4967,2023-10-25,2023-11-11,2024-08-11
9174,2023-05-04,2023-09-21,2024-06-20
4836,2023-10-07,2023-09-25,2024-02-28
9020,2023-12-19,2023-09-12,2024-07-22
10589,2023-01-18,2023-02-08,2024-05-03
13026,2023-03-27,2023-02-02,2024-12-10
7148,2023-09-14,2023-08-15,2024-08-16
7494,2023-06-15,2023-06-01,2024-06-18
13709,2023-08-18,2023-03-01,2024-08-10
6008,2023-11-28,2023-04-19,2024-02-04
11584,2023-04-16,2023-12-23,2024-01-04
3968,2023-08-13,2023-03-02,2024-10-20
6003,2023-09-25,2023-06-04,2024-08-12
3151,2023-09-15,2023-06-19,2024-01-22
14783,2023-04-18,2023-11-28,2024-05-14
420,2023-02-08,2023-01-07,2024-08-09
7452,2023-06-28,2023-01-13,2024-01-06
9001,2023-02-09,2023-10-08,2024-10-20
9586,2023-07-15,2023-01-05,2024-03-08
6520,2023-05-15,2023-05-03,2024-12-23
4778,2023-04-22,2023-07-12,2024-05-05
13919,2023-08-23,2023-08-17,2024-04-02
5335,2023-11-08,2023-06-23,2024-08-20
12183,2023-07-17,2023-06-13,2024-03-16
6901,2023-02-20,2023-05-04,2024-01-18
598,2023-01-09,2023-11-13,2024-01-23
8342,2023-11-18,2023-12-17,2024-08-12
14608,2023-01-06,2023-02-16,2024-11-02
10944,2023-03-28,2023-06-10,2024-12-17
2827,2023-02-21,2023-11-11,2024-10-18
14076,2023-06-17,2023-01-16,2024-09-01
3517,2023-04-17,2023-11-03,2024-06-19
8912,2023-07-06,2023-05-11,2024-03-09
3104,2023-12-11,2023-07-16,2024-03-06
7500,2023-08-22,2023-11-02,2024-03-19
8639,2023-03-28,2023-11-14,2024-06-14
5295,2023-06-16,2023-07-15,2024-09-15
5658,2023-10-08,2023-10-13,2024-03-13
5134,2023-01-13,2023-08-27,2024-12-18
13370,2023-04-22,2023-08-06,2024-07-02
13354,2023-02-03,2023-08-23,2024-10-06
11564,2023-05-17,2023-03-13,2024-10-17
4357,2023-07-12,2023-11-28,2024-12-11
11214,2023-02-21,2023-11-26,2024-06-10
12922,2023-01-12,2023-09-18,2024-04-08
6121,2023-04-26,2023-09-23,2024-08-06
97,2023-02-12,2023-04-24,2024-06-12
5671,2023-10-01,2023-05-04,2024-09-19
1723,2023-04-19,2023-09-14,2024-09-04
7366,2023-11-02,2023-08-19,2024-12-22
520,2023-08-18,2023-10-01,2024-06-16
6547,2023-05-06,2023-07-14,2024-02-19
13433,2023-08-12,2023-03-06,2024-08-15
445,2023-12-04,2023-08-22,2024-02-16
13088,2023-11-05,2023-07-01,2024-12-02
944,2023-06-21,2023-11-02,2024-07-22
4196,2023-01-06,2023-02-10,2024-06-22
6875,2023-06-13,2023-11-17,2024-06-18
4819,2023-10-01,2023-05-08,2024-05-27
12323,2023-12-28,2023-05-09,2024-01-04
12378,2023-01-26,2023-10-03,2024-04-19
5612,2023-08-21,2023-09-26,2024-05-25
9167,2023-09-15,2023-06-09,2024-12-10
13924,2023-03-06,2023-11-09,2024-03-05
12183,2023-09-24,2023-10-28,2024-01-16
4721,2023-10-11,2023-05-20,2024-08-13
13225,2023-03-03,2023-03-04,2024-09-17
3595,2023-05-23,2023-04-02,2024-02-13
10387,2023-05-11,2023-09-13,2024-08-21
13829,2023-12-16,2023-11-15,2024-01-16
14502,2023-03-04,2023-05-27,2024-02-22
7033,2023-01-20,2023-12-14,2024-04-17
9119,2023-12-04,2023-04-15,2024-01-18
3599,2023-02-09,2023-03-02,2024-05-08
8876,2023-01-18,2023-02-22,2024-10-20
14332,2023-01-02,2023-04-02,2024-11-21
841,2023-10-22,2023-04-04,2024-08-16
1252,2023-03-21,2023-02-16,2024-11-28
14406,2023-05-05,2023-02-02,2024-11-27
3388,2023-02-19,2023-03-19,2024-12-25
11091,2023-07-26,2023-10-28,2024-05-28
12656,2023-10-22,2023-07-17,2024-07-09
9691,2023-07-27,2023-09-02,2024-08-03
9634,2023-11-14,2023-06-28,2024-02-12
1166,2023-06-11,2023-11-28,2024-05-24
4803,2023-12-02,2023-04-25,2024-06-21
13524,2023-10-18,2023-03-22,2024-12-17
12229,2023-07-21,2023-07-15,2024-09-02
3331,2023-04-11,2023-07-23,2024-08-08
411,2023-11-28,2023-06-14,2024-07-01
14708,2023-11-07,2023-04-01,2024-12-02
12368,2023-07-22,2023-07-09,2024-12-17
5691,2023-02-13,2023-02-08,2024-01-06
10357,2023-03-07,2023-10-27,2024-05-05
8415,2023-12-23,2023-11-27,2024-10-24
6951,2023-11-11,2023-10-17,2024-02-04
6030,2023-03-04,2023-07-18,2024-08-13
9507,2023-07-14,2023-09-28,2024-12-14
2823,2023-03-26,2023-05-20,2024-07-09
13296,2023-04-15,2023-09-04,2024-10-16
13784,2023-01-12,2023-08-14,2024-04-11
7414,2023-12-09,2023-11-09,2024-11-25
1895,2023-02-14,2023-04-17,2024-10-15
6328,2023-02-07,2023-04-25,2024-02-19
14652,2023-02-09,2023-10-11,2024-02-13
7780,2023-02-27,2023-09-10,2024-10-06
4257,2023-04-08,2023-02-24,2024-05-25
14650,2023-01-18,2023-05-18,2024-08-19
13347,2023-09-03,2023-12-13,2024-10-14
8225,2023-06-08,2023-08-01,2024-12-20
160,2023-10-20,2023-08-13,2024-01-07
202,2023-08-24,2023-07-08,2024-12-06
9025,2023-03-28,2023-11-14,2024-11-26
8828,2023-11-27,2023-02-17,2024-07-20
9683,2023-09-19,2023-07-23,2024-02-19
4335,2023-03-07,2023-05-07,2024-04-19
1106,2023-11-11,2023-07-20,2024-05-15
3451,2023-08-15,2023-08-08,2024-01-25
7944,2023-11-07,2023-01-11,2024-10-26
9281,2023-02-25,2023-02-25,2024-08-15
4481,2023-05-27,2023-02-28,2024-10-25
7612,2023-02-25,2023-05-27,2024-10-07
7387,2023-07-14,2023-12-02,2024-02-10
11199,2023-10-28,2023-02-15,2024-10-25
4753,2023-02-03,2023-05-24,2024-09-22
11006,2023-02-14,2023-05-23,2024-07-02
1739,2023-09-23,2023-10-16,2024-09-26
4652,2023-08-14,2023-06-19,2024-06-10
8715,2023-12-18,2023-05-09,2024-10-25
6069,2023-07-15,2023-05-14,2024-06-08
2501,2023-11-27,2023-03-20,2024-04-21
3142,2023-04-09,2023-04-08,2024-09-15
11870,2023-10-20,2023-01-06,2024-07-10
14336,2023-04-26,2023-11-17,2024-02-23
495,2023-11-24,2023-09-03,2024-03-14
5982,2023-04-12,2023-04-01,2024-11-18
5200,2023-10-20,2023-02-26,2024-09-08
2745,2023-05-17,2023-12-12,2024-04-26
9959,2023-06-01,2023-04-26,2024-06-14
11923,2023-02-28,2023-03-20,2024-04-09
2244,2023-05-15,2023-12-16,2024-10-18
2716,2023-08-11,2023-01-25,2024-08-15
5449,2023-01-05,2023-06-28,2024-09-27
2714,2023-09-19,2023-04-05,2024-01-04
5859,2023-11-11,2023-02-18,2024-07-23
6574,2023-11-07,2023-07-03,2024-06-02
5242,2023-09-01,2023-01-27,2024-11-24
8403,2023-10-12,2023-03-15,2024-07-01
10455,2023-12-06,2023-12-06,2024-12-13
9177,2023-04-05,2023-10-16,2024-08-20
8607,2023-03-24,2023-05-12,2024-11-02
12318,2023-08-06,2023-02-25,2024-07-14
7598,2023-07-03,2023-03-27,2024-10-14
12547,2023-06-14,2023-04-13,2024-06-28
186,2023-11-15,2023-07-16,2024-10-07
1108,2023-11-19,2023-11-17,2024-04-27
9148,2023-08-13,2023-06-02,2024-03-18
3541,2023-12-25,2023-02-28,2024-05-18
8340,2023-09-04,2023-09-10,2024-09-27
809,2023-03-11,2023-08-02,2024-09-27
6963,2023-06-24,2023-03-19,2024-03-08
11165,2023-02-27,2023-12-05,2024-05-17
10659,2023-10-03,2023-07-21,2024-09-13
1951,2023-03-14,2023-12-25,2024-02-04
8743,2023-01-07,2023-12-10,2024-07-16
10351,2023-12-28,2023-08-04,2024-03-19
6830,2023-09-11,2023-08-16,2024-09-07
10623,2023-05-23,2023-12-07,2024-09-15
11864,2023-07-05,2023-05-14,2024-11-24
4564,2023-06-04,2023-12-18,2024-11-10
9834,2023-03-10,2023-04-15,2024-06-08
6550,2023-11-05,2023-02-16,2024-02-26
13488,2023-01-19,2023-08-17,2024-09-14
7731,2023-07-13,2023-05-14,2024-05-04
2985,2023-06-14,2023-04-03,2024-09-15
12157,2023-06-24,2023-01-20,2024-07-23
578,2023-10-28,2023-02-11,2024-03-12
7156,2023-12-07,2023-05-19,2024-09-14
7204,2023-06-21,2023-04-08,2024-09-09
9109,2023-04-07,2023-03-13,2024-11-22
3241,2023-06-08,2023-09-13,2024-02-02
11199,2023-04-14,2023-06-16,2024-01-17
13955,2023-07-19,2023-08-11,2024-04-19
6916,2023-09-02,2023-01-05,2024-05-09
14913,2023-06-20,2023-04-23,2024-05-16
12736,2023-12-11,2023-10-19,2024-09-12
14775,2023-10-20,2023-08-12,2024-06-12
14265,2023-06-05,2023-08-16,2024-07-23
13698,2023-08-18,2023-12-19,2024-11-18
2004,2023-01-22,2023-04-24,2024-03-14
10686,2023-03-02,2023-02-14,2024-04-21
13581,2023-06-11,2023-08-02,2024-10-22
473,2023-07-05,2023-07-25,2024-12-05
14054,2023-03-12,2023-02-04,2024-04-24
6555,2023-07-25,2023-05-12,2024-04-12
2470,2023-06-23,2023-11-24,2024-03-13
1399,2023-07-07,2023-04-06,2024-03-09
4431,2023-11-24,2023-01-13,2024-06-14
7139,2023-06-04,2023-11-09,2024-04-26
19,2023-01-03,2023-02-27,2024-10-07
14513,2023-03-03,2023-08-01,2024-04-22
2940,2023-08-06,2023-12-21,2024-08-16
8915,2023-12-02,2023-07-18,2024-01-26
5416,2023-05-06,2023-10-05,2024-08-18
1757,2023-10-28,2023-07-15,2024-07-27
8530,2023-04-02,2023-07-19,2024-12-20
8313,2023-11-01,2023-04-21,2024-09-06
12686,2023-01-14,2023-07-21,2024-03-19
2400,2023-01-08,2023-10-02,2024-10-22
13509,2023-11-01,2023-09-19,2024-11-22
11690,2023-06-15,2023-07-18,2024-02-25
7789,2023-01-01,2023-01-12,2024-03-14
1579,2023-04-28,2023-09-07,2024-07-24
7110,2023-01-20,2023-05-06,2024-05-12
6204,2023-09-17,2023-05-03,2024-10-20
12256,2023-10-27,2023-02-26,2024-01-01
1932,2023-06-21,2023-02-14,2024-10-18
6564,2023-03-19,2023-01-11,2024-08-07
6070,2023-01-17,2023-09-11,2024-01-07
15000,2023-05-28,2023-05-13,2024-07-02
9887,2023-09-09,2023-12-09,2024-08-13
4438,2023-09-03,2023-04-02,2024-08-15
4427,2023-01-03,2023-03-11,2024-11-08
508,2023-02-22,2023-04-26,2024-12-13
6051,2023-06-16,2023-11-18,2024-09-20
6860,2023-12-21,2023-03-22,2024-09-28
13583,2023-11-09,2023-02-18,2024-09-05
3611,2023-05-02,2023-09-24,2024-05-10
12942,2023-06-07,2023-12-16,2024-01-18
1432,2023-01-05,2023-12-06,2024-12-03
6033,2023-04-12,2023-03-16,2024-06-19
2339,2023-09-22,2023-11-08,2024-07-27
14674,2023-01-08,2023-02-27,2024-07-01
2695,2023-03-11,2023-02-19,2024-09-16
8008,2023-10-25,2023-06-05,2024-03-12
5683,2023-03-27,2023-02-10,2024-01-11
12922,2023-05-05,2023-02-02,2024-03-01
9794,2023-03-26,2023-05-24,2024-01-02
7662,2023-04-07,2023-05-26,2024-06-02
13709,2023-01-02,2023-12-15,2024-01-09
8451,2023-07-05,2023-08-06,2024-04-23
4908,2023-06-16,2023-05-22,2024-03-28
14004,2023-03-16,2023-09-19,2024-08-21
11870,2023-01-10,2023-07-10,2024-11-03
13714,2023-07-15,2023-02-28,2024-01-19
8073,2023-03-27,2023-01-28,2024-09-09
2230,2023-08-17,2023-11-02,2024-10-21
13467,2023-03-07,2023-10-24,2024-08-12
4716,2023-09-10,2023-09-07,2024-04-07
5889,2023-09-02,2023-09-27,2024-09-07
6906,2023-07-14,2023-09-11,2024-07-23
1919,2023-11-21,2023-07-06,2024-02-07
3962,2023-07-03,2023-09-19,2024-04-14
10876,2023-11-22,2023-09-09,2024-10-25
8264,2023-07-21,2023-11-24,2024-02-14
7849,2023-06-16,2023-07-23,2024-04-06
14495,2023-09-01,2023-10-03,2024-11-02
7656,2023-06-24,2023-11-24,2024-01-15
7855,2023-10-23,2023-03-14,2024-04-01
4898,2023-07-13,2023-01-09,2024-01-24
11193,2023-12-07,2023-02-10,2024-06-08
3161,2023-02-23,2023-08-17,2024-09-26
7424,2023-08-09,2023-11-13,2024-07-16
1650,2023-12-17,2023-08-11,2024-02-08
14808,2023-02-01,2023-08-01,2024-05-21
11872,2023-03-19,2023-10-12,2024-04-02
5637,2023-04-27,2023-04-14,2024-03-19
13241,2023-08-22,2023-03-02,2024-04-26
5967,2023-02-20,2023-12-17,2024-09-11
4681,2023-07-03,2023-08-24,2024-07-05
4774,2023-09-04,2023-02-27,2024-03-28
11703,2023-03-12,2023-02-09,2024-08-02
10638,2023-11-26,2023-03-06,2024-04-20
1647,2023-03-07,2023-06-23,2024-09-04
2978,2023-08-24,2023-11-26,2024-10-26
12124,2023-04-24,2023-02-20,2024-03-05
5890,2023-03-26,2023-07-05,2024-01-18
8892,2023-05-28,2023-04-19,2024-09-28
3300,2023-05-17,2023-04-12,2024-01-25
13376,2023-09-12,2023-01-28,2024-06-22
14181,2023-09-22,2023-07-11,2024-02-02
12125,2023-11-06,2023-01-16,2024-06-10
6782,2023-07-12,2023-02-25,2024-06-08
12278,2023-06-02,2023-01-05,2024-09-03
9023,2023-02-11,2023-05-25,2024-01-10
4232,2023-01-02,2023-06-14,2024-02-23
7159,2023-02-08,2023-12-26,2024-07-27
7182,2023-03-12,2023-09-02,2024-07-15
12589,2023-05-14,2023-06-17,2024-07-28
2729,2023-01-21,2023-02-27,2024-12-19
8303,2023-09-10,2023-11-17,2024-01-13
6561,2023-03-10,2023-04-06,2024-01-04
14200,2023-09-19,2023-01-23,2024-12-05
1842,2023-12-13,2023-05-18,2024-07-15
12160,2023-12-17,2023-10-21,2024-01-01
13744,2023-12-27,2023-11-01,2024-11-11
2137,2023-09-24,2023-06-07,2024-05-17
6545,2023-10-24,2023-10-05,2024-12-11
1261,2023-09-02,2023-03-08,2024-05-27
10038,2023-07-18,2023-07-05,2024-06-27
10484,2023-11-02,2023-08-15,2024-06-27
6614,2023-05-14,2023-06-07,2024-04-28
1168,2023-03-14,2023-05-14,2024-03-23
10606,2023-06-08,2023-06-09,2024-10-22
10599,2023-06-17,2023-01-21,2024-03-18
1695,2023-12-11,2023-12-16,2024-04-08
4643,2023-07-03,2023-02-10,2024-01-21
1986,2023-03-18,2023-03-05,2024-08-10
10381,2023-10-11,2023-05-10,2024-03-07
1243,2023-03-24,2023-02-15,2024-04-14
5286,2023-11-17,2023-07-06,2024-08-06
13487,2023-01-04,2023-03-27,2024-11-13
8079,2023-10-19,2023-12-07,2024-10-12
14158,2023-05-21,2023-12-23,2024-04-25
11013,2023-04-24,2023-10-26,2024-09-01
8744,2023-12-14,2023-01-09,2024-07-05
7878,2023-09-27,2023-10-06,2024-08-25
4779,2023-10-18,2023-06-06,2024-07-11
5278,2023-01-01,2023-02-24,2024-10-16
14133,2023-01-12,2023-08-04,2024-08-09
4651,2023-09-16,2023-11-20,2024-12-15
3000,2023-08-02,2023-07-10,2024-01-28
2115,2023-03-19,2023-09-04,2024-05-15
1187,2023-04-06,2023-09-19,2024-06-27
5949,2023-05-19,2023-09-05,2024-08-19
12343,2023-04-20,2023-11-13,2024-02-09
1431,2023-05-12,2023-08-16,2024-09-03
3984,2023-01-08,2023-08-04,2024-02-15
9834,2023-06-01,2023-02-09,2024-11-23
4643,2023-03-06,2023-04-10,2024-02-06
7285,2023-10-06,2023-09-12,2024-01-19
12642,2023-09-16,2023-08-15,2024-12-16
1859,2023-08-14,2023-11-24,2024-06-24
9453,2023-01-24,2023-04-26,2024-05-28
1983,2023-01-02,2023-06-03,2024-05-17
8224,2023-12-01,2023-05-04,2024-10-25
6996,2023-06-09,2023-06-28,2024-04-27
13609,2023-05-01,2023-12-02,2024-09-08
1270,2023-09-25,2023-05-16,2024-12-17
2982,2023-01-13,2023-01-13,2024-05-25
13283,2023-03-17,2023-07-04,2024-06-19
4763,2023-03-08,2023-04-05,2024-02-22
12934,2023-08-25,2023-09-20,2024-04-21
7535,2023-09-16,2023-09-12,2024-08-15
8058,2023-05-03,2023-06-23,2024-07-03
496,2023-07-28,2023-03-23,2024-06-02
11914,2023-12-16,2023-08-02,2024-12-04
1078,2023-08-22,2023-01-15,2024-12-12
7083,2023-07-04,2023-07-27,2024-09-16
13339,2023-06-11,2023-01-07,2024-04-08
6993,2023-03-22,2023-12-12,2024-04-09
11939,2023-06-07,2023-05-12,2024-08-08
14633,2023-02-24,2023-06-06,2024-04-25
7544,2023-03-23,2023-05-08,2024-03-18
2193,2023-11-25,2023-08-21,2024-04-23
644,2023-04-19,2023-01-03,2024-06-26
2430,2023-08-26,2023-10-19,2024-05-17
11993,2023-12-27,2023-04-03,2024-10-19
13055,2023-08-21,2023-10-03,2024-07-14
8632,2023-02-15,2023-02-15,2024-09-02
14946,2023-07-16,2023-01-06,2024-01-22
3213,2023-04-14,2023-04-16,2024-02-28
1591,2023-02-02,2023-05-26,2024-12-25
13160,2023-06-16,2023-03-10,2024-10-05
885,2023-10-15,2023-03-21,2024-05-25
8870,2023-10-12,2023-03-03,2024-11-10
13181,2023-03-11,2023-07-18,2024-09-10
9334,2023-08-26,2023-09-15,2024-03-15
11807,2023-05-06,2023-01-20,2024-03-21
2392,2023-10-19,2023-05-04,2024-10-21
6284,2023-10-10,2023-07-03,2024-10-13
11261,2023-07-14,2023-05-23,2024-04-01
12602,2023-06-19,2023-12-05,2024-05-18
11976,2023-04-03,2023-09-21,2024-02-28
1981,2023-08-17,2023-01-03,2024-10-17
10980,2023-06-04,2023-12-13,2024-03-28
2126,2023-02-17,2023-01-18,2024-04-22
8269,2023-10-15,2023-10-01,2024-06-20
14622,2023-03-11,2023-04-18,2024-02-03
4181,2023-08-12,2023-03-15,2024-09-05
5484,2023-03-01,2023-05-05,2024-01-18
13078,2023-04-04,2023-03-08,2024-07-14
6521,2023-06-17,2023-11-06,2024-11-10
3873,2023-08-12,2023-06-23,2024-09-01
1015,2023-06-19,2023-10-27,2024-04-10
6755,2023-12-09,2023-06-21,2024-01-16
13431,2023-08-16,2023-04-19,2024-12-08
5726,2023-04-24,2023-09-27,2024-09-22
10694,2023-05-19,2023-04-14,2024-08-01
4536,2023-12-17,2023-12-19,2024-07-28
5987,2023-08-03,2023-01-02,2024-09-15
5624,2023-09-27,2023-07-16,2024-02-09
10464,2023-03-12,2023-07-08,2024-10-03
10039,2023-11-09,2023-01-01,2024-07-04
9512,2023-09-04,2023-07-06,2024-02-21
6680,2023-10-02,2023-07-09,2024-12-18
6894,2023-07-09,2023-02-14,2024-07-04
5556,2023-09-02,2023-03-26,2024-06-20
6620,2023-05-16,2023-05-27,2024-10-14
8036,2023-10-08,2023-09-07,2024-08-19
12529,2023-07-04,2023-08-13,2024-02-13
3331,2023-08-27,2023-08-27,2024-03-03
3576,2023-01-11,2023-06-26,2024-12-20
4403,2023-10-16,2023-04-08,2024-09-19
9437,2023-06-08,2023-06-27,2024-10-07
3388,2023-01-08,2023-04-25,2024-09-16
8150,2023-10-05,2023-09-25,2024-05-13
7215,2023-07-06,2023-11-01,2024-04-27
14575,2023-10-13,2023-08-02,2024-04-04
11271,2023-08-19,2023-12-23,2024-01-16
4249,2023-09-24,2023-01-25,2024-09-25
7903,2023-04-05,2023-06-22,2024-12-25
12207,2023-11-24,2023-07-02,2024-04-05
12982,2023-04-13,2023-01-10,2024-02-12
9797,2023-01-09,2023-07-02,2024-04-08
1405,2023-05-17,2023-01-05,2024-08-13
13002,2023-08-20,2023-11-25,2024-04-05
13498,2023-07-22,2023-03-23,2024-04-19
8497,2023-06-09,2023-12-22,2024-07-07
6036,2023-01-12,2023-09-03,2024-05-19
6227,2023-10-24,2023-12-28,2024-02-20
3273,2023-03-11,2023-03-28,2024-11-17
12539,2023-05-12,2023-03-17,2024-12-08
11485,2023-01-09,2023-01-01,2024-10-23
2767,2023-05-17,2023-04-04,2024-09-12
6425,2023-05-05,2023-08-07,2024-08-06
14317,2023-12-12,2023-05-21,2024-06-09
1714,2023-10-27,2023-06-28,2024-03-23
2618,2023-11-06,2023-09-28,2024-12-25
3661,2023-06-12,2023-08-20,2024-08-04
7100,2023-09-17,2023-07-13,2024-08-23
13588,2023-09-22,2023-03-15,2024-09-05
9415,2023-04-13,2023-06-13,2024-08-14
8657,2023-08-11,2023-01-22,2024-09-24
5811,2023-01-26,2023-04-16,2024-12-07
9961,2023-10-21,2023-02-19,2024-11-26
6410,2023-10-08,2023-08-13,2024-03-19
9940,2023-05-11,2023-04-03,2024-12-22
5723,2023-05-26,2023-08-03,2024-07-17
7937,2023-02-14,2023-08-19,2024-07-21
9484,2023-08-11,2023-02-28,2024-12-21
156,2023-07-11,2023-07-13,2024-12-18
12280,2023-04-03,2023-02-15,2024-12-20
3206,2023-12-02,2023-12-04,2024-01-20
5707,2023-08-01,2023-10-25,2024-07-05
10072,2023-07-20,2023-02-03,2024-01-01
11827,2023-03-13,2023-11-02,2024-10-19
4842,2023-01-11,2023-09-15,2024-12-05
13095,2023-10-23,2023-03-19,2024-04-27
1760,2023-03-16,2023-07-23,2024-10-07
13288,2023-07-27,2023-02-02,2024-10-11
12410,2023-04-11,2023-03-25,2024-08-04
5196,2023-12-02,2023-08-01,2024-10-05
8043,2023-04-04,2023-11-10,2024-11-18
3056,2023-12-05,2023-10-15,2024-03-20
282,2023-09-13,2023-12-18,2024-04-09
9555,2023-03-13,2023-03-11,2024-05-19
26,2023-12-01,2023-08-13,2024-11-21
849,2023-01-19,2023-10-17,2024-08-20
6044,2023-09-15,2023-04-12,2024-11-11
846,2023-01-28,2023-07-20,2024-03-04
5268,2023-07-27,2023-06-05,2024-04-13
4500,2023-07-09,2023-09-19,2024-05-16
11213,2023-02-14,2023-08-20,2024-08-13
4621,2023-09-09,2023-11-21,2024-09-28
5568,2023-04-04,2023-04-20,2024-05-01
163,2023-04-11,2023-08-14,2024-02-24
11161,2023-10-04,2023-11-15,2024-05-16
6749,2023-09-27,2023-11-17,2024-11-21
14050,2023-08-28,2023-02-19,2024-03-27
1866,2023-05-25,2023-01-12,2024-03-23
13658,2023-07-01,2023-06-07,2024-06-08
9962,2023-03-26,2023-08-03,2024-01-20
5052,2023-05-10,2023-01-19,2024-08-16
605,2023-02-26,2023-07-11,2024-11-23
7867,2023-11-12,2023-02-09,2024-08-28
10620,2023-12-02,2023-01-19,2024-10-03
8851,2023-04-06,2023-01-08,2024-01-13
3788,2023-10-14,2023-03-07,2024-10-27
9962,2023-06-24,2023-08-16,2024-02-10
13526,2023-10-26,2023-02-07,2024-06-09
3102,2023-10-21,2023-03-08,2024-09-14
12262,2023-01-10,2023-05-03,2024-06-20
11404,2023-06-28,2023-02-01,2024-08-17
10092,2023-04-16,2023-12-14,2024-09-10
8332,2023-10-07,2023-07-20,2024-11-24
10717,2023-05-04,2023-05-11,2024-01-02
1361,2023-03-21,2023-03-17,2024-11-01
6870,2023-02-16,2023-08-24,2024-03-08
12266,2023-06-01,2023-10-06,2024-06-20
10131,2023-10-16,2023-03-03,2024-01-02
9900,2023-07-18,2023-11-16,2024-11-25
3081,2023-04-14,2023-05-13,2024-09-02
12069,2023-11-28,2023-04-24,2024-12-02
3033,2023-02-27,2023-12-07,2024-09-12
3894,2023-02-23,2023-10-06,2024-05-24
1341,2023-03-23,2023-04-28,2024-02-28
6514,2023-03-18,2023-01-24,2024-02-17
677,2023-05-28,2023-02-03,2024-06-02
11257,2023-02-05,2023-03-03,2024-07-17
9483,2023-05-17,2023-11-03,2024-05-27
406,2023-01-07,2023-07-11,2024-03-27
10012,2023-07-08,2023-02-12,2024-01-25
10084,2023-10-09,2023-03-05,2024-10-01
3872,2023-01-16,2023-07-16,2024-08-22
7394,2023-05-02,2023-10-20,2024-10-09
608,2023-10-13,2023-01-01,2024-07-08
10652,2023-11-16,2023-06-09,2024-12-21
205,2023-01-13,2023-11-09,2024-02-16
6667,2023-04-20,2023-11-17,2024-08-27
3278,2023-04-22,2023-03-03,2024-03-24
8403,2023-06-25,2023-12-15,2024-06-23
10565,2023-05-23,2023-12-08,2024-10-11
7918,2023-09-24,2023-04-07,2024-03-16
14112,2023-01-24,2023-05-12,2024-06-21
2736,2023-02-06,2023-06-26,2024-03-26
4591,2023-04-27,2023-04-15,2024-07-21
9380,2023-12-17,2023-06-23,2024-10-01
11436,2023-06-01,2023-09-07,2024-05-21
11000,2023-11-25,2023-12-21,2024-11-20
1720,2023-01-10,2023-07-16,2024-08-01
5176,2023-04-17,2023-07-23,2024-04-14
5652,2023-12-04,2023-06-12,2024-08-25
13318,2023-03-22,2023-12-07,2024-02-20
10105,2023-08-26,2023-11-08,2024-07-18
12503,2023-11-25,2023-04-01,2024-09-01
8704,2023-01-14,2023-02-15,2024-06-09
4407,2023-07-11,2023-03-18,2024-05-28
1657,2023-01-20,2023-01-05,2024-09-17
11537,2023-11-03,2023-03-16,2024-08-18
2475,2023-04-20,2023-06-13,2024-03-05
11357,2023-06-04,2023-12-08,2024-07-14
7761,2023-01-23,2023-06-20,2024-12-21
5623,2023-07-04,2023-02-22,2024-06-24
5505,2023-09-06,2023-10-18,2024-01-02
3730,2023-12-04,2023-07-23,2024-09-10
6070,2023-10-25,2023-05-25,2024-09-14
6743,2023-12-21,2023-10-16,2024-06-12
1610,2023-09-15,2023-01-06,2024-02-12
12969,2023-10-10,2023-12-02,2024-11-13
4484,2023-05-06,2023-06-26,2024-11-07
212,2023-02-01,2023-07-18,2024-06-10
2971,2023-02-14,2023-12-22,2024-02-24
8551,2023-02-26,2023-06-03,2024-07-27
8590,2023-07-27,2023-08-26,2024-12-26
3373,2023-08-08,2023-03-04,2024-09-17
5054,2023-07-07,2023-06-09,2024-09-26
11808,2023-06-18,2023-02-17,2024-08-23
11867,2023-03-08,2023-03-04,2024-10-27
10958,2023-07-03,2023-06-07,2024-12-23
9862,2023-08-23,2023-03-27,2024-07-10
5921,2023-10-13,2023-03-15,2024-02-16
9830,2023-12-06,2023-11-09,2024-04-02
4449,2023-12-27,2023-09-28,2024-01-20
570,2023-11-06,2023-12-23,2024-02-17
1983,2023-09-10,2023-08-16,2024-11-22
8611,2023-06-24,2023-05-26,2024-07-11
3178,2023-10-12,2023-07-09,2024-09-01
2791,2023-03-24,2023-01-05,2024-11-02
405,2023-01-04,2023-06-27,2024-06-23
92,2023-11-19,2023-04-22,2024-05-07
1876,2023-03-28,2023-03-08,2024-05-28
894,2023-12-12,2023-06-06,2024-02-27
7681,2023-04-27,2023-05-14,2024-10-18
2956,2023-11-24,2023-05-11,2024-08-23
5467,2023-05-19,2023-04-10,2024-02-21
12287,2023-11-20,2023-09-08,2024-03-27
1872,2023-06-10,2023-02-21,2024-08-26
11445,2023-05-09,2023-05-08,2024-07-01
9084,2023-03-12,2023-11-17,2024-11-16
13077,2023-01-17,2023-12-24,2024-01-02
8082,2023-08-26,2023-05-13,2024-07-23
5250,2023-05-12,2023-03-03,2024-12-24
14577,2023-08-21,2023-08-07,2024-09-06
13645,2023-10-07,2023-12-12,2024-04-14
12994,2023-08-18,2023-05-16,2024-03-10
8607,2023-04-13,2023-12-21,2024-09-28
6762,2023-02-21,2023-08-20,2024-01-08
14591,2023-02-28,2023-02-09,2024-10-19
828,2023-07-16,2023-05-12,2024-04-24
2416,2023-03-11,2023-02-24,2024-04-24
13141,2023-03-04,2023-08-01,2024-12-17
13996,2023-08-24,2023-01-12,2024-07-22
8897,2023-10-09,2023-06-26,2024-09-27
13819,2023-10-06,2023-08-19,2024-05-11
38,2023-05-05,2023-10-05,2024-04-27
8755,2023-12-21,2023-11-16,2024-04-16
2771,2023-05-10,2023-12-15,2024-08-08
11033,2023-03-08,2023-04-06,2024-08-18
10277,2023-08-15,2023-12-09,2024-02-02
2385,2023-01-17,2023-08-24,2024-09-21
6325,2023-03-17,2023-11-12,2024-08-11
1116,2023-12-15,2023-11-04,2024-12-19
9760,2023-07-16,2023-09-22,2024-10-03
14541,2023-05-09,2023-11-01,2024-04-02
7627,2023-03-21,2023-08-23,2024-02-03
13558,2023-04-01,2023-01-13,2024-02-20
8208,2023-11-13,2023-12-04,2024-03-21
4713,2023-04-03,2023-12-25,2024-02-01
9470,2023-05-15,2023-02-22,2024-05-17
6681,2023-11-13,2023-06-12,2024-11-19
10730,2023-06-25,2023-02-27,2024-10-10
2681,2023-02-06,2023-10-18,2024-04-15
399,2023-02-18,2023-09-09,2024-11-20
9417,2023-09-09,2023-11-25,2024-02-02
14860,2023-08-09,2023-10-05,2024-01-19
4591,2023-02-01,2023-03-19,2024-11-17
4515,2023-09-20,2023-02-10,2024-01-20
11485,2023-02-28,2023-12-05,2024-10-07
470,2023-08-21,2023-09-25,2024-05-23
8985,2023-04-26,2023-05-05,2024-06-01
11199,2023-04-14,2023-07-05,2024-12-13
7748,2023-01-12,2023-12-22,2024-10-24
8766,2023-08-25,2023-03-20,2024-01-27
3905,2023-05-24,2023-07-21,2024-04-23
2559,2023-03-27,2023-03-06,2024-01-23
14820,2023-04-26,2023-06-24,2024-12-08
5362,2023-01-15,2023-09-06,2024-12-17
9857,2023-04-02,2023-09-01,2024-11-16
1478,2023-06-15,2023-06-23,2024-10-01
5589,2023-01-04,2023-03-18,2024-06-12
2578,2023-02-07,2023-09-04,2024-08-06
12726,2023-03-04,2023-12-22,2024-06-10
2808,2023-10-13,2023-02-15,2024-07-10
9088,2023-06-10,2023-03-28,2024-05-11
11757,2023-10-26,2023-06-16,2024-05-10
5257,2023-07-03,2023-01-26,2024-03-14
7785,2023-11-16,2023-11-19,2024-06-24
5470,2023-02-14,2023-04-01,2024-07-06
6140,2023-11-25,2023-11-25,2024-05-06
1336,2023-10-23,2023-11-20,2024-10-06
11829,2023-02-19,2023-02-07,2024-08-26
2168,2023-08-12,2023-09-03,2024-08-02
1524,2023-02-16,2023-05-27,2024-11-18
1615,2023-11-20,2023-10-08,2024-02-04
2028,2023-08-10,2023-05-02,2024-03-27
682,2023-04-13,2023-10-13,2024-04-21
5858,2023-11-19,2023-02-19,2024-03-06
1594,2023-06-15,2023-01-10,2024-12-04
14721,2023-11-20,2023-07-03,2024-12-04
4970,2023-12-28,2023-02-25,2024-08-04
6519,2023-11-23,2023-01-27,2024-12-03
2409,2023-12-21,2023-04-14,2024-05-16
7569,2023-07-17,2023-02-13,2024-12-21
11865,2023-12-14,2023-03-09,2024-10-01
11937,2023-11-08,2023-12-11,2024-08-14
5374,2023-05-25,2023-12-14,2024-12-14
8349,2023-09-13,2023-03-10,2024-06-02
6625,2023-06-06,2023-03-12,2024-06-28
12072,2023-04-24,2023-01-25,2024-07-17
11353,2023-04-08,2023-05-12,2024-06-12
6330,2023-03-13,2023-10-01,2024-04-26
9113,2023-01-23,2023-02-25,2024-04-16
10189,2023-02-24,2023-08-19,2024-10-16
7192,2023-10-24,2023-06-09,2024-09-05
1849,2023-05-15,2023-02-24,2024-04-13
13973,2023-09-10,2023-06-27,2024-08-14
11639,2023-06-10,2023-08-11,2024-03-25
7890,2023-06-27,2023-06-16,2024-12-20
39,2023-05-05,2023-08-26,2024-10-27
11439,2023-12-07,2023-10-02,2024-08-27
13224,2023-07-07,2023-11-03,2024-07-23
8480,2023-03-09,2023-01-02,2024-03-04
301,2023-03-23,2023-01-18,2024-03-07
13472,2023-01-19,2023-11-12,2024-07-12
1551,2023-01-01,2023-07-19,2024-08-22
288,2023-01-15,2023-06-19,2024-12-22
3445,2023-08-24,2023-12-03,2024-04-21
9706,2023-01-03,2023-08-21,2024-01-01
443,2023-10-13,2023-03-15,2024-02-09
7393,2023-01-01,2023-09-22,2024-12-25
7967,2023-04-07,2023-02-06,2024-05-22
4241,2023-11-14,2023-07-25,2024-10-20
8181,2023-11-03,2023-12-16,2024-01-19
4483,2023-03-21,2023-07-22,2024-02-22
13819,2023-11-23,2023-03-02,2024-12-12
2359,2023-12-05,2023-01-02,2024-09-17
6841,2023-07-09,2023-07-04,2024-10-01
6856,2023-01-21,2023-05-05,2024-10-08
5918,2023-02-07,2023-12-28,2024-03-11
6466,2023-06-13,2023-08-25,2024-10-26
4052,2023-01-10,2023-05-21,2024-03-24
7239,2023-08-13,2023-05-04,2024-04-03
8383,2023-01-19,2023-11-22,2024-03-19
13272,2023-05-24,2023-11-16,2024-06-20
14138,2023-05-04,2023-02-20,2024-02-06
8248,2023-06-27,2023-12-09,2024-10-11
10066,2023-07-12,2023-09-26,2024-03-01
11073,2023-08-27,2023-08-09,2024-01-12
11718,2023-02-05,2023-01-09,2024-05-14
8094,2023-09-20,2023-08-25,2024-05-22
8829,2023-05-18,2023-01-24,2024-07-15
13131,2023-11-26,2023-12-08,2024-01-02
2218,2023-04-07,2023-02-14,2024-09-03
12244,2023-01-17,2023-10-04,2024-10-21
335,2023-09-20,2023-03-20,2024-02-14
1093,2023-06-24,2023-04-04,2024-10-18
4100,2023-02-06,2023-07-17,2024-12-06
1238,2023-06-25,2023-07-03,2024-08-01
9520,2023-03-01,2023-03-08,2024-11-16
821,2023-04-01,2023-01-15,2024-09-21
8789,2023-10-16,2023-06-03,2024-12-24
13181,2023-09-04,2023-08-27,2024-03-20
8233,2023-12-26,2023-02-24,2024-08-07
11534,2023-10-20,2023-05-15,2024-02-16
13315,2023-09-10,2023-06-04,2024-01-19
5358,2023-02-18,2023-10-17,2024-04-19
14215,2023-02-22,2023-02-21,2024-02-03
5086,2023-07-12,2023-08-16,2024-09-19
1420,2023-01-21,2023-08-27,2024-03-06
12158,2023-02-07,2023-06-11,2024-11-09
3100,2023-05-14,2023-06-09,2024-06-21
10198,2023-10-21,2023-08-17,2024-11-23
12338,2023-08-21,2023-06-24,2024-12-15
154,2023-12-06,2023-06-08,2024-07-04
863,2023-02-15,2023-08-18,2024-04-20
11008,2023-11-19,2023-12-08,2024-08-01
1308,2023-05-26,2023-03-07,2024-08-03
3227,2023-12-02,2023-04-10,2024-01-22
1357,2023-11-19,2023-06-03,2024-06-06
14669,2023-03-20,2023-12-24,2024-06-13
10432,2023-03-02,2023-12-21,2024-07-01
4838,2023-03-14,2023-06-28,2024-11-16
9001,2023-11-25,2023-02-17,2024-09-11
8792,2023-01-16,2023-04-06,2024-05-15
12110,2023-04-19,2023-02-12,2024-05-08
13639,2023-04-21,2023-01-18,2024-02-17
5661,2023-08-01,2023-09-27,2024-11-24
4903,2023-11-20,2023-09-22,2024-02-10
3133,2023-06-20,2023-07-20,2024-07-22
7174,2023-10-26,2023-07-13,2024-04-01
12183,2023-12-14,2023-08-10,2024-07-09
7066,2023-06-28,2023-07-26,2024-05-03
1179,2023-09-27,2023-01-15,2024-09-26
9432,2023-10-19,2023-07-15,2024-01-12
13726,2023-06-21,2023-04-22,2024-07-02
9601,2023-03-26,2023-01-18,2024-05-26
10405,2023-03-15,2023-02-08,2024-04-09
779,2023-06-06,2023-04-20,2024-11-25
11912,2023-11-03,2023-03-03,2024-07-08
11226,2023-07-16,2023-07-03,2024-06-12
9637,2023-03-15,2023-04-14,2024-08-11
3610,2023-07-04,2023-01-04,2024-08-23
4330,2023-12-08,2023-01-10,2024-08-24
11924,2023-06-14,2023-07-11,2024-06-23
10762,2023-10-21,2023-10-26,2024-07-13
10441,2023-03-05,2023-02-24,2024-11-06
4596,2023-09-18,2023-09-26,2024-01-10
8145,2023-03-23,2023-11-08,2024-02-09
8653,2023-04-20,2023-06-03,2024-07-26
5532,2023-08-18,2023-02-04,2024-09-21
8646,2023-01-14,2023-10-10,2024-07-05
6838,2023-03-02,2023-03-27,2024-09-19
11556,2023-08-20,2023-07-17,2024-06-18
9939,2023-09-24,2023-05-12,2024-09-18
12725,2023-10-10,2023-12-05,2024-02-24
7015,2023-07-27,2023-02-15,2024-04-08
2842,2023-02-14,2023-12-01,2024-02-20
3580,2023-02-21,2023-06-05,2024-03-18
12828,2023-11-01,2023-05-14,2024-12-24
10714,2023-11-16,2023-08-11,2024-11-22
11519,2023-11-28,2023-03-11,2024-12-25
14962,2023-01-18,2023-04-01,2024-05-08
13855,2023-04-05,2023-05-14,2024-09-26
4031,2023-03-26,2023-02-17,2024-03-04
9240,2023-12-26,2023-02-14,2024-12-24
8846,2023-02-20,2023-02-17,2024-04-10
13338,2023-03-21,2023-02-20,2024-06-23
11753,2023-12-09,2023-05-21,2024-06-21
401,2023-04-06,2023-11-16,2024-12-09
9230,2023-03-28,2023-01-07,2024-09-24
7941,2023-01-26,2023-12-14,2024-07-09
1780,2023-03-07,2023-04-08,2024-07-16
3027,2023-09-25,2023-01-23,2024-01-26
5563,2023-12-15,2023-11-18,2024-06-01
11263,2023-03-25,2023-07-22,2024-04-17
12057,2023-04-26,2023-07-01,2024-06-06
4507,2023-02-27,2023-09-25,2024-12-27
8545,2023-08-23,2023-09-14,2024-08-24
4544,2023-06-25,2023-11-18,2024-12-20
3901,2023-10-17,2023-09-27,2024-09-20
11146,2023-08-10,2023-02-16,2024-05-04
3346,2023-03-14,2023-06-20,2024-04-12
3026,2023-06-12,2023-08-26,2024-05-15
13664,2023-05-26,2023-01-12,2024-04-08
8775,2023-05-03,2023-02-01,2024-04-07
6286,2023-01-28,2023-02-10,2024-05-14
627,2023-05-25,2023-06-25,2024-06-23
14079,2023-11-02,2023-10-16,2024-04-16
7745,2023-07-05,2023-02-24,2024-02-11
4859,2023-04-24,2023-05-10,2024-07-08
8190,2023-09-06,2023-12-27,2024-12-07
4748,2023-04-17,2023-02-02,2024-10-02
8688,2023-04-12,2023-02-27,2024-04-04
6076,2023-02-04,2023-05-06,2024-09-19
1868,2023-02-22,2023-01-18,2024-09-13
1318,2023-02-02,2023-09-08,2024-01-02
43,2023-03-28,2023-03-27,2024-06-22
14732,2023-05-16,2023-09-07,2024-10-18
3574,2023-10-01,2023-05-16,2024-04-02
6185,2023-01-09,2023-04-13,2024-08-06
13692,2023-08-19,2023-09-25,2024-10-09
7756,2023-04-04,2023-04-22,2024-05-10
4424,2023-07-03,2023-12-15,2024-11-03
425,2023-04-12,2023-01-05,2024-04-06
13355,2023-10-21,2023-02-01,2024-08-11
9781,2023-06-25,2023-12-21,2024-08-05
14039,2023-02-18,2023-10-02,2024-08-24
7292,2023-11-21,2023-07-25,2024-06-07
14667,2023-10-28,2023-09-04,2024-02-23
4986,2023-08-25,2023-11-17,2024-10-20
8642,2023-06-09,2023-06-27,2024-03-10
5606,2023-03-12,2023-11-26,2024-06-28
2577,2023-04-15,2023-08-10,2024-12-04
1743,2023-11-20,2023-03-21,2024-11-27
3309,2023-10-23,2023-09-05,2024-01-26
415,2023-10-13,2023-04-11,2024-08-03
5442,2023-03-21,2023-09-22,2024-01-15
3841,2023-03-07,2023-09-09,2024-12-12
6191,2023-06-09,2023-11-15,2024-09-25
9074,2023-01-09,2023-08-09,2024-06-12
7751,2023-01-22,2023-11-10,2024-05-04
6214,2023-02-10,2023-02-07,2024-12-05
13445,2023-05-03,2023-11-16,2024-02-26
6544,2023-05-03,2023-07-09,2024-04-27
2341,2023-10-06,2023-05-12,2024-12-08
14997,2023-04-02,2023-08-28,2024-09-16
8696,2023-05-15,2023-11-02,2024-12-07
2438,2023-03-25,2023-12-17,2024-03-15
9825,2023-05-25,2023-10-10,2024-05-13
11457,2023-11-06,2023-07-09,2024-10-07
13791,2023-06-07,2023-11-09,2024-03-19
14125,2023-03-07,2023-12-08,2024-03-23
5614,2023-12-03,2023-07-22,2024-03-14
9985,2023-08-17,2023-01-18,2024-06-19
3301,2023-02-17,2023-12-23,2024-07-10
14477,2023-05-04,2023-03-03,2024-12-07
2193,2023-04-06,2023-04-18,2024-05-08
5985,2023-02-07,2023-12-22,2024-06-20
9700,2023-02-23,2023-02-21,2024-01-23
6857,2023-12-04,2023-01-06,2024-03-22
5098,2023-10-21,2023-09-02,2024-11-10
11056,2023-09-06,2023-06-26,2024-08-27
6257,2023-11-02,2023-07-20,2024-07-19
6399,2023-05-28,2023-08-03,2024-01-09
7053,2023-02-13,2023-11-20,2024-05-13
13156,2023-04-21,2023-07-20,2024-09-25
6147,2023-12-21,2023-01-04,2024-08-17
5894,2023-12-21,2023-11-16,2024-09-07
9147,2023-11-07,2023-01-20,2024-01-02
743,2023-11-11,2023-08-17,2024-11-06
7452,2023-09-07,2023-08-06,2024-12-19
4575,2023-12-17,2023-02-28,2024-10-02
6106,2023-08-17,2023-02-25,2024-08-27
2948,2023-07-23,2023-03-18,2024-09-27
10440,2023-07-01,2023-10-16,2024-01-05
9906,2023-08-03,2023-12-05,2024-08-04
4586,2023-02-02,2023-03-14,2024-08-13
10716,2023-07-06,2023-02-10,2024-07-24
9565,2023-05-19,2023-11-21,2024-07-04
3953,2023-12-23,2023-08-08,2024-07-01
6854,2023-03-10,2023-10-24,2024-12-08
3953,2023-08-16,2023-11-24,2024-08-10
9646,2023-12-28,2023-08-12,2024-04-06
2708,2023-07-09,2023-09-05,2024-12-18
401,2023-12-16,2023-04-18,2024-07-18
251,2023-09-20,2023-07-01,2024-02-26
3940,2023-12-10,2023-07-25,2024-05-12
3216,2023-10-12,2023-03-15,2024-11-10
14678,2023-04-24,2023-05-20,2024-09-18
10971,2023-03-01,2023-07-05,2024-05-26
13973,2023-12-24,2023-10-04,2024-09-24
9311,2023-01-13,2023-11-25,2024-02-23
11866,2023-10-19,2023-01-06,2024-09-15
5018,2023-06-21,2023-11-03,2024-01-18
5201,2023-08-15,2023-09-12,2024-05-20
5155,2023-05-04,2023-10-01,2024-03-25
5815,2023-04-21,2023-06-07,2024-04-17
4748,2023-09-27,2023-07-26,2024-04-06
6285,2023-05-24,2023-02-16,2024-11-11
1536,2023-06-03,2023-04-16,2024-06-16
1436,2023-11-20,2023-11-09,2024-10-16
7978,2023-08-25,2023-05-17,2024-08-21
6134,2023-04-18,2023-02-18,2024-10-18
10945,2023-04-19,2023-12-16,2024-06-05
7862,2023-06-12,2023-10-02,2024-09-09
3030,2023-07-08,2023-02-12,2024-09-14
515,2023-09-18,2023-12-12,2024-09-02
9280,2023-01-17,2023-01-09,2024-03-02
6258,2023-07-06,2023-12-04,2024-03-12
11380,2023-08-12,2023-05-08,2024-01-03
3678,2023-02-23,2023-06-19,2024-04-28
8131,2023-07-06,2023-08-04,2024-11-27
8217,2023-12-12,2023-09-26,2024-04-17
1474,2023-07-20,2023-12-08,2024-09-19
11958,2023-05-17,2023-07-12,2024-05-24
13332,2023-05-15,2023-04-18,2024-06-17
9379,2023-02-10,2023-04-18,2024-06-13
3497,2023-05-12,2023-11-06,2024-02-22
5613,2023-11-18,2023-02-12,2024-02-16
14871,2023-11-15,2023-08-27,2024-12-20
1743,2023-06-04,2023-07-11,2024-11-12
11766,2023-12-18,2023-07-12,2024-03-22
5779,2023-04-28,2023-08-19,2024-12-02
2125,2023-03-24,2023-09-09,2024-12-28
6059,2023-12-14,2023-11-23,2024-01-27
12352,2023-10-27,2023-07-05,2024-04-12
10405,2023-11-16,2023-01-09,2024-04-09
1463,2023-01-27,2023-11-26,2024-06-21
11298,2023-06-18,2023-03-24,2024-03-22
9291,2023-07-06,2023-07-22,2024-12-12
14855,2023-09-03,2023-02-12,2024-02-27
5268,2023-09-19,2023-09-11,2024-03-13
1891,2023-11-07,2023-02-11,2024-05-24
2621,2023-09-25,2023-05-12,2024-09-02
2485,2023-11-14,2023-10-06,2024-02-10
2662,2023-03-27,2023-11-10,2024-01-16
13314,2023-09-19,2023-12-11,2024-06-07
6105,2023-01-05,2023-06-23,2024-08-15
10009,2023-08-26,2023-01-05,2024-07-20
3419,2023-09-19,2023-08-19,2024-03-06
6765,2023-05-19,2023-02-22,2024-08-13
5269,2023-10-15,2023-03-11,2024-05-16
12882,2023-11-21,2023-11-04,2024-03-24
2797,2023-01-06,2023-03-03,2024-09-26
10027,2023-07-03,2023-02-06,2024-12-01
8081,2023-04-22,2023-10-26,2024-03-03
13749,2023-10-02,2023-08-22,2024-08-18
6689,2023-12-04,2023-03-08,2024-05-14
12501,2023-08-21,2023-10-05,2024-08-21
13072,2023-03-05,2023-04-21,2024-10-22
10263,2023-11-24,2023-03-03,2024-09-01
11740,2023-11-02,2023-05-14,2024-05-04
8095,2023-11-23,2023-07-22,2024-05-01
8055,2023-02-20,2023-08-24,2024-08-07
9358,2023-07-16,2023-12-03,2024-11-07
4761,2023-10-19,2023-05-21,2024-08-19
11422,2023-09-16,2023-02-09,2024-02-28
5265,2023-09-27,2023-12-07,2024-01-25
709,2023-06-27,2023-06-20,2024-07-01
11060,2023-10-15,2023-02-25,2024-04-04
6039,2023-12-28,2023-10-20,2024-04-09
5573,2023-02-01,2023-04-19,2024-05-01
2118,2023-05-02,2023-02-03,2024-09-17
319,2023-02-14,2023-04-05,2024-04-02
1355,2023-09-26,2023-03-02,2024-01-20
7657,2023-07-07,2023-03-11,2024-04-23
3111,2023-06-25,2023-02-15,2024-03-20
6541,2023-05-04,2023-07-02,2024-05-15
2316,2023-07-14,2023-04-07,2024-10-04
4293,2023-10-15,2023-07-27,2024-02-12
4494,2023-05-13,2023-09-25,2024-06-18
14154,2023-02-18,2023-02-13,2024-01-17
5399,2023-02-09,2023-05-19,2024-12-09
9507,2023-08-28,2023-09-24,2024-03-07
4393,2023-03-07,2023-08-10,2024-09-06
13222,2023-05-05,2023-12-27,2024-02-03
522,2023-05-03,2023-01-20,2024-05-28
8643,2023-03-15,2023-10-25,2024-12-18
13468,2023-10-05,2023-04-09,2024-10-09
10324,2023-01-18,2023-03-25,2024-09-27
2016,2023-01-13,2023-03-16,2024-10-02
6228,2023-01-18,2023-03-08,2024-04-07
13696,2023-02-01,2023-03-25,2024-11-11
10464,2023-05-13,2023-08-10,2024-09-24
4080,2023-11-21,2023-11-21,2024-04-18
10790,2023-02-03,2023-01-07,2024-09-27
4608,2023-01-25,2023-09-02,2024-09-15
3002,2023-02-03,2023-12-04,2024-05-16
7272,2023-12-20,2023-10-26,2024-11-21
14535,2023-09-09,2023-08-08,2024-06-11
1163,2023-05-15,2023-08-28,2024-09-01
11029,2023-11-20,2023-07-24,2024-11-04
6589,2023-01-27,2023-02-19,2024-12-03
7322,2023-04-13,2023-07-25,2024-09-27
8508,2023-03-27,2023-06-12,2024-05-08
2192,2023-11-19,2023-11-07,2024-10-03
5748,2023-08-24,2023-07-23,2024-09-10
13144,2023-07-04,2023-10-23,2024-12-07
8992,2023-10-18,2023-01-14,2024-04-24
10922,2023-09-13,2023-09-25,2024-04-07
3616,2023-05-28,2023-09-17,2024-04-20
4488,2023-10-01,2023-05-15,2024-01-21
4897,2023-03-12,2023-11-26,2024-05-04
3498,2023-03-11,2023-04-15,2024-12-21
9932,2023-10-05,2023-06-25,2024-11-20
10423,2023-03-17,2023-06-01,2024-07-19
10588,2023-03-09,2023-07-19,2024-12-16
11798,2023-02-06,2023-11-11,2024-06-08
9293,2023-02-25,2023-06-19,2024-12-04
13935,2023-12-13,2023-06-19,2024-12-13
13406,2023-09-02,2023-01-23,2024-12-25
9090,2023-03-03,2023-10-13,2024-03-03
9661,2023-03-19,2023-05-19,2024-05-13
10308,2023-05-25,2023-08-15,2024-03-28
12581,2023-06-20,2023-07-07,2024-04-23
4830,2023-02-19,2023-01-17,2024-01-20
13037,2023-12-06,2023-07-05,2024-05-12
12455,2023-02-16,2023-08-06,2024-08-08
12394,2023-07-05,2023-12-06,2024-10-02
6469,2023-05-19,2023-04-28,2024-10-25
3715,2023-03-13,2023-07-22,2024-12-20
12539,2023-01-23,2023-06-19,2024-08-13
14997,2023-01-06,2023-11-21,2024-08-02
1984,2023-11-01,2023-09-18,2024-08-23
11320,2023-11-20,2023-02-03,2024-08-10
5395,2023-05-06,2023-08-26,2024-03-18
7508,2023-09-26,2023-04-03,2024-03-17
4155,2023-06-06,2023-12-10,2024-01-25
11285,2023-08-02,2023-05-11,2024-12-16
8746,2023-09-28,2023-03-26,2024-11-03
2925,2023-10-24,2023-06-19,2024-09-08
6910,2023-04-17,2023-09-13,2024-07-23
6408,2023-02-22,2023-04-08,2024-02-13
14755,2023-04-13,2023-01-13,2024-11-06
14626,2023-02-22,2023-10-03,2024-04-18
1148,2023-10-22,2023-03-07,2024-02-23
8258,2023-11-07,2023-05-16,2024-07-05
4451,2023-12-23,2023-12-09,2024-12-26
14198,2023-03-22,2023-04-26,2024-07-11
12150,2023-06-20,2023-06-09,2024-09-02
1017,2023-04-23,2023-08-09,2024-07-25
9979,2023-12-16,2023-09-27,2024-06-02
6560,2023-10-12,2023-04-09,2024-09-28
11486,2023-05-15,2023-07-17,2024-11-06
8669,2023-12-06,2023-03-01,2024-09-24
9180,2023-02-08,2023-01-16,2024-08-27
538,2023-07-03,2023-09-04,2024-07-23
3634,2023-12-12,2023-01-08,2024-08-24
11722,2023-11-09,2023-12-13,2024-05-05
8844,2023-02-11,2023-01-18,2024-10-18
6856,2023-01-19,2023-04-05,2024-09-09
1490,2023-03-12,2023-03-04,2024-09-16
983,2023-04-26,2023-04-11,2024-09-18
8631,2023-06-13,2023-10-22,2024-10-05
11701,2023-06-18,2023-01-13,2024-01-08
7694,2023-02-19,2023-06-16,2024-07-20
614,2023-11-10,2023-04-27,2024-07-08
10030,2023-04-09,2023-09-08,2024-03-05
12989,2023-10-26,2023-05-26,2024-04-27
12159,2023-02-18,2023-09-20,2024-05-13
12861,2023-04-27,2023-03-15,2024-06-24
11916,2023-02-28,2023-08-11,2024-02-15
10204,2023-09-14,2023-06-17,2024-11-19
2613,2023-03-24,2023-04-22,2024-01-12
10718,2023-04-22,2023-06-23,2024-12-08
6668,2023-01-07,2023-10-20,2024-10-23
9037,2023-02-08,2023-10-05,2024-12-28
14319,2023-03-26,2023-11-15,2024-10-17
409,2023-11-06,2023-06-10,2024-04-13
12262,2023-04-26,2023-07-08,2024-09-27
12278,2023-10-02,2023-05-11,2024-08-09
14475,2023-07-22,2023-07-08,2024-08-13
13564,2023-02-16,2023-10-03,2024-10-20
44,2023-02-05,2023-07-26,2024-08-14
12817,2023-09-18,2023-03-05,2024-07-27
8733,2023-11-16,2023-07-28,2024-04-13
6240,2023-08-03,2023-03-11,2024-02-23
6062,2023-07-07,2023-08-27,2024-05-10
7340,2023-05-02,2023-10-12,2024-08-27
6687,2023-08-10,2023-02-17,2024-01-03
5643,2023-09-21,2023-03-09,2024-02-19
14806,2023-08-27,2023-04-16,2024-06-04
6096,2023-07-15,2023-03-06,2024-10-15
9928,2023-08-22,2023-02-15,2024-05-18
54,2023-09-10,2023-06-12,2024-06-06
11629,2023-01-26,2023-03-13,2024-11-19
2751,2023-10-18,2023-05-05,2024-09-23
6938,2023-06-01,2023-11-03,2024-03-24
9464,2023-05-09,2023-05-01,2024-10-26
3866,2023-03-14,2023-06-28,2024-04-25
7050,2023-05-23,2023-11-11,2024-02-08
5856,2023-08-12,2023-11-27,2024-06-18
10717,2023-11-12,2023-08-22,2024-03-05
9503,2023-01-12,2023-02-01,2024-08-04
9076,2023-02-18,2023-07-08,2024-11-19
14199,2023-04-26,2023-05-06,2024-08-07
13973,2023-10-01,2023-03-10,2024-12-14
4345,2023-08-09,2023-07-16,2024-10-08
2788,2023-06-13,2023-10-07,2024-07-14
10785,2023-07-06,2023-05-09,2024-11-27
10798,2023-11-11,2023-08-01,2024-03-13
5312,2023-02-27,2023-03-24,2024-10-03
3279,2023-01-23,2023-05-13,2024-05-01
6487,2023-01-09,2023-11-13,2024-05-03
10872,2023-03-20,2023-10-23,2024-05-17
8400,2023-03-25,2023-06-24,2024-11-10
8400,2023-12-10,2023-09-19,2024-06-25
14184,2023-02-09,2023-11-09,2024-07-13
13916,2023-08-12,2023-04-10,2024-05-07
13658,2023-06-11,2023-07-03,2024-08-20
3112,2023-12-23,2023-04-10,2024-01-15
3897,2023-10-07,2023-08-20,2024-03-01
1478,2023-10-16,2023-03-20,2024-01-24
8455,2023-02-11,2023-03-19,2024-02-14
14686,2023-10-07,2023-09-16,2024-04-26
8716,2023-10-11,2023-03-24,2024-03-04
5873,2023-01-16,2023-07-21,2024-04-05
6532,2023-05-22,2023-10-04,2024-07-28
8754,2023-07-28,2023-09-03,2024-08-27
13761,2023-09-23,2023-12-20,2024-03-19
3200,2023-07-23,2023-08-20,2024-09-26
14452,2023-08-20,2023-06-05,2024-10-06
7804,2023-06-02,2023-08-09,2024-01-19
12240,2023-02-23,2023-04-06,2024-03-10
8694,2023-02-17,2023-03-03,2024-01-12
8488,2023-03-14,2023-09-17,2024-07-28
6898,2023-07-07,2023-06-17,2024-08-12
1378,2023-09-27,2023-01-10,2024-04-08
965,2023-11-10,2023-05-02,2024-03-01
12319,2023-08-17,2023-02-11,2024-08-01
2771,2023-11-10,2023-10-22,2024-08-05
3148,2023-01-01,2023-12-24,2024-07-06
11904,2023-03-02,2023-12-11,2024-05-19
10175,2023-06-24,2023-01-12,2024-01-22
5509,2023-06-07,2023-04-20,2024-07-15
1668,2023-01-07,2023-12-12,2024-06-15
14195,2023-01-20,2023-01-17,2024-09-27
12513,2023-02-19,2023-05-04,2024-09-23
8151,2023-06-15,2023-05-02,2024-01-16
6269,2023-06-04,2023-12-26,2024-11-24
12279,2023-02-14,2023-05-11,2024-05-16
271,2023-02-03,2023-09-06,2024-10-09
10217,2023-10-17,2023-09-12,2024-04-17
8898,2023-04-08,2023-07-09,2024-09-08
6011,2023-03-24,2023-05-02,2024-06-15
9314,2023-09-19,2023-09-04,2024-08-23
5325,2023-07-02,2023-01-05,2024-02-08
12168,2023-05-26,2023-07-17,2024-05-05
12884,2023-12-15,2023-04-28,2024-02-05
9708,2023-08-14,2023-06-18,2024-07-14
4524,2023-12-23,2023-05-19,2024-02-06
3408,2023-12-15,2023-06-16,2024-03-03
3840,2023-11-02,2023-05-23,2024-02-03
13542,2023-09-01,2023-06-17,2024-01-18
2249,2023-10-04,2023-08-11,2024-06-26
6637,2023-09-25,2023-03-22,2024-02-22
13880,2023-07-22,2023-04-02,2024-06-01
12392,2023-02-08,2023-02-03,2024-07-04
631,2023-09-05,2023-08-20,2024-06-25
5707,2023-03-07,2023-11-01,2024-09-20
1358,2023-06-26,2023-04-19,2024-04-26
6731,2023-01-28,2023-02-10,2024-07-09
2004,2023-01-25,2023-12-18,2024-03-18
966,2023-01-01,2023-08-23,2024-04-11
258,2023-01-03,2023-10-22,2024-03-06
7771,2023-05-03,2023-10-16,2024-04-28
3838,2023-07-23,2023-02-02,2024-01-15
7684,2023-07-09,2023-07-04,2024-02-02
12491,2023-04-26,2023-08-18,2024-10-18
9678,2023-01-11,2023-11-01,2024-06-14
12596,2023-09-14,2023-12-26,2024-04-06
7527,2023-08-08,2023-10-07,2024-10-25
7858,2023-01-08,2023-12-10,2024-10-24
3692,2023-08-28,2023-05-25,2024-06-03
5212,2023-03-09,2023-11-04,2024-12-14
1335,2023-05-13,2023-05-14,2024-12-14
7067,2023-03-18,2023-01-10,2024-01-05
12787,2023-09-08,2023-03-06,2024-11-19
11412,2023-05-20,2023-08-14,2024-08-19
1578,2023-07-04,2023-12-18,2024-12-27
2264,2023-03-22,2023-04-22,2024-08-27
3996,2023-09-16,2023-01-27,2024-02-25
6107,2023-09-19,2023-02-13,2024-04-03
7401,2023-01-04,2023-01-15,2024-03-10
10671,2023-11-08,2023-02-02,2024-03-08
14198,2023-05-26,2023-11-23,2024-02-15
3568,2023-04-11,2023-09-03,2024-08-03
5952,2023-10-22,2023-06-15,2024-03-22
11375,2023-07-22,2023-05-04,2024-03-03
1355,2023-02-25,2023-10-05,2024-02-16
1121,2023-08-25,2023-12-11,2024-06-07
12000,2023-02-10,2023-01-16,2024-12-03
14156,2023-08-28,2023-07-09,2024-07-22
1504,2023-03-06,2023-02-14,2024-04-20
5144,2023-09-15,2023-01-20,2024-09-14
742,2023-06-10,2023-11-11,2024-08-06
1145,2023-12-13,2023-08-18,2024-08-13
10951,2023-08-07,2023-03-28,2024-07-16
2371,2023-04-28,2023-06-18,2024-06-12
4187,2023-01-05,2023-09-25,2024-07-04
6324,2023-03-16,2023-06-22,2024-01-13
14345,2023-05-16,2023-08-13,2024-03-14
7849,2023-06-14,2023-02-10,2024-08-16
4437,2023-05-24,2023-11-06,2024-08-13
6914,2023-04-23,2023-08-26,2024-11-13
9935,2023-01-07,2023-09-24,2024-07-12
618,2023-09-18,2023-11-13,2024-11-08
12106,2023-09-06,2023-03-15,2024-02-10
8520,2023-05-05,2023-05-16,2024-03-28
7296,2023-01-06,2023-01-27,2024-07-11
4614,2023-05-04,2023-08-12,2024-12-22
159,2023-04-10,2023-12-17,2024-04-03
7668,2023-08-07,2023-04-18,2024-03-18
966,2023-07-10,2023-08-23,2024-03-02
13308,2023-04-25,2023-04-16,2024-05-11
6953,2023-03-12,2023-12-22,2024-04-22
2153,2023-09-12,2023-03-03,2024-08-21
7238,2023-09-08,2023-09-24,2024-06-08
5549,2023-05-13,2023-10-22,2024-04-12
3000,2023-05-09,2023-06-05,2024-01-26
941,2023-02-20,2023-07-02,2024-02-27
922,2023-11-26,2023-10-04,2024-06-06
2517,2023-04-25,2023-09-14,2024-04-19
10214,2023-02-02,2023-12-10,2024-05-05
13755,2023-09-10,2023-06-18,2024-02-09
8667,2023-10-05,2023-03-26,2024-11-11
9527,2023-06-26,2023-12-15,2024-08-05
10957,2023-06-24,2023-06-03,2024-10-13
5524,2023-05-10,2023-01-23,2024-03-28
10286,2023-10-02,2023-01-01,2024-01-06
3186,2023-01-20,2023-04-24,2024-11-09
5882,2023-04-05,2023-10-09,2024-06-14
11549,2023-01-26,2023-11-26,2024-02-22
987,2023-02-02,2023-01-05,2024-07-01
486,2023-06-02,2023-08-07,2024-11-08
11272,2023-04-05,2023-04-03,2024-03-09
263,2023-09-23,2023-08-13,2024-01-10
10270,2023-04-15,2023-10-27,2024-11-26
5927,2023-09-12,2023-10-14,2024-05-20
12650,2023-11-11,2023-12-17,2024-01-18
11778,2023-01-18,2023-09-07,2024-05-17
8938,2023-01-01,2023-11-21,2024-05-23
6265,2023-09-21,2023-07-19,2024-12-19
10156,2023-05-21,2023-05-19,2024-06-17
1269,2023-04-13,2023-07-18,2024-04-21
7054,2023-01-15,2023-07-05,2024-07-16
13769,2023-02-02,2023-01-25,2024-07-03
1988,2023-03-12,2023-10-17,2024-02-06
13127,2023-09-16,2023-08-05,2024-02-03
1772,2023-03-20,2023-10-28,2024-11-19
13932,2023-08-28,2023-04-08,2024-11-03
6907,2023-01-08,2023-09-16,2024-03-15
6835,2023-05-24,2023-12-27,2024-11-04
4797,2023-05-11,2023-02-15,2024-10-28
14495,2023-06-20,2023-05-06,2024-11-12
14294,2023-04-10,2023-09-04,2024-02-04
1558,2023-06-11,2023-09-23,2024-01-21
14453,2023-11-28,2023-04-15,2024-12-11
6340,2023-11-19,2023-12-12,2024-11-20
860,2023-02-25,2023-06-15,2024-03-25
5958,2023-04-27,2023-09-03,2024-05-12
9480,2023-12-27,2023-09-23,2024-10-15
10779,2023-06-25,2023-03-27,2024-04-28
12711,2023-09-21,2023-09-10,2024-05-02
8187,2023-09-18,2023-04-05,2024-04-14
3984,2023-12-22,2023-01-14,2024-01-26
988,2023-05-08,2023-07-08,2024-04-20
6511,2023-05-27,2023-03-08,2024-08-08
5945,2023-02-21,2023-09-19,2024-05-14
14954,2023-04-19,2023-05-25,2024-05-17
2696,2023-02-13,2023-07-24,2024-10-23
12927,2023-02-14,2023-02-10,2024-09-25
2253,2023-06-15,2023-06-15,2024-04-04
1389,2023-04-11,2023-08-06,2024-12-18
1107,2023-07-13,2023-02-04,2024-01-16
6078,2023-07-18,2023-10-08,2024-07-20
313,2023-09-03,2023-07-14,2024-03-12
8742,2023-01-23,2023-07-07,2024-03-07
13945,2023-10-11,2023-04-04,2024-01-21
7239,2023-09-03,2023-01-25,2024-07-23
6678,2023-05-12,2023-12-12,2024-10-05
6919,2023-05-21,2023-02-28,2024-10-18
13850,2023-03-15,2023-10-03,2024-07-06
4231,2023-03-18,2023-02-06,2024-01-15
12116,2023-08-16,2023-05-23,2024-07-12
1620,2023-12-17,2023-07-11,2024-01-26
9006,2023-12-19,2023-10-20,2024-11-13
3752,2023-04-05,2023-11-27,2024-01-25
7012,2023-02-19,2023-02-01,2024-03-23
8072,2023-05-04,2023-06-05,2024-01-10
8596,2023-05-22,2023-02-10,2024-05-20
1883,2023-08-09,2023-08-23,2024-11-11
9390,2023-06-24,2023-09-25,2024-02-25
3592,2023-12-12,2023-05-03,2024-05-13
11764,2023-12-22,2023-08-04,2024-06-13
9679,2023-06-18,2023-01-20,2024-07-02
1097,2023-10-12,2023-09-09,2024-01-06
5608,2023-08-08,2023-12-09,2024-11-03
7930,2023-02-23,2023-03-02,2024-02-02
980,2023-11-19,2023-09-06,2024-06-22
5866,2023-12-26,2023-09-06,2024-08-19
12481,2023-10-21,2023-01-14,2024-07-22
13923,2023-08-09,2023-08-20,2024-02-21
6679,2023-03-04,2023-06-16,2024-05-06
13861,2023-04-18,2023-09-26,2024-09-22
2822,2023-08-26,2023-10-11,2024-11-01
9691,2023-01-24,2023-04-08,2024-07-21
10295,2023-08-16,2023-01-22,2024-06-12
13778,2023-10-10,2023-09-01,2024-12-27
13155,2023-07-20,2023-08-18,2024-08-01
3824,2023-07-26,2023-08-03,2024-02-02
10619,2023-10-06,2023-05-18,2024-10-28
9197,2023-10-18,2023-08-13,2024-04-11
12676,2023-07-24,2023-06-23,2024-10-08
941,2023-10-21,2023-06-28,2024-05-03
4413,2023-01-15,2023-03-22,2024-02-03
13534,2023-09-12,2023-05-22,2024-12-12
5433,2023-08-02,2023-08-23,2024-05-20
1165,2023-06-27,2023-12-05,2024-09-24
12288,2023-01-13,2023-10-09,2024-04-07
8980,2023-12-20,2023-08-02,2024-07-18
3999,2023-09-16,2023-12-15,2024-01-01
6830,2023-12-14,2023-06-19,2024-04-25
9981,2023-09-19,2023-12-16,2024-04-10
1243,2023-11-10,2023-04-07,2024-01-12
12828,2023-06-22,2023-12-22,2024-01-08
9786,2023-04-17,2023-08-12,2024-08-17
11021,2023-01-15,2023-08-17,2024-07-25
10100,2023-04-06,2023-09-24,2024-09-15
414,2023-12-06,2023-03-05,2024-07-08
4587,2023-09-06,2023-04-19,2024-07-04
5488,2023-03-13,2023-09-10,2024-05-16
2205,2023-11-05,2023-03-12,2024-03-22
1953,2023-02-27,2023-08-20,2024-08-20
800,2023-09-01,2023-04-10,2024-06-27
13638,2023-07-09,2023-09-13,2024-05-26
10289,2023-11-07,2023-12-25,2024-07-08
14760,2023-09-12,2023-07-14,2024-01-24
6161,2023-05-28,2023-01-25,2024-10-13
4861,2023-07-26,2023-04-03,2024-07-21
6311,2023-06-26,2023-05-14,2024-10-19
6233,2023-02-04,2023-05-14,2024-04-28
2300,2023-01-27,2023-10-28,2024-07-05
8309,2023-03-02,2023-07-23,2024-11-04
10141,2023-03-13,2023-11-16,2024-11-02
8751,2023-04-02,2023-09-25,2024-04-20
11554,2023-07-15,2023-01-07,2024-03-21
6491,2023-09-13,2023-10-08,2024-08-15
9535,2023-12-17,2023-07-09,2024-06-04
3419,2023-02-22,2023-04-03,2024-03-22
7946,2023-08-02,2023-11-01,2024-01-24
10548,2023-02-06,2023-09-16,2024-12-04
10766,2023-07-28,2023-11-21,2024-02-22
381,2023-10-20,2023-02-07,2024-07-05
344,2023-03-21,2023-03-23,2024-05-26
485,2023-09-21,2023-05-06,2024-07-23
2094,2023-04-15,2023-02-23,2024-08-07
38,2023-06-24,2023-03-13,2024-02-16
7201,2023-05-12,2023-05-15,2024-01-18
2340,2023-06-02,2023-01-12,2024-10-08
8194,2023-05-17,2023-03-27,2024-04-08
1478,2023-06-08,2023-06-06,2024-07-04
8640,2023-11-09,2023-12-16,2024-08-18
4892,2023-08-01,2023-03-06,2024-06-18
8137,2023-08-17,2023-10-21,2024-07-25
5440,2023-05-16,2023-01-23,2024-10-06
14985,2023-11-04,2023-10-24,2024-07-13
6060,2023-07-07,2023-04-28,2024-04-10
13747,2023-01-12,2023-02-07,2024-10-07
8617,2023-03-04,2023-04-10,2024-06-15
2187,2023-12-12,2023-03-05,2024-10-21
892,2023-07-07,2023-04-12,2024-04-28
3999,2023-12-17,2023-11-16,2024-03-22
5346,2023-03-10,2023-08-13,2024-10-16
2038,2023-01-21,2023-08-14,2024-10-08
4664,2023-01-01,2023-06-16,2024-03-05
9915,2023-04-04,2023-05-13,2024-09-04
1390,2023-06-06,2023-04-07,2024-04-14
1652,2023-10-27,2023-03-17,2024-01-26
14597,2023-08-07,2023-08-03,2024-02-08
11204,2023-08-23,2023-04-01,2024-07-16
11986,2023-09-02,2023-02-03,2024-09-11
6578,2023-07-27,2023-09-03,2024-05-26
7476,2023-07-27,2023-10-08,2024-06-23
2983,2023-01-14,2023-10-10,2024-02-22
1898,2023-08-18,2023-08-26,2024-10-24
10932,2023-04-16,2023-02-01,2024-08-22
3827,2023-10-08,2023-05-14,2024-11-21
6859,2023-11-06,2023-02-11,2024-12-23
5682,2023-06-12,2023-01-17,2024-06-08
9507,2023-01-22,2023-08-06,2024-03-13
2158,2023-05-01,2023-07-16,2024-08-02
6175,2023-05-28,2023-03-26,2024-03-03
8326,2023-03-25,2023-07-20,2024-05-22
12131,2023-09-16,2023-07-25,2024-06-05
4127,2023-12-04,2023-06-26,2024-11-25
7064,2023-02-14,2023-07-08,2024-12-15
2277,2023-11-20,2023-05-06,2024-02-16
7136,2023-03-14,2023-11-03,2024-10-22
8404,2023-08-11,2023-01-01,2024-08-15
14976,2023-06-21,2023-11-19,2024-06-19
2838,2023-10-22,2023-07-20,2024-08-07
1404,2023-10-07,2023-01-17,2024-03-17
9284,2023-08-01,2023-05-04,2024-12-05
13464,2023-04-08,2023-11-07,2024-02-02
4150,2023-03-11,2023-06-25,2024-12-03
711,2023-04-16,2023-10-04,2024-07-16
4208,2023-03-26,2023-12-12,2024-07-03
481,2023-06-19,2023-11-16,2024-12-22
12183,2023-12-01,2023-10-07,2024-04-04
7477,2023-02-06,2023-07-08,2024-04-10
10218,2023-06-14,2023-03-08,2024-07-10
12938,2023-08-26,2023-04-23,2024-11-22
8034,2023-02-03,2023-09-18,2024-02-13
14961,2023-07-19,2023-07-28,2024-11-05
12780,2023-01-08,2023-03-28,2024-06-21
4754,2023-10-02,2023-07-26,2024-11-17
8147,2023-08-20,2023-11-02,2024-12-10
9830,2023-05-15,2023-08-07,2024-06-07
1015,2023-05-18,2023-02-24,2024-09-04
7088,2023-01-14,2023-01-15,2024-02-28
1648,2023-02-23,2023-03-22,2024-10-25
3280,2023-12-20,2023-12-15,2024-04-11
5089,2023-08-26,2023-12-02,2024-02-23
14531,2023-07-15,2023-03-09,2024-10-10
13437,2023-09-17,2023-01-15,2024-06-08
14932,2023-10-21,2023-01-12,2024-02-10
3304,2023-11-08,2023-10-16,2024-09-09
1450,2023-09-11,2023-03-13,2024-09-04
13458,2023-10-15,2023-07-15,2024-01-06
3101,2023-01-27,2023-02-03,2024-08-08
8361,2023-10-13,2023-09-26,2024-12-03
3574,2023-11-05,2023-04-16,2024-03-26
10855,2023-08-17,2023-06-25,2024-08-10
12467,2023-01-14,2023-11-11,2024-01-10
14829,2023-02-03,2023-07-18,2024-03-12
299,2023-09-08,2023-10-28,2024-10-04
11718,2023-08-06,2023-08-06,2024-04-16
5199,2023-03-11,2023-11-12,2024-02-07
6037,2023-10-08,2023-01-09,2024-02-24
5184,2023-09-13,2023-03-25,2024-10-11
3386,2023-02-11,2023-02-18,2024-08-13
11821,2023-10-12,2023-01-12,2024-03-05
4986,2023-01-22,2023-02-08,2024-02-07
8577,2023-09-03,2023-11-01,2024-05-18
3222,2023-05-17,2023-09-24,2024-11-12
10458,2023-02-24,2023-12-14,2024-10-13
8542,2023-06-14,2023-05-22,2024-10-26
9379,2023-08-24,2023-03-04,2024-12-17
4793,2023-08-05,2023-05-04,2024-07-20
4575,2023-05-09,2023-05-12,2024-09-16
5915,2023-03-17,2023-05-09,2024-12-15
4972,2023-04-20,2023-05-20,2024-10-14
8604,2023-05-02,2023-08-27,2024-05-21
1824,2023-07-23,2023-01-17,2024-06-13
7921,2023-04-05,2023-08-22,2024-11-01
9942,2023-01-26,2023-12-19,2024-08-10
8888,2023-01-26,2023-07-25,2024-09-02
8122,2023-06-26,2023-06-13,2024-08-18
2819,2023-12-14,2023-05-22,2024-03-07
10993,2023-03-09,2023-11-20,2024-12-22
12120,2023-04-06,2023-03-18,2024-06-11
3085,2023-10-04,2023-02-25,2024-10-21
6499,2023-07-01,2023-01-26,2024-07-25
14821,2023-03-09,2023-08-12,2024-08-12
14662,2023-07-05,2023-11-23,2024-08-21
10622,2023-03-13,2023-07-22,2024-11-27
3984,2023-06-23,2023-09-09,2024-06-01
1357,2023-09-23,2023-03-17,2024-12-23
10718,2023-07-07,2023-09-21,2024-06-05
1757,2023-07-26,2023-09-22,2024-12-28
5081,2023-06-17,2023-11-09,2024-09-09
1328,2023-09-13,2023-03-17,2024-05-11
2299,2023-10-09,2023-01-19,2024-07-19
386,2023-02-09,2023-11-22,2024-08-24
1600,2023-10-04,2023-08-05,2024-02-16
7788,2023-12-15,2023-06-21,2024-10-11
11689,2023-01-22,2023-08-06,2024-03-02
11039,2023-07-03,2023-08-10,2024-10-23
10767,2023-02-12,2023-03-21,2024-09-14
2758,2023-04-03,2023-12-09,2024-04-19
3869,2023-01-25,2023-05-04,2024-08-23
14572,2023-09-20,2023-11-07,2024-01-24
10633,2023-12-01,2023-12-23,2024-08-20
6491,2023-05-15,2023-10-22,2024-06-08
7000,2023-11-11,2023-06-13,2024-06-19
1464,2023-11-16,2023-12-16,2024-09-14
6440,2023-11-20,2023-03-27,2024-06-12
5077,2023-10-19,2023-07-17,2024-10-19
4122,2023-07-17,2023-02-02,2024-07-01
10147,2023-10-13,2023-10-26,2024-01-01
12902,2023-06-09,2023-08-25,2024-07-07
2898,2023-11-08,2023-11-27,2024-06-20
3290,2023-12-17,2023-06-20,2024-09-08
5915,2023-05-22,2023-09-20,2024-06-20
9750,2023-03-25,2023-12-02,2024-05-03
10275,2023-12-10,2023-08-04,2024-11-13
2661,2023-01-14,2023-02-23,2024-09-18
14417,2023-03-15,2023-06-26,2024-11-15
13353,2023-11-22,2023-08-21,2024-02-20
11182,2023-01-21,2023-01-17,2024-03-12
11576,2023-05-26,2023-08-11,2024-10-12
7643,2023-05-01,2023-09-10,2024-01-05
9072,2023-09-10,2023-01-06,2024-08-22
13745,2023-10-02,2023-12-06,2024-07-25
1905,2023-01-18,2023-09-05,2024-12-23
950,2023-12-06,2023-04-09,2024-10-16
2736,2023-02-05,2023-05-07,2024-11-22
11840,2023-04-19,2023-07-01,2024-06-25
8293,2023-03-02,2023-10-26,2024-08-01
24,2023-07-06,2023-12-28,2024-05-06
2417,2023-09-02,2023-11-12,2024-08-23
10244,2023-08-14,2023-04-06,2024-12-03
10,2023-09-06,2023-12-25,2024-04-09
6163,2023-11-19,2023-04-05,2024-01-18
4749,2023-02-10,2023-06-02,2024-03-27
882,2023-10-17,2023-09-05,2024-11-03
11293,2023-12-01,2023-11-06,2024-01-19
6461,2023-12-09,2023-02-18,2024-02-15
6167,2023-09-18,2023-01-07,2024-06-15
9135,2023-11-13,2023-05-25,2024-06-19
8404,2023-10-08,2023-08-19,2024-02-14
2778,2023-09-21,2023-01-13,2024-10-22
7619,2023-08-17,2023-06-20,2024-05-26
8406,2023-07-02,2023-08-14,2024-01-03
9072,2023-06-08,2023-05-27,2024-06-08
4918,2023-06-14,2023-01-10,2024-10-07
8431,2023-10-09,2023-07-11,2024-06-20
3795,2023-09-05,2023-12-28,2024-09-06
11286,2023-06-04,2023-03-04,2024-12-16
7580,2023-02-07,2023-10-15,2024-07-16
10041,2023-08-26,2023-11-15,2024-12-19
8474,2023-02-02,2023-07-22,2024-02-01
3162,2023-08-18,2023-12-21,2024-12-10
9433,2023-01-07,2023-12-17,2024-08-24
14823,2023-02-08,2023-10-01,2024-11-07
13469,2023-06-04,2023-04-28,2024-09-12
615,2023-09-07,2023-02-17,2024-06-15
3847,2023-11-12,2023-01-01,2024-10-11
5279,2023-09-06,2023-06-24,2024-12-21
3864,2023-02-03,2023-04-09,2024-02-20
923,2023-06-20,2023-11-03,2024-10-22
9889,2023-10-02,2023-12-18,2024-08-25
440,2023-04-28,2023-06-19,2024-07-09
5034,2023-05-21,2023-05-27,2024-07-28
4824,2023-12-26,2023-04-21,2024-09-13
9254,2023-07-07,2023-11-21,2024-12-15
423,2023-02-26,2023-10-12,2024-04-10
5278,2023-04-21,2023-03-01,2024-05-08
1872,2023-12-14,2023-08-12,2024-01-16
11410,2023-06-06,2023-09-21,2024-10-27
1840,2023-04-25,2023-04-12,2024-11-17
12404,2023-06-05,2023-03-04,2024-12-15
8992,2023-10-12,2023-02-23,2024-02-20
12075,2023-05-08,2023-09-01,2024-01-26
2845,2023-03-28,2023-06-27,2024-07-10
3254,2023-03-23,2023-05-14,2024-04-16
6176,2023-04-25,2023-02-20,2024-11-12
12624,2023-08-25,2023-09-04,2024-05-02
1755,2023-08-23,2023-04-25,2024-08-22
12443,2023-12-23,2023-08-17,2024-04-21
2569,2023-01-22,2023-11-17,2024-03-24
8932,2023-02-07,2023-12-16,2024-02-09
14875,2023-01-26,2023-07-05,2024-03-20
812,2023-08-05,2023-02-06,2024-03-03
3727,2023-12-02,2023-06-24,2024-01-06
14738,2023-09-26,2023-12-16,2024-12-12
6239,2023-12-12,2023-03-15,2024-05-27
2917,2023-03-13,2023-10-20,2024-01-02
288,2023-09-24,2023-11-04,2024-07-20
4861,2023-09-07,2023-08-07,2024-11-22
8691,2023-11-27,2023-03-20,2024-03-24
14185,2023-11-10,2023-03-07,2024-10-23
8511,2023-10-25,2023-03-19,2024-02-15
537,2023-07-14,2023-06-05,2024-03-19
11421,2023-07-24,2023-12-16,2024-11-18
3032,2023-12-21,2023-02-09,2024-12-15
10556,2023-08-13,2023-06-11,2024-03-20
12710,2023-12-04,2023-10-10,2024-01-26
13151,2023-02-06,2023-12-23,2024-11-26
13413,2023-03-28,2023-06-03,2024-04-23
4600,2023-04-07,2023-05-11,2024-08-17
2629,2023-01-22,2023-03-01,2024-10-15
4915,2023-06-17,2023-05-05,2024-05-07
7081,2023-03-10,2023-10-02,2024-04-13
11662,2023-06-24,2023-11-20,2024-12-06
9109,2023-03-14,2023-10-25,2024-02-20
5760,2023-06-16,2023-11-18,2024-09-23
9737,2023-12-16,2023-11-19,2024-09-17
8921,2023-07-03,2023-06-05,2024-10-09
11145,2023-07-26,2023-03-15,2024-07-21
5168,2023-11-07,2023-03-16,2024-11-28
5618,2023-01-01,2023-12-28,2024-06-04
2848,2023-03-15,2023-10-12,2024-12-24
4590,2023-06-14,2023-07-17,2024-05-15
4226,2023-09-17,2023-07-20,2024-05-19
5344,2023-01-18,2023-12-05,2024-12-04
3672,2023-08-20,2023-05-15,2024-01-19
3069,2023-01-16,2023-02-26,2024-11-21
13729,2023-02-03,2023-04-28,2024-03-20
6112,2023-12-27,2023-10-03,2024-11-07
201,2023-01-12,2023-10-03,2024-03-13
2674,2023-09-28,2023-05-09,2024-07-09
12683,2023-09-13,2023-10-24,2024-12-24
14853,2023-09-24,2023-03-26,2024-08-11
12764,2023-01-26,2023-03-16,2024-05-09
1846,2023-11-25,2023-08-11,2024-09-14
11904,2023-06-10,2023-03-13,2024-06-24
9276,2023-11-22,2023-04-26,2024-11-25
7940,2023-02-17,2023-07-10,2024-04-23
4498,2023-04-21,2023-03-02,2024-04-26
11641,2023-07-23,2023-08-03,2024-09-10
14495,2023-10-20,2023-12-16,2024-10-25
1869,2023-06-21,2023-01-03,2024-12-18
13978,2023-04-25,2023-10-17,2024-04-15
2029,2023-02-13,2023-07-17,2024-07-14
2311,2023-07-03,2023-05-23,2024-11-01
1101,2023-08-20,2023-06-27,2024-01-17
13026,2023-09-14,2023-01-25,2024-12-22
13958,2023-12-28,2023-07-25,2024-01-24
6384,2023-05-22,2023-03-23,2024-02-26
2530,2023-10-13,2023-03-18,2024-03-23
8516,2023-07-08,2023-02-01,2024-04-25
14391,2023-11-21,2023-10-23,2024-03-20
645,2023-01-02,2023-01-15,2024-04-20
6429,2023-01-24,2023-10-07,2024-02-04
11531,2023-06-05,2023-08-06,2024-06-14
13935,2023-05-23,2023-07-12,2024-07-10
3240,2023-01-11,2023-01-15,2024-01-09
2829,2023-04-16,2023-11-07,2024-06-09
3489,2023-05-11,2023-06-15,2024-02-22
10171,2023-09-05,2023-01-17,2024-09-13
7759,2023-12-13,2023-10-21,2024-01-15
11999,2023-07-15,2023-08-09,2024-04-25
10185,2023-12-19,2023-05-09,2024-07-06
8248,2023-12-06,2023-04-02,2024-01-18
5152,2023-04-05,2023-01-03,2024-06-24
11295,2023-09-09,2023-05-19,2024-03-03
3895,2023-06-27,2023-07-15,2024-03-03
10232,2023-02-13,2023-02-01,2024-09-09
8296,2023-02-12,2023-08-26,2024-06-18
1230,2023-11-01,2023-03-01,2024-08-24
8822,2023-02-12,2023-07-07,2024-10-26
12646,2023-12-11,2023-12-07,2024-04-08
7413,2023-03-26,2023-04-03,2024-08-06
14347,2023-10-06,2023-02-23,2024-01-03
11134,2023-03-19,2023-08-26,2024-01-15
4560,2023-01-10,2023-04-23,2024-09-20
1113,2023-09-18,2023-10-07,2024-08-01
7281,2023-05-16,2023-08-15,2024-04-11
6028,2023-06-20,2023-10-06,2024-02-09
10509,2023-12-17,2023-05-01,2024-12-10
5579,2023-05-15,2023-10-22,2024-03-19
1141,2023-04-11,2023-10-07,2024-07-17
4491,2023-03-19,2023-12-12,2024-01-26
13095,2023-06-09,2023-03-12,2024-02-01
7600,2023-11-04,2023-06-28,2024-03-08
8573,2023-05-02,2023-08-05,2024-08-10
4784,2023-07-12,2023-06-08,2024-12-05
9611,2023-05-07,2023-11-28,2024-09-28
8204,2023-09-18,2023-05-12,2024-11-27
7480,2023-02-18,2023-02-08,2024-12-28
9037,2023-03-14,2023-06-18,2024-12-09
8177,2023-02-01,2023-10-11,2024-10-16
14706,2023-01-05,2023-10-05,2024-12-17
366,2023-10-18,2023-01-22,2024-02-06
2032,2023-02-03,2023-07-08,2024-06-18
13339,2023-09-08,2023-02-08,2024-02-11
1852,2023-11-28,2023-12-28,2024-05-06
1085,2023-03-25,2023-03-19,2024-03-05
2833,2023-10-04,2023-10-08,2024-12-05
5183,2023-05-24,2023-07-04,2024-03-20
9387,2023-02-06,2023-11-04,2024-07-17
9777,2023-08-13,2023-12-08,2024-07-06
5324,2023-10-14,2023-07-03,2024-09-02
14659,2023-06-07,2023-10-02,2024-12-18
13282,2023-10-22,2023-06-26,2024-09-19
3772,2023-11-07,2023-11-05,2024-04-02
4260,2023-10-05,2023-06-01,2024-02-02
13318,2023-07-18,2023-10-28,2024-05-01
232,2023-01-19,2023-04-08,2024-02-03
13913,2023-01-22,2023-02-21,2024-11-28
6942,2023-05-26,2023-07-16,2024-11-10
2241,2023-02-15,2023-02-17,2024-07-22
6079,2023-06-01,2023-09-20,2024-12-19
10525,2023-07-20,2023-06-08,2024-05-15
5570,2023-10-15,2023-11-06,2024-04-07
9677,2023-12-22,2023-04-09,2024-01-20
6034,2023-02-25,2023-06-07,2024-06-04
792,2023-11-07,2023-07-03,2024-03-27
5159,2023-11-07,2023-05-20,2024-08-03
14667,2023-07-13,2023-06-19,2024-05-27
11863,2023-12-07,2023-07-20,2024-01-19
12135,2023-08-23,2023-03-19,2024-04-10
13083,2023-12-16,2023-01-17,2024-06-23
10047,2023-11-23,2023-07-20,2024-05-23
9455,2023-01-13,2023-02-18,2024-05-23
3399,2023-09-17,2023-07-14,2024-10-19
180,2023-10-10,2023-02-10,2024-06-17
12491,2023-06-14,2023-03-19,2024-11-17
7152,2023-08-10,2023-04-20,2024-05-09
11782,2023-02-24,2023-04-21,2024-12-24
14762,2023-06-19,2023-06-09,2024-11-20
8021,2023-08-05,2023-07-01,2024-12-27
12992,2023-06-04,2023-08-21,2024-11-05
6965,2023-07-02,2023-02-16,2024-04-19
4646,2023-03-17,2023-09-27,2024-01-05
7974,2023-01-22,2023-01-25,2024-01-10
8938,2023-12-26,2023-08-25,2024-04-06
1660,2023-09-08,2023-05-06,2024-11-18
14622,2023-12-09,2023-06-25,2024-11-01
10920,2023-03-21,2023-01-23,2024-06-13
11724,2023-05-27,2023-10-22,2024-10-13
215,2023-11-27,2023-06-18,2024-03-03
3121,2023-03-05,2023-12-20,2024-12-20
7208,2023-04-05,2023-08-25,2024-06-28
4705,2023-07-13,2023-08-07,2024-01-22
6438,2023-09-16,2023-06-21,2024-01-17
3715,2023-12-12,2023-06-16,2024-07-10
11280,2023-05-01,2023-12-11,2024-05-22
3193,2023-12-20,2023-10-13,2024-04-10
9583,2023-11-26,2023-05-24,2024-06-06
8837,2023-03-22,2023-10-22,2024-10-21
13575,2023-08-10,2023-09-08,2024-12-10
10000,2023-07-02,2023-12-06,2024-12-27
11818,2023-07-24,2023-08-06,2024-10-23
6020,2023-02-21,2023-03-20,2024-02-08
14317,2023-12-06,2023-07-25,2024-10-20
11902,2023-01-18,2023-10-15,2024-03-14
4301,2023-09-04,2023-04-22,2024-06-13
9980,2023-10-21,2023-09-06,2024-10-07
10319,2023-09-09,2023-09-09,2024-01-15
7469,2023-10-06,2023-05-01,2024-09-08
2952,2023-07-20,2023-09-02,2024-06-21
6481,2023-01-21,2023-08-13,2024-07-17
3676,2023-09-09,2023-05-18,2024-01-07
9759,2023-05-05,2023-05-06,2024-08-03
4629,2023-01-28,2023-06-08,2024-04-10
13279,2023-02-27,2023-04-06,2024-04-24
12475,2023-02-03,2023-02-24,2024-03-13
8791,2023-06-06,2023-06-03,2024-03-06
10187,2023-06-28,2023-09-22,2024-12-06
13569,2023-06-19,2023-10-11,2024-07-10
12741,2023-12-24,2023-05-03,2024-07-14
12183,2023-12-20,2023-08-17,2024-10-26
5011,2023-06-16,2023-07-11,2024-03-12
6598,2023-07-06,2023-07-16,2024-02-11
13814,2023-05-12,2023-07-08,2024-10-04
176,2023-03-26,2023-12-28,2024-02-21
4618,2023-01-20,2023-03-04,2024-12-15
2204,2023-07-22,2023-03-13,2024-06-25
2112,2023-09-21,2023-08-03,2024-11-24
8627,2023-03-20,2023-11-07,2024-05-19
4898,2023-03-05,2023-03-23,2024-06-06
10367,2023-12-22,2023-02-26,2024-09-01
5612,2023-01-14,2023-06-01,2024-12-10
3705,2023-11-05,2023-07-27,2024-11-07
2268,2023-06-17,2023-11-06,2024-03-05
6866,2023-08-19,2023-07-15,2024-02-04
922,2023-05-05,2023-01-02,2024-04-08
14555,2023-07-05,2023-02-23,2024-10-13
845,2023-08-15,2023-06-03,2024-06-16
8036,2023-07-17,2023-05-01,2024-03-17
5582,2023-07-10,2023-06-14,2024-12-11
9257,2023-07-08,2023-10-20,2024-03-14
10172,2023-01-27,2023-04-15,2024-02-17
3103,2023-08-24,2023-11-11,2024-12-04
2249,2023-06-23,2023-02-27,2024-01-21
825,2023-04-09,2023-02-22,2024-07-01
4593,2023-11-03,2023-10-22,2024-09-01
1976,2023-03-09,2023-09-11,2024-12-05
9207,2023-04-03,2023-12-28,2024-03-02
12724,2023-05-26,2023-04-19,2024-09-03
3205,2023-09-09,2023-04-26,2024-07-05
91,2023-04-22,2023-10-20,2024-10-22
13078,2023-11-18,2023-05-06,2024-01-21
5239,2023-01-10,2023-04-07,2024-03-13
12612,2023-02-21,2023-09-23,2024-10-26
9639,2023-08-04,2023-12-23,2024-11-03
7657,2023-05-20,2023-08-11,2024-02-08
1041,2023-01-26,2023-08-28,2024-11-15
9470,2023-08-03,2023-06-12,2024-07-09
14925,2023-02-13,2023-04-18,2024-05-25
2641,2023-04-22,2023-11-18,2024-01-03
4533,2023-08-23,2023-03-27,2024-10-20
13307,2023-12-17,2023-04-10,2024-08-02
4973,2023-07-13,2023-03-27,2024-11-11
9023,2023-07-14,2023-07-18,2024-12-07
2750,2023-02-19,2023-01-14,2024-11-16
13970,2023-08-20,2023-11-15,2024-12-27
13406,2023-11-28,2023-05-10,2024-10-20
9559,2023-02-04,2023-08-16,2024-04-13
5389,2023-08-09,2023-10-13,2024-03-17
4768,2023-11-28,2023-04-17,2024-01-22
3844,2023-04-19,2023-03-09,2024-07-21
14185,2023-02-01,2023-03-11,2024-04-16
7291,2023-04-03,2023-05-17,2024-05-13
900,2023-04-07,2023-05-26,2024-11-26
3759,2023-11-10,2023-07-01,2024-03-21
61,2023-12-18,2023-02-09,2024-06-11
11393,2023-04-27,2023-02-13,2024-05-12
8300,2023-08-06,2023-03-02,2024-07-03
13811,2023-10-16,2023-05-05,2024-02-18
10546,2023-05-03,2023-08-02,2024-10-17
804,2023-02-17,2023-03-09,2024-01-13
2331,2023-10-10,2023-09-19,2024-02-07
12152,2023-01-05,2023-06-08,2024-01-08
1822,2023-08-08,2023-04-04,2024-09-18
7655,2023-04-26,2023-07-02,2024-08-14
3017,2023-08-09,2023-09-20,2024-10-24
10925,2023-03-06,2023-01-16,2024-10-21
7288,2023-03-12,2023-10-12,2024-12-13
5033,2023-05-17,2023-03-12,2024-12-05
214,2023-07-17,2023-12-21,2024-08-27
8915,2023-02-27,2023-08-06,2024-03-15
8524,2023-02-01,2023-09-18,2024-03-28
2611,2023-08-16,2023-04-02,2024-03-07
799,2023-12-10,2023-05-02,2024-02-05
7363,2023-05-10,2023-06-06,2024-10-05
5170,2023-10-09,2023-03-15,2024-09-28
1432,2023-01-06,2023-04-18,2024-06-20
7567,2023-11-01,2023-12-10,2024-01-14
3909,2023-08-27,2023-04-07,2024-02-21
12577,2023-11-15,2023-06-03,2024-09-10
6483,2023-06-10,2023-03-16,2024-09-17
11513,2023-01-20,2023-05-03,2024-08-14
11334,2023-11-21,2023-12-10,2024-12-18
4832,2023-04-27,2023-06-11,2024-12-14
6674,2023-10-26,2023-04-11,2024-09-11
2011,2023-02-14,2023-07-19,2024-08-08
14743,2023-05-20,2023-03-23,2024-07-14
11963,2023-06-26,2023-08-18,2024-03-10
6585,2023-06-07,2023-11-24,2024-09-27
3059,2023-07-12,2023-12-12,2024-10-07
2814,2023-09-26,2023-11-26,2024-12-23
5035,2023-07-06,2023-02-18,2024-08-28
2898,2023-06-16,2023-11-19,2024-04-19
13134,2023-04-09,2023-07-11,2024-02-23
6181,2023-01-10,2023-06-18,2024-06-15
3959,2023-08-12,2023-09-20,2024-01-14
14124,2023-03-08,2023-08-12,2024-10-17
1721,2023-12-17,2023-05-14,2024-06-12
7833,2023-02-16,2023-09-25,2024-04-27
3046,2023-04-26,2023-04-26,2024-12-14
4051,2023-11-15,2023-05-21,2024-12-17
11816,2023-06-22,2023-10-18,2024-07-01
12278,2023-04-26,2023-02-17,2024-02-12
11619,2023-05-26,2023-04-25,2024-12-12
14675,2023-12-13,2023-09-24,2024-07-28
32,2023-05-10,2023-05-17,2024-11-26
5701,2023-02-20,2023-04-24,2024-03-24
14687,2023-11-21,2023-01-28,2024-10-02
3278,2023-02-26,2023-02-11,2024-07-10
13126,2023-02-02,2023-04-07,2024-11-08
3223,2023-12-05,2023-11-26,2024-12-02
9536,2023-03-08,2023-10-12,2024-09-11
4685,2023-06-18,2023-08-28,2024-10-28
14503,2023-01-09,2023-10-01,2024-06-27
10517,2023-03-27,2023-06-11,2024-06-28
10098,2023-10-24,2023-07-24,2024-10-14
4568,2023-05-28,2023-07-27,2024-06-19
10,2023-04-07,2023-07-22,2024-05-23
9886,2023-10-19,2023-06-01,2024-03-13
12533,2023-11-05,2023-02-23,2024-12-15
13888,2023-10-18,2023-07-02,2024-11-13
2591,2023-06-17,2023-03-14,2024-01-28
2460,2023-11-01,2023-09-01,2024-10-10
6572,2023-07-24,2023-04-25,2024-09-08
9158,2023-11-12,2023-09-28,2024-04-10
9723,2023-06-15,2023-01-26,2024-10-07
3161,2023-10-13,2023-09-12,2024-05-22
2665,2023-07-18,2023-04-13,2024-06-23
13333,2023-04-04,2023-02-14,2024-05-02
14948,2023-07-21,2023-02-23,2024-02-24
6028,2023-06-12,2023-10-08,2024-03-07
8147,2023-07-09,2023-02-07,2024-02-17
9865,2023-11-11,2023-09-11,2024-02-03
4994,2023-12-20,2023-02-17,2024-12-26
11739,2023-06-15,2023-10-17,2024-12-18
4224,2023-03-06,2023-08-10,2024-06-08
13187,2023-02-08,2023-07-15,2024-02-03
9225,2023-03-21,2023-07-18,2024-02-22
1063,2023-12-26,2023-03-07,2024-12-02
919,2023-11-25,2023-06-06,2024-04-04
13031,2023-06-12,2023-03-08,2024-11-01
7982,2023-01-12,2023-12-20,2024-04-01
11331,2023-09-03,2023-09-07,2024-09-02
5520,2023-04-02,2023-01-23,2024-02-16
14044,2023-05-01,2023-06-03,2024-03-02
13310,2023-07-17,2023-06-18,2024-04-20
175,2023-02-07,2023-06-04,2024-04-27
5025,2023-05-17,2023-11-14,2024-11-01
14753,2023-10-06,2023-04-08,2024-08-19
61,2023-05-03,2023-11-26,2024-04-12
5613,2023-10-08,2023-12-22,2024-06-20
2094,2023-12-04,2023-06-18,2024-06-02
5613,2023-05-14,2023-02-26,2024-04-24
12535,2023-04-09,2023-05-02,2024-10-08
1903,2023-03-19,2023-04-21,2024-03-16
507,2023-03-05,2023-08-03,2024-03-01
9357,2023-08-18,2023-11-19,2024-06-07
13062,2023-12-04,2023-10-27,2024-11-21
11054,2023-02-01,2023-06-22,2024-08-15
6463,2023-06-15,2023-01-18,2024-05-16
7294,2023-01-12,2023-12-07,2024-03-01
14787,2023-02-14,2023-07-28,2024-05-15
4701,2023-10-11,2023-05-01,2024-06-01
677,2023-01-15,2023-09-02,2024-02-15
5603,2023-09-08,2023-02-20,2024-02-08
14910,2023-08-16,2023-01-23,2024-02-11
3314,2023-08-05,2023-06-08,2024-04-11
8530,2023-12-19,2023-01-10,2024-02-28
10891,2023-07-03,2023-04-25,2024-08-28
5841,2023-07-12,2023-08-05,2024-11-12
3075,2023-02-20,2023-02-04,2024-11-07
7604,2023-06-26,2023-11-12,2024-05-17
8770,2023-02-23,2023-09-01,2024-08-13
1397,2023-08-26,2023-09-16,2024-01-11
10887,2023-03-25,2023-10-15,2024-09-27
7777,2023-03-12,2023-02-01,2024-12-19
392,2023-03-07,2023-03-27,2024-11-02
4831,2023-09-06,2023-07-12,2024-07-28
114,2023-07-08,2023-03-01,2024-02-13
7248,2023-09-04,2023-01-14,2024-05-23
10701,2023-01-05,2023-10-06,2024-10-18
10964,2023-02-01,2023-09-10,2024-11-26
10490,2023-09-03,2023-10-15,2024-03-02
14990,2023-09-22,2023-11-19,2024-09-24
12710,2023-09-25,2023-12-10,2024-12-04
14003,2023-01-09,2023-04-18,2024-04-02
10655,2023-12-19,2023-05-17,2024-08-08
6802,2023-01-28,2023-08-28,2024-05-14
1706,2023-05-21,2023-03-25,2024-06-28
10305,2023-03-06,2023-03-04,2024-08-03
12130,2023-02-01,2023-12-18,2024-08-05
10107,2023-08-21,2023-03-16,2024-05-10
6067,2023-04-02,2023-08-17,2024-05-22
11103,2023-05-08,2023-01-10,2024-07-04
13515,2023-09-06,2023-11-27,2024-11-12
3044,2023-02-03,2023-12-18,2024-08-23
14918,2023-05-12,2023-02-11,2024-07-28
4484,2023-05-26,2023-04-01,2024-12-07
2379,2023-07-08,2023-02-20,2024-05-25
1659,2023-07-01,2023-08-11,2024-08-17
10537,2023-09-14,2023-05-23,2024-12-02
13894,2023-07-04,2023-06-05,2024-03-20
2544,2023-01-04,2023-02-26,2024-08-06
7707,2023-12-02,2023-09-18,2024-06-23
2618,2023-12-12,2023-02-19,2024-05-06
221,2023-09-10,2023-02-10,2024-01-19
10698,2023-01-08,2023-12-18,2024-08-06
4801,2023-02-02,2023-09-09,2024-12-16
1375,2023-06-15,2023-09-24,2024-11-05
3844,2023-05-22,2023-10-15,2024-11-20
12244,2023-06-20,2023-04-15,2024-07-06
13420,2023-04-25,2023-07-27,2024-10-03
17,2023-06-02,2023-08-14,2024-01-03
12873,2023-07-08,2023-03-22,2024-03-10
14485,2023-08-24,2023-05-24,2024-11-13
2133,2023-05-17,2023-10-25,2024-12-07
8856,2023-06-15,2023-08-15,2024-09-22
14900,2023-12-21,2023-06-24,2024-09-09
6505,2023-01-10,2023-03-19,2024-12-01
12472,2023-08-17,2023-12-27,2024-07-23
13665,2023-12-01,2023-02-07,2024-05-10
7119,2023-02-08,2023-07-26,2024-07-25
1889,2023-12-09,2023-05-03,2024-08-09
4564,2023-10-15,2023-06-25,2024-04-21
8505,2023-05-12,2023-08-22,2024-08-06
14871,2023-10-01,2023-08-20,2024-07-25
12108,2023-10-10,2023-09-17,2024-06-16
6462,2023-11-18,2023-08-03,2024-03-21
2057,2023-08-22,2023-06-21,2024-02-14
3320,2023-05-22,2023-05-15,2024-10-20
8721,2023-12-17,2023-09-25,2024-08-14
11815,2023-12-20,2023-12-17,2024-08-23
11558,2023-01-10,2023-08-12,2024-05-21
10795,2023-01-07,2023-09-07,2024-12-14
1592,2023-11-02,2023-10-08,2024-10-14
2815,2023-12-01,2023-09-13,2024-05-18
1778,2023-03-15,2023-09-09,2024-09-06
1428,2023-06-28,2023-11-04,2024-09-09
9306,2023-02-21,2023-12-27,2024-09-17
9166,2023-03-23,2023-10-22,2024-06-28
3296,2023-05-24,2023-11-23,2024-04-21
9182,2023-10-02,2023-08-01,2024-06-16
13378,2023-05-07,2023-06-25,2024-06-19
12144,2023-06-15,2023-07-13,2024-12-10
7754,2023-11-20,2023-12-05,2024-09-24
14834,2023-10-04,2023-04-01,2024-12-25
38,2023-12-15,2023-11-22,2024-07-21
3224,2023-04-15,2023-12-27,2024-10-24
1284,2023-01-09,2023-01-20,2024-09-04
2317,2023-05-27,2023-02-18,2024-10-12
1755,2023-01-06,2023-09-19,2024-05-14
7146,2023-03-01,2023-02-27,2024-06-13
2762,2023-04-11,2023-09-25,2024-06-11
10601,2023-03-27,2023-06-21,2024-11-17
10743,2023-04-21,2023-03-01,2024-05-17
7334,2023-11-06,2023-12-07,2024-04-13
2422,2023-12-09,2023-09-11,2024-11-12
6185,2023-05-19,2023-06-01,2024-08-08
1158,2023-12-16,2023-03-12,2024-10-19
753,2023-01-05,2023-11-21,2024-08-22
13181,2023-06-16,2023-08-02,2024-10-02
13355,2023-08-14,2023-12-25,2024-02-18
10388,2023-06-12,2023-09-14,2024-07-01
7361,2023-09-26,2023-06-13,2024-03-04
1750,2023-03-18,2023-11-01,2024-07-01
2103,2023-11-08,2023-09-10,2024-08-04
4170,2023-06-02,2023-04-01,2024-11-04
691,2023-06-13,2023-05-11,2024-08-16
3288,2023-11-08,2023-06-22,2024-04-26
4698,2023-06-18,2023-04-06,2024-03-07
8897,2023-09-27,2023-06-24,2024-05-01
1114,2023-11-23,2023-03-25,2024-12-13
6139,2023-03-14,2023-06-24,2024-07-20
13426,2023-10-26,2023-01-14,2024-10-16
6032,2023-03-20,2023-03-14,2024-07-15
6128,2023-04-11,2023-01-28,2024-04-19
7360,2023-11-06,2023-10-19,2024-12-14
193,2023-09-09,2023-06-08,2024-10-14
9084,2023-04-23,2023-12-13,2024-06-17
4227,2023-07-16,2023-09-07,2024-09-19
5300,2023-04-07,2023-02-14,2024-10-10
11913,2023-10-13,2023-10-20,2024-01-08
5485,2023-01-22,2023-10-22,2024-05-07
11179,2023-11-28,2023-09-03,2024-09-22
6186,2023-09-03,2023-10-20,2024-11-06
825,2023-05-12,2023-08-26,2024-12-23
10190,2023-04-20,2023-08-25,2024-03-17
6641,2023-12-09,2023-01-16,2024-04-24
13133,2023-09-27,2023-08-05,2024-07-22
12219,2023-07-12,2023-06-06,2024-03-14
6361,2023-08-10,2023-03-05,2024-04-05
10744,2023-12-07,2023-09-17,2024-07-21
5658,2023-03-21,2023-09-11,2024-04-01
1432,2023-02-17,2023-03-04,2024-06-28
8719,2023-09-14,2023-10-14,2024-09-27
13953,2023-09-04,2023-10-04,2024-02-02
9506,2023-03-08,2023-05-17,2024-12-04
11098,2023-06-02,2023-06-28,2024-10-22
5087,2023-08-20,2023-12-21,2024-05-17
8167,2023-05-04,2023-12-03,2024-06-15
14547,2023-02-03,2023-07-06,2024-06-17
14777,2023-02-20,2023-09-26,2024-07-06
1079,2023-09-25,2023-01-05,2024-08-13
14768,2023-06-18,2023-04-13,2024-02-28
2361,2023-06-09,2023-09-17,2024-10-01
1265,2023-12-19,2023-04-17,2024-01-16
6895,2023-04-20,2023-05-18,2024-02-03
1690,2023-03-26,2023-07-05,2024-06-24
10598,2023-06-16,2023-02-24,2024-12-05
11530,2023-11-01,2023-01-26,2024-07-06
9709,2023-02-24,2023-09-08,2024-12-07
11162,2023-05-04,2023-12-07,2024-10-05
4814,2023-10-26,2023-04-15,2024-01-02
9492,2023-03-16,2023-09-26,2024-08-13
1853,2023-07-20,2023-04-01,2024-11-20
14293,2023-08-06,2023-03-12,2024-11-16
2912,2023-07-26,2023-12-01,2024-10-14
14890,2023-06-09,2023-01-11,2024-03-08
2465,2023-12-11,2023-05-17,2024-09-21
11452,2023-07-10,2023-05-22,2024-10-16
2204,2023-01-23,2023-08-26,2024-03-10
9216,2023-10-24,2023-02-15,2024-07-21
12165,2023-11-22,2023-02-09,2024-04-16
5808,2023-09-17,2023-10-21,2024-06-07
2272,2023-01-17,2023-01-13,2024-08-20
2778,2023-08-09,2023-02-13,2024-06-18
12301,2023-11-27,2023-12-18,2024-11-10
10983,2023-12-14,2023-05-07,2024-12-23
8638,2023-11-07,2023-05-14,2024-10-28
437,2023-11-20,2023-01-16,2024-05-26
2137,2023-01-14,2023-12-28,2024-06-10
10563,2023-05-19,2023-03-04,2024-05-21
12655,2023-05-03,2023-03-19,2024-06-19
5655,2023-04-03,2023-04-18,2024-03-16
10688,2023-02-20,2023-08-15,2024-12-08
9713,2023-11-27,2023-01-13,2024-11-20
965,2023-08-28,2023-11-25,2024-02-21
9842,2023-01-10,2023-06-23,2024-06-09
5171,2023-11-04,2023-06-07,2024-05-21
9780,2023-10-04,2023-12-02,2024-01-24
2989,2023-05-23,2023-09-15,2024-09-01
9817,2023-06-12,2023-05-25,2024-04-17
13408,2023-04-26,2023-12-09,2024-10-04
7312,2023-08-21,2023-07-13,2024-07-20
3159,2023-06-04,2023-04-09,2024-03-25
11894,2023-08-08,2023-06-10,2024-07-25
2958,2023-04-10,2023-03-06,2024-01-05
6010,2023-08-24,2023-12-22,2024-04-16
2400,2023-09-22,2023-04-10,2024-10-17
12747,2023-02-07,2023-06-21,2024-02-27
2533,2023-03-25,2023-08-26,2024-09-23
14753,2023-11-20,2023-02-04,2024-12-18
8246,2023-01-04,2023-08-06,2024-06-13
2306,2023-03-01,2023-10-18,2024-03-08
4781,2023-04-04,2023-10-04,2024-01-09
5784,2023-10-08,2023-02-01,2024-09-02
13204,2023-12-19,2023-11-20,2024-06-23
6535,2023-10-25,2023-09-19,2024-05-25
6465,2023-02-19,2023-07-25,2024-08-08
8530,2023-10-02,2023-07-20,2024-06-25
14165,2023-01-19,2023-03-25,2024-06-14
12584,2023-01-21,2023-12-26,2024-03-13
4193,2023-11-05,2023-06-20,2024-09-15
12817,2023-08-28,2023-04-04,2024-12-26
13852,2023-08-25,2023-01-19,2024-02-21
391,2023-04-13,2023-12-26,2024-05-24
5306,2023-05-18,2023-09-20,2024-12-02
1124,2023-01-26,2023-04-02,2024-04-09
4632,2023-06-11,2023-03-04,2024-09-26
7685,2023-06-19,2023-05-17,2024-07-22
14887,2023-07-06,2023-03-26,2024-07-05
10610,2023-03-19,2023-06-02,2024-12-05
4997,2023-08-15,2023-09-15,2024-06-13
11534,2023-03-25,2023-03-18,2024-01-14
2876,2023-04-13,2023-06-14,2024-04-25
12839,2023-02-17,2023-10-16,2024-04-05
5160,2023-06-20,2023-11-16,2024-11-03
3115,2023-01-01,2023-09-27,2024-08-27
8670,2023-01-20,2023-10-21,2024-03-11
2463,2023-12-15,2023-12-20,2024-12-27
10878,2023-12-13,2023-06-01,2024-04-12
3968,2023-11-09,2023-10-18,2024-02-16
7515,2023-02-22,2023-02-26,2024-07-20
3682,2023-10-23,2023-01-11,2024-12-26
9895,2023-11-06,2023-01-25,2024-01-25
437,2023-07-07,2023-11-28,2024-02-14
4848,2023-03-06,2023-01-21,2024-03-25
9087,2023-04-27,2023-02-04,2024-10-26
6327,2023-02-16,2023-03-14,2024-02-02
11173,2023-05-02,2023-02-23,2024-04-04
9388,2023-09-21,2023-05-08,2024-09-02
11700,2023-09-21,2023-12-14,2024-03-09
13590,2023-04-20,2023-08-10,2024-09-14
4683,2023-05-14,2023-10-09,2024-07-10
1697,2023-08-03,2023-02-16,2024-10-22
6159,2023-01-10,2023-07-26,2024-07-16
9213,2023-04-18,2023-03-20,2024-04-28
4450,2023-09-17,2023-10-22,2024-09-10
5388,2023-07-24,2023-12-12,2024-10-19
10142,2023-05-17,2023-05-23,2024-04-26
1696,2023-02-12,2023-08-05,2024-07-12
11916,2023-07-08,2023-11-14,2024-12-21
8229,2023-11-24,2023-12-07,2024-07-19
13750,2023-11-12,2023-08-07,2024-10-10
10783,2023-02-19,2023-04-24,2024-08-06
11981,2023-06-23,2023-09-11,2024-02-28
11713,2023-05-14,2023-12-22,2024-11-23
9860,2023-09-12,2023-05-11,2024-08-13
11094,2023-07-03,2023-04-14,2024-07-16
5784,2023-05-05,2023-07-02,2024-05-19
8183,2023-03-14,2023-04-10,2024-06-14
5025,2023-03-02,2023-04-11,2024-05-26
5482,2023-05-04,2023-11-07,2024-01-01
7212,2023-02-21,2023-02-03,2024-01-03
6215,2023-08-27,2023-11-04,2024-07-16
11756,2023-12-25,2023-09-09,2024-09-27
12256,2023-02-27,2023-02-20,2024-06-02
3445,2023-01-05,2023-01-14,2024-04-14
12078,2023-01-24,2023-06-11,2024-08-18
9960,2023-01-01,2023-05-04,2024-07-27
1672,2023-12-23,2023-02-16,2024-12-05
7086,2023-07-20,2023-02-18,2024-06-07
8129,2023-10-23,2023-01-01,2024-10-09
7132,2023-10-09,2023-03-23,2024-11-28
7033,2023-10-20,2023-02-12,2024-12-06
10123,2023-11-21,2023-08-24,2024-02-20
2447,2023-12-16,2023-04-20,2024-03-22
4671,2023-04-01,2023-09-03,2024-06-08
7309,2023-01-14,2023-04-23,2024-06-19
6557,2023-05-24,2023-11-25,2024-08-04
12545,2023-01-09,2023-10-09,2024-04-17
14917,2023-03-28,2023-06-10,2024-09-03
2335,2023-05-20,2023-07-10,2024-11-21
1802,2023-11-06,2023-10-01,2024-12-27
12521,2023-01-27,2023-07-27,2024-02-28
8381,2023-08-01,2023-11-15,2024-07-20
13999,2023-06-25,2023-05-24,2024-06-22
6541,2023-03-17,2023-01-13,2024-12-03
10118,2023-11-18,2023-07-25,2024-09-28
14120,2023-08-22,2023-09-16,2024-06-04
6089,2023-01-28,2023-03-03,2024-09-20
13413,2023-11-12,2023-10-19,2024-04-28
2948,2023-05-15,2023-02-02,2024-07-05
4255,2023-10-12,2023-07-08,2024-02-20
9053,2023-08-20,2023-06-08,2024-07-10
9284,2023-08-21,2023-02-14,2024-08-12
13262,2023-01-10,2023-07-23,2024-06-07
12499,2023-05-18,2023-02-13,2024-02-18
9203,2023-04-25,2023-04-09,2024-12-27
11443,2023-04-18,2023-02-13,2024-07-24
7954,2023-03-13,2023-05-11,2024-07-14
4089,2023-05-13,2023-12-05,2024-10-24
12519,2023-01-20,2023-07-17,2024-09-20
8122,2023-05-26,2023-09-28,2024-01-01
3589,2023-11-24,2023-02-02,2024-04-03
10160,2023-05-11,2023-02-24,2024-09-11
2269,2023-08-13,2023-03-06,2024-12-17
11697,2023-02-28,2023-07-15,2024-04-03
510,2023-06-18,2023-08-20,2024-03-17
11171,2023-04-08,2023-02-15,2024-02-04
11815,2023-04-22,2023-06-27,2024-06-12
12496,2023-12-17,2023-12-04,2024-12-04
10385,2023-12-18,2023-10-08,2024-07-05
6048,2023-03-22,2023-02-26,2024-12-24
6545,2023-04-15,2023-03-17,2024-02-23
2221,2023-10-06,2023-11-02,2024-10-28
5243,2023-11-25,2023-03-11,2024-09-01
6239,2023-07-12,2023-07-15,2024-12-06
9238,2023-06-20,2023-06-20,2024-09-23
1711,2023-05-28,2023-04-28,2024-10-05
1925,2023-02-14,2023-01-28,2024-05-04
11904,2023-05-25,2023-04-05,2024-08-23
7812,2023-12-01,2023-12-07,2024-11-18
9477,2023-12-09,2023-11-14,2024-03-07
12346,2023-05-14,2023-10-05,2024-01-02
9013,2023-10-19,2023-02-23,2024-08-18
1177,2023-02-07,2023-02-19,2024-11-16
5203,2023-04-02,2023-06-18,2024-02-16
9356,2023-05-08,2023-05-13,2024-06-04
9949,2023-12-18,2023-05-27,2024-12-13
7830,2023-10-06,2023-04-28,2024-09-23
12751,2023-04-19,2023-09-07,2024-07-20
1804,2023-03-14,2023-03-01,2024-04-26
5356,2023-08-14,2023-07-14,2024-10-26
6433,2023-08-27,2023-10-03,2024-12-12
12233,2023-09-13,2023-09-01,2024-12-25
4653,2023-12-22,2023-08-16,2024-11-22
2073,2023-08-19,2023-07-22,2024-06-17
14093,2023-08-23,2023-11-21,2024-01-16
9975,2023-06-04,2023-09-26,2024-08-02
13168,2023-01-02,2023-01-05,2024-09-22
8764,2023-06-15,2023-03-12,2024-11-13
11200,2023-05-06,2023-06-05,2024-01-14
14687,2023-08-06,2023-09-22,2024-02-02
2820,2023-05-24,2023-08-10,2024-03-10
3726,2023-11-07,2023-09-15,2024-06-11
2733,2023-05-20,2023-07-10,2024-09-11
14715,2023-11-27,2023-10-10,2024-12-13
13607,2023-12-06,2023-12-11,2024-03-06
14612,2023-08-10,2023-01-01,2024-11-18
421,2023-03-10,2023-12-13,2024-12-19
3593,2023-01-28,2023-06-02,2024-10-04
6211,2023-12-01,2023-04-15,2024-11-08
13401,2023-11-21,2023-10-18,2024-03-21
3236,2023-01-07,2023-06-23,2024-05-21
506,2023-10-23,2023-03-02,2024-11-15
8044,2023-11-23,2023-10-03,2024-02-25
333,2023-05-25,2023-07-26,2024-01-19
2390,2023-01-24,2023-07-18,2024-10-27
1699,2023-10-14,2023-06-10,2024-07-27
8349,2023-02-24,2023-11-25,2024-08-15
493,2023-11-12,2023-09-04,2024-06-13
2984,2023-07-22,2023-10-17,2024-11-14
12192,2023-11-07,2023-12-27,2024-07-10
8538,2023-04-25,2023-01-11,2024-04-08
10611,2023-12-18,2023-07-15,2024-09-16
7018,2023-07-16,2023-01-04,2024-06-04
14960,2023-06-25,2023-04-13,2024-07-17
8152,2023-03-15,2023-04-08,2024-09-08
10415,2023-06-12,2023-04-13,2024-08-28
11730,2023-10-17,2023-10-12,2024-09-08
240,2023-02-04,2023-04-04,2024-04-17
13352,2023-08-28,2023-09-20,2024-08-06
10476,2023-09-25,2023-03-27,2024-12-14
10854,2023-04-28,2023-05-23,2024-04-22
10382,2023-10-05,2023-12-28,2024-01-23
9719,2023-05-26,2023-11-17,2024-01-23
7298,2023-09-26,2023-01-14,2024-02-02
5551,2023-02-14,2023-08-28,2024-06-10
11515,2023-10-08,2023-04-22,2024-12-04
7844,2023-07-01,2023-06-03,2024-11-18
3822,2023-11-11,2023-10-22,2024-05-19
2923,2023-03-10,2023-09-12,2024-05-16
11315,2023-12-08,2023-08-15,2024-01-16
7747,2023-09-08,2023-01-26,2024-09-14
11228,2023-04-12,2023-04-23,2024-08-19
8256,2023-08-18,2023-09-13,2024-07-06
13381,2023-01-23,2023-12-06,2024-02-12
3287,2023-01-24,2023-07-18,2024-08-14
5163,2023-05-24,2023-06-09,2024-04-23
5814,2023-02-09,2023-12-26,2024-06-01
8570,2023-03-10,2023-11-26,2024-01-20
2267,2023-08-13,2023-05-27,2024-06-14
7792,2023-11-14,2023-01-05,2024-11-09
8676,2023-09-16,2023-11-14,2024-01-09
3380,2023-07-02,2023-11-06,2024-09-25
12357,2023-12-10,2023-05-28,2024-01-10
11517,2023-12-10,2023-12-25,2024-07-06
6009,2023-02-14,2023-08-03,2024-05-06
947,2023-12-13,2023-04-22,2024-04-26
7329,2023-10-14,2023-11-13,2024-01-20
9192,2023-02-12,2023-04-14,2024-11-09
14373,2023-10-12,2023-04-13,2024-02-10
5475,2023-05-27,2023-02-21,2024-04-26
2157,2023-02-18,2023-09-18,2024-02-25
10688,2023-09-19,2023-03-19,2024-05-06
9525,2023-06-24,2023-10-27,2024-09-03
108,2023-10-10,2023-02-02,2024-03-01
5159,2023-02-21,2023-08-22,2024-02-19
2305,2023-09-05,2023-08-17,2024-01-05
14115,2023-03-13,2023-09-27,2024-07-05
14378,2023-01-15,2023-03-02,2024-03-03
10042,2023-02-27,2023-10-26,2024-11-02
2712,2023-09-26,2023-10-16,2024-09-18
5296,2023-05-14,2023-02-15,2024-04-06
11475,2023-10-05,2023-12-13,2024-11-16
6656,2023-12-07,2023-09-12,2024-01-05
225,2023-08-21,2023-01-28,2024-12-18
6413,2023-05-22,2023-11-23,2024-12-22
1550,2023-07-02,2023-07-20,2024-06-01
12061,2023-06-11,2023-08-15,2024-07-16
9483,2023-07-15,2023-07-23,2024-08-03
11979,2023-07-24,2023-11-26,2024-11-28
8277,2023-12-17,2023-06-15,2024-07-01
2432,2023-10-03,2023-06-19,2024-10-23
448,2023-04-16,2023-11-14,2024-11-17
4234,2023-01-13,2023-08-26,2024-03-23
14420,2023-10-19,2023-06-21,2024-03-14
6259,2023-01-14,2023-06-21,2024-10-03
529,2023-09-23,2023-11-05,2024-06-17
6465,2023-03-03,2023-03-27,2024-05-08
2930,2023-02-27,2023-02-04,2024-04-23
2351,2023-09-06,2023-12-22,2024-04-13
8789,2023-08-13,2023-07-14,2024-12-19
14073,2023-05-11,2023-08-16,2024-09-04
2759,2023-07-22,2023-11-25,2024-07-03
14419,2023-02-23,2023-06-27,2024-08-06
6398,2023-05-19,2023-02-20,2024-10-10
11273,2023-12-01,2023-11-24,2024-01-21
6947,2023-11-25,2023-06-22,2024-01-13
6632,2023-05-17,2023-11-04,2024-10-11
9335,2023-04-15,2023-05-25,2024-12-01
3603,2023-09-26,2023-12-14,2024-04-03
8155,2023-02-02,2023-03-26,2024-12-19
2762,2023-12-23,2023-03-05,2024-06-20
900,2023-05-24,2023-09-16,2024-09-07
11101,2023-11-02,2023-05-07,2024-03-07
3533,2023-04-20,2023-07-20,2024-11-19
2047,2023-12-22,2023-05-12,2024-08-01
6735,2023-10-17,2023-09-04,2024-04-25
9269,2023-01-02,2023-11-12,2024-06-05
10632,2023-07-13,2023-03-24,2024-08-05
3962,2023-11-12,2023-01-14,2024-06-14
4191,2023-12-19,2023-11-11,2024-11-13
8773,2023-06-18,2023-07-03,2024-06-24
558,2023-09-12,2023-07-14,2024-12-27
12954,2023-11-07,2023-07-10,2024-05-07
2839,2023-02-07,2023-08-11,2024-01-23
14963,2023-02-11,2023-06-02,2024-02-26
830,2023-03-03,2023-03-06,2024-11-03
8975,2023-11-23,2023-03-01,2024-12-02
6,2023-08-03,2023-03-06,2024-04-20
2896,2023-12-11,2023-05-05,2024-05-01
14649,2023-09-09,2023-07-21,2024-09-26
1846,2023-05-05,2023-05-27,2024-11-20
14539,2023-11-14,2023-08-28,2024-05-24
10843,2023-12-22,2023-11-09,2024-12-27
7024,2023-12-27,2023-12-28,2024-11-21
9080,2023-02-04,2023-05-11,2024-05-02
5658,2023-01-20,2023-09-19,2024-10-08
14322,2023-12-25,2023-07-11,2024-01-07
4058,2023-09-22,2023-07-06,2024-12-02
12516,2023-07-18,2023-05-24,2024-11-14
7439,2023-05-17,2023-11-15,2024-03-19
5877,2023-03-02,2023-11-15,2024-02-14
704,2023-08-20,2023-03-01,2024-10-23
4130,2023-04-04,2023-05-09,2024-11-08
2780,2023-08-21,2023-12-26,2024-01-08
10204,2023-06-16,2023-04-13,2024-02-20
10256,2023-01-07,2023-03-02,2024-02-14
1357,2023-10-14,2023-03-14,2024-07-06
8147,2023-05-12,2023-09-24,2024-06-09
14199,2023-05-04,2023-12-07,2024-02-20
10508,2023-10-25,2023-04-10,2024-01-02
322,2023-10-04,2023-08-14,2024-09-03
2770,2023-07-21,2023-07-11,2024-09-14
7097,2023-12-09,2023-05-26,2024-01-06
11278,2023-12-23,2023-02-18,2024-01-27
3284,2023-03-20,2023-01-28,2024-11-09
14032,2023-04-10,2023-04-06,2024-12-23
5023,2023-01-02,2023-10-12,2024-07-03
11694,2023-12-06,2023-11-22,2024-01-17
3730,2023-07-24,2023-10-02,2024-01-20
7427,2023-06-07,2023-12-09,2024-03-16
6098,2023-05-23,2023-08-12,2024-01-12
3811,2023-10-15,2023-11-03,2024-08-05
4308,2023-12-10,2023-06-27,2024-05-01
8132,2023-09-25,2023-10-25,2024-01-03
7835,2023-02-28,2023-03-19,2024-01-17
1540,2023-03-21,2023-07-18,2024-07-11
7778,2023-08-04,2023-02-17,2024-09-10
10970,2023-05-06,2023-02-21,2024-06-07
8162,2023-03-07,2023-05-15,2024-02-13
13996,2023-02-24,2023-10-07,2024-02-22
12371,2023-12-14,2023-09-25,2024-07-16
11832,2023-02-13,2023-09-13,2024-11-26
14374,2023-07-13,2023-01-25,2024-09-13
11359,2023-06-11,2023-08-08,2024-03-26
5219,2023-09-01,2023-09-20,2024-08-16
1413,2023-02-25,2023-07-20,2024-08-27
6485,2023-11-18,2023-10-02,2024-10-10
7586,2023-11-27,2023-08-15,2024-10-18
7065,2023-02-10,2023-12-14,2024-07-13
13527,2023-12-16,2023-03-02,2024-12-15
8074,2023-10-10,2023-09-19,2024-09-07
8840,2023-09-16,2023-07-08,2024-07-28
35,2023-10-17,2023-12-11,2024-12-25
1378,2023-11-17,2023-06-16,2024-02-13
13601,2023-05-19,2023-03-19,2024-08-22
8974,2023-10-24,2023-01-14,2024-01-06
12211,2023-09-14,2023-02-06,2024-10-03
5805,2023-04-09,2023-06-17,2024-03-08
11716,2023-02-16,2023-08-02,2024-05-24
10205,2023-06-23,2023-02-08,2024-03-20
8625,2023-04-18,2023-03-21,2024-04-16
764,2023-07-09,2023-09-25,2024-06-19
1447,2023-03-21,2023-02-24,2024-01-25
7678,2023-08-25,2023-02-19,2024-12-06
952,2023-06-24,2023-10-25,2024-09-09
10085,2023-05-27,2023-02-10,2024-06-26
1542,2023-08-11,2023-03-13,2024-10-03
154,2023-03-28,2023-08-26,2024-02-12
12281,2023-04-14,2023-02-11,2024-03-26
6081,2023-03-02,2023-04-08,2024-03-14
2057,2023-05-25,2023-04-01,2024-07-28
12380,2023-07-15,2023-09-05,2024-02-19
4628,2023-01-16,2023-10-05,2024-09-19
8309,2023-08-04,2023-08-01,2024-05-12
1203,2023-06-07,2023-08-05,2024-06-08
9995,2023-08-13,2023-10-08,2024-03-27
2768,2023-04-06,2023-06-26,2024-12-28
7029,2023-08-24,2023-09-10,2024-07-15
8054,2023-04-19,2023-06-04,2024-09-18
161,2023-12-20,2023-02-12,2024-07-28
8338,2023-04-23,2023-10-26,2024-04-15
1063,2023-05-18,2023-08-08,2024-10-21
12506,2023-10-17,2023-05-13,2024-11-27
5563,2023-01-03,2023-11-12,2024-07-07
12070,2023-11-08,2023-01-04,2024-11-01
12827,2023-08-01,2023-06-25,2024-11-20
5890,2023-06-06,2023-07-04,2024-08-20
7015,2023-08-18,2023-05-02,2024-03-22
5633,2023-09-04,2023-12-09,2024-04-12
14063,2023-08-14,2023-03-27,2024-04-28
14431,2023-08-16,2023-01-23,2024-04-05
3372,2023-06-19,2023-03-13,2024-06-04
8499,2023-11-25,2023-11-02,2024-02-27
9309,2023-07-12,2023-07-19,2024-07-16
4957,2023-11-07,2023-11-09,2024-07-10
13584,2023-11-22,2023-09-21,2024-04-05
786,2023-07-20,2023-05-02,2024-03-10
10610,2023-03-13,2023-06-01,2024-01-04
10301,2023-10-19,2023-06-10,2024-07-15
8545,2023-12-01,2023-01-13,2024-06-21
8269,2023-03-19,2023-03-23,2024-02-18
9698,2023-06-19,2023-08-11,2024-05-27
7120,2023-02-11,2023-01-27,2024-07-04
8205,2023-10-01,2023-04-12,2024-10-12
80,2023-10-20,2023-10-04,2024-04-25
14987,2023-09-18,2023-08-12,2024-02-06
4564,2023-09-16,2023-04-08,2024-10-09
8722,2023-07-12,2023-05-12,2024-11-19
11424,2023-07-03,2023-10-25,2024-11-12
1765,2023-04-20,2023-02-08,2024-12-06
12092,2023-04-08,2023-03-10,2024-11-23
11656,2023-07-06,2023-08-08,2024-08-03
10021,2023-09-27,2023-09-28,2024-03-10
11621,2023-12-22,2023-03-14,2024-02-02
14412,2023-04-17,2023-10-11,2024-04-26
5472,2023-10-01,2023-05-08,2024-09-25
3194,2023-11-17,2023-07-24,2024-06-15
14908,2023-02-11,2023-05-05,2024-10-07
10966,2023-05-14,2023-04-19,2024-10-09
6744,2023-10-20,2023-12-15,2024-09-22
10553,2023-07-26,2023-09-18,2024-02-22
1578,2023-11-05,2023-05-18,2024-04-01
11294,2023-02-05,2023-01-02,2024-09-05
5243,2023-12-21,2023-11-07,2024-06-11
13028,2023-05-13,2023-06-03,2024-03-15
4135,2023-03-23,2023-12-05,2024-10-07
12972,2023-10-04,2023-07-11,2024-02-11
4703,2023-08-17,2023-07-23,2024-11-23
14581,2023-06-18,2023-03-02,2024-05-23
9962,2023-01-13,2023-12-07,2024-07-04
3248,2023-11-26,2023-06-20,2024-08-17
2184,2023-09-23,2023-04-27,2024-08-02
12848,2023-04-14,2023-12-12,2024-04-10
14840,2023-02-17,2023-05-25,2024-09-24
867,2023-06-15,2023-01-03,2024-11-17
556,2023-02-04,2023-02-05,2024-06-11
3791,2023-02-12,2023-07-20,2024-01-16
6174,2023-06-02,2023-10-06,2024-08-02
6981,2023-09-03,2023-01-24,2024-08-24
11455,2023-02-14,2023-05-05,2024-12-28
10430,2023-09-03,2023-05-17,2024-06-03
329,2023-04-15,2023-03-01,2024-02-12
3209,2023-11-05,2023-01-11,2024-01-16
342,2023-10-22,2023-09-21,2024-10-16
12741,2023-12-03,2023-09-03,2024-01-04
9553,2023-11-19,2023-03-15,2024-12-07
6883,2023-06-04,2023-09-24,2024-12-23
4286,2023-11-08,2023-02-23,2024-10-21
2432,2023-11-12,2023-04-07,2024-07-14
11200,2023-06-01,2023-06-21,2024-04-28
13952,2023-03-20,2023-07-28,2024-11-02
8704,2023-06-01,2023-11-04,2024-04-06
10396,2023-01-18,2023-02-06,2024-03-15
14424,2023-08-06,2023-09-10,2024-02-10
8624,2023-09-08,2023-11-17,2024-11-18
1729,2023-08-14,2023-10-10,2024-01-12
14377,2023-05-01,2023-06-02,2024-11-23
8300,2023-03-09,2023-04-02,2024-03-13
4614,2023-01-13,2023-11-12,2024-03-02
14191,2023-05-26,2023-02-16,2024-07-07
12518,2023-01-13,2023-12-11,2024-12-17
10615,2023-09-25,2023-11-16,2024-12-12
7013,2023-12-23,2023-11-13,2024-08-25
9381,2023-10-09,2023-06-20,2024-05-12
4627,2023-03-08,2023-09-28,2024-06-22
1480,2023-12-16,2023-06-03,2024-11-22
3877,2023-04-14,2023-04-02,2024-02-03
8588,2023-11-27,2023-01-28,2024-03-18
6113,2023-07-06,2023-07-22,2024-06-10
9460,2023-04-07,2023-04-26,2024-03-15
10972,2023-05-17,2023-12-18,2024-06-27
14552,2023-02-08,2023-03-13,2024-10-11
11460,2023-02-13,2023-10-15,2024-12-04
2386,2023-09-13,2023-04-10,2024-06-11
11376,2023-03-19,2023-09-14,2024-04-03
11973,2023-03-04,2023-10-08,2024-10-26
2332,2023-09-23,2023-10-13,2024-10-12
14566,2023-06-21,2023-01-24,2024-05-05
2238,2023-10-01,2023-10-17,2024-06-24
7814,2023-03-08,2023-11-01,2024-05-14
1128,2023-12-19,2023-06-09,2024-01-25
12775,2023-10-18,2023-06-21,2024-09-21
5211,2023-11-16,2023-01-24,2024-07-12
4761,2023-07-25,2023-03-18,2024-12-25
6117,2023-09-24,2023-02-27,2024-09-07
1542,2023-09-12,2023-04-07,2024-10-23
937,2023-12-10,2023-09-13,2024-04-10
9744,2023-10-26,2023-09-26,2024-03-27
641,2023-03-20,2023-02-12,2024-08-19
13867,2023-10-13,2023-08-03,2024-01-02
11959,2023-05-26,2023-05-03,2024-07-19
3357,2023-09-13,2023-11-13,2024-05-09
10535,2023-06-07,2023-04-24,2024-11-04
10293,2023-09-13,2023-05-03,2024-02-06
11919,2023-05-06,2023-01-15,2024-08-26
1480,2023-10-15,2023-06-16,2024-11-09
9832,2023-08-16,2023-08-22,2024-05-22
12209,2023-10-06,2023-06-23,2024-12-26
8126,2023-11-28,2023-09-05,2024-09-03
1827,2023-04-28,2023-01-25,2024-09-28
4492,2023-12-02,2023-06-03,2024-08-08
8299,2023-05-22,2023-07-01,2024-04-14
1088,2023-03-26,2023-06-22,2024-01-10
5305,2023-08-16,2023-09-06,2024-04-27
3494,2023-03-18,2023-04-04,2024-03-20
3036,2023-09-10,2023-01-17,2024-06-25
2107,2023-04-14,2023-12-24,2024-02-12
12898,2023-06-27,2023-05-15,2024-08-06
7159,2023-08-26,2023-03-26,2024-01-20
8231,2023-07-27,2023-01-22,2024-01-21
8082,2023-03-14,2023-07-20,2024-10-13
2877,2023-04-17,2023-09-14,2024-07-25
4867,2023-09-03,2023-07-13,2024-06-08
11532,2023-03-24,2023-04-05,2024-04-15
10184,2023-09-11,2023-10-03,2024-10-07
13362,2023-07-10,2023-08-03,2024-09-02
6585,2023-09-28,2023-02-05,2024-01-07
13725,2023-03-02,2023-12-13,2024-08-02
14074,2023-12-13,2023-04-06,2024-10-07
931,2023-06-13,2023-07-03,2024-08-21
10910,2023-07-17,2023-10-03,2024-12-01
67,2023-05-21,2023-06-12,2024-02-26
9301,2023-04-07,2023-05-05,2024-10-26
13613,2023-06-16,2023-12-20,2024-02-26
9963,2023-12-27,2023-04-05,2024-10-28
10981,2023-04-18,2023-02-19,2024-06-14
13159,2023-04-04,2023-10-27,2024-12-20
10528,2023-04-08,2023-05-14,2024-02-24
14554,2023-10-15,2023-12-12,2024-09-13
5029,2023-10-11,2023-07-05,2024-04-02
10660,2023-09-28,2023-09-04,2024-02-17
8303,2023-11-14,2023-03-11,2024-07-25
7240,2023-02-23,2023-09-24,2024-04-16
11469,2023-05-07,2023-03-12,2024-07-23
3199,2023-10-21,2023-08-20,2024-09-21
185,2023-12-13,2023-12-22,2024-03-15
8053,2023-05-28,2023-03-26,2024-03-06
4195,2023-01-02,2023-09-17,2024-11-28
8619,2023-06-12,2023-10-25,2024-09-19
7127,2023-12-11,2023-03-21,2024-08-05
110,2023-09-19,2023-10-04,2024-10-12
6954,2023-10-24,2023-10-08,2024-03-15
2720,2023-10-12,2023-12-25,2024-03-08
1698,2023-10-03,2023-04-27,2024-05-06
3810,2023-08-01,2023-02-26,2024-08-26
4773,2023-03-03,2023-10-02,2024-08-10
4751,2023-04-12,2023-12-19,2024-01-07
443,2023-06-06,2023-07-18,2024-02-26
14909,2023-04-15,2023-05-15,2024-11-05
8796,2023-10-20,2023-01-25,2024-06-20
9672,2023-07-11,2023-12-22,2024-06-28
8711,2023-05-20,2023-10-15,2024-05-21
6736,2023-11-13,2023-01-21,2024-09-14
10348,2023-01-28,2023-10-20,2024-01-24
798,2023-11-03,2023-06-08,2024-09-07
6042,2023-09-23,2023-11-04,2024-06-16
12740,2023-01-22,2023-09-20,2024-10-01
8848,2023-08-09,2023-03-19,2024-03-20
10724,2023-08-09,2023-09-21,2024-04-24
12488,2023-04-02,2023-02-26,2024-10-09
14687,2023-07-13,2023-11-15,2024-06-16
9779,2023-11-19,2023-04-28,2024-04-06
2720,2023-04-04,2023-10-03,2024-11-07
7743,2023-12-07,2023-10-11,2024-06-26
5614,2023-02-27,2023-01-24,2024-03-12
14997,2023-01-19,2023-02-02,2024-04-14
9470,2023-08-13,2023-12-13,2024-10-01
2902,2023-01-15,2023-11-28,2024-08-24
3840,2023-04-07,2023-10-21,2024-07-27
6904,2023-07-13,2023-02-25,2024-10-21
4784,2023-07-07,2023-12-27,2024-07-27
1086,2023-01-15,2023-08-02,2024-06-16
1719,2023-02-16,2023-12-15,2024-05-11
14315,2023-08-10,2023-10-06,2024-01-03
3411,2023-11-11,2023-12-04,2024-04-26
5994,2023-02-15,2023-10-22,2024-10-13
14867,2023-12-27,2023-09-10,2024-09-05
14570,2023-02-16,2023-06-06,2024-03-27
1011,2023-03-03,2023-03-10,2024-02-20
2915,2023-03-27,2023-09-12,2024-10-02
8948,2023-09-10,2023-03-28,2024-10-09
13987,2023-02-11,2023-08-15,2024-05-13
262,2023-10-26,2023-09-13,2024-08-23
1164,2023-11-13,2023-04-26,2024-04-08
9403,2023-10-25,2023-01-15,2024-10-21
7051,2023-05-17,2023-08-21,2024-12-03
3112,2023-04-06,2023-08-08,2024-12-14
13954,2023-11-06,2023-07-02,2024-07-03
2587,2023-10-09,2023-01-15,2024-01-01
1835,2023-05-03,2023-07-22,2024-07-01
5022,2023-01-24,2023-10-07,2024-02-22
997,2023-05-21,2023-03-17,2024-04-06
7645,2023-05-23,2023-04-06,2024-12-12
7710,2023-06-02,2023-06-05,2024-08-20
10195,2023-11-19,2023-01-23,2024-05-09
9524,2023-08-27,2023-11-02,2024-09-19
9069,2023-10-15,2023-03-19,2024-03-28
10372,2023-02-20,2023-04-11,2024-07-18
6517,2023-09-15,2023-02-12,2024-04-08
1394,2023-12-10,2023-10-10,2024-12-09
10072,2023-08-01,2023-11-16,2024-01-06
3355,2023-05-16,2023-05-25,2024-05-19
2125,2023-11-28,2023-11-26,2024-05-27
10337,2023-10-05,2023-12-25,2024-07-05
551,2023-05-15,2023-09-03,2024-03-26
2962,2023-07-26,2023-01-17,2024-11-26
2128,2023-03-14,2023-04-20,2024-11-09
3715,2023-12-05,2023-12-15,2024-09-21
2117,2023-08-01,2023-06-12,2024-01-14
327,2023-01-09,2023-08-02,2024-03-19
4013,2023-08-07,2023-05-21,2024-09-25
3569,2023-03-14,2023-07-09,2024-08-27
3954,2023-02-16,2023-12-18,2024-11-17
8690,2023-09-15,2023-01-13,2024-02-13
8583,2023-04-02,2023-03-22,2024-12-14
7810,2023-09-12,2023-04-27,2024-05-05
11384,2023-04-18,2023-09-01,2024-10-08
13277,2023-03-20,2023-02-19,2024-05-05
2729,2023-09-16,2023-09-10,2024-10-26
307,2023-07-12,2023-11-21,2024-01-11
253,2023-10-07,2023-07-16,2024-05-09
6306,2023-05-25,2023-09-12,2024-10-20
2964,2023-12-19,2023-03-24,2024-07-16
1903,2023-04-26,2023-03-26,2024-10-21
770,2023-02-08,2023-03-01,2024-04-17
14645,2023-09-27,2023-05-13,2024-04-03
7900,2023-02-05,2023-07-04,2024-08-12
2462,2023-09-04,2023-06-16,2024-07-21
4625,2023-06-27,2023-06-24,2024-05-16
9788,2023-01-10,2023-02-07,2024-06-17
12355,2023-06-12,2023-09-18,2024-12-06
1415,2023-12-26,2023-07-18,2024-12-02
2124,2023-07-10,2023-02-02,2024-04-13
14295,2023-05-28,2023-02-06,2024-07-10
1686,2023-05-20,2023-03-16,2024-12-10
12712,2023-11-08,2023-11-18,2024-03-12
2387,2023-12-02,2023-08-10,2024-10-24
4180,2023-06-26,2023-05-27,2024-07-06
10191,2023-03-15,2023-07-01,2024-03-04
5728,2023-04-28,2023-03-18,2024-05-06
5320,2023-08-07,2023-02-27,2024-06-17
3643,2023-06-22,2023-06-20,2024-04-09
10110,2023-05-16,2023-10-08,2024-02-16
4179,2023-09-09,2023-02-02,2024-11-22
12944,2023-06-17,2023-04-13,2024-05-05
4170,2023-08-23,2023-05-08,2024-03-21
6387,2023-07-06,2023-02-02,2024-08-08
691,2023-10-18,2023-06-27,2024-06-10
2597,2023-10-04,2023-10-24,2024-11-19
880,2023-04-21,2023-03-15,2024-05-01
2297,2023-05-06,2023-10-16,2024-04-05
9266,2023-06-15,2023-03-12,2024-10-27
13393,2023-11-09,2023-08-10,2024-03-26
14774,2023-04-10,2023-07-21,2024-09-04
8015,2023-05-14,2023-07-22,2024-06-24
9467,2023-02-20,2023-09-01,2024-03-11
7341,2023-05-01,2023-08-02,2024-03-22
1554,2023-02-09,2023-09-02,2024-12-05
9504,2023-05-17,2023-09-10,2024-11-08
9282,2023-09-13,2023-04-03,2024-01-23
7073,2023-07-28,2023-01-13,2024-09-26
10547,2023-12-25,2023-04-14,2024-02-22
531,2023-05-11,2023-01-07,2024-11-03
9035,2023-09-18,2023-04-24,2024-08-20
1507,2023-02-14,2023-10-15,2024-09-26
14668,2023-01-10,2023-10-13,2024-11-05
9765,2023-02-17,2023-04-06,2024-05-17
8994,2023-11-23,2023-02-17,2024-12-22
9689,2023-05-13,2023-11-28,2024-12-06
950,2023-07-19,2023-08-23,2024-01-05
12125,2023-07-11,2023-11-16,2024-07-06
6585,2023-10-06,2023-06-26,2024-09-16
13074,2023-04-15,2023-02-11,2024-02-21
4940,2023-11-26,2023-02-10,2024-05-07
7787,2023-01-26,2023-07-22,2024-01-12
1614,2023-01-20,2023-05-08,2024-09-15
1993,2023-03-07,2023-03-01,2024-07-17
4694,2023-09-25,2023-09-15,2024-03-26
5081,2023-11-16,2023-01-07,2024-07-13
6458,2023-05-10,2023-04-23,2024-12-10
1789,2023-08-14,2023-06-04,2024-10-07
3807,2023-07-07,2023-04-01,2024-01-25
6837,2023-06-01,2023-01-02,2024-09-10
7308,2023-07-19,2023-12-04,2024-07-20
11444,2023-03-05,2023-02-28,2024-01-10
14953,2023-04-17,2023-07-15,2024-11-20
10267,2023-02-13,2023-10-19,2024-11-04
3603,2023-01-22,2023-02-26,2024-11-05
6656,2023-08-24,2023-05-10,2024-11-28
5088,2023-11-16,2023-01-20,2024-12-13
13653,2023-05-19,2023-11-17,2024-04-17
6983,2023-11-25,2023-04-04,2024-01-08
5727,2023-06-09,2023-03-12,2024-06-10
11858,2023-04-22,2023-03-03,2024-10-26
2575,2023-02-23,2023-05-12,2024-09-27
5837,2023-09-21,2023-05-02,2024-09-12
8414,2023-12-10,2023-10-13,2024-04-15
7502,2023-04-18,2023-09-07,2024-12-13
6518,2023-06-12,2023-03-02,2024-12-05
111,2023-05-28,2023-11-20,2024-08-07
8596,2023-12-15,2023-07-05,2024-06-20
4768,2023-06-06,2023-04-08,2024-06-14
1486,2023-02-14,2023-02-19,2024-10-19
426,2023-11-05,2023-08-24,2024-01-04
12413,2023-05-20,2023-02-07,2024-10-02
9620,2023-10-23,2023-09-21,2024-07-01
12815,2023-11-01,2023-11-13,2024-08-04
11628,2023-07-05,2023-10-13,2024-02-06
962,2023-04-12,2023-06-13,2024-11-05
10802,2023-11-03,2023-10-06,2024-12-18
8807,2023-02-09,2023-09-22,2024-09-10
11538,2023-04-08,2023-04-18,2024-09-28
7329,2023-02-26,2023-05-06,2024-09-11
10401,2023-04-12,2023-09-06,2024-05-26
9499,2023-09-16,2023-10-26,2024-11-20
4207,2023-01-20,2023-05-08,2024-12-21
7018,2023-07-02,2023-12-13,2024-11-04
9540,2023-04-26,2023-09-12,2024-06-04
14293,2023-11-15,2023-01-03,2024-07-20
12016,2023-08-08,2023-11-07,2024-09-19
1338,2023-02-26,2023-07-04,2024-05-13
6433,2023-06-20,2023-07-11,2024-05-14
8153,2023-05-07,2023-04-28,2024-06-18
520,2023-02-16,2023-08-09,2024-10-23
9460,2023-06-25,2023-09-18,2024-09-13
8456,2023-04-11,2023-07-16,2024-03-14
7677,2023-01-18,2023-05-16,2024-01-03
13107,2023-07-16,2023-06-15,2024-12-20
13015,2023-10-07,2023-11-03,2024-08-06
2897,2023-01-04,2023-05-24,2024-10-07
9464,2023-05-13,2023-11-28,2024-09-19
6686,2023-10-18,2023-03-20,2024-06-21
6367,2023-09-17,2023-05-25,2024-07-21
2618,2023-05-17,2023-02-03,2024-02-05
2215,2023-11-13,2023-05-09,2024-10-16
7026,2023-04-24,2023-02-05,2024-11-27
5978,2023-03-17,2023-07-27,2024-11-24
8732,2023-01-11,2023-06-28,2024-09-05
3739,2023-06-28,2023-10-06,2024-07-20
1127,2023-08-24,2023-04-24,2024-10-25
3091,2023-01-19,2023-04-03,2024-06-16
14820,2023-07-05,2023-05-02,2024-12-27
6721,2023-09-25,2023-10-09,2024-05-03
14686,2023-09-21,2023-07-13,2024-09-23
14132,2023-06-27,2023-07-19,2024-06-24
8732,2023-07-20,2023-06-12,2024-03-02
5210,2023-07-23,2023-07-03,2024-11-15
3554,2023-06-20,2023-05-05,2024-12-13
9059,2023-10-08,2023-08-24,2024-05-17
13581,2023-10-28,2023-09-20,2024-09-15
491,2023-04-02,2023-07-24,2024-11-13
2178,2023-10-28,2023-05-17,2024-10-06
4655,2023-02-17,2023-02-27,2024-02-25
10134,2023-02-03,2023-03-17,2024-02-01
1635,2023-07-06,2023-10-05,2024-04-24
8620,2023-06-11,2023-08-27,2024-07-28
5277,2023-01-16,2023-10-17,2024-01-26
13041,2023-12-06,2023-12-07,2024-11-20
14099,2023-10-28,2023-04-01,2024-08-23
14279,2023-04-10,2023-07-27,2024-09-20
12166,2023-07-14,2023-10-23,2024-03-04
2162,2023-09-24,2023-05-13,2024-05-10
6442,2023-12-14,2023-02-13,2024-04-19
504,2023-08-07,2023-05-26,2024-09-16
14511,2023-09-18,2023-12-12,2024-09-02
12377,2023-10-10,2023-04-20,2024-01-04
1803,2023-07-19,2023-09-07,2024-08-13
13479,2023-09-26,2023-03-14,2024-01-01
8652,2023-04-23,2023-10-22,2024-04-13
12079,2023-07-04,2023-10-18,2024-06-07
14300,2023-05-26,2023-03-04,2024-04-01
14039,2023-11-18,2023-11-08,2024-11-08
6602,2023-09-18,2023-07-27,2024-11-24
3703,2023-08-23,2023-01-08,2024-02-19
2214,2023-10-26,2023-12-05,2024-10-22
13774,2023-01-09,2023-07-04,2024-01-25
399,2023-08-05,2023-11-20,2024-03-14
548,2023-12-08,2023-01-01,2024-12-10
9530,2023-02-11,2023-12-23,2024-10-28
11536,2023-07-26,2023-09-28,2024-03-04
4257,2023-11-04,2023-01-22,2024-01-21
2447,2023-10-14,2023-03-14,2024-03-05
12563,2023-03-28,2023-08-06,2024-07-01
2967,2023-12-06,2023-08-09,2024-07-24
2759,2023-03-21,2023-04-21,2024-11-10
4695,2023-01-11,2023-04-08,2024-06-18
1578,2023-09-23,2023-03-11,2024-02-12
5470,2023-11-25,2023-02-26,2024-12-24
1177,2023-08-22,2023-06-11,2024-11-01
6827,2023-11-01,2023-04-15,2024-05-17
14829,2023-06-27,2023-10-21,2024-09-19
6678,2023-10-19,2023-02-27,2024-02-15
12449,2023-01-22,2023-08-26,2024-02-27
12819,2023-04-26,2023-03-19,2024-12-01
2754,2023-08-03,2023-07-07,2024-10-18
4243,2023-03-12,2023-04-13,2024-11-15
3680,2023-06-20,2023-02-22,2024-06-21
14098,2023-08-06,2023-10-05,2024-05-02
1244,2023-04-22,2023-11-21,2024-10-22
10018,2023-01-28,2023-01-28,2024-08-25
11191,2023-05-03,2023-09-23,2024-04-04
9859,2023-12-25,2023-01-19,2024-02-20
3113,2023-05-26,2023-06-07,2024-01-01
14129,2023-01-26,2023-03-15,2024-09-17
14534,2023-07-06,2023-08-04,2024-01-06
8188,2023-03-28,2023-08-17,2024-05-10
7104,2023-05-02,2023-01-08,2024-04-08
10457,2023-06-17,2023-01-14,2024-10-08
14841,2023-07-28,2023-07-04,2024-11-13
12543,2023-04-25,2023-11-06,2024-03-10
13284,2023-06-05,2023-07-28,2024-08-22
13015,2023-06-25,2023-10-28,2024-06-02
7520,2023-05-11,2023-12-17,2024-10-09
5924,2023-10-01,2023-01-25,2024-10-18
13476,2023-10-13,2023-06-18,2024-03-06
13334,2023-04-26,2023-05-24,2024-05-11
13770,2023-06-17,2023-11-01,2024-04-21
14736,2023-04-05,2023-08-21,2024-06-28
10199,2023-01-02,2023-04-10,2024-04-07
12580,2023-02-11,2023-10-25,2024-11-03
6802,2023-10-12,2023-11-15,2024-09-03
2422,2023-10-24,2023-12-12,2024-08-01
3531,2023-09-04,2023-11-16,2024-02-18
9941,2023-05-09,2023-03-27,2024-04-06
12904,2023-10-27,2023-03-15,2024-06-21
873,2023-10-10,2023-12-24,2024-05-15
2462,2023-03-05,2023-07-17,2024-08-11
9090,2023-06-09,2023-07-20,2024-07-11
12463,2023-03-13,2023-01-04,2024-08-19
5716,2023-11-22,2023-03-10,2024-08-08
10546,2023-06-08,2023-05-02,2024-10-20
3845,2023-04-20,2023-10-20,2024-05-23
4103,2023-08-12,2023-11-22,2024-05-23
1798,2023-07-15,2023-11-09,2024-06-17
141,2023-10-14,2023-06-15,2024-11-22
11863,2023-09-22,2023-05-02,2024-06-18
1332,2023-10-10,2023-08-14,2024-01-07
1932,2023-01-14,2023-03-19,2024-10-04
2944,2023-04-22,2023-08-17,2024-09-13
11437,2023-06-11,2023-06-17,2024-11-28
2106,2023-02-03,2023-08-03,2024-01-19
7213,2023-04-28,2023-05-16,2024-04-10
5838,2023-10-05,2023-04-16,2024-05-24
13841,2023-03-28,2023-03-19,2024-07-24
9536,2023-07-06,2023-09-15,2024-09-22
5551,2023-03-17,2023-05-17,2024-10-18
9844,2023-12-12,2023-06-07,2024-04-06
9813,2023-10-21,2023-04-27,2024-12-18
10040,2023-03-24,2023-11-05,2024-12-27
5308,2023-11-02,2023-06-01,2024-03-05
11693,2023-09-16,2023-06-24,2024-01-08
6130,2023-08-24,2023-02-20,2024-12-06
13220,2023-03-24,2023-02-03,2024-05-14
2723,2023-05-09,2023-12-22,2024-10-15
13847,2023-06-03,2023-06-03,2024-01-07
8001,2023-02-22,2023-12-23,2024-03-03
13459,2023-05-19,2023-05-17,2024-07-24
11162,2023-05-20,2023-04-08,2024-03-02
10309,2023-06-06,2023-12-25,2024-01-27
14146,2023-09-21,2023-04-21,2024-01-09
8703,2023-03-17,2023-04-15,2024-08-23
13583,2023-04-16,2023-05-15,2024-03-03
7188,2023-11-25,2023-02-27,2024-12-23
12464,2023-09-11,2023-08-21,2024-07-10
5516,2023-07-08,2023-06-26,2024-03-24
6817,2023-02-22,2023-03-17,2024-12-01
8144,2023-09-12,2023-11-15,2024-06-04
4156,2023-06-26,2023-06-21,2024-05-27
11513,2023-05-20,2023-05-28,2024-05-10
10149,2023-12-26,2023-04-16,2024-02-05
4624,2023-04-28,2023-12-18,2024-12-24
3480,2023-08-11,2023-05-07,2024-01-22
4376,2023-12-13,2023-08-17,2024-09-02
5915,2023-03-01,2023-10-21,2024-02-04
6649,2023-10-05,2023-01-14,2024-06-07
2999,2023-09-02,2023-07-02,2024-08-09
2501,2023-11-22,2023-07-18,2024-03-24
4309,2023-10-22,2023-05-01,2024-04-05
5510,2023-04-27,2023-11-20,2024-10-27
132,2023-04-09,2023-09-08,2024-02-06
11806,2023-10-11,2023-05-10,2024-01-08
3760,2023-02-24,2023-09-25,2024-06-09
14061,2023-07-24,2023-04-06,2024-07-17
4085,2023-09-28,2023-01-07,2024-06-01
5983,2023-12-19,2023-08-10,2024-07-17
9033,2023-04-25,2023-09-03,2024-09-24
10935,2023-10-12,2023-04-01,2024-06-18
709,2023-05-13,2023-04-27,2024-06-13
10218,2023-08-23,2023-04-19,2024-09-19
10205,2023-07-10,2023-04-02,2024-03-23
6583,2023-01-26,2023-03-16,2024-07-25
10294,2023-12-09,2023-03-06,2024-09-04
9306,2023-01-05,2023-06-14,2024-10-12
11559,2023-06-21,2023-10-01,2024-12-01
13960,2023-09-13,2023-06-27,2024-07-09
6518,2023-01-05,2023-09-13,2024-12-09
10470,2023-07-22,2023-09-19,2024-06-02
13077,2023-12-18,2023-09-23,2024-08-28
10801,2023-07-24,2023-04-06,2024-08-01
1336,2023-06-06,2023-02-05,2024-01-28
8607,2023-12-23,2023-04-17,2024-07-19
10348,2023-12-06,2023-06-20,2024-11-09
8246,2023-12-23,2023-09-28,2024-02-15
3025,2023-04-02,2023-06-15,2024-07-25
11607,2023-05-06,2023-05-07,2024-07-16
11953,2023-08-24,2023-06-04,2024-11-04
8219,2023-11-11,2023-11-03,2024-11-06
12043,2023-12-10,2023-02-12,2024-01-18
11141,2023-10-02,2023-03-07,2024-12-16
11315,2023-01-25,2023-05-22,2024-10-27
10526,2023-12-09,2023-05-13,2024-09-22
10353,2023-08-10,2023-11-19,2024-03-17
2681,2023-01-15,2023-09-22,2024-02-04
696,2023-01-16,2023-02-26,2024-02-12
1952,2023-01-18,2023-05-20,2024-09-16
6001,2023-05-15,2023-08-04,2024-11-03
7414,2023-02-23,2023-11-27,2024-12-19
5077,2023-05-28,2023-06-10,2024-03-27
2055,2023-04-02,2023-05-27,2024-09-01
10242,2023-05-21,2023-07-10,2024-08-03
1243,2023-09-26,2023-11-04,2024-10-03
3002,2023-04-01,2023-04-06,2024-01-25
4224,2023-08-14,2023-10-13,2024-03-26
5550,2023-08-14,2023-12-03,2024-03-20
11337,2023-08-17,2023-05-27,2024-12-17
493,2023-03-09,2023-07-24,2024-01-13
10559,2023-10-16,2023-04-17,2024-10-09
8249,2023-08-03,2023-05-25,2024-01-14
4074,2023-10-05,2023-06-10,2024-02-08
6426,2023-01-22,2023-10-27,2024-08-01
221,2023-06-04,2023-01-04,2024-09-28
12966,2023-07-26,2023-04-27,2024-06-01
7987,2023-11-04,2023-07-07,2024-12-16
13256,2023-12-14,2023-04-11,2024-08-11
12004,2023-03-12,2023-07-05,2024-03-04
3323,2023-08-04,2023-02-18,2024-04-27
5695,2023-03-28,2023-10-09,2024-03-11
1203,2023-09-25,2023-05-13,2024-04-25
12598,2023-07-12,2023-11-18,2024-04-03
10405,2023-09-05,2023-06-09,2024-02-22
919,2023-08-14,2023-11-11,2024-07-28
10508,2023-09-27,2023-12-26,2024-05-17
9705,2023-10-09,2023-12-19,2024-07-06
4509,2023-07-02,2023-08-01,2024-10-09
870,2023-12-04,2023-05-24,2024-05-20
9036,2023-04-13,2023-05-25,2024-04-25
7205,2023-08-22,2023-08-28,2024-01-07
7978,2023-09-20,2023-08-13,2024-08-17
9554,2023-01-27,2023-08-24,2024-05-16
7027,2023-09-22,2023-05-02,2024-05-23
2171,2023-04-04,2023-10-03,2024-07-12
6633,2023-07-24,2023-10-23,2024-05-07
5025,2023-03-24,2023-02-20,2024-09-26
10143,2023-03-25,2023-02-28,2024-10-16
1680,2023-11-10,2023-05-06,2024-12-08
4522,2023-07-26,2023-03-04,2024-09-24
7827,2023-12-13,2023-10-27,2024-05-09
6514,2023-08-20,2023-04-13,2024-08-25
8987,2023-05-12,2023-01-26,2024-10-17
2244,2023-03-22,2023-06-05,2024-06-03
6795,2023-09-28,2023-11-09,2024-08-03
4787,2023-08-25,2023-09-02,2024-03-04
9426,2023-09-19,2023-07-14,2024-07-27
5905,2023-04-10,2023-09-06,2024-08-07
12868,2023-02-13,2023-01-27,2024-01-06
7021,2023-02-03,2023-02-22,2024-10-13
3346,2023-12-27,2023-10-07,2024-01-03
4996,2023-07-01,2023-11-22,2024-07-22
3290,2023-08-10,2023-06-09,2024-03-28
8092,2023-07-01,2023-01-26,2024-08-28
12120,2023-03-19,2023-05-15,2024-01-27
7371,2023-05-19,2023-08-07,2024-03-27
8776,2023-09-21,2023-01-19,2024-05-21
13885,2023-03-28,2023-08-13,2024-08-21
2679,2023-05-17,2023-03-27,2024-05-24
6540,2023-10-21,2023-05-15,2024-06-19
3770,2023-10-07,2023-01-20,2024-01-08
12087,2023-04-21,2023-04-10,2024-08-15
9593,2023-10-13,2023-12-27,2024-06-02
8669,2023-05-25,2023-02-24,2024-12-02
5953,2023-10-27,2023-02-26,2024-01-24
2421,2023-12-22,2023-06-19,2024-08-14
8500,2023-02-05,2023-03-11,2024-02-05
13698,2023-12-24,2023-12-14,2024-01-07
678,2023-05-05,2023-04-04,2024-10-22
10575,2023-09-25,2023-09-14,2024-11-20
11714,2023-09-04,2023-08-18,2024-08-14
5659,2023-02-08,2023-09-14,2024-10-15
10002,2023-02-06,2023-10-28,2024-10-20
7981,2023-09-21,2023-10-09,2024-05-09
1581,2023-09-10,2023-09-22,2024-09-05
14438,2023-09-27,2023-07-20,2024-09-09
3133,2023-10-07,2023-09-21,2024-01-28
1594,2023-04-18,2023-06-25,2024-06-26
6184,2023-09-09,2023-09-24,2024-03-03
1949,2023-07-14,2023-02-20,2024-08-04
4021,2023-08-15,2023-06-02,2024-03-04
8384,2023-05-01,2023-03-16,2024-05-18
2517,2023-02-17,2023-09-27,2024-01-09
11974,2023-02-14,2023-08-06,2024-04-23
5153,2023-02-24,2023-10-24,2024-08-28
3701,2023-02-13,2023-10-14,2024-07-12
12327,2023-01-19,2023-07-16,2024-11-12
8453,2023-10-23,2023-11-23,2024-11-16
14778,2023-05-13,2023-12-16,2024-03-19
1446,2023-01-27,2023-07-10,2024-04-15
11697,2023-08-20,2023-04-19,2024-10-15
14525,2023-05-18,2023-01-19,2024-11-01
9580,2023-08-25,2023-01-05,2024-02-21
766,2023-11-03,2023-05-08,2024-10-05
1795,2023-04-04,2023-04-09,2024-12-22
8028,2023-08-26,2023-08-04,2024-09-09
8198,2023-01-01,2023-11-05,2024-02-12
8917,2023-10-26,2023-08-13,2024-08-14
11375,2023-12-01,2023-08-18,2024-06-22
9251,2023-05-15,2023-10-02,2024-01-10
8340,2023-10-16,2023-06-21,2024-03-04
13481,2023-05-23,2023-02-28,2024-05-06
11107,2023-09-13,2023-04-26,2024-01-21
6765,2023-03-12,2023-08-20,2024-12-23
212,2023-03-17,2023-04-11,2024-05-11
476,2023-12-04,2023-12-23,2024-12-21
4916,2023-09-17,2023-04-22,2024-11-28
8711,2023-06-11,2023-01-04,2024-03-09
9631,2023-02-23,2023-02-22,2024-06-27
2261,2023-02-17,2023-10-06,2024-11-26
4677,2023-01-13,2023-12-07,2024-01-11
1430,2023-02-05,2023-05-02,2024-06-21
11954,2023-12-17,2023-09-18,2024-04-11
7283,2023-12-04,2023-09-28,2024-03-11
10385,2023-10-25,2023-07-07,2024-06-16
5951,2023-09-13,2023-08-02,2024-08-21
1702,2023-11-17,2023-02-03,2024-05-18
12324,2023-06-19,2023-05-20,2024-06-16
7127,2023-03-13,2023-09-02,2024-04-09
13748,2023-02-16,2023-01-28,2024-09-14
3340,2023-02-16,2023-08-12,2024-03-16
13860,2023-02-23,2023-01-03,2024-08-16
11692,2023-09-08,2023-07-23,2024-06-21
1485,2023-11-22,2023-02-02,2024-01-23
8274,2023-10-19,2023-01-09,2024-02-17
6707,2023-02-21,2023-06-15,2024-09-17
2664,2023-07-17,2023-11-20,2024-02-27
13209,2023-01-05,2023-08-11,2024-07-19
8586,2023-04-01,2023-04-26,2024-10-12
3616,2023-03-25,2023-04-05,2024-02-22
9651,2023-11-09,2023-01-27,2024-06-26
7331,2023-08-26,2023-12-09,2024-02-02
372,2023-08-03,2023-09-22,2024-04-23
2978,2023-07-26,2023-04-07,2024-02-22
14683,2023-07-10,2023-02-19,2024-12-06
14974,2023-12-02,2023-01-06,2024-04-20
12968,2023-12-23,2023-11-16,2024-02-10
13165,2023-04-23,2023-06-13,2024-05-11
2509,2023-05-02,2023-02-03,2024-04-12
10568,2023-12-14,2023-11-11,2024-10-18
1261,2023-11-03,2023-02-06,2024-02-13
1291,2023-01-10,2023-03-09,2024-10-16
10512,2023-10-27,2023-10-21,2024-07-04
7964,2023-01-22,2023-06-14,2024-07-05
12785,2023-11-13,2023-09-25,2024-01-22
4422,2023-10-14,2023-02-17,2024-02-19
12253,2023-08-28,2023-12-15,2024-12-02
13160,2023-09-24,2023-10-08,2024-01-08
2622,2023-12-19,2023-01-03,2024-02-12
780,2023-11-12,2023-03-23,2024-04-09
13516,2023-06-11,2023-06-27,2024-10-10
6372,2023-08-19,2023-08-08,2024-08-04
3277,2023-08-03,2023-06-18,2024-07-06
9481,2023-03-11,2023-10-05,2024-09-09
9891,2023-01-08,2023-11-16,2024-04-22
1403,2023-07-07,2023-06-28,2024-12-01
7828,2023-12-05,2023-12-16,2024-04-23
10205,2023-09-03,2023-06-03,2024-04-28
13058,2023-02-07,2023-03-26,2024-06-16
13924,2023-06-02,2023-04-25,2024-02-27
9632,2023-05-18,2023-02-28,2024-07-25
5739,2023-08-09,2023-01-21,2024-09-23
6570,2023-05-22,2023-10-06,2024-09-28
7321,2023-05-21,2023-04-20,2024-12-27
8451,2023-08-28,2023-11-13,2024-10-14
13790,2023-07-17,2023-12-13,2024-01-03
7846,2023-08-09,2023-07-06,2024-09-01
4458,2023-06-13,2023-02-21,2024-08-27
2520,2023-04-24,2023-08-19,2024-01-07
12948,2023-08-12,2023-09-09,2024-06-17
1406,2023-10-02,2023-03-28,2024-11-08
14800,2023-12-15,2023-03-15,2024-02-09
14650,2023-03-27,2023-01-25,2024-03-14
7373,2023-04-03,2023-03-28,2024-04-18
432,2023-03-21,2023-04-16,2024-02-01
3452,2023-11-23,2023-07-27,2024-02-19
7681,2023-10-23,2023-01-19,2024-09-21
1816,2023-01-07,2023-03-15,2024-12-02
9241,2023-12-05,2023-08-25,2024-03-14
12415,2023-05-10,2023-06-18,2024-01-07
7430,2023-04-18,2023-05-08,2024-12-27
780,2023-02-12,2023-10-22,2024-10-13
2492,2023-11-28,2023-11-16,2024-02-10
3193,2023-12-07,2023-02-05,2024-01-16
645,2023-09-23,2023-02-25,2024-06-04
9675,2023-09-27,2023-09-18,2024-04-15
14045,2023-09-13,2023-08-11,2024-08-11
1234,2023-10-21,2023-05-22,2024-04-24
409,2023-07-28,2023-12-10,2024-05-16
10120,2023-02-14,2023-04-26,2024-12-21
9883,2023-05-09,2023-05-17,2024-10-27
5681,2023-10-06,2023-10-07,2024-03-23
7591,2023-07-18,2023-02-15,2024-04-13
11011,2023-05-12,2023-02-28,2024-07-08
8507,2023-07-26,2023-06-11,2024-08-16
3318,2023-10-02,2023-08-11,2024-03-12
10937,2023-06-07,2023-11-11,2024-06-12
10476,2023-01-17,2023-02-16,2024-05-14
6635,2023-05-05,2023-05-10,2024-02-25
6277,2023-11-02,2023-11-14,2024-07-04
1149,2023-06-27,2023-02-27,2024-10-23
11571,2023-07-16,2023-11-07,2024-02-24
7540,2023-05-28,2023-01-21,2024-01-13
10768,2023-12-23,2023-06-27,2024-12-07
11777,2023-10-14,2023-09-05,2024-10-04
13595,2023-02-22,2023-10-01,2024-09-01
11811,2023-01-25,2023-02-05,2024-07-27
3293,2023-05-20,2023-05-10,2024-03-10
13242,2023-03-02,2023-09-06,2024-08-21
4836,2023-10-16,2023-04-24,2024-01-25
1561,2023-05-25,2023-07-23,2024-04-24
2163,2023-06-13,2023-08-05,2024-05-21
5579,2023-06-03,2023-07-20,2024-08-25
11125,2023-03-22,2023-12-24,2024-06-27
9499,2023-09-14,2023-10-23,2024-02-22
9916,2023-06-01,2023-04-01,2024-04-28
7362,2023-04-21,2023-09-01,2024-06-26
11369,2023-05-13,2023-02-20,2024-08-09
14430,2023-05-15,2023-04-28,2024-05-13
10007,2023-11-08,2023-12-14,2024-08-24
6035,2023-09-21,2023-04-01,2024-03-24
9946,2023-03-16,2023-04-03,2024-12-14
11401,2023-10-19,2023-10-19,2024-04-15
8143,2023-07-20,2023-12-12,2024-06-15
13801,2023-05-02,2023-08-06,2024-05-12
14524,2023-08-18,2023-09-14,2024-08-07
3594,2023-06-09,2023-02-13,2024-09-10
7834,2023-11-23,2023-02-06,2024-07-26
5431,2023-10-21,2023-10-24,2024-04-03
5561,2023-03-23,2023-09-14,2024-01-11
2370,2023-01-19,2023-03-17,2024-05-17
12104,2023-12-07,2023-02-12,2024-08-06
12864,2023-11-08,2023-01-24,2024-03-21
12584,2023-01-23,2023-04-08,2024-10-18
14602,2023-03-23,2023-07-22,2024-07-12
11222,2023-04-03,2023-04-23,2024-05-02
5322,2023-10-15,2023-09-19,2024-12-02
1711,2023-02-16,2023-01-20,2024-06-01
10298,2023-11-17,2023-11-24,2024-07-13
9286,2023-09-10,2023-11-22,2024-09-10
501,2023-08-12,2023-12-03,2024-03-16
6856,2023-06-14,2023-01-09,2024-07-25
13330,2023-07-06,2023-09-06,2024-06-25
10979,2023-07-19,2023-08-10,2024-11-06
2761,2023-08-20,2023-01-16,2024-02-26
9283,2023-03-19,2023-08-07,2024-07-05
9406,2023-01-28,2023-11-22,2024-06-13
2526,2023-04-05,2023-03-26,2024-06-27
9556,2023-03-25,2023-10-20,2024-08-06
4944,2023-02-04,2023-05-09,2024-05-05
6280,2023-01-08,2023-02-24,2024-05-19
11149,2023-10-13,2023-12-08,2024-04-21
14669,2023-03-13,2023-08-17,2024-02-23
1519,2023-10-12,2023-01-14,2024-03-02
13118,2023-06-20,2023-06-22,2024-09-21
7540,2023-10-05,2023-07-03,2024-07-09
4089,2023-03-03,2023-03-07,2024-01-08
12025,2023-03-19,2023-07-22,2024-12-04
13003,2023-06-17,2023-06-10,2024-12-19
11296,2023-05-09,2023-01-05,2024-03-11
11880,2023-03-08,2023-02-18,2024-05-18
1919,2023-07-25,2023-03-23,2024-01-19
8027,2023-07-14,2023-08-19,2024-10-09
9226,2023-10-02,2023-06-26,2024-12-01
11336,2023-07-10,2023-06-08,2024-04-28
8823,2023-08-21,2023-03-11,2024-04-03
2938,2023-01-28,2023-04-06,2024-08-24
2479,2023-05-09,2023-05-07,2024-08-07
11075,2023-05-12,2023-02-19,2024-11-11
11379,2023-04-14,2023-09-15,2024-02-16
936,2023-03-06,2023-05-18,2024-09-07
10782,2023-10-28,2023-08-12,2024-01-12
5038,2023-01-08,2023-10-20,2024-04-19
9060,2023-03-22,2023-01-11,2024-03-15
12628,2023-12-23,2023-11-03,2024-12-12
2442,2023-10-07,2023-06-15,2024-10-04
9451,2023-02-26,2023-03-05,2024-07-26
