trial_id,study_id,study_phase
1,192,Phase 2
2,35,Phase 3
3,10,Phase 1
4,61,Phase 3
5,109,Phase 1
6,170,Phase 1
7,174,Phase 2
8,96,Phase 3
9,2,Phase 3
10,122,Phase 3
11,73,Phase 3
12,65,Phase 2
13,161,Phase 2
14,126,Phase 2
15,88,Phase 2
16,18,Phase 1
17,147,Phase 3
18,120,Phase 2
19,73,Phase 3
20,136,Phase 1
21,92,Phase 2
22,3,Phase 1
23,103,Phase 1
24,17,Phase 3
25,57,Phase 3
26,169,Phase 2
27,39,Phase 2
28,92,Phase 1
29,74,Phase 3
30,42,Phase 2
31,105,Phase 2
32,152,Phase 2
33,41,Phase 1
34,116,Phase 2
35,169,Phase 3
36,147,Phase 1
37,140,Phase 2
38,165,Phase 1
39,32,Phase 2
40,111,Phase 3
41,171,Phase 1
42,156,Phase 1
43,134,Phase 1
44,110,Phase 2
45,15,Phase 3
46,5,Phase 3
47,184,Phase 3
48,189,Phase 1
49,139,Phase 2
50,147,Phase 3
51,193,Phase 1
52,162,Phase 1
53,38,Phase 1
54,29,Phase 1
55,63,Phase 2
56,114,Phase 2
57,199,Phase 1
58,183,Phase 1
59,193,Phase 3
60,43,Phase 2
61,145,Phase 2
62,148,Phase 2
63,94,Phase 1
64,117,Phase 1
65,185,Phase 3
66,200,Phase 3
67,50,Phase 1
68,174,Phase 1
69,147,Phase 1
70,158,Phase 2
71,127,Phase 3
72,14,Phase 2
73,21,Phase 3
74,172,Phase 1
75,182,Phase 1
76,50,Phase 1
77,59,Phase 2
78,50,Phase 2
79,115,Phase 1
80,117,Phase 1
81,99,Phase 2
82,42,Phase 3
83,146,Phase 3
84,99,Phase 3
85,187,Phase 1
86,159,Phase 3
87,138,Phase 1
88,15,Phase 3
89,113,Phase 2
90,100,Phase 2
91,12,Phase 3
92,9,Phase 1
93,83,Phase 1
94,171,Phase 2
95,137,Phase 2
96,170,Phase 1
97,70,Phase 2
98,94,Phase 1
99,177,Phase 3
100,89,Phase 2
101,28,Phase 3
102,169,Phase 3
103,3,Phase 1
104,145,Phase 3
105,160,Phase 2
106,16,Phase 3
107,156,Phase 1
108,42,Phase 1
109,178,Phase 2
110,172,Phase 3
111,60,Phase 1
112,155,Phase 1
113,146,Phase 2
114,81,Phase 3
115,172,Phase 3
116,19,Phase 1
117,37,Phase 2
118,5,Phase 3
119,22,Phase 3
120,180,Phase 2
121,105,Phase 3
122,8,Phase 3
123,121,Phase 1
124,94,Phase 2
125,64,Phase 2
126,29,Phase 1
127,43,Phase 3
128,3,Phase 2
129,170,Phase 1
130,28,Phase 3
131,159,Phase 1
132,145,Phase 3
133,87,Phase 2
134,18,Phase 3
135,21,Phase 3
136,170,Phase 2
137,191,Phase 3
138,171,Phase 2
139,146,Phase 3
140,93,Phase 2
141,39,Phase 1
142,105,Phase 3
143,151,Phase 2
144,38,Phase 3
145,150,Phase 2
146,180,Phase 3
147,44,Phase 1
148,76,Phase 1
149,72,Phase 1
150,12,Phase 1
151,42,Phase 1
152,156,Phase 3
153,23,Phase 2
154,74,Phase 2
155,31,Phase 3
156,101,Phase 3
157,61,Phase 3
158,98,Phase 2
159,6,Phase 1
160,181,Phase 1
161,182,Phase 3
162,107,Phase 2
163,195,Phase 1
164,188,Phase 3
165,136,Phase 3
166,132,Phase 3
167,162,Phase 3
168,159,Phase 1
169,90,Phase 3
170,90,Phase 3
171,188,Phase 3
172,98,Phase 1
173,24,Phase 2
174,119,Phase 2
175,155,Phase 1
176,75,Phase 3
177,2,Phase 3
178,64,Phase 2
179,129,Phase 3
180,63,Phase 3
181,92,Phase 3
182,124,Phase 1
183,195,Phase 2
184,180,Phase 3
185,6,Phase 3
186,117,Phase 3
187,183,Phase 2
188,30,Phase 2
189,64,Phase 3
190,3,Phase 2
191,64,Phase 1
192,39,Phase 1
193,189,Phase 2
194,70,Phase 1
195,64,Phase 1
196,21,Phase 1
197,181,Phase 1
198,181,Phase 3
199,155,Phase 2
200,135,Phase 3
201,114,Phase 2
202,39,Phase 2
203,52,Phase 2
204,31,Phase 2
205,180,Phase 3
206,23,Phase 3
207,155,Phase 1
208,78,Phase 1
209,178,Phase 3
210,138,Phase 1
211,175,Phase 3
212,148,Phase 2
213,63,Phase 3
214,127,Phase 2
215,4,Phase 1
216,79,Phase 2
217,23,Phase 3
218,140,Phase 2
219,122,Phase 1
220,185,Phase 3
221,26,Phase 3
222,196,Phase 3
223,150,Phase 3
224,65,Phase 2
225,178,Phase 2
226,137,Phase 3
227,60,Phase 2
228,60,Phase 3
229,119,Phase 3
230,167,Phase 1
231,22,Phase 2
232,119,Phase 1
233,182,Phase 2
234,112,Phase 1
235,90,Phase 3
236,52,Phase 2
237,13,Phase 3
238,183,Phase 1
239,189,Phase 3
240,167,Phase 3
241,77,Phase 1
242,33,Phase 1
243,174,Phase 2
244,167,Phase 3
245,93,Phase 3
246,71,Phase 3
247,61,Phase 1
248,158,Phase 3
249,84,Phase 2
250,14,Phase 3
251,97,Phase 2
252,121,Phase 3
253,37,Phase 3
254,158,Phase 3
255,189,Phase 1
256,115,Phase 1
257,151,Phase 3
258,82,Phase 2
259,118,Phase 2
260,126,Phase 1
261,170,Phase 1
262,105,Phase 3
263,130,Phase 2
264,36,Phase 2
265,60,Phase 2
266,76,Phase 2
267,168,Phase 1
268,52,Phase 3
269,40,Phase 3
270,13,Phase 2
271,64,Phase 3
272,110,Phase 2
273,3,Phase 2
274,144,Phase 2
275,167,Phase 2
276,196,Phase 1
277,194,Phase 3
278,26,Phase 3
279,18,Phase 1
280,109,Phase 3
281,117,Phase 1
282,195,Phase 1
283,65,Phase 2
284,1,Phase 2
285,56,Phase 3
286,33,Phase 2
287,145,Phase 2
288,7,Phase 2
289,197,Phase 3
290,68,Phase 2
291,72,Phase 2
292,24,Phase 1
293,86,Phase 3
294,65,Phase 1
295,39,Phase 2
296,108,Phase 3
297,81,Phase 1
298,40,Phase 1
299,37,Phase 3
300,112,Phase 1
301,79,Phase 1
302,198,Phase 2
303,102,Phase 1
304,22,Phase 2
305,35,Phase 3
306,161,Phase 3
307,49,Phase 1
308,17,Phase 3
309,77,Phase 3
310,100,Phase 2
311,77,Phase 2
312,88,Phase 3
313,75,Phase 1
314,118,Phase 2
315,15,Phase 2
316,177,Phase 1
317,81,Phase 1
318,90,Phase 1
319,133,Phase 3
320,180,Phase 3
321,143,Phase 2
322,10,Phase 3
323,146,Phase 3
324,35,Phase 3
325,159,Phase 2
326,9,Phase 3
327,132,Phase 2
328,144,Phase 3
329,117,Phase 1
330,156,Phase 1
331,32,Phase 2
332,62,Phase 3
333,189,Phase 3
334,76,Phase 3
335,99,Phase 2
336,139,Phase 1
337,189,Phase 1
338,192,Phase 3
339,43,Phase 1
340,62,Phase 3
341,175,Phase 3
342,105,Phase 1
343,91,Phase 2
344,200,Phase 2
345,40,Phase 2
346,126,Phase 1
347,186,Phase 1
348,140,Phase 1
349,64,Phase 2
350,125,Phase 3
351,21,Phase 1
352,143,Phase 3
353,168,Phase 3
354,105,Phase 3
355,184,Phase 2
356,16,Phase 1
357,114,Phase 3
358,199,Phase 3
359,43,Phase 3
360,153,Phase 1
361,57,Phase 3
362,148,Phase 3
363,194,Phase 2
364,11,Phase 3
365,74,Phase 2
366,142,Phase 3
367,10,Phase 2
368,87,Phase 3
369,10,Phase 1
370,134,Phase 1
371,137,Phase 3
372,75,Phase 3
373,146,Phase 2
374,197,Phase 2
375,140,Phase 2
376,100,Phase 3
377,55,Phase 1
378,194,Phase 2
379,125,Phase 3
380,189,Phase 2
381,106,Phase 1
382,122,Phase 3
383,8,Phase 2
384,62,Phase 3
385,123,Phase 3
386,90,Phase 3
387,37,Phase 2
388,163,Phase 2
389,37,Phase 2
390,40,Phase 2
391,169,Phase 3
392,101,Phase 2
393,169,Phase 1
394,10,Phase 1
395,115,Phase 3
396,48,Phase 2
397,27,Phase 2
398,129,Phase 3
399,149,Phase 3
400,27,Phase 2
401,144,Phase 2
402,37,Phase 3
403,181,Phase 2
404,179,Phase 2
405,62,Phase 1
406,135,Phase 2
407,35,Phase 2
408,44,Phase 1
409,55,Phase 3
410,57,Phase 3
411,199,Phase 3
412,136,Phase 3
413,167,Phase 3
414,151,Phase 2
415,79,Phase 1
416,190,Phase 3
417,22,Phase 1
418,126,Phase 1
419,131,Phase 2
420,28,Phase 1
421,121,Phase 1
422,80,Phase 1
423,177,Phase 3
424,188,Phase 1
425,176,Phase 2
426,46,Phase 1
427,157,Phase 1
428,57,Phase 1
429,85,Phase 2
430,60,Phase 1
431,22,Phase 2
432,183,Phase 3
433,56,Phase 3
434,54,Phase 1
435,99,Phase 3
436,91,Phase 1
437,58,Phase 2
438,200,Phase 2
439,83,Phase 1
440,133,Phase 1
441,197,Phase 3
442,4,Phase 2
443,172,Phase 3
444,91,Phase 3
445,113,Phase 2
446,179,Phase 1
447,156,Phase 3
448,155,Phase 3
449,45,Phase 1
450,28,Phase 1
451,31,Phase 1
452,173,Phase 1
453,137,Phase 2
454,132,Phase 1
455,116,Phase 3
456,18,Phase 2
457,68,Phase 2
458,164,Phase 3
459,176,Phase 1
460,33,Phase 1
461,112,Phase 1
462,178,Phase 3
463,110,Phase 3
464,177,Phase 3
465,115,Phase 3
466,199,Phase 3
467,91,Phase 1
468,106,Phase 1
469,173,Phase 2
470,167,Phase 2
471,165,Phase 1
472,200,Phase 3
473,129,Phase 2
474,52,Phase 3
475,177,Phase 3
476,193,Phase 1
477,69,Phase 3
478,23,Phase 2
479,23,Phase 1
480,179,Phase 1
481,110,Phase 1
482,186,Phase 3
483,185,Phase 3
484,86,Phase 3
485,196,Phase 1
486,133,Phase 1
487,140,Phase 2
488,122,Phase 1
489,47,Phase 3
490,79,Phase 1
491,85,Phase 2
492,55,Phase 2
493,15,Phase 2
494,68,Phase 2
495,79,Phase 3
496,105,Phase 2
497,149,Phase 3
498,179,Phase 1
499,9,Phase 3
500,93,Phase 3
501,46,Phase 3
502,159,Phase 3
503,169,Phase 2
504,147,Phase 2
505,165,Phase 2
506,85,Phase 1
507,124,Phase 3
508,176,Phase 2
509,9,Phase 2
510,158,Phase 2
511,142,Phase 2
512,155,Phase 2
513,163,Phase 3
514,18,Phase 3
515,36,Phase 1
516,27,Phase 2
517,65,Phase 2
518,76,Phase 2
519,58,Phase 3
520,121,Phase 1
521,13,Phase 2
522,200,Phase 2
523,185,Phase 1
524,47,Phase 1
525,200,Phase 3
526,146,Phase 3
527,182,Phase 2
528,134,Phase 3
529,118,Phase 3
530,141,Phase 1
531,196,Phase 3
532,132,Phase 1
533,18,Phase 3
534,125,Phase 3
535,198,Phase 1
536,39,Phase 1
537,149,Phase 3
538,100,Phase 2
539,130,Phase 2
540,37,Phase 1
541,32,Phase 3
542,148,Phase 1
543,103,Phase 3
544,11,Phase 1
545,103,Phase 1
546,127,Phase 2
547,54,Phase 3
548,136,Phase 2
549,79,Phase 1
550,30,Phase 2
551,27,Phase 3
552,174,Phase 1
553,35,Phase 2
554,87,Phase 2
555,138,Phase 1
556,78,Phase 1
557,116,Phase 1
558,67,Phase 1
559,67,Phase 1
560,199,Phase 3
561,184,Phase 2
562,13,Phase 3
563,14,Phase 2
564,191,Phase 2
565,80,Phase 1
566,89,Phase 2
567,174,Phase 1
568,171,Phase 3
569,145,Phase 2
570,152,Phase 1
571,164,Phase 2
572,15,Phase 1
573,20,Phase 3
574,102,Phase 1
575,135,Phase 2
576,2,Phase 3
577,167,Phase 2
578,52,Phase 2
579,50,Phase 3
580,30,Phase 1
581,93,Phase 3
582,2,Phase 1
583,124,Phase 3
584,172,Phase 1
585,76,Phase 1
586,164,Phase 3
587,164,Phase 3
588,162,Phase 1
589,183,Phase 3
590,17,Phase 1
591,117,Phase 3
592,158,Phase 2
593,128,Phase 2
594,40,Phase 1
595,188,Phase 3
596,42,Phase 3
597,43,Phase 3
598,3,Phase 3
599,105,Phase 3
600,194,Phase 2
601,57,Phase 2
602,155,Phase 2
603,57,Phase 3
604,58,Phase 3
605,195,Phase 2
606,93,Phase 1
607,80,Phase 2
608,25,Phase 2
609,97,Phase 2
610,147,Phase 3
611,78,Phase 2
612,62,Phase 2
613,134,Phase 3
614,169,Phase 3
615,150,Phase 1
616,58,Phase 2
617,36,Phase 3
618,160,Phase 3
619,99,Phase 2
620,93,Phase 3
621,32,Phase 3
622,198,Phase 3
623,183,Phase 3
624,127,Phase 1
625,28,Phase 2
626,51,Phase 1
627,4,Phase 1
628,64,Phase 2
629,2,Phase 1
630,23,Phase 3
631,111,Phase 3
632,36,Phase 2
633,185,Phase 3
634,127,Phase 3
635,55,Phase 2
636,90,Phase 2
637,13,Phase 3
638,93,Phase 3
639,5,Phase 1
640,127,Phase 1
641,198,Phase 3
642,29,Phase 3
643,191,Phase 3
644,47,Phase 1
645,20,Phase 1
646,102,Phase 2
647,114,Phase 1
648,89,Phase 2
649,87,Phase 3
650,178,Phase 2
651,176,Phase 1
652,181,Phase 3
653,116,Phase 2
654,84,Phase 2
655,180,Phase 2
656,139,Phase 1
657,123,Phase 1
658,128,Phase 3
659,160,Phase 3
660,26,Phase 1
661,99,Phase 2
662,15,Phase 1
663,184,Phase 2
664,135,Phase 1
665,138,Phase 1
666,77,Phase 2
667,98,Phase 1
668,150,Phase 1
669,71,Phase 2
670,150,Phase 1
671,163,Phase 2
672,67,Phase 2
673,126,Phase 2
674,18,Phase 1
675,70,Phase 1
676,192,Phase 3
677,132,Phase 2
678,22,Phase 2
679,38,Phase 3
680,150,Phase 2
681,2,Phase 2
682,175,Phase 2
683,139,Phase 3
684,85,Phase 3
685,190,Phase 3
686,70,Phase 3
687,70,Phase 3
688,28,Phase 2
689,135,Phase 2
690,143,Phase 2
691,13,Phase 3
692,41,Phase 1
693,156,Phase 2
694,91,Phase 3
695,133,Phase 2
696,36,Phase 3
697,154,Phase 3
698,168,Phase 3
699,126,Phase 2
700,181,Phase 3
701,142,Phase 1
702,84,Phase 3
703,64,Phase 3
704,88,Phase 1
705,25,Phase 1
706,158,Phase 3
707,36,Phase 2
708,195,Phase 2
709,147,Phase 1
710,45,Phase 1
711,96,Phase 2
712,175,Phase 1
713,37,Phase 3
714,196,Phase 3
715,165,Phase 2
716,182,Phase 1
717,1,Phase 1
718,133,Phase 2
719,45,Phase 1
720,142,Phase 1
721,51,Phase 2
722,98,Phase 2
723,116,Phase 2
724,171,Phase 3
725,152,Phase 3
726,5,Phase 1
727,49,Phase 2
728,125,Phase 3
729,19,Phase 2
730,36,Phase 3
731,70,Phase 1
732,142,Phase 1
733,143,Phase 1
734,152,Phase 3
735,149,Phase 1
736,187,Phase 3
737,69,Phase 3
738,97,Phase 2
739,59,Phase 2
740,34,Phase 1
741,52,Phase 3
742,161,Phase 1
743,50,Phase 2
744,136,Phase 3
745,146,Phase 3
746,66,Phase 3
747,53,Phase 3
748,197,Phase 2
749,54,Phase 2
750,61,Phase 3
751,97,Phase 2
752,50,Phase 2
753,193,Phase 1
754,158,Phase 1
755,56,Phase 2
756,53,Phase 3
757,1,Phase 3
758,11,Phase 1
759,198,Phase 2
760,189,Phase 2
761,5,Phase 3
762,132,Phase 1
763,86,Phase 1
764,60,Phase 1
765,118,Phase 1
766,144,Phase 3
767,190,Phase 1
768,84,Phase 1
769,37,Phase 1
770,180,Phase 2
771,56,Phase 3
772,21,Phase 1
773,94,Phase 3
774,120,Phase 2
775,124,Phase 2
776,154,Phase 2
777,98,Phase 3
778,198,Phase 1
779,175,Phase 3
780,19,Phase 3
781,128,Phase 3
782,193,Phase 2
783,15,Phase 3
784,155,Phase 1
785,117,Phase 3
786,182,Phase 1
787,85,Phase 2
788,97,Phase 3
789,184,Phase 3
790,53,Phase 1
791,161,Phase 1
792,24,Phase 3
793,41,Phase 2
794,16,Phase 1
795,106,Phase 3
796,189,Phase 1
797,117,Phase 2
798,22,Phase 1
799,85,Phase 1
800,89,Phase 1
801,117,Phase 2
802,49,Phase 2
803,161,Phase 3
804,161,Phase 2
805,166,Phase 3
806,128,Phase 3
807,144,Phase 2
808,82,Phase 1
809,90,Phase 1
810,126,Phase 2
811,188,Phase 1
812,15,Phase 2
813,59,Phase 1
814,158,Phase 1
815,11,Phase 2
816,15,Phase 2
817,42,Phase 2
818,47,Phase 1
819,2,Phase 3
820,145,Phase 3
821,164,Phase 1
822,167,Phase 3
823,58,Phase 2
824,45,Phase 3
825,101,Phase 2
826,5,Phase 1
827,164,Phase 3
828,35,Phase 3
829,107,Phase 1
830,119,Phase 2
831,172,Phase 1
832,38,Phase 1
833,98,Phase 1
834,75,Phase 3
835,162,Phase 2
836,4,Phase 1
837,50,Phase 3
838,119,Phase 3
839,48,Phase 3
840,39,Phase 3
841,153,Phase 2
842,188,Phase 2
843,120,Phase 2
844,139,Phase 1
845,65,Phase 3
846,105,Phase 2
847,55,Phase 2
848,86,Phase 1
849,196,Phase 3
850,190,Phase 2
851,160,Phase 1
852,28,Phase 2
853,91,Phase 1
854,58,Phase 2
855,18,Phase 1
856,164,Phase 1
857,173,Phase 2
858,46,Phase 3
859,194,Phase 2
860,144,Phase 2
861,87,Phase 2
862,118,Phase 3
863,143,Phase 3
864,77,Phase 1
865,19,Phase 1
866,182,Phase 2
867,86,Phase 2
868,77,Phase 1
869,33,Phase 3
870,169,Phase 1
871,171,Phase 1
872,86,Phase 3
873,147,Phase 2
874,9,Phase 1
875,33,Phase 3
876,155,Phase 3
877,194,Phase 3
878,53,Phase 2
879,170,Phase 3
880,124,Phase 3
881,82,Phase 2
882,198,Phase 1
883,121,Phase 1
884,152,Phase 2
885,61,Phase 1
886,187,Phase 1
887,105,Phase 3
888,180,Phase 3
889,63,Phase 3
890,156,Phase 2
891,45,Phase 2
892,173,Phase 3
893,34,Phase 1
894,102,Phase 1
895,126,Phase 3
896,80,Phase 2
897,101,Phase 2
898,119,Phase 1
899,56,Phase 2
900,71,Phase 3
901,106,Phase 3
902,184,Phase 3
903,98,Phase 2
904,61,Phase 3
905,163,Phase 3
906,149,Phase 3
907,173,Phase 3
908,18,Phase 3
909,180,Phase 3
910,63,Phase 2
911,34,Phase 2
912,186,Phase 2
913,178,Phase 3
914,111,Phase 1
915,124,Phase 3
916,46,Phase 1
917,172,Phase 1
918,105,Phase 3
919,74,Phase 1
920,58,Phase 2
921,129,Phase 2
922,7,Phase 3
923,165,Phase 3
924,103,Phase 2
925,124,Phase 3
926,89,Phase 2
927,120,Phase 1
928,170,Phase 3
929,151,Phase 3
930,185,Phase 1
931,184,Phase 3
932,187,Phase 1
933,44,Phase 3
934,32,Phase 1
935,132,Phase 1
936,198,Phase 1
937,7,Phase 2
938,88,Phase 2
939,50,Phase 3
940,200,Phase 1
941,173,Phase 2
942,42,Phase 1
943,189,Phase 1
944,128,Phase 3
945,177,Phase 3
946,166,Phase 2
947,138,Phase 3
948,85,Phase 1
949,150,Phase 2
950,38,Phase 2
951,40,Phase 1
952,55,Phase 3
953,48,Phase 3
954,42,Phase 2
955,144,Phase 3
956,179,Phase 3
957,34,Phase 3
958,129,Phase 1
959,65,Phase 1
960,197,Phase 2
961,14,Phase 3
962,109,Phase 2
963,28,Phase 2
964,86,Phase 1
965,90,Phase 1
966,103,Phase 1
967,19,Phase 1
968,114,Phase 3
969,93,Phase 3
970,47,Phase 3
971,87,Phase 3
972,39,Phase 3
973,127,Phase 2
974,73,Phase 3
975,102,Phase 3
976,178,Phase 3
977,140,Phase 3
978,48,Phase 3
979,36,Phase 2
980,44,Phase 2
981,12,Phase 1
982,93,Phase 3
983,56,Phase 1
984,88,Phase 2
985,119,Phase 2
986,71,Phase 2
987,7,Phase 1
988,79,Phase 2
989,159,Phase 2
990,69,Phase 1
991,168,Phase 2
992,38,Phase 2
993,164,Phase 3
994,149,Phase 2
995,98,Phase 3
996,169,Phase 2
997,94,Phase 1
998,26,Phase 3
999,114,Phase 3
1000,195,Phase 2
1001,114,Phase 1
1002,104,Phase 2
1003,104,Phase 2
1004,55,Phase 2
1005,111,Phase 1
1006,84,Phase 1
1007,162,Phase 3
1008,177,Phase 3
1009,71,Phase 3
1010,91,Phase 1
1011,118,Phase 2
1012,190,Phase 1
1013,35,Phase 1
1014,51,Phase 1
1015,49,Phase 1
1016,54,Phase 3
1017,165,Phase 2
1018,121,Phase 2
1019,30,Phase 1
1020,157,Phase 3
1021,81,Phase 2
1022,99,Phase 2
1023,150,Phase 2
1024,41,Phase 2
1025,34,Phase 3
1026,27,Phase 2
1027,28,Phase 1
1028,184,Phase 1
1029,54,Phase 3
1030,112,Phase 1
1031,127,Phase 3
1032,81,Phase 3
1033,92,Phase 3
1034,82,Phase 2
1035,161,Phase 3
1036,79,Phase 1
1037,187,Phase 1
1038,189,Phase 3
1039,167,Phase 3
1040,123,Phase 1
1041,43,Phase 2
1042,168,Phase 1
1043,79,Phase 1
1044,38,Phase 1
1045,40,Phase 2
1046,61,Phase 1
1047,62,Phase 3
1048,109,Phase 1
1049,8,Phase 3
1050,178,Phase 1
1051,15,Phase 1
1052,22,Phase 3
1053,60,Phase 3
1054,121,Phase 2
1055,40,Phase 1
1056,118,Phase 2
1057,139,Phase 2
1058,135,Phase 1
1059,197,Phase 3
1060,79,Phase 2
1061,63,Phase 3
1062,20,Phase 1
1063,51,Phase 1
1064,166,Phase 3
1065,72,Phase 1
1066,107,Phase 1
1067,140,Phase 1
1068,84,Phase 1
1069,193,Phase 2
1070,77,Phase 2
1071,35,Phase 2
1072,177,Phase 1
1073,163,Phase 3
1074,155,Phase 2
1075,115,Phase 1
1076,115,Phase 3
1077,195,Phase 2
1078,67,Phase 3
1079,80,Phase 3
1080,76,Phase 1
1081,73,Phase 1
1082,115,Phase 3
1083,61,Phase 2
1084,162,Phase 2
1085,136,Phase 1
1086,113,Phase 2
1087,23,Phase 1
1088,72,Phase 2
1089,126,Phase 1
1090,171,Phase 1
1091,175,Phase 2
1092,196,Phase 3
1093,109,Phase 2
1094,61,Phase 1
1095,116,Phase 3
1096,165,Phase 3
1097,109,Phase 3
1098,77,Phase 3
1099,104,Phase 2
1100,61,Phase 3
1101,195,Phase 1
1102,57,Phase 3
1103,40,Phase 1
1104,184,Phase 3
1105,139,Phase 3
1106,119,Phase 2
1107,43,Phase 1
1108,31,Phase 1
1109,12,Phase 3
1110,15,Phase 1
1111,56,Phase 2
1112,12,Phase 3
1113,96,Phase 1
1114,163,Phase 3
1115,132,Phase 1
1116,144,Phase 1
1117,126,Phase 2
1118,163,Phase 3
1119,77,Phase 2
1120,108,Phase 3
1121,194,Phase 2
1122,157,Phase 1
1123,42,Phase 2
1124,45,Phase 2
1125,92,Phase 1
1126,63,Phase 2
1127,38,Phase 2
1128,186,Phase 3
1129,169,Phase 1
1130,165,Phase 3
1131,76,Phase 1
1132,72,Phase 1
1133,51,Phase 2
1134,135,Phase 3
1135,72,Phase 1
1136,200,Phase 2
1137,196,Phase 3
1138,123,Phase 1
1139,73,Phase 1
1140,127,Phase 2
1141,126,Phase 1
1142,171,Phase 1
1143,188,Phase 3
1144,87,Phase 1
1145,76,Phase 1
1146,164,Phase 2
1147,147,Phase 2
1148,57,Phase 3
1149,60,Phase 2
1150,59,Phase 1
1151,158,Phase 1
1152,28,Phase 2
1153,50,Phase 2
1154,118,Phase 3
1155,155,Phase 3
1156,34,Phase 3
1157,118,Phase 2
1158,163,Phase 1
1159,140,Phase 2
1160,200,Phase 2
1161,10,Phase 2
1162,159,Phase 1
1163,114,Phase 2
1164,174,Phase 2
1165,187,Phase 2
1166,89,Phase 2
1167,8,Phase 1
1168,29,Phase 2
1169,134,Phase 2
1170,62,Phase 1
1171,63,Phase 2
1172,197,Phase 3
1173,14,Phase 3
1174,30,Phase 1
1175,13,Phase 1
1176,91,Phase 1
1177,4,Phase 3
1178,48,Phase 3
1179,39,Phase 1
1180,187,Phase 3
1181,159,Phase 3
1182,192,Phase 1
1183,144,Phase 2
1184,192,Phase 3
1185,87,Phase 1
1186,113,Phase 3
1187,85,Phase 3
1188,69,Phase 2
1189,165,Phase 3
1190,23,Phase 3
1191,9,Phase 1
1192,132,Phase 1
1193,122,Phase 2
1194,182,Phase 1
1195,144,Phase 3
1196,26,Phase 2
1197,15,Phase 3
1198,21,Phase 3
1199,123,Phase 3
1200,192,Phase 2
1201,152,Phase 1
1202,74,Phase 1
1203,106,Phase 1
1204,179,Phase 2
1205,46,Phase 2
1206,36,Phase 3
1207,45,Phase 2
1208,26,Phase 3
1209,191,Phase 2
1210,154,Phase 2
1211,155,Phase 3
1212,24,Phase 3
1213,57,Phase 2
1214,186,Phase 3
1215,31,Phase 3
1216,199,Phase 3
1217,134,Phase 3
1218,139,Phase 3
1219,114,Phase 1
1220,72,Phase 3
1221,28,Phase 3
1222,98,Phase 1
1223,54,Phase 2
1224,86,Phase 1
1225,58,Phase 2
1226,12,Phase 1
1227,138,Phase 2
1228,46,Phase 2
1229,73,Phase 2
1230,146,Phase 3
1231,42,Phase 3
1232,20,Phase 2
1233,200,Phase 2
1234,91,Phase 1
1235,132,Phase 1
1236,89,Phase 3
1237,81,Phase 3
1238,16,Phase 1
1239,86,Phase 1
1240,151,Phase 2
1241,96,Phase 3
1242,133,Phase 1
1243,105,Phase 1
1244,49,Phase 2
1245,114,Phase 3
1246,1,Phase 1
1247,94,Phase 3
1248,20,Phase 2
1249,120,Phase 3
1250,97,Phase 1
1251,80,Phase 1
1252,153,Phase 2
1253,13,Phase 3
1254,122,Phase 3
1255,170,Phase 3
1256,196,Phase 2
1257,177,Phase 3
1258,69,Phase 3
1259,197,Phase 1
1260,86,Phase 2
1261,55,Phase 2
1262,36,Phase 2
1263,178,Phase 2
1264,45,Phase 1
1265,144,Phase 3
1266,6,Phase 1
1267,193,Phase 1
1268,38,Phase 1
1269,166,Phase 1
1270,89,Phase 2
1271,26,Phase 1
1272,131,Phase 2
1273,26,Phase 3
1274,49,Phase 2
1275,43,Phase 2
1276,15,Phase 3
1277,199,Phase 1
1278,159,Phase 1
1279,126,Phase 3
1280,30,Phase 3
1281,109,Phase 3
1282,127,Phase 3
1283,173,Phase 3
1284,178,Phase 3
1285,166,Phase 2
1286,196,Phase 2
1287,103,Phase 3
1288,128,Phase 2
1289,25,Phase 1
1290,70,Phase 1
1291,135,Phase 2
1292,31,Phase 3
1293,115,Phase 3
1294,93,Phase 1
1295,56,Phase 1
1296,37,Phase 3
1297,52,Phase 1
1298,144,Phase 3
1299,5,Phase 2
1300,105,Phase 1
1301,93,Phase 2
1302,80,Phase 3
1303,116,Phase 2
1304,193,Phase 2
1305,86,Phase 2
1306,36,Phase 1
1307,53,Phase 3
1308,118,Phase 2
1309,147,Phase 3
1310,149,Phase 3
1311,157,Phase 3
1312,166,Phase 3
1313,5,Phase 1
1314,98,Phase 3
1315,97,Phase 3
1316,54,Phase 1
1317,198,Phase 2
1318,160,Phase 3
1319,106,Phase 2
1320,21,Phase 3
1321,69,Phase 2
1322,145,Phase 2
1323,122,Phase 3
1324,169,Phase 2
1325,33,Phase 1
1326,133,Phase 2
1327,182,Phase 3
1328,152,Phase 1
1329,156,Phase 3
1330,143,Phase 1
1331,110,Phase 1
1332,121,Phase 1
1333,180,Phase 1
1334,19,Phase 3
1335,47,Phase 1
1336,67,Phase 3
1337,31,Phase 2
1338,127,Phase 1
1339,29,Phase 1
1340,164,Phase 1
1341,99,Phase 1
1342,42,Phase 2
1343,108,Phase 3
1344,96,Phase 1
1345,5,Phase 1
1346,16,Phase 1
1347,4,Phase 1
1348,111,Phase 3
1349,192,Phase 2
1350,165,Phase 2
1351,161,Phase 2
1352,158,Phase 1
1353,55,Phase 1
1354,174,Phase 1
1355,48,Phase 1
1356,110,Phase 3
1357,167,Phase 2
1358,154,Phase 2
1359,71,Phase 3
1360,73,Phase 2
1361,9,Phase 1
1362,79,Phase 2
1363,152,Phase 1
1364,31,Phase 3
1365,62,Phase 3
1366,13,Phase 2
1367,96,Phase 1
1368,89,Phase 1
1369,191,Phase 3
1370,46,Phase 2
1371,197,Phase 2
1372,87,Phase 2
1373,101,Phase 1
1374,83,Phase 1
1375,172,Phase 3
1376,96,Phase 3
1377,114,Phase 3
1378,45,Phase 3
1379,62,Phase 1
1380,27,Phase 2
1381,176,Phase 3
1382,118,Phase 2
1383,174,Phase 2
1384,137,Phase 1
1385,102,Phase 3
1386,120,Phase 1
1387,170,Phase 3
1388,20,Phase 1
1389,18,Phase 1
1390,78,Phase 2
1391,169,Phase 1
1392,117,Phase 2
1393,42,Phase 2
1394,62,Phase 2
1395,190,Phase 2
1396,94,Phase 3
1397,170,Phase 2
1398,89,Phase 2
1399,105,Phase 2
1400,41,Phase 2
1401,68,Phase 1
1402,157,Phase 2
1403,115,Phase 2
1404,143,Phase 2
1405,140,Phase 2
1406,48,Phase 2
1407,63,Phase 2
1408,173,Phase 1
1409,53,Phase 1
1410,94,Phase 1
1411,15,Phase 2
1412,57,Phase 2
1413,113,Phase 3
1414,56,Phase 3
1415,124,Phase 2
1416,35,Phase 3
1417,114,Phase 1
1418,8,Phase 3
1419,107,Phase 3
1420,20,Phase 1
1421,73,Phase 2
1422,71,Phase 3
1423,96,Phase 2
1424,30,Phase 1
1425,142,Phase 1
1426,35,Phase 3
1427,93,Phase 2
1428,147,Phase 1
1429,139,Phase 2
1430,128,Phase 1
1431,46,Phase 1
1432,189,Phase 2
1433,180,Phase 3
1434,55,Phase 3
1435,147,Phase 1
1436,121,Phase 2
1437,110,Phase 3
1438,83,Phase 1
1439,123,Phase 1
1440,43,Phase 2
1441,78,Phase 1
1442,139,Phase 3
1443,151,Phase 1
1444,70,Phase 2
1445,184,Phase 2
1446,12,Phase 3
1447,27,Phase 2
1448,105,Phase 3
1449,152,Phase 3
1450,113,Phase 3
1451,182,Phase 1
1452,193,Phase 2
1453,22,Phase 1
1454,128,Phase 2
1455,35,Phase 3
1456,10,Phase 1
1457,171,Phase 3
1458,17,Phase 2
1459,107,Phase 2
1460,12,Phase 2
1461,43,Phase 1
1462,25,Phase 3
1463,153,Phase 3
1464,102,Phase 2
1465,115,Phase 1
1466,75,Phase 2
1467,173,Phase 2
1468,31,Phase 2
1469,17,Phase 2
1470,195,Phase 3
1471,91,Phase 1
1472,69,Phase 3
1473,80,Phase 2
1474,143,Phase 1
1475,147,Phase 3
1476,183,Phase 1
1477,27,Phase 1
1478,59,Phase 2
1479,189,Phase 3
1480,39,Phase 2
1481,14,Phase 3
1482,52,Phase 2
1483,119,Phase 2
1484,161,Phase 1
1485,25,Phase 2
1486,69,Phase 2
1487,65,Phase 3
1488,159,Phase 3
1489,158,Phase 1
1490,59,Phase 1
1491,116,Phase 2
1492,110,Phase 1
1493,191,Phase 1
1494,186,Phase 3
1495,41,Phase 1
1496,25,Phase 2
1497,23,Phase 1
1498,127,Phase 3
1499,33,Phase 2
1500,167,Phase 1
1501,150,Phase 2
1502,147,Phase 3
1503,42,Phase 1
1504,120,Phase 2
1505,64,Phase 3
1506,55,Phase 1
1507,31,Phase 2
1508,192,Phase 3
1509,19,Phase 1
1510,81,Phase 1
1511,134,Phase 2
1512,22,Phase 3
1513,163,Phase 3
1514,48,Phase 3
1515,78,Phase 3
1516,105,Phase 1
1517,24,Phase 3
1518,81,Phase 1
1519,109,Phase 2
1520,150,Phase 3
1521,50,Phase 1
1522,123,Phase 3
1523,15,Phase 2
1524,137,Phase 2
1525,149,Phase 1
1526,52,Phase 2
1527,96,Phase 2
1528,38,Phase 2
1529,59,Phase 1
1530,57,Phase 3
1531,54,Phase 3
1532,104,Phase 3
1533,52,Phase 1
1534,58,Phase 3
1535,80,Phase 3
1536,49,Phase 1
1537,106,Phase 2
1538,92,Phase 2
1539,157,Phase 3
1540,120,Phase 3
1541,125,Phase 2
1542,20,Phase 1
1543,76,Phase 2
1544,20,Phase 1
1545,44,Phase 2
1546,45,Phase 1
1547,69,Phase 3
1548,5,Phase 2
1549,196,Phase 3
1550,25,Phase 2
1551,180,Phase 3
1552,142,Phase 1
1553,26,Phase 3
1554,155,Phase 1
1555,90,Phase 3
1556,182,Phase 1
1557,193,Phase 1
1558,80,Phase 2
1559,16,Phase 1
1560,15,Phase 3
1561,137,Phase 1
1562,115,Phase 2
1563,198,Phase 2
1564,172,Phase 1
1565,85,Phase 1
1566,150,Phase 2
1567,104,Phase 1
1568,190,Phase 3
1569,74,Phase 3
1570,90,Phase 3
1571,192,Phase 3
1572,174,Phase 3
1573,33,Phase 2
1574,57,Phase 3
1575,63,Phase 1
1576,39,Phase 2
1577,128,Phase 3
1578,183,Phase 2
1579,35,Phase 2
1580,33,Phase 3
1581,57,Phase 3
1582,11,Phase 3
1583,59,Phase 2
1584,168,Phase 1
1585,96,Phase 1
1586,30,Phase 3
1587,43,Phase 3
1588,109,Phase 2
1589,25,Phase 3
1590,7,Phase 3
1591,120,Phase 2
1592,108,Phase 2
1593,23,Phase 3
1594,190,Phase 1
1595,1,Phase 1
1596,68,Phase 2
1597,7,Phase 3
1598,190,Phase 1
1599,119,Phase 2
1600,16,Phase 1
1601,78,Phase 3
1602,178,Phase 2
1603,175,Phase 3
1604,123,Phase 3
1605,106,Phase 3
1606,121,Phase 1
1607,196,Phase 1
1608,44,Phase 2
1609,125,Phase 3
1610,9,Phase 2
1611,94,Phase 2
1612,89,Phase 1
1613,175,Phase 2
1614,3,Phase 3
1615,10,Phase 3
1616,97,Phase 3
1617,41,Phase 3
1618,104,Phase 3
1619,1,Phase 1
1620,139,Phase 1
1621,44,Phase 2
1622,179,Phase 2
1623,101,Phase 3
1624,52,Phase 1
1625,125,Phase 2
1626,108,Phase 1
1627,28,Phase 3
1628,1,Phase 3
1629,16,Phase 3
1630,112,Phase 3
1631,118,Phase 2
1632,162,Phase 1
1633,40,Phase 1
1634,23,Phase 1
1635,98,Phase 3
1636,85,Phase 1
1637,159,Phase 2
1638,126,Phase 2
1639,73,Phase 1
1640,30,Phase 1
1641,96,Phase 1
1642,97,Phase 2
1643,25,Phase 3
1644,171,Phase 1
1645,97,Phase 2
1646,11,Phase 2
1647,125,Phase 1
1648,102,Phase 2
1649,160,Phase 2
1650,119,Phase 2
1651,71,Phase 2
1652,127,Phase 2
1653,132,Phase 2
1654,148,Phase 1
1655,177,Phase 1
1656,173,Phase 1
1657,180,Phase 2
1658,161,Phase 2
1659,76,Phase 1
1660,64,Phase 1
1661,112,Phase 3
1662,115,Phase 3
1663,85,Phase 3
1664,8,Phase 2
1665,172,Phase 1
1666,186,Phase 3
1667,131,Phase 3
1668,3,Phase 3
1669,127,Phase 1
1670,1,Phase 3
1671,145,Phase 2
1672,110,Phase 2
1673,125,Phase 3
1674,46,Phase 3
1675,143,Phase 3
1676,150,Phase 1
1677,114,Phase 2
1678,56,Phase 2
1679,150,Phase 3
1680,117,Phase 2
1681,146,Phase 1
1682,59,Phase 3
1683,158,Phase 2
1684,125,Phase 1
1685,173,Phase 1
1686,174,Phase 1
1687,165,Phase 1
1688,57,Phase 3
1689,90,Phase 1
1690,64,Phase 2
1691,63,Phase 3
1692,143,Phase 1
1693,19,Phase 3
1694,26,Phase 3
1695,187,Phase 2
1696,21,Phase 2
1697,90,Phase 2
1698,108,Phase 1
1699,200,Phase 1
1700,70,Phase 3
1701,93,Phase 3
1702,191,Phase 3
1703,117,Phase 3
1704,153,Phase 1
1705,135,Phase 2
1706,67,Phase 1
1707,109,Phase 1
1708,194,Phase 2
1709,60,Phase 1
1710,190,Phase 3
1711,1,Phase 1
1712,153,Phase 1
1713,189,Phase 1
1714,177,Phase 2
1715,186,Phase 2
1716,3,Phase 1
1717,1,Phase 2
1718,45,Phase 3
1719,147,Phase 2
1720,115,Phase 2
1721,21,Phase 3
1722,19,Phase 1
1723,173,Phase 3
1724,89,Phase 3
1725,152,Phase 1
1726,4,Phase 2
1727,78,Phase 1
1728,10,Phase 1
1729,33,Phase 1
1730,15,Phase 3
1731,33,Phase 2
1732,141,Phase 1
1733,119,Phase 3
1734,167,Phase 3
1735,104,Phase 3
1736,120,Phase 2
1737,95,Phase 3
1738,91,Phase 2
1739,173,Phase 2
1740,69,Phase 1
1741,5,Phase 3
1742,53,Phase 3
1743,150,Phase 3
1744,53,Phase 1
1745,172,Phase 1
1746,31,Phase 3
1747,173,Phase 2
1748,152,Phase 2
1749,28,Phase 2
1750,96,Phase 3
1751,31,Phase 2
1752,22,Phase 1
1753,195,Phase 1
1754,84,Phase 1
1755,151,Phase 1
1756,117,Phase 1
1757,200,Phase 2
1758,134,Phase 3
1759,152,Phase 2
1760,188,Phase 2
1761,113,Phase 3
1762,5,Phase 3
1763,81,Phase 2
1764,192,Phase 2
1765,71,Phase 2
1766,42,Phase 3
1767,15,Phase 1
1768,34,Phase 2
1769,155,Phase 2
1770,13,Phase 1
1771,69,Phase 3
1772,52,Phase 1
1773,34,Phase 2
1774,10,Phase 1
1775,66,Phase 1
1776,100,Phase 3
1777,68,Phase 1
1778,172,Phase 3
1779,198,Phase 3
1780,168,Phase 3
1781,182,Phase 2
1782,138,Phase 1
1783,83,Phase 1
1784,180,Phase 1
1785,144,Phase 2
1786,93,Phase 2
1787,78,Phase 1
1788,79,Phase 3
1789,126,Phase 1
1790,67,Phase 1
1791,181,Phase 1
1792,169,Phase 2
1793,130,Phase 3
1794,30,Phase 2
1795,184,Phase 3
1796,99,Phase 1
1797,172,Phase 3
1798,174,Phase 3
1799,59,Phase 3
1800,120,Phase 2
1801,110,Phase 3
1802,159,Phase 3
1803,135,Phase 3
1804,113,Phase 3
1805,186,Phase 1
1806,196,Phase 2
1807,163,Phase 1
1808,8,Phase 2
1809,65,Phase 2
1810,104,Phase 2
1811,150,Phase 2
1812,110,Phase 2
1813,198,Phase 2
1814,80,Phase 1
1815,149,Phase 1
1816,40,Phase 3
1817,19,Phase 1
1818,179,Phase 2
1819,193,Phase 2
1820,147,Phase 2
1821,194,Phase 2
1822,190,Phase 3
1823,146,Phase 2
1824,38,Phase 1
1825,178,Phase 3
1826,2,Phase 2
1827,3,Phase 2
1828,137,Phase 2
1829,123,Phase 3
1830,169,Phase 3
1831,46,Phase 3
1832,122,Phase 1
1833,177,Phase 1
1834,141,Phase 2
1835,83,Phase 1
1836,38,Phase 3
1837,65,Phase 1
1838,122,Phase 2
1839,181,Phase 2
1840,114,Phase 3
1841,52,Phase 2
1842,94,Phase 1
1843,111,Phase 3
1844,193,Phase 1
1845,19,Phase 2
1846,173,Phase 1
1847,186,Phase 3
1848,89,Phase 2
1849,103,Phase 2
1850,82,Phase 1
1851,24,Phase 2
1852,124,Phase 2
1853,190,Phase 3
1854,9,Phase 3
1855,171,Phase 1
1856,180,Phase 1
1857,154,Phase 2
1858,23,Phase 3
1859,57,Phase 2
1860,70,Phase 1
1861,52,Phase 1
1862,36,Phase 3
1863,87,Phase 3
1864,141,Phase 2
1865,149,Phase 1
1866,154,Phase 1
1867,9,Phase 3
1868,101,Phase 3
1869,188,Phase 2
1870,155,Phase 1
1871,47,Phase 1
1872,110,Phase 3
1873,193,Phase 1
1874,58,Phase 1
1875,7,Phase 2
1876,88,Phase 3
1877,190,Phase 1
1878,1,Phase 3
1879,19,Phase 2
1880,95,Phase 3
1881,145,Phase 2
1882,72,Phase 1
1883,141,Phase 1
1884,47,Phase 1
1885,122,Phase 1
1886,160,Phase 2
1887,8,Phase 1
1888,137,Phase 3
1889,137,Phase 2
1890,99,Phase 3
1891,88,Phase 1
1892,175,Phase 3
1893,53,Phase 1
1894,12,Phase 3
1895,23,Phase 3
1896,17,Phase 2
1897,22,Phase 2
1898,89,Phase 2
1899,160,Phase 1
1900,106,Phase 1
1901,175,Phase 2
1902,168,Phase 1
1903,114,Phase 2
1904,63,Phase 2
1905,179,Phase 1
1906,87,Phase 2
1907,41,Phase 3
1908,175,Phase 3
1909,196,Phase 3
1910,170,Phase 2
1911,117,Phase 3
1912,33,Phase 3
1913,62,Phase 1
1914,118,Phase 3
1915,4,Phase 3
1916,92,Phase 2
1917,6,Phase 2
1918,97,Phase 2
1919,119,Phase 3
1920,32,Phase 2
1921,128,Phase 2
1922,89,Phase 3
1923,142,Phase 2
1924,109,Phase 3
1925,77,Phase 2
1926,119,Phase 3
1927,8,Phase 1
1928,93,Phase 3
1929,95,Phase 1
1930,124,Phase 3
1931,18,Phase 2
1932,154,Phase 1
1933,159,Phase 3
1934,79,Phase 3
1935,29,Phase 3
1936,194,Phase 1
1937,110,Phase 2
1938,132,Phase 3
1939,12,Phase 1
1940,199,Phase 1
1941,32,Phase 1
1942,125,Phase 2
1943,55,Phase 2
1944,37,Phase 1
1945,149,Phase 1
1946,19,Phase 2
1947,103,Phase 2
1948,122,Phase 3
1949,121,Phase 3
1950,71,Phase 2
1951,65,Phase 3
1952,14,Phase 3
1953,184,Phase 3
1954,43,Phase 1
1955,41,Phase 1
1956,29,Phase 1
1957,155,Phase 2
1958,12,Phase 3
1959,6,Phase 3
1960,194,Phase 1
1961,192,Phase 2
1962,94,Phase 3
1963,124,Phase 3
1964,166,Phase 3
1965,35,Phase 2
1966,123,Phase 2
1967,109,Phase 3
1968,121,Phase 2
1969,90,Phase 3
1970,179,Phase 2
1971,121,Phase 1
1972,59,Phase 1
1973,96,Phase 2
1974,198,Phase 3
1975,155,Phase 1
1976,108,Phase 3
1977,86,Phase 3
1978,13,Phase 1
1979,71,Phase 3
1980,197,Phase 1
1981,81,Phase 2
1982,103,Phase 3
1983,67,Phase 1
1984,179,Phase 3
1985,8,Phase 2
1986,179,Phase 3
1987,32,Phase 2
1988,56,Phase 2
1989,36,Phase 3
1990,179,Phase 3
1991,100,Phase 2
1992,187,Phase 3
1993,22,Phase 1
1994,153,Phase 2
1995,176,Phase 3
1996,106,Phase 2
1997,35,Phase 1
1998,181,Phase 2
1999,191,Phase 1
2000,32,Phase 2
2001,137,Phase 2
2002,55,Phase 2
2003,178,Phase 1
2004,64,Phase 3
2005,176,Phase 3
2006,16,Phase 1
2007,84,Phase 2
2008,53,Phase 3
2009,21,Phase 2
2010,14,Phase 2
2011,171,Phase 2
2012,181,Phase 3
2013,196,Phase 1
2014,14,Phase 1
2015,18,Phase 2
2016,198,Phase 2
2017,78,Phase 3
2018,154,Phase 3
2019,176,Phase 2
2020,136,Phase 3
2021,86,Phase 2
2022,81,Phase 3
2023,10,Phase 1
2024,95,Phase 1
2025,112,Phase 1
2026,129,Phase 3
2027,116,Phase 2
2028,65,Phase 1
2029,91,Phase 3
2030,101,Phase 3
2031,136,Phase 2
2032,67,Phase 1
2033,128,Phase 1
2034,120,Phase 3
2035,105,Phase 1
2036,112,Phase 3
2037,29,Phase 3
2038,51,Phase 2
2039,53,Phase 3
2040,57,Phase 2
2041,41,Phase 3
2042,101,Phase 2
2043,150,Phase 2
2044,180,Phase 3
2045,6,Phase 1
2046,4,Phase 1
2047,149,Phase 3
2048,21,Phase 3
2049,194,Phase 1
2050,61,Phase 3
2051,57,Phase 1
2052,80,Phase 2
2053,51,Phase 3
2054,12,Phase 2
2055,61,Phase 3
2056,81,Phase 2
2057,112,Phase 1
2058,135,Phase 1
2059,190,Phase 2
2060,198,Phase 3
2061,150,Phase 3
2062,120,Phase 1
2063,79,Phase 1
2064,146,Phase 2
2065,194,Phase 1
2066,90,Phase 3
2067,19,Phase 3
2068,130,Phase 2
2069,7,Phase 2
2070,158,Phase 2
2071,187,Phase 2
2072,87,Phase 1
2073,76,Phase 3
2074,108,Phase 3
2075,52,Phase 2
2076,160,Phase 2
2077,27,Phase 3
2078,129,Phase 1
2079,183,Phase 3
2080,14,Phase 3
2081,152,Phase 1
2082,175,Phase 3
2083,191,Phase 3
2084,147,Phase 2
2085,7,Phase 1
2086,116,Phase 2
2087,68,Phase 1
2088,56,Phase 3
2089,65,Phase 3
2090,9,Phase 1
2091,156,Phase 3
2092,180,Phase 2
2093,39,Phase 2
2094,74,Phase 3
2095,90,Phase 2
2096,106,Phase 3
2097,168,Phase 3
2098,109,Phase 3
2099,85,Phase 2
2100,160,Phase 1
2101,146,Phase 2
2102,19,Phase 1
2103,140,Phase 1
2104,154,Phase 3
2105,190,Phase 1
2106,141,Phase 3
2107,7,Phase 3
2108,53,Phase 2
2109,29,Phase 2
2110,54,Phase 1
2111,2,Phase 3
2112,116,Phase 3
2113,186,Phase 2
2114,69,Phase 2
2115,144,Phase 1
2116,63,Phase 2
2117,139,Phase 2
2118,138,Phase 2
2119,160,Phase 1
2120,68,Phase 3
2121,104,Phase 1
2122,40,Phase 2
2123,2,Phase 2
2124,179,Phase 2
2125,52,Phase 2
2126,120,Phase 2
2127,188,Phase 2
2128,158,Phase 1
2129,12,Phase 3
2130,125,Phase 1
2131,109,Phase 1
2132,121,Phase 1
2133,111,Phase 2
2134,144,Phase 2
2135,180,Phase 2
2136,40,Phase 1
2137,65,Phase 3
2138,40,Phase 2
2139,156,Phase 2
2140,66,Phase 1
2141,166,Phase 3
2142,131,Phase 3
2143,134,Phase 3
2144,33,Phase 3
2145,185,Phase 2
2146,51,Phase 2
2147,153,Phase 1
2148,140,Phase 2
2149,102,Phase 1
2150,11,Phase 3
2151,192,Phase 3
2152,35,Phase 2
2153,47,Phase 1
2154,23,Phase 3
2155,50,Phase 1
2156,33,Phase 1
2157,162,Phase 1
2158,138,Phase 3
2159,78,Phase 3
2160,183,Phase 2
2161,182,Phase 2
2162,76,Phase 3
2163,79,Phase 3
2164,19,Phase 2
2165,6,Phase 1
2166,132,Phase 2
2167,76,Phase 1
2168,69,Phase 1
2169,127,Phase 1
2170,43,Phase 1
2171,174,Phase 3
2172,80,Phase 1
2173,2,Phase 1
2174,152,Phase 2
2175,13,Phase 1
2176,42,Phase 1
2177,130,Phase 3
2178,141,Phase 2
2179,40,Phase 1
2180,51,Phase 1
2181,103,Phase 2
2182,167,Phase 3
2183,63,Phase 1
2184,105,Phase 3
2185,122,Phase 2
2186,171,Phase 1
2187,149,Phase 1
2188,171,Phase 2
2189,43,Phase 1
2190,110,Phase 1
2191,180,Phase 1
2192,141,Phase 1
2193,82,Phase 2
2194,189,Phase 1
2195,111,Phase 3
2196,54,Phase 3
2197,63,Phase 3
2198,95,Phase 2
2199,107,Phase 3
2200,103,Phase 1
2201,117,Phase 1
2202,200,Phase 3
2203,72,Phase 2
2204,18,Phase 1
2205,38,Phase 2
2206,176,Phase 3
2207,161,Phase 3
2208,179,Phase 3
2209,28,Phase 1
2210,27,Phase 2
2211,143,Phase 3
2212,127,Phase 3
2213,81,Phase 1
2214,130,Phase 2
2215,46,Phase 3
2216,43,Phase 2
2217,119,Phase 3
2218,149,Phase 2
2219,19,Phase 3
2220,134,Phase 3
2221,99,Phase 2
2222,43,Phase 3
2223,99,Phase 3
2224,135,Phase 2
2225,38,Phase 3
2226,41,Phase 2
2227,66,Phase 1
2228,95,Phase 2
2229,190,Phase 1
2230,44,Phase 1
2231,103,Phase 1
2232,120,Phase 2
2233,126,Phase 1
2234,107,Phase 1
2235,11,Phase 1
2236,160,Phase 3
2237,5,Phase 1
2238,118,Phase 3
2239,22,Phase 3
2240,115,Phase 1
2241,74,Phase 3
2242,120,Phase 2
2243,135,Phase 3
2244,128,Phase 2
2245,90,Phase 1
2246,85,Phase 1
2247,157,Phase 1
2248,121,Phase 1
2249,74,Phase 1
2250,128,Phase 1
2251,10,Phase 2
2252,17,Phase 1
2253,11,Phase 1
2254,143,Phase 3
2255,70,Phase 2
2256,169,Phase 1
2257,154,Phase 3
2258,13,Phase 2
2259,53,Phase 3
2260,162,Phase 1
2261,72,Phase 1
2262,80,Phase 3
2263,111,Phase 2
2264,169,Phase 2
2265,4,Phase 2
2266,185,Phase 2
2267,139,Phase 1
2268,47,Phase 3
2269,70,Phase 3
2270,163,Phase 1
2271,94,Phase 2
2272,65,Phase 2
2273,133,Phase 1
2274,88,Phase 3
2275,176,Phase 1
2276,79,Phase 2
2277,150,Phase 1
2278,138,Phase 2
2279,75,Phase 3
2280,68,Phase 3
2281,105,Phase 1
2282,65,Phase 2
2283,153,Phase 2
2284,103,Phase 1
2285,78,Phase 2
2286,43,Phase 2
2287,28,Phase 1
2288,78,Phase 2
2289,106,Phase 1
2290,120,Phase 2
2291,157,Phase 2
2292,106,Phase 2
2293,26,Phase 2
2294,18,Phase 1
2295,72,Phase 2
2296,45,Phase 2
2297,155,Phase 3
2298,62,Phase 1
2299,173,Phase 1
2300,18,Phase 3
2301,62,Phase 2
2302,141,Phase 2
2303,55,Phase 1
2304,12,Phase 1
2305,58,Phase 3
2306,120,Phase 2
2307,92,Phase 2
2308,20,Phase 1
2309,126,Phase 2
2310,78,Phase 2
2311,186,Phase 2
2312,178,Phase 2
2313,33,Phase 3
2314,66,Phase 2
2315,45,Phase 2
2316,152,Phase 1
2317,152,Phase 1
2318,104,Phase 1
2319,127,Phase 1
2320,151,Phase 2
2321,195,Phase 3
2322,34,Phase 3
2323,115,Phase 1
2324,142,Phase 1
2325,187,Phase 2
2326,117,Phase 3
2327,35,Phase 1
2328,105,Phase 1
2329,178,Phase 1
2330,123,Phase 3
2331,51,Phase 3
2332,14,Phase 3
2333,80,Phase 2
2334,64,Phase 1
2335,74,Phase 2
2336,141,Phase 2
2337,39,Phase 3
2338,51,Phase 1
2339,49,Phase 2
2340,106,Phase 1
2341,172,Phase 1
2342,79,Phase 1
2343,71,Phase 2
2344,114,Phase 1
2345,115,Phase 3
2346,33,Phase 3
2347,17,Phase 3
2348,128,Phase 1
2349,170,Phase 1
2350,88,Phase 3
2351,141,Phase 3
2352,152,Phase 3
2353,18,Phase 3
2354,180,Phase 1
2355,187,Phase 3
2356,86,Phase 2
2357,68,Phase 1
2358,44,Phase 3
2359,40,Phase 3
2360,17,Phase 1
2361,150,Phase 1
2362,1,Phase 2
2363,116,Phase 1
2364,120,Phase 1
2365,135,Phase 1
2366,61,Phase 3
2367,143,Phase 3
2368,186,Phase 3
2369,59,Phase 1
2370,70,Phase 2
2371,105,Phase 1
2372,35,Phase 3
2373,86,Phase 2
2374,100,Phase 1
2375,193,Phase 3
2376,21,Phase 1
2377,89,Phase 2
2378,68,Phase 2
2379,23,Phase 1
2380,34,Phase 1
2381,7,Phase 1
2382,125,Phase 2
2383,156,Phase 1
2384,142,Phase 1
2385,169,Phase 1
2386,134,Phase 3
2387,191,Phase 1
2388,188,Phase 1
2389,92,Phase 3
2390,143,Phase 1
2391,196,Phase 2
2392,188,Phase 3
2393,161,Phase 1
2394,27,Phase 2
2395,97,Phase 2
2396,102,Phase 1
2397,199,Phase 2
2398,81,Phase 2
2399,198,Phase 1
2400,108,Phase 2
2401,108,Phase 3
2402,120,Phase 3
2403,78,Phase 3
2404,153,Phase 3
2405,173,Phase 3
2406,9,Phase 3
2407,131,Phase 3
2408,156,Phase 2
2409,36,Phase 3
2410,38,Phase 3
2411,10,Phase 1
2412,100,Phase 2
2413,126,Phase 2
2414,107,Phase 3
2415,48,Phase 3
2416,75,Phase 3
2417,102,Phase 1
2418,126,Phase 1
2419,106,Phase 2
2420,123,Phase 2
2421,145,Phase 2
2422,132,Phase 1
2423,31,Phase 1
2424,52,Phase 2
2425,162,Phase 3
2426,19,Phase 3
2427,66,Phase 3
2428,122,Phase 2
2429,54,Phase 3
2430,98,Phase 2
2431,172,Phase 2
2432,123,Phase 1
2433,105,Phase 1
2434,171,Phase 3
2435,124,Phase 1
2436,176,Phase 1
2437,40,Phase 2
2438,176,Phase 3
2439,99,Phase 1
2440,87,Phase 3
2441,156,Phase 3
2442,29,Phase 3
2443,52,Phase 2
2444,96,Phase 3
2445,146,Phase 2
2446,182,Phase 3
2447,199,Phase 2
2448,160,Phase 2
2449,122,Phase 3
2450,16,Phase 3
2451,136,Phase 1
2452,184,Phase 1
2453,54,Phase 2
2454,179,Phase 1
2455,56,Phase 1
2456,21,Phase 3
2457,139,Phase 3
2458,91,Phase 3
2459,80,Phase 2
2460,124,Phase 1
2461,118,Phase 2
2462,131,Phase 3
2463,71,Phase 2
2464,54,Phase 1
2465,145,Phase 1
2466,99,Phase 3
2467,121,Phase 2
2468,96,Phase 1
2469,122,Phase 1
2470,38,Phase 1
2471,172,Phase 3
2472,110,Phase 1
2473,76,Phase 2
2474,105,Phase 3
2475,55,Phase 3
2476,122,Phase 1
2477,87,Phase 2
2478,80,Phase 3
2479,52,Phase 1
2480,28,Phase 1
2481,116,Phase 1
2482,128,Phase 1
2483,57,Phase 3
2484,196,Phase 3
2485,39,Phase 1
2486,127,Phase 1
2487,142,Phase 3
2488,161,Phase 1
2489,176,Phase 2
2490,169,Phase 1
2491,135,Phase 2
2492,32,Phase 1
2493,88,Phase 1
2494,106,Phase 3
2495,29,Phase 1
2496,81,Phase 2
2497,139,Phase 3
2498,23,Phase 1
2499,158,Phase 2
2500,30,Phase 2
2501,30,Phase 2
2502,10,Phase 3
2503,115,Phase 3
2504,23,Phase 3
2505,51,Phase 2
2506,47,Phase 3
2507,103,Phase 2
2508,177,Phase 1
2509,62,Phase 1
2510,89,Phase 3
2511,33,Phase 1
2512,89,Phase 1
2513,49,Phase 2
2514,182,Phase 1
2515,109,Phase 1
2516,6,Phase 2
2517,179,Phase 3
2518,39,Phase 2
2519,95,Phase 3
2520,80,Phase 1
2521,62,Phase 3
2522,12,Phase 2
2523,68,Phase 3
2524,58,Phase 3
2525,155,Phase 1
2526,126,Phase 3
2527,29,Phase 1
2528,187,Phase 2
2529,14,Phase 3
2530,154,Phase 3
2531,25,Phase 1
2532,192,Phase 2
2533,15,Phase 2
2534,166,Phase 3
2535,78,Phase 3
2536,194,Phase 1
2537,177,Phase 1
2538,18,Phase 3
2539,78,Phase 2
2540,169,Phase 1
2541,66,Phase 2
2542,23,Phase 2
2543,45,Phase 2
2544,169,Phase 2
2545,131,Phase 1
2546,197,Phase 3
2547,77,Phase 2
2548,128,Phase 2
2549,95,Phase 1
2550,58,Phase 1
2551,120,Phase 2
2552,185,Phase 3
2553,38,Phase 3
2554,120,Phase 3
2555,161,Phase 3
2556,151,Phase 3
2557,103,Phase 1
2558,79,Phase 1
2559,69,Phase 2
2560,42,Phase 2
2561,97,Phase 1
2562,171,Phase 2
2563,200,Phase 2
2564,37,Phase 1
2565,33,Phase 2
2566,166,Phase 2
2567,100,Phase 3
2568,88,Phase 1
2569,106,Phase 1
2570,20,Phase 2
2571,185,Phase 1
2572,113,Phase 1
2573,107,Phase 3
2574,171,Phase 2
2575,131,Phase 2
2576,20,Phase 1
2577,79,Phase 1
2578,114,Phase 3
2579,48,Phase 3
2580,116,Phase 3
2581,100,Phase 3
2582,125,Phase 2
2583,62,Phase 1
2584,11,Phase 3
2585,3,Phase 1
2586,10,Phase 3
2587,22,Phase 3
2588,163,Phase 3
2589,156,Phase 2
2590,189,Phase 2
2591,155,Phase 3
2592,26,Phase 3
2593,131,Phase 1
2594,43,Phase 2
2595,197,Phase 2
2596,157,Phase 1
2597,114,Phase 3
2598,34,Phase 1
2599,78,Phase 2
2600,132,Phase 3
2601,28,Phase 3
2602,160,Phase 3
2603,115,Phase 2
2604,68,Phase 2
2605,99,Phase 1
2606,94,Phase 1
2607,191,Phase 1
2608,123,Phase 1
2609,122,Phase 2
2610,113,Phase 2
2611,135,Phase 2
2612,45,Phase 1
2613,65,Phase 3
2614,124,Phase 1
2615,79,Phase 2
2616,38,Phase 2
2617,117,Phase 3
2618,3,Phase 1
2619,55,Phase 3
2620,65,Phase 2
2621,57,Phase 1
2622,169,Phase 1
2623,99,Phase 2
2624,120,Phase 1
2625,60,Phase 2
2626,34,Phase 2
2627,140,Phase 2
2628,142,Phase 1
2629,43,Phase 3
2630,45,Phase 3
2631,112,Phase 1
2632,125,Phase 3
2633,136,Phase 3
2634,40,Phase 1
2635,137,Phase 1
2636,17,Phase 3
2637,47,Phase 3
2638,36,Phase 1
2639,60,Phase 1
2640,28,Phase 2
2641,131,Phase 1
2642,196,Phase 1
2643,124,Phase 1
2644,47,Phase 1
2645,17,Phase 1
2646,161,Phase 3
2647,133,Phase 1
2648,80,Phase 2
2649,67,Phase 3
2650,126,Phase 3
2651,14,Phase 1
2652,83,Phase 3
2653,179,Phase 3
2654,177,Phase 2
2655,174,Phase 3
2656,189,Phase 3
2657,126,Phase 3
2658,140,Phase 2
2659,193,Phase 2
2660,21,Phase 3
2661,39,Phase 3
2662,102,Phase 1
2663,96,Phase 1
2664,115,Phase 3
2665,20,Phase 2
2666,9,Phase 1
2667,17,Phase 3
2668,79,Phase 3
2669,73,Phase 2
2670,118,Phase 1
2671,170,Phase 2
2672,121,Phase 3
2673,195,Phase 2
2674,74,Phase 2
2675,174,Phase 1
2676,71,Phase 2
2677,2,Phase 2
2678,11,Phase 1
2679,67,Phase 1
2680,171,Phase 1
2681,122,Phase 1
2682,48,Phase 3
2683,193,Phase 3
2684,122,Phase 2
2685,121,Phase 1
2686,101,Phase 2
2687,179,Phase 2
2688,143,Phase 3
2689,37,Phase 1
2690,24,Phase 3
2691,121,Phase 3
2692,28,Phase 2
2693,117,Phase 3
2694,170,Phase 3
2695,107,Phase 1
2696,117,Phase 2
2697,160,Phase 3
2698,44,Phase 1
2699,151,Phase 2
2700,107,Phase 1
2701,65,Phase 2
2702,110,Phase 1
2703,28,Phase 1
2704,190,Phase 3
2705,63,Phase 2
2706,141,Phase 1
2707,117,Phase 2
2708,6,Phase 1
2709,44,Phase 2
2710,133,Phase 2
2711,107,Phase 1
2712,2,Phase 3
2713,113,Phase 3
2714,81,Phase 1
2715,22,Phase 1
2716,17,Phase 3
2717,56,Phase 2
2718,134,Phase 2
2719,2,Phase 3
2720,178,Phase 2
2721,176,Phase 2
2722,44,Phase 1
2723,79,Phase 1
2724,64,Phase 1
2725,126,Phase 2
2726,106,Phase 1
2727,33,Phase 3
2728,31,Phase 1
2729,105,Phase 3
2730,170,Phase 3
2731,88,Phase 1
2732,54,Phase 1
2733,165,Phase 3
2734,190,Phase 3
2735,100,Phase 1
2736,1,Phase 2
2737,36,Phase 1
2738,148,Phase 3
2739,140,Phase 3
2740,141,Phase 2
2741,132,Phase 1
2742,34,Phase 1
2743,121,Phase 2
2744,121,Phase 2
2745,194,Phase 3
2746,77,Phase 1
2747,73,Phase 1
2748,104,Phase 3
2749,63,Phase 1
2750,103,Phase 1
2751,129,Phase 1
2752,33,Phase 1
2753,150,Phase 3
2754,139,Phase 3
2755,71,Phase 1
2756,88,Phase 2
2757,138,Phase 3
2758,137,Phase 3
2759,28,Phase 3
2760,25,Phase 2
2761,94,Phase 2
2762,152,Phase 3
2763,187,Phase 2
2764,70,Phase 3
2765,170,Phase 3
2766,31,Phase 3
2767,198,Phase 2
2768,116,Phase 1
2769,60,Phase 2
2770,11,Phase 2
2771,149,Phase 3
2772,37,Phase 2
2773,25,Phase 2
2774,18,Phase 3
2775,158,Phase 2
2776,41,Phase 2
2777,56,Phase 2
2778,76,Phase 3
2779,8,Phase 1
2780,1,Phase 2
2781,44,Phase 2
2782,167,Phase 1
2783,182,Phase 1
2784,49,Phase 2
2785,60,Phase 2
2786,172,Phase 3
2787,87,Phase 1
2788,175,Phase 3
2789,96,Phase 1
2790,105,Phase 3
2791,142,Phase 1
2792,97,Phase 1
2793,122,Phase 1
2794,180,Phase 3
2795,30,Phase 1
2796,154,Phase 3
2797,72,Phase 3
2798,124,Phase 1
2799,110,Phase 1
2800,25,Phase 3
2801,39,Phase 3
2802,142,Phase 2
2803,111,Phase 3
2804,48,Phase 2
2805,133,Phase 3
2806,116,Phase 2
2807,135,Phase 3
2808,124,Phase 3
2809,141,Phase 3
2810,132,Phase 1
2811,136,Phase 1
2812,75,Phase 3
2813,40,Phase 1
2814,69,Phase 1
2815,120,Phase 3
2816,200,Phase 3
2817,120,Phase 3
2818,44,Phase 1
2819,45,Phase 3
2820,140,Phase 3
2821,45,Phase 1
2822,183,Phase 1
2823,114,Phase 3
2824,174,Phase 3
2825,192,Phase 3
2826,125,Phase 2
2827,79,Phase 2
2828,153,Phase 3
2829,27,Phase 1
2830,159,Phase 3
2831,79,Phase 2
2832,115,Phase 3
2833,43,Phase 3
2834,60,Phase 1
2835,81,Phase 2
2836,171,Phase 2
2837,29,Phase 2
2838,54,Phase 3
2839,110,Phase 2
2840,142,Phase 2
2841,154,Phase 1
2842,122,Phase 3
2843,35,Phase 1
2844,121,Phase 1
2845,79,Phase 2
2846,159,Phase 3
2847,65,Phase 2
2848,38,Phase 3
2849,39,Phase 2
2850,188,Phase 2
2851,79,Phase 2
2852,3,Phase 3
2853,192,Phase 1
2854,8,Phase 2
2855,33,Phase 3
2856,134,Phase 3
2857,75,Phase 3
2858,74,Phase 2
2859,27,Phase 3
2860,141,Phase 3
2861,184,Phase 1
2862,111,Phase 3
2863,19,Phase 2
2864,98,Phase 1
2865,58,Phase 2
2866,25,Phase 3
2867,175,Phase 1
2868,61,Phase 1
2869,125,Phase 1
2870,109,Phase 2
2871,198,Phase 2
2872,23,Phase 1
2873,88,Phase 3
2874,5,Phase 2
2875,129,Phase 3
2876,1,Phase 1
2877,10,Phase 1
2878,81,Phase 1
2879,194,Phase 3
2880,132,Phase 1
2881,85,Phase 1
2882,122,Phase 3
2883,144,Phase 2
2884,197,Phase 3
2885,80,Phase 2
2886,193,Phase 3
2887,199,Phase 2
2888,199,Phase 2
2889,179,Phase 2
2890,37,Phase 2
2891,193,Phase 3
2892,92,Phase 3
2893,37,Phase 2
2894,13,Phase 3
2895,21,Phase 1
2896,102,Phase 1
2897,85,Phase 3
2898,101,Phase 3
2899,160,Phase 2
2900,113,Phase 2
2901,105,Phase 3
2902,88,Phase 1
2903,56,Phase 1
2904,193,Phase 2
2905,96,Phase 2
2906,7,Phase 1
2907,112,Phase 3
2908,173,Phase 2
2909,23,Phase 2
2910,70,Phase 3
2911,170,Phase 3
2912,68,Phase 2
2913,135,Phase 1
2914,59,Phase 3
2915,144,Phase 1
2916,76,Phase 3
2917,15,Phase 2
2918,198,Phase 2
2919,108,Phase 2
2920,95,Phase 3
2921,107,Phase 3
2922,67,Phase 2
2923,144,Phase 1
2924,36,Phase 3
2925,29,Phase 2
2926,35,Phase 1
2927,137,Phase 2
2928,128,Phase 2
2929,97,Phase 3
2930,157,Phase 2
2931,117,Phase 2
2932,50,Phase 2
2933,137,Phase 1
2934,72,Phase 3
2935,43,Phase 2
2936,170,Phase 2
2937,19,Phase 1
2938,117,Phase 1
2939,12,Phase 1
2940,157,Phase 2
2941,99,Phase 2
2942,11,Phase 2
2943,128,Phase 3
2944,123,Phase 2
2945,170,Phase 3
2946,175,Phase 2
2947,131,Phase 3
2948,18,Phase 2
2949,133,Phase 3
2950,137,Phase 2
2951,150,Phase 3
2952,138,Phase 3
2953,147,Phase 2
2954,146,Phase 1
2955,24,Phase 1
2956,108,Phase 2
2957,71,Phase 3
2958,4,Phase 2
2959,31,Phase 2
2960,109,Phase 3
2961,157,Phase 3
2962,93,Phase 2
2963,183,Phase 2
2964,113,Phase 1
2965,111,Phase 3
2966,44,Phase 3
2967,97,Phase 3
2968,146,Phase 1
2969,32,Phase 3
2970,167,Phase 1
2971,134,Phase 1
2972,52,Phase 3
2973,143,Phase 2
2974,64,Phase 2
2975,22,Phase 1
2976,33,Phase 3
2977,83,Phase 3
2978,174,Phase 2
2979,127,Phase 3
2980,101,Phase 3
2981,189,Phase 2
2982,41,Phase 3
2983,164,Phase 1
2984,41,Phase 2
2985,167,Phase 1
2986,94,Phase 2
2987,183,Phase 3
2988,60,Phase 1
2989,165,Phase 3
2990,159,Phase 2
2991,45,Phase 2
2992,28,Phase 1
2993,130,Phase 3
2994,190,Phase 1
2995,12,Phase 3
2996,151,Phase 2
2997,24,Phase 2
2998,197,Phase 3
2999,97,Phase 1
3000,132,Phase 3
3001,12,Phase 3
3002,79,Phase 3
3003,26,Phase 3
3004,162,Phase 2
3005,146,Phase 1
3006,90,Phase 3
3007,22,Phase 2
3008,61,Phase 1
3009,64,Phase 2
3010,11,Phase 3
3011,4,Phase 2
3012,118,Phase 3
3013,199,Phase 3
3014,180,Phase 3
3015,188,Phase 3
3016,35,Phase 1
3017,170,Phase 2
3018,16,Phase 2
3019,113,Phase 2
3020,70,Phase 3
3021,78,Phase 1
3022,58,Phase 1
3023,14,Phase 3
3024,24,Phase 3
3025,63,Phase 3
3026,72,Phase 2
3027,193,Phase 3
3028,136,Phase 3
3029,167,Phase 2
3030,123,Phase 3
3031,189,Phase 3
3032,70,Phase 3
3033,41,Phase 1
3034,91,Phase 1
3035,173,Phase 3
3036,92,Phase 2
3037,100,Phase 2
3038,34,Phase 1
3039,40,Phase 3
3040,17,Phase 3
3041,135,Phase 2
3042,163,Phase 1
3043,2,Phase 2
3044,159,Phase 3
3045,37,Phase 1
3046,42,Phase 2
3047,199,Phase 2
3048,99,Phase 2
3049,151,Phase 3
3050,175,Phase 3
3051,30,Phase 3
3052,198,Phase 2
3053,83,Phase 2
3054,5,Phase 3
3055,64,Phase 3
3056,10,Phase 1
3057,43,Phase 3
3058,178,Phase 1
3059,90,Phase 2
3060,19,Phase 2
3061,165,Phase 2
3062,197,Phase 2
3063,154,Phase 3
3064,91,Phase 1
3065,93,Phase 3
3066,67,Phase 3
3067,120,Phase 1
3068,126,Phase 3
3069,91,Phase 2
3070,153,Phase 1
3071,181,Phase 2
3072,88,Phase 1
3073,172,Phase 2
3074,127,Phase 1
3075,166,Phase 3
3076,128,Phase 2
3077,134,Phase 1
3078,120,Phase 2
3079,23,Phase 2
3080,3,Phase 2
3081,11,Phase 2
3082,168,Phase 2
3083,173,Phase 1
3084,75,Phase 1
3085,97,Phase 3
3086,102,Phase 1
3087,92,Phase 3
3088,129,Phase 2
3089,15,Phase 3
3090,82,Phase 3
3091,128,Phase 3
3092,41,Phase 1
3093,170,Phase 2
3094,23,Phase 2
3095,185,Phase 1
3096,32,Phase 1
3097,99,Phase 3
3098,9,Phase 1
3099,127,Phase 3
3100,183,Phase 1
3101,138,Phase 2
3102,66,Phase 3
3103,102,Phase 2
3104,140,Phase 3
3105,132,Phase 2
3106,179,Phase 2
3107,177,Phase 1
3108,198,Phase 3
3109,89,Phase 2
3110,133,Phase 2
3111,102,Phase 1
3112,18,Phase 3
3113,71,Phase 2
3114,102,Phase 2
3115,11,Phase 3
3116,66,Phase 2
3117,112,Phase 2
3118,127,Phase 3
3119,133,Phase 3
3120,131,Phase 3
3121,164,Phase 1
3122,178,Phase 1
3123,192,Phase 1
3124,149,Phase 2
3125,26,Phase 3
3126,154,Phase 3
3127,4,Phase 3
3128,154,Phase 1
3129,121,Phase 3
3130,178,Phase 3
3131,159,Phase 3
3132,50,Phase 1
3133,45,Phase 2
3134,41,Phase 1
3135,195,Phase 3
3136,147,Phase 2
3137,8,Phase 1
3138,60,Phase 1
3139,148,Phase 3
3140,89,Phase 1
3141,46,Phase 1
3142,38,Phase 2
3143,179,Phase 2
3144,187,Phase 3
3145,57,Phase 2
3146,177,Phase 1
3147,121,Phase 3
3148,113,Phase 3
3149,1,Phase 1
3150,84,Phase 2
3151,84,Phase 2
3152,112,Phase 3
3153,173,Phase 3
3154,14,Phase 2
3155,177,Phase 1
3156,51,Phase 3
3157,105,Phase 3
3158,162,Phase 2
3159,146,Phase 1
3160,4,Phase 2
3161,53,Phase 2
3162,70,Phase 2
3163,194,Phase 3
3164,34,Phase 1
3165,16,Phase 1
3166,76,Phase 2
3167,34,Phase 2
3168,85,Phase 2
3169,96,Phase 2
3170,151,Phase 1
3171,121,Phase 3
3172,131,Phase 3
3173,129,Phase 1
3174,148,Phase 1
3175,130,Phase 3
3176,178,Phase 2
3177,172,Phase 3
3178,61,Phase 1
3179,18,Phase 2
3180,10,Phase 2
3181,46,Phase 2
3182,129,Phase 3
3183,6,Phase 1
3184,181,Phase 2
3185,21,Phase 2
3186,113,Phase 3
3187,33,Phase 2
3188,65,Phase 1
3189,127,Phase 2
3190,159,Phase 2
3191,175,Phase 2
3192,72,Phase 2
3193,28,Phase 1
3194,97,Phase 3
3195,85,Phase 1
3196,144,Phase 1
3197,113,Phase 2
3198,49,Phase 2
3199,99,Phase 2
3200,77,Phase 3
3201,84,Phase 1
3202,102,Phase 1
3203,133,Phase 1
3204,116,Phase 1
3205,6,Phase 3
3206,190,Phase 3
3207,1,Phase 3
3208,1,Phase 2
3209,114,Phase 1
3210,35,Phase 2
3211,119,Phase 1
3212,60,Phase 1
3213,167,Phase 1
3214,113,Phase 1
3215,139,Phase 1
3216,37,Phase 2
3217,20,Phase 2
3218,53,Phase 2
3219,120,Phase 2
3220,119,Phase 2
3221,100,Phase 3
3222,118,Phase 3
3223,190,Phase 3
3224,1,Phase 2
3225,161,Phase 1
3226,141,Phase 3
3227,71,Phase 3
3228,71,Phase 3
3229,56,Phase 3
3230,150,Phase 2
3231,38,Phase 2
3232,13,Phase 2
3233,1,Phase 3
3234,175,Phase 3
3235,160,Phase 2
3236,187,Phase 3
3237,22,Phase 2
3238,179,Phase 3
3239,43,Phase 3
3240,15,Phase 1
3241,87,Phase 3
3242,123,Phase 3
3243,9,Phase 2
3244,114,Phase 2
3245,127,Phase 1
3246,110,Phase 3
3247,146,Phase 2
3248,154,Phase 3
3249,42,Phase 3
3250,108,Phase 3
3251,48,Phase 2
3252,186,Phase 2
3253,133,Phase 3
3254,92,Phase 1
3255,53,Phase 2
3256,33,Phase 2
3257,192,Phase 1
3258,7,Phase 1
3259,34,Phase 1
3260,21,Phase 1
3261,167,Phase 1
3262,175,Phase 1
3263,53,Phase 1
3264,120,Phase 1
3265,129,Phase 3
3266,30,Phase 3
3267,50,Phase 3
3268,28,Phase 3
3269,98,Phase 1
3270,30,Phase 2
3271,146,Phase 1
3272,95,Phase 3
3273,165,Phase 1
3274,74,Phase 2
3275,194,Phase 1
3276,80,Phase 1
3277,12,Phase 2
3278,30,Phase 2
3279,195,Phase 1
3280,142,Phase 2
3281,96,Phase 1
3282,29,Phase 2
3283,197,Phase 1
3284,182,Phase 1
3285,139,Phase 1
3286,105,Phase 2
3287,5,Phase 3
3288,12,Phase 1
3289,1,Phase 3
3290,17,Phase 1
3291,173,Phase 2
3292,122,Phase 2
3293,191,Phase 1
3294,123,Phase 1
3295,25,Phase 3
3296,33,Phase 3
3297,126,Phase 3
3298,50,Phase 2
3299,187,Phase 3
3300,27,Phase 1
3301,175,Phase 3
3302,53,Phase 2
3303,99,Phase 1
3304,133,Phase 1
3305,74,Phase 1
3306,75,Phase 3
3307,135,Phase 3
3308,70,Phase 3
3309,180,Phase 3
3310,94,Phase 3
3311,179,Phase 2
3312,198,Phase 2
3313,148,Phase 2
3314,79,Phase 3
3315,11,Phase 2
3316,109,Phase 1
3317,86,Phase 2
3318,97,Phase 3
3319,6,Phase 1
3320,151,Phase 1
3321,7,Phase 1
3322,22,Phase 2
3323,192,Phase 3
3324,10,Phase 2
3325,141,Phase 2
3326,79,Phase 3
3327,79,Phase 1
3328,173,Phase 3
3329,92,Phase 3
3330,70,Phase 2
3331,161,Phase 2
3332,6,Phase 2
3333,5,Phase 1
3334,140,Phase 2
3335,84,Phase 2
3336,165,Phase 1
3337,68,Phase 1
3338,186,Phase 1
3339,137,Phase 2
3340,89,Phase 3
3341,149,Phase 3
3342,39,Phase 1
3343,77,Phase 3
3344,57,Phase 2
3345,75,Phase 2
3346,77,Phase 1
3347,98,Phase 3
3348,97,Phase 1
3349,163,Phase 1
3350,61,Phase 2
3351,43,Phase 3
3352,147,Phase 1
3353,165,Phase 2
3354,137,Phase 3
3355,197,Phase 3
3356,112,Phase 2
3357,139,Phase 1
3358,97,Phase 2
3359,198,Phase 2
3360,151,Phase 1
3361,166,Phase 2
3362,122,Phase 3
3363,102,Phase 1
3364,124,Phase 1
3365,177,Phase 2
3366,4,Phase 1
3367,52,Phase 1
3368,169,Phase 3
3369,199,Phase 3
3370,107,Phase 1
3371,50,Phase 2
3372,65,Phase 3
3373,74,Phase 2
3374,16,Phase 3
3375,91,Phase 1
3376,161,Phase 3
3377,90,Phase 3
3378,106,Phase 2
3379,124,Phase 2
3380,38,Phase 3
3381,1,Phase 2
3382,67,Phase 1
3383,34,Phase 2
3384,37,Phase 1
3385,73,Phase 2
3386,161,Phase 2
3387,45,Phase 2
3388,47,Phase 2
3389,44,Phase 1
3390,176,Phase 3
3391,156,Phase 2
3392,78,Phase 1
3393,142,Phase 3
3394,15,Phase 2
3395,23,Phase 3
3396,22,Phase 2
3397,65,Phase 1
3398,72,Phase 2
3399,13,Phase 1
3400,170,Phase 1
3401,146,Phase 2
3402,197,Phase 3
3403,141,Phase 1
3404,63,Phase 3
3405,197,Phase 1
3406,57,Phase 3
3407,142,Phase 3
3408,177,Phase 1
3409,134,Phase 3
3410,51,Phase 3
3411,7,Phase 3
3412,129,Phase 2
3413,61,Phase 3
3414,174,Phase 1
3415,156,Phase 1
3416,117,Phase 3
3417,72,Phase 1
3418,61,Phase 2
3419,69,Phase 3
3420,112,Phase 1
3421,126,Phase 2
3422,176,Phase 2
3423,127,Phase 1
3424,55,Phase 3
3425,44,Phase 2
3426,59,Phase 1
3427,11,Phase 1
3428,100,Phase 1
3429,31,Phase 1
3430,157,Phase 3
3431,22,Phase 1
3432,128,Phase 2
3433,175,Phase 2
3434,29,Phase 2
3435,178,Phase 3
3436,32,Phase 3
3437,136,Phase 3
3438,181,Phase 3
3439,163,Phase 2
3440,30,Phase 1
3441,99,Phase 3
3442,52,Phase 3
3443,72,Phase 2
3444,159,Phase 1
3445,6,Phase 2
3446,177,Phase 1
3447,183,Phase 1
3448,29,Phase 2
3449,48,Phase 3
3450,200,Phase 1
3451,135,Phase 2
3452,21,Phase 1
3453,53,Phase 2
3454,53,Phase 2
3455,144,Phase 2
3456,42,Phase 3
3457,155,Phase 2
3458,41,Phase 2
3459,96,Phase 1
3460,87,Phase 3
3461,179,Phase 3
3462,73,Phase 2
3463,80,Phase 3
3464,169,Phase 1
3465,189,Phase 2
3466,28,Phase 3
3467,135,Phase 3
3468,130,Phase 3
3469,18,Phase 1
3470,24,Phase 1
3471,53,Phase 1
3472,38,Phase 3
3473,191,Phase 1
3474,54,Phase 1
3475,102,Phase 3
3476,141,Phase 3
3477,25,Phase 3
3478,135,Phase 2
3479,29,Phase 1
3480,189,Phase 2
3481,43,Phase 3
3482,178,Phase 2
3483,90,Phase 1
3484,175,Phase 2
3485,126,Phase 2
3486,174,Phase 2
3487,31,Phase 3
3488,117,Phase 3
3489,104,Phase 2
3490,85,Phase 2
3491,24,Phase 3
3492,108,Phase 2
3493,121,Phase 1
3494,140,Phase 3
3495,126,Phase 2
3496,33,Phase 2
3497,54,Phase 3
3498,47,Phase 1
3499,190,Phase 1
3500,33,Phase 1
3501,64,Phase 3
3502,156,Phase 1
3503,110,Phase 1
3504,68,Phase 1
3505,56,Phase 2
3506,128,Phase 2
3507,135,Phase 3
3508,119,Phase 2
3509,169,Phase 3
3510,132,Phase 3
3511,69,Phase 2
3512,198,Phase 1
3513,134,Phase 3
3514,25,Phase 2
3515,174,Phase 2
3516,180,Phase 1
3517,29,Phase 3
3518,115,Phase 3
3519,140,Phase 1
3520,56,Phase 2
3521,193,Phase 2
3522,138,Phase 1
3523,154,Phase 1
3524,85,Phase 3
3525,86,Phase 2
3526,175,Phase 1
3527,122,Phase 1
3528,139,Phase 1
3529,130,Phase 2
3530,100,Phase 1
3531,132,Phase 1
3532,17,Phase 3
3533,190,Phase 2
3534,200,Phase 3
3535,129,Phase 1
3536,78,Phase 3
3537,63,Phase 2
3538,200,Phase 1
3539,170,Phase 2
3540,17,Phase 2
3541,108,Phase 3
3542,81,Phase 1
3543,200,Phase 3
3544,188,Phase 2
3545,152,Phase 3
3546,101,Phase 1
3547,19,Phase 2
3548,116,Phase 1
3549,167,Phase 2
3550,98,Phase 1
3551,28,Phase 3
3552,114,Phase 3
3553,76,Phase 3
3554,57,Phase 1
3555,49,Phase 2
3556,128,Phase 2
3557,150,Phase 2
3558,96,Phase 3
3559,174,Phase 3
3560,88,Phase 1
3561,129,Phase 1
3562,50,Phase 1
3563,37,Phase 2
3564,9,Phase 2
3565,105,Phase 3
3566,167,Phase 2
3567,66,Phase 2
3568,152,Phase 3
3569,164,Phase 2
3570,36,Phase 2
3571,22,Phase 2
3572,106,Phase 3
3573,148,Phase 3
3574,122,Phase 3
3575,150,Phase 1
3576,83,Phase 1
3577,189,Phase 2
3578,175,Phase 3
3579,107,Phase 3
3580,184,Phase 2
3581,57,Phase 1
3582,43,Phase 3
3583,80,Phase 1
3584,38,Phase 3
3585,85,Phase 2
3586,61,Phase 3
3587,184,Phase 1
3588,39,Phase 3
3589,9,Phase 3
3590,40,Phase 2
3591,123,Phase 2
3592,57,Phase 2
3593,171,Phase 2
3594,62,Phase 1
3595,37,Phase 2
3596,13,Phase 3
3597,116,Phase 2
3598,33,Phase 2
3599,8,Phase 2
3600,11,Phase 2
3601,180,Phase 2
3602,135,Phase 3
3603,174,Phase 3
3604,190,Phase 1
3605,40,Phase 3
3606,174,Phase 3
3607,140,Phase 3
3608,5,Phase 2
3609,163,Phase 2
3610,54,Phase 3
3611,136,Phase 3
3612,73,Phase 1
3613,102,Phase 1
3614,174,Phase 3
3615,68,Phase 1
3616,102,Phase 1
3617,187,Phase 1
3618,1,Phase 3
3619,27,Phase 1
3620,85,Phase 1
3621,30,Phase 1
3622,86,Phase 2
3623,100,Phase 3
3624,43,Phase 3
3625,123,Phase 2
3626,94,Phase 2
3627,133,Phase 2
3628,161,Phase 2
3629,55,Phase 2
3630,112,Phase 2
3631,147,Phase 3
3632,185,Phase 1
3633,32,Phase 2
3634,135,Phase 1
3635,10,Phase 1
3636,88,Phase 2
3637,8,Phase 1
3638,103,Phase 3
3639,193,Phase 2
3640,62,Phase 2
3641,184,Phase 3
3642,151,Phase 3
3643,126,Phase 1
3644,44,Phase 3
3645,38,Phase 1
3646,83,Phase 2
3647,29,Phase 3
3648,101,Phase 3
3649,89,Phase 1
3650,11,Phase 1
3651,167,Phase 2
3652,182,Phase 3
3653,137,Phase 3
3654,12,Phase 1
3655,113,Phase 1
3656,141,Phase 2
3657,83,Phase 1
3658,97,Phase 3
3659,110,Phase 3
3660,27,Phase 2
3661,167,Phase 2
3662,101,Phase 2
3663,108,Phase 2
3664,94,Phase 1
3665,151,Phase 2
3666,5,Phase 3
3667,45,Phase 1
3668,192,Phase 2
3669,187,Phase 1
3670,102,Phase 1
3671,50,Phase 2
3672,81,Phase 3
3673,41,Phase 3
3674,41,Phase 3
3675,96,Phase 3
3676,59,Phase 2
3677,109,Phase 2
3678,75,Phase 1
3679,171,Phase 3
3680,83,Phase 3
3681,156,Phase 2
3682,179,Phase 2
3683,26,Phase 2
3684,52,Phase 3
3685,87,Phase 2
3686,10,Phase 3
3687,170,Phase 1
3688,134,Phase 2
3689,193,Phase 2
3690,41,Phase 2
3691,23,Phase 2
3692,149,Phase 2
3693,86,Phase 1
3694,61,Phase 2
3695,163,Phase 2
3696,87,Phase 3
3697,88,Phase 1
3698,134,Phase 2
3699,170,Phase 2
3700,141,Phase 1
3701,125,Phase 1
3702,96,Phase 1
3703,122,Phase 1
3704,174,Phase 3
3705,166,Phase 1
3706,136,Phase 1
3707,99,Phase 3
3708,123,Phase 1
3709,98,Phase 2
3710,62,Phase 1
3711,41,Phase 3
3712,86,Phase 1
3713,172,Phase 2
3714,28,Phase 1
3715,92,Phase 2
3716,133,Phase 2
3717,53,Phase 1
3718,18,Phase 3
3719,41,Phase 3
3720,85,Phase 3
3721,148,Phase 1
3722,46,Phase 3
3723,158,Phase 3
3724,54,Phase 1
3725,30,Phase 2
3726,130,Phase 2
3727,18,Phase 2
3728,72,Phase 1
3729,102,Phase 2
3730,23,Phase 3
3731,51,Phase 1
3732,72,Phase 1
3733,26,Phase 1
3734,119,Phase 3
3735,32,Phase 3
3736,152,Phase 1
3737,177,Phase 1
3738,51,Phase 1
3739,179,Phase 3
3740,75,Phase 2
3741,89,Phase 2
3742,55,Phase 3
3743,119,Phase 2
3744,111,Phase 2
3745,26,Phase 2
3746,72,Phase 1
3747,81,Phase 3
3748,10,Phase 1
3749,163,Phase 3
3750,186,Phase 3
3751,13,Phase 1
3752,117,Phase 1
3753,98,Phase 1
3754,50,Phase 1
3755,142,Phase 1
3756,192,Phase 1
3757,155,Phase 2
3758,14,Phase 3
3759,128,Phase 3
3760,23,Phase 2
3761,146,Phase 3
3762,93,Phase 3
3763,51,Phase 3
3764,53,Phase 3
3765,96,Phase 1
3766,166,Phase 2
3767,24,Phase 2
3768,121,Phase 3
3769,72,Phase 3
3770,79,Phase 1
3771,160,Phase 1
3772,196,Phase 2
3773,182,Phase 2
3774,145,Phase 3
3775,5,Phase 1
3776,25,Phase 2
3777,150,Phase 3
3778,138,Phase 1
3779,29,Phase 3
3780,53,Phase 2
3781,174,Phase 1
3782,5,Phase 2
3783,129,Phase 3
3784,179,Phase 2
3785,18,Phase 3
3786,73,Phase 1
3787,68,Phase 1
3788,170,Phase 3
3789,53,Phase 1
3790,96,Phase 1
3791,19,Phase 1
3792,193,Phase 2
3793,151,Phase 2
3794,121,Phase 2
3795,57,Phase 2
3796,69,Phase 1
3797,165,Phase 1
3798,165,Phase 2
3799,196,Phase 3
3800,181,Phase 2
3801,10,Phase 3
3802,16,Phase 2
3803,24,Phase 3
3804,71,Phase 2
3805,121,Phase 3
3806,99,Phase 1
3807,194,Phase 1
3808,117,Phase 2
3809,183,Phase 2
3810,13,Phase 3
3811,19,Phase 3
3812,144,Phase 2
3813,61,Phase 2
3814,156,Phase 2
3815,146,Phase 1
3816,129,Phase 3
3817,30,Phase 1
3818,80,Phase 1
3819,143,Phase 3
3820,43,Phase 2
3821,58,Phase 3
3822,32,Phase 1
3823,61,Phase 2
3824,9,Phase 2
3825,127,Phase 2
3826,22,Phase 3
3827,12,Phase 2
3828,9,Phase 3
3829,141,Phase 2
3830,50,Phase 1
3831,83,Phase 2
3832,55,Phase 2
3833,166,Phase 2
3834,184,Phase 2
3835,138,Phase 3
3836,66,Phase 1
3837,31,Phase 2
3838,46,Phase 1
3839,87,Phase 1
3840,96,Phase 3
3841,125,Phase 2
3842,10,Phase 3
3843,182,Phase 2
3844,94,Phase 1
3845,194,Phase 2
3846,64,Phase 3
3847,188,Phase 1
3848,29,Phase 3
3849,125,Phase 1
3850,169,Phase 3
3851,92,Phase 2
3852,32,Phase 3
3853,14,Phase 1
3854,35,Phase 3
3855,12,Phase 2
3856,3,Phase 1
3857,128,Phase 2
3858,172,Phase 1
3859,5,Phase 1
3860,126,Phase 2
3861,138,Phase 3
3862,64,Phase 1
3863,78,Phase 1
3864,42,Phase 3
3865,72,Phase 3
3866,85,Phase 1
3867,9,Phase 1
3868,156,Phase 2
3869,162,Phase 3
3870,51,Phase 1
3871,74,Phase 2
3872,34,Phase 3
3873,96,Phase 3
3874,72,Phase 1
3875,28,Phase 1
3876,34,Phase 2
3877,17,Phase 1
3878,131,Phase 1
3879,90,Phase 1
3880,131,Phase 1
3881,188,Phase 2
3882,114,Phase 3
3883,25,Phase 2
3884,158,Phase 2
3885,87,Phase 3
3886,183,Phase 2
3887,155,Phase 1
3888,89,Phase 3
3889,96,Phase 1
3890,42,Phase 1
3891,98,Phase 1
3892,131,Phase 2
3893,1,Phase 2
3894,5,Phase 2
3895,103,Phase 3
3896,31,Phase 2
3897,114,Phase 1
3898,196,Phase 3
3899,170,Phase 3
3900,74,Phase 3
3901,144,Phase 2
3902,157,Phase 3
3903,4,Phase 2
3904,129,Phase 3
3905,145,Phase 2
3906,65,Phase 1
3907,196,Phase 3
3908,145,Phase 2
3909,107,Phase 1
3910,103,Phase 2
3911,68,Phase 3
3912,198,Phase 1
3913,179,Phase 3
3914,126,Phase 1
3915,189,Phase 2
3916,116,Phase 1
3917,65,Phase 1
3918,104,Phase 1
3919,179,Phase 3
3920,162,Phase 3
3921,183,Phase 2
3922,38,Phase 1
3923,16,Phase 3
3924,27,Phase 3
3925,54,Phase 3
3926,66,Phase 3
3927,123,Phase 2
3928,61,Phase 3
3929,18,Phase 1
3930,33,Phase 1
3931,18,Phase 3
3932,137,Phase 3
3933,169,Phase 1
3934,113,Phase 2
3935,56,Phase 1
3936,49,Phase 3
3937,62,Phase 3
3938,9,Phase 3
3939,8,Phase 2
3940,75,Phase 2
3941,107,Phase 2
3942,34,Phase 3
3943,28,Phase 2
3944,34,Phase 2
3945,16,Phase 3
3946,168,Phase 2
3947,79,Phase 1
3948,146,Phase 3
3949,65,Phase 2
3950,182,Phase 1
3951,169,Phase 1
3952,106,Phase 3
3953,186,Phase 1
3954,20,Phase 2
3955,199,Phase 1
3956,40,Phase 2
3957,169,Phase 1
3958,154,Phase 3
3959,193,Phase 2
3960,105,Phase 1
3961,125,Phase 1
3962,184,Phase 3
3963,190,Phase 3
3964,76,Phase 1
3965,52,Phase 2
3966,108,Phase 1
3967,56,Phase 1
3968,68,Phase 2
3969,69,Phase 3
3970,60,Phase 1
3971,130,Phase 1
3972,9,Phase 3
3973,186,Phase 3
3974,53,Phase 3
3975,1,Phase 2
3976,113,Phase 2
3977,8,Phase 1
3978,116,Phase 2
3979,25,Phase 2
3980,179,Phase 1
3981,136,Phase 2
3982,186,Phase 3
3983,23,Phase 2
3984,197,Phase 3
3985,198,Phase 1
3986,141,Phase 3
3987,45,Phase 3
3988,15,Phase 3
3989,33,Phase 1
3990,68,Phase 3
3991,194,Phase 1
3992,102,Phase 3
3993,170,Phase 1
3994,69,Phase 3
3995,181,Phase 2
3996,101,Phase 3
3997,90,Phase 2
3998,79,Phase 2
3999,105,Phase 1
4000,58,Phase 1
4001,17,Phase 2
4002,83,Phase 3
4003,152,Phase 3
4004,170,Phase 2
4005,2,Phase 1
4006,169,Phase 1
4007,65,Phase 2
4008,179,Phase 1
4009,11,Phase 2
4010,169,Phase 3
4011,197,Phase 3
4012,136,Phase 1
4013,148,Phase 2
4014,193,Phase 3
4015,20,Phase 2
4016,146,Phase 1
4017,47,Phase 2
4018,21,Phase 1
4019,122,Phase 1
4020,82,Phase 3
4021,18,Phase 2
4022,183,Phase 1
4023,183,Phase 2
4024,32,Phase 2
4025,71,Phase 2
4026,179,Phase 2
4027,93,Phase 2
4028,18,Phase 2
4029,47,Phase 3
4030,152,Phase 1
4031,132,Phase 2
4032,85,Phase 1
4033,1,Phase 1
4034,182,Phase 1
4035,119,Phase 1
4036,156,Phase 1
4037,139,Phase 3
4038,99,Phase 1
4039,12,Phase 2
4040,133,Phase 3
4041,145,Phase 3
4042,40,Phase 2
4043,48,Phase 1
4044,116,Phase 2
4045,148,Phase 3
4046,148,Phase 3
4047,143,Phase 3
4048,17,Phase 2
4049,183,Phase 1
4050,199,Phase 1
4051,130,Phase 3
4052,125,Phase 3
4053,17,Phase 1
4054,61,Phase 2
4055,78,Phase 2
4056,161,Phase 1
4057,106,Phase 2
4058,126,Phase 1
4059,195,Phase 2
4060,195,Phase 2
4061,143,Phase 3
4062,37,Phase 2
4063,89,Phase 2
4064,141,Phase 1
4065,8,Phase 2
4066,155,Phase 2
4067,141,Phase 1
4068,145,Phase 3
4069,40,Phase 2
4070,121,Phase 3
4071,3,Phase 2
4072,32,Phase 1
4073,8,Phase 1
4074,167,Phase 3
4075,18,Phase 2
4076,12,Phase 1
4077,12,Phase 3
4078,105,Phase 1
4079,197,Phase 3
4080,153,Phase 2
4081,87,Phase 3
4082,4,Phase 1
4083,118,Phase 3
4084,125,Phase 1
4085,33,Phase 3
4086,159,Phase 1
4087,177,Phase 1
4088,129,Phase 2
4089,24,Phase 2
4090,118,Phase 3
4091,175,Phase 1
4092,106,Phase 2
4093,189,Phase 2
4094,19,Phase 1
4095,146,Phase 3
4096,180,Phase 3
4097,151,Phase 1
4098,113,Phase 2
4099,129,Phase 3
4100,176,Phase 2
4101,173,Phase 2
4102,167,Phase 3
4103,172,Phase 2
4104,165,Phase 2
4105,23,Phase 1
4106,153,Phase 2
4107,118,Phase 2
4108,23,Phase 1
4109,168,Phase 3
4110,97,Phase 1
4111,101,Phase 1
4112,177,Phase 1
4113,159,Phase 1
4114,110,Phase 3
4115,47,Phase 1
4116,51,Phase 3
4117,73,Phase 2
4118,112,Phase 1
4119,147,Phase 1
4120,100,Phase 2
4121,173,Phase 1
4122,22,Phase 1
4123,196,Phase 2
4124,32,Phase 1
4125,159,Phase 2
4126,162,Phase 3
4127,110,Phase 1
4128,108,Phase 1
4129,181,Phase 3
4130,133,Phase 3
4131,49,Phase 2
4132,35,Phase 1
4133,153,Phase 1
4134,131,Phase 3
4135,179,Phase 3
4136,75,Phase 2
4137,13,Phase 3
4138,4,Phase 3
4139,105,Phase 2
4140,15,Phase 3
4141,189,Phase 3
4142,1,Phase 3
4143,89,Phase 1
4144,20,Phase 2
4145,200,Phase 2
4146,130,Phase 1
4147,68,Phase 1
4148,51,Phase 1
4149,18,Phase 1
4150,116,Phase 2
4151,58,Phase 2
4152,55,Phase 1
4153,32,Phase 3
4154,93,Phase 3
4155,10,Phase 1
4156,141,Phase 3
4157,150,Phase 3
4158,146,Phase 1
4159,23,Phase 2
4160,146,Phase 2
4161,111,Phase 1
4162,127,Phase 2
4163,16,Phase 3
4164,176,Phase 3
4165,200,Phase 2
4166,138,Phase 1
4167,113,Phase 1
4168,196,Phase 2
4169,61,Phase 1
4170,190,Phase 1
4171,144,Phase 2
4172,154,Phase 1
4173,5,Phase 2
4174,2,Phase 2
4175,113,Phase 3
4176,131,Phase 1
4177,179,Phase 1
4178,106,Phase 3
4179,186,Phase 2
4180,68,Phase 1
4181,183,Phase 1
4182,64,Phase 1
4183,103,Phase 1
4184,149,Phase 1
4185,114,Phase 1
4186,196,Phase 1
4187,71,Phase 2
4188,145,Phase 2
4189,55,Phase 3
4190,123,Phase 1
4191,26,Phase 1
4192,119,Phase 3
4193,153,Phase 2
4194,136,Phase 2
4195,127,Phase 3
4196,190,Phase 1
4197,96,Phase 1
4198,104,Phase 3
4199,158,Phase 1
4200,93,Phase 1
4201,95,Phase 3
4202,51,Phase 2
4203,25,Phase 2
4204,28,Phase 2
4205,161,Phase 2
4206,117,Phase 1
4207,89,Phase 3
4208,43,Phase 1
4209,193,Phase 2
4210,16,Phase 3
4211,95,Phase 2
4212,96,Phase 1
4213,49,Phase 1
4214,181,Phase 2
4215,149,Phase 1
4216,85,Phase 3
4217,147,Phase 3
4218,31,Phase 1
4219,59,Phase 2
4220,172,Phase 2
4221,159,Phase 2
4222,52,Phase 3
4223,158,Phase 3
4224,47,Phase 3
4225,173,Phase 1
4226,129,Phase 2
4227,136,Phase 2
4228,4,Phase 3
4229,107,Phase 1
4230,184,Phase 1
4231,88,Phase 2
4232,142,Phase 1
4233,146,Phase 2
4234,142,Phase 2
4235,23,Phase 2
4236,17,Phase 1
4237,26,Phase 1
4238,1,Phase 3
4239,117,Phase 2
4240,82,Phase 1
4241,26,Phase 1
4242,74,Phase 3
4243,93,Phase 2
4244,48,Phase 3
4245,174,Phase 1
4246,180,Phase 2
4247,20,Phase 2
4248,170,Phase 1
4249,189,Phase 2
4250,183,Phase 3
4251,39,Phase 1
4252,110,Phase 1
4253,99,Phase 1
4254,161,Phase 3
4255,187,Phase 1
4256,154,Phase 3
4257,137,Phase 1
4258,148,Phase 3
4259,3,Phase 3
4260,184,Phase 1
4261,78,Phase 2
4262,87,Phase 3
4263,68,Phase 3
4264,72,Phase 3
4265,87,Phase 2
4266,36,Phase 2
4267,59,Phase 3
4268,88,Phase 3
4269,134,Phase 2
4270,77,Phase 2
4271,14,Phase 3
4272,122,Phase 2
4273,136,Phase 2
4274,126,Phase 1
4275,144,Phase 2
4276,34,Phase 2
4277,122,Phase 3
4278,181,Phase 3
4279,165,Phase 1
4280,147,Phase 3
4281,195,Phase 1
4282,4,Phase 3
4283,145,Phase 3
4284,133,Phase 2
4285,99,Phase 2
4286,135,Phase 2
4287,66,Phase 1
4288,175,Phase 1
4289,61,Phase 2
4290,129,Phase 1
4291,58,Phase 3
4292,70,Phase 1
4293,14,Phase 2
4294,4,Phase 2
4295,152,Phase 2
4296,125,Phase 3
4297,11,Phase 2
4298,151,Phase 2
4299,169,Phase 3
4300,152,Phase 3
4301,122,Phase 2
4302,52,Phase 1
4303,106,Phase 2
4304,9,Phase 3
4305,193,Phase 1
4306,6,Phase 1
4307,108,Phase 3
4308,171,Phase 2
4309,46,Phase 3
4310,66,Phase 2
4311,60,Phase 2
4312,46,Phase 3
4313,171,Phase 3
4314,196,Phase 2
4315,71,Phase 2
4316,20,Phase 1
4317,188,Phase 1
4318,17,Phase 3
4319,22,Phase 3
4320,9,Phase 3
4321,32,Phase 1
4322,32,Phase 3
4323,117,Phase 3
4324,109,Phase 3
4325,55,Phase 2
4326,108,Phase 1
4327,164,Phase 3
4328,78,Phase 2
4329,5,Phase 1
4330,185,Phase 1
4331,114,Phase 2
4332,68,Phase 3
4333,164,Phase 2
4334,166,Phase 3
4335,37,Phase 2
4336,199,Phase 2
4337,177,Phase 2
4338,46,Phase 1
4339,73,Phase 2
4340,16,Phase 1
4341,178,Phase 2
4342,200,Phase 3
4343,200,Phase 1
4344,131,Phase 3
4345,95,Phase 3
4346,78,Phase 1
4347,14,Phase 3
4348,117,Phase 2
4349,91,Phase 3
4350,183,Phase 2
4351,189,Phase 3
4352,18,Phase 3
4353,179,Phase 1
4354,137,Phase 1
4355,143,Phase 1
4356,71,Phase 2
4357,37,Phase 3
4358,84,Phase 2
4359,161,Phase 3
4360,29,Phase 1
4361,52,Phase 1
4362,174,Phase 1
4363,32,Phase 2
4364,119,Phase 3
4365,65,Phase 2
4366,152,Phase 3
4367,122,Phase 2
4368,58,Phase 2
4369,172,Phase 1
4370,26,Phase 1
4371,164,Phase 2
4372,74,Phase 3
4373,31,Phase 2
4374,147,Phase 3
4375,164,Phase 1
4376,140,Phase 3
4377,141,Phase 3
4378,161,Phase 3
4379,138,Phase 2
4380,83,Phase 1
4381,44,Phase 2
4382,163,Phase 2
4383,176,Phase 3
4384,6,Phase 2
4385,107,Phase 1
4386,159,Phase 1
4387,156,Phase 2
4388,198,Phase 1
4389,99,Phase 1
4390,103,Phase 2
4391,5,Phase 2
4392,99,Phase 1
4393,187,Phase 3
4394,184,Phase 2
4395,57,Phase 2
4396,20,Phase 3
4397,145,Phase 2
4398,43,Phase 3
4399,65,Phase 3
4400,4,Phase 3
4401,43,Phase 1
4402,47,Phase 1
4403,30,Phase 2
4404,146,Phase 1
4405,16,Phase 1
4406,64,Phase 3
4407,41,Phase 3
4408,85,Phase 1
4409,73,Phase 2
4410,88,Phase 2
4411,178,Phase 1
4412,163,Phase 2
4413,56,Phase 1
4414,10,Phase 1
4415,162,Phase 3
4416,86,Phase 3
4417,128,Phase 2
4418,19,Phase 3
4419,133,Phase 2
4420,94,Phase 1
4421,19,Phase 2
4422,127,Phase 3
4423,124,Phase 1
4424,104,Phase 1
4425,164,Phase 1
4426,152,Phase 1
4427,143,Phase 1
4428,60,Phase 2
4429,137,Phase 3
4430,56,Phase 3
4431,199,Phase 3
4432,115,Phase 1
4433,101,Phase 1
4434,108,Phase 1
4435,176,Phase 2
4436,192,Phase 2
4437,9,Phase 2
4438,125,Phase 3
4439,198,Phase 1
4440,145,Phase 2
4441,198,Phase 2
4442,69,Phase 2
4443,42,Phase 1
4444,104,Phase 2
4445,39,Phase 2
4446,169,Phase 3
4447,40,Phase 1
4448,192,Phase 1
4449,110,Phase 2
4450,146,Phase 3
4451,80,Phase 2
4452,111,Phase 1
4453,101,Phase 3
4454,12,Phase 1
4455,76,Phase 2
4456,152,Phase 3
4457,191,Phase 3
4458,90,Phase 1
4459,104,Phase 2
4460,58,Phase 3
4461,71,Phase 2
4462,82,Phase 3
4463,187,Phase 1
4464,192,Phase 2
4465,157,Phase 1
4466,84,Phase 1
4467,94,Phase 1
4468,43,Phase 3
4469,8,Phase 2
4470,123,Phase 3
4471,84,Phase 2
4472,116,Phase 2
4473,12,Phase 3
4474,160,Phase 2
4475,37,Phase 3
4476,2,Phase 3
4477,76,Phase 3
4478,171,Phase 3
4479,57,Phase 1
4480,126,Phase 2
4481,178,Phase 3
4482,44,Phase 3
4483,164,Phase 1
4484,135,Phase 2
4485,51,Phase 3
4486,6,Phase 1
4487,51,Phase 2
4488,25,Phase 3
4489,16,Phase 2
4490,91,Phase 1
4491,186,Phase 3
4492,18,Phase 2
4493,179,Phase 1
4494,26,Phase 1
4495,58,Phase 1
4496,175,Phase 1
4497,24,Phase 1
4498,33,Phase 3
4499,23,Phase 1
4500,43,Phase 3
4501,95,Phase 1
4502,129,Phase 2
4503,147,Phase 2
4504,123,Phase 1
4505,3,Phase 2
4506,135,Phase 1
4507,124,Phase 2
4508,184,Phase 3
4509,188,Phase 1
4510,12,Phase 2
4511,193,Phase 3
4512,1,Phase 2
4513,57,Phase 1
4514,132,Phase 1
4515,59,Phase 1
4516,58,Phase 2
4517,106,Phase 2
4518,88,Phase 1
4519,105,Phase 3
4520,179,Phase 3
4521,182,Phase 3
4522,98,Phase 3
4523,15,Phase 3
4524,180,Phase 1
4525,192,Phase 1
4526,124,Phase 3
4527,83,Phase 3
4528,140,Phase 2
4529,55,Phase 2
4530,157,Phase 2
4531,9,Phase 2
4532,154,Phase 3
4533,41,Phase 3
4534,67,Phase 2
4535,190,Phase 1
4536,82,Phase 1
4537,32,Phase 1
4538,106,Phase 2
4539,149,Phase 3
4540,28,Phase 2
4541,181,Phase 3
4542,195,Phase 3
4543,146,Phase 3
4544,67,Phase 1
4545,4,Phase 2
4546,105,Phase 1
4547,29,Phase 3
4548,161,Phase 2
4549,124,Phase 3
4550,64,Phase 2
4551,58,Phase 1
4552,147,Phase 2
4553,197,Phase 2
4554,40,Phase 3
4555,31,Phase 3
4556,169,Phase 3
4557,113,Phase 2
4558,153,Phase 2
4559,83,Phase 3
4560,145,Phase 1
4561,62,Phase 3
4562,68,Phase 3
4563,51,Phase 3
4564,157,Phase 2
4565,24,Phase 2
4566,166,Phase 1
4567,101,Phase 3
4568,26,Phase 2
4569,2,Phase 1
4570,56,Phase 1
4571,15,Phase 1
4572,115,Phase 1
4573,94,Phase 1
4574,46,Phase 1
4575,115,Phase 2
4576,20,Phase 3
4577,14,Phase 1
4578,84,Phase 2
4579,91,Phase 1
4580,157,Phase 2
4581,120,Phase 1
4582,173,Phase 1
4583,114,Phase 1
4584,90,Phase 1
4585,142,Phase 3
4586,35,Phase 3
4587,169,Phase 1
4588,127,Phase 1
4589,194,Phase 3
4590,35,Phase 2
4591,66,Phase 3
4592,92,Phase 3
4593,23,Phase 1
4594,156,Phase 1
4595,178,Phase 2
4596,3,Phase 2
4597,27,Phase 2
4598,169,Phase 2
4599,99,Phase 1
4600,59,Phase 1
4601,70,Phase 2
4602,121,Phase 2
4603,59,Phase 3
4604,46,Phase 2
4605,196,Phase 2
4606,193,Phase 1
4607,196,Phase 1
4608,169,Phase 1
4609,122,Phase 1
4610,47,Phase 1
4611,125,Phase 1
4612,88,Phase 1
4613,117,Phase 1
4614,138,Phase 2
4615,146,Phase 3
4616,98,Phase 3
4617,24,Phase 2
4618,135,Phase 2
4619,151,Phase 1
4620,71,Phase 3
4621,119,Phase 1
4622,174,Phase 2
4623,11,Phase 1
4624,23,Phase 1
4625,78,Phase 1
4626,93,Phase 1
4627,123,Phase 2
4628,72,Phase 3
4629,186,Phase 1
4630,185,Phase 1
4631,40,Phase 1
4632,3,Phase 3
4633,48,Phase 1
4634,68,Phase 3
4635,36,Phase 1
4636,118,Phase 3
4637,131,Phase 3
4638,46,Phase 3
4639,22,Phase 3
4640,141,Phase 3
4641,75,Phase 1
4642,92,Phase 2
4643,187,Phase 1
4644,115,Phase 1
4645,181,Phase 3
4646,137,Phase 3
4647,130,Phase 1
4648,144,Phase 3
4649,88,Phase 3
4650,180,Phase 2
4651,53,Phase 2
4652,9,Phase 3
4653,166,Phase 1
4654,27,Phase 2
4655,97,Phase 3
4656,5,Phase 3
4657,133,Phase 2
4658,95,Phase 1
4659,25,Phase 1
4660,141,Phase 3
4661,112,Phase 1
4662,6,Phase 2
4663,97,Phase 2
4664,23,Phase 3
4665,33,Phase 1
4666,130,Phase 3
4667,102,Phase 2
4668,21,Phase 3
4669,129,Phase 2
4670,89,Phase 3
4671,137,Phase 2
4672,195,Phase 2
4673,5,Phase 2
4674,1,Phase 2
4675,193,Phase 2
4676,89,Phase 2
4677,55,Phase 3
4678,149,Phase 2
4679,46,Phase 1
4680,178,Phase 3
4681,173,Phase 3
4682,124,Phase 2
4683,115,Phase 2
4684,58,Phase 2
4685,59,Phase 2
4686,94,Phase 3
4687,169,Phase 2
4688,101,Phase 2
4689,49,Phase 3
4690,149,Phase 1
4691,37,Phase 3
4692,10,Phase 3
4693,200,Phase 1
4694,148,Phase 3
4695,154,Phase 3
4696,127,Phase 2
4697,196,Phase 3
4698,18,Phase 2
4699,59,Phase 2
4700,60,Phase 2
4701,187,Phase 1
4702,177,Phase 3
4703,91,Phase 2
4704,184,Phase 3
4705,108,Phase 1
4706,96,Phase 1
4707,47,Phase 3
4708,171,Phase 3
4709,189,Phase 3
4710,113,Phase 2
4711,173,Phase 3
4712,166,Phase 1
4713,176,Phase 3
4714,57,Phase 3
4715,147,Phase 2
4716,176,Phase 1
4717,123,Phase 1
4718,106,Phase 3
4719,28,Phase 3
4720,48,Phase 3
4721,65,Phase 2
4722,86,Phase 1
4723,51,Phase 3
4724,148,Phase 3
4725,81,Phase 2
4726,155,Phase 3
4727,13,Phase 3
4728,72,Phase 2
4729,96,Phase 1
4730,28,Phase 1
4731,79,Phase 2
4732,11,Phase 3
4733,94,Phase 1
4734,70,Phase 2
4735,79,Phase 1
4736,97,Phase 1
4737,6,Phase 2
4738,5,Phase 3
4739,194,Phase 3
4740,6,Phase 1
4741,17,Phase 2
4742,28,Phase 1
4743,31,Phase 1
4744,69,Phase 2
4745,118,Phase 1
4746,136,Phase 2
4747,180,Phase 2
4748,186,Phase 3
4749,79,Phase 1
4750,68,Phase 2
4751,6,Phase 1
4752,137,Phase 3
4753,44,Phase 3
4754,83,Phase 1
4755,183,Phase 2
4756,163,Phase 1
4757,92,Phase 1
4758,56,Phase 1
4759,110,Phase 3
4760,34,Phase 1
4761,167,Phase 1
4762,127,Phase 1
4763,26,Phase 3
4764,77,Phase 3
4765,33,Phase 1
4766,112,Phase 3
4767,4,Phase 1
4768,167,Phase 1
4769,64,Phase 3
4770,63,Phase 1
4771,183,Phase 1
4772,27,Phase 2
4773,87,Phase 3
4774,64,Phase 2
4775,194,Phase 3
4776,17,Phase 2
4777,181,Phase 2
4778,164,Phase 1
4779,120,Phase 3
4780,170,Phase 3
4781,82,Phase 2
4782,176,Phase 3
4783,178,Phase 2
4784,49,Phase 1
4785,62,Phase 1
4786,16,Phase 3
4787,99,Phase 2
4788,140,Phase 3
4789,49,Phase 2
4790,176,Phase 1
4791,21,Phase 2
4792,141,Phase 2
4793,126,Phase 1
4794,76,Phase 1
4795,114,Phase 1
4796,156,Phase 1
4797,15,Phase 1
4798,21,Phase 3
4799,97,Phase 3
4800,169,Phase 2
4801,16,Phase 3
4802,105,Phase 3
4803,167,Phase 2
4804,116,Phase 1
4805,185,Phase 1
4806,196,Phase 3
4807,7,Phase 3
4808,101,Phase 3
4809,67,Phase 1
4810,129,Phase 2
4811,104,Phase 3
4812,72,Phase 2
4813,43,Phase 3
4814,168,Phase 1
4815,80,Phase 2
4816,79,Phase 1
4817,62,Phase 1
4818,85,Phase 3
4819,162,Phase 2
4820,60,Phase 3
4821,88,Phase 2
4822,26,Phase 3
4823,168,Phase 2
4824,163,Phase 2
4825,18,Phase 1
4826,29,Phase 1
4827,119,Phase 2
4828,160,Phase 3
4829,120,Phase 1
4830,3,Phase 1
4831,3,Phase 1
4832,153,Phase 2
4833,135,Phase 3
4834,80,Phase 1
4835,141,Phase 2
4836,136,Phase 3
4837,171,Phase 1
4838,113,Phase 2
4839,78,Phase 1
4840,8,Phase 1
4841,131,Phase 1
4842,63,Phase 3
4843,104,Phase 3
4844,83,Phase 1
4845,94,Phase 3
4846,52,Phase 3
4847,127,Phase 2
4848,109,Phase 3
4849,48,Phase 1
4850,12,Phase 2
4851,47,Phase 3
4852,141,Phase 1
4853,163,Phase 2
4854,26,Phase 3
4855,45,Phase 3
4856,123,Phase 3
4857,200,Phase 2
4858,151,Phase 1
4859,36,Phase 2
4860,171,Phase 2
4861,193,Phase 2
4862,51,Phase 1
4863,159,Phase 2
4864,59,Phase 2
4865,174,Phase 1
4866,189,Phase 2
4867,17,Phase 3
4868,156,Phase 2
4869,99,Phase 1
4870,31,Phase 3
4871,57,Phase 2
4872,148,Phase 1
4873,46,Phase 3
4874,30,Phase 3
4875,6,Phase 1
4876,66,Phase 2
4877,6,Phase 1
4878,103,Phase 2
4879,165,Phase 2
4880,190,Phase 1
4881,112,Phase 3
4882,34,Phase 3
4883,64,Phase 3
4884,138,Phase 1
4885,199,Phase 2
4886,46,Phase 1
4887,74,Phase 3
4888,69,Phase 2
4889,150,Phase 1
4890,86,Phase 3
4891,19,Phase 3
4892,180,Phase 1
4893,112,Phase 1
4894,197,Phase 2
4895,179,Phase 1
4896,40,Phase 3
4897,140,Phase 2
4898,37,Phase 3
4899,55,Phase 1
4900,3,Phase 1
4901,188,Phase 1
4902,4,Phase 3
4903,185,Phase 3
4904,148,Phase 2
4905,98,Phase 1
4906,151,Phase 2
4907,12,Phase 3
4908,105,Phase 1
4909,193,Phase 1
4910,84,Phase 1
4911,116,Phase 1
4912,183,Phase 3
4913,82,Phase 3
4914,53,Phase 1
4915,38,Phase 2
4916,186,Phase 3
4917,61,Phase 3
4918,16,Phase 2
4919,110,Phase 1
4920,153,Phase 3
4921,78,Phase 2
4922,173,Phase 3
4923,144,Phase 3
4924,157,Phase 2
4925,7,Phase 1
4926,120,Phase 1
4927,87,Phase 2
4928,189,Phase 1
4929,117,Phase 3
4930,191,Phase 3
4931,75,Phase 1
4932,22,Phase 2
4933,148,Phase 3
4934,102,Phase 3
4935,18,Phase 3
4936,166,Phase 2
4937,57,Phase 2
4938,130,Phase 3
4939,40,Phase 3
4940,162,Phase 2
4941,188,Phase 2
4942,61,Phase 2
4943,152,Phase 3
4944,30,Phase 2
4945,157,Phase 2
4946,79,Phase 3
4947,38,Phase 3
4948,9,Phase 3
4949,144,Phase 2
4950,4,Phase 2
4951,115,Phase 3
4952,122,Phase 3
4953,141,Phase 2
4954,160,Phase 1
4955,143,Phase 3
4956,38,Phase 2
4957,199,Phase 1
4958,20,Phase 2
4959,164,Phase 3
4960,29,Phase 3
4961,72,Phase 3
4962,151,Phase 1
4963,26,Phase 1
4964,56,Phase 1
4965,135,Phase 3
4966,71,Phase 3
4967,92,Phase 1
4968,93,Phase 3
4969,138,Phase 3
4970,31,Phase 2
4971,2,Phase 1
4972,91,Phase 2
4973,28,Phase 1
4974,165,Phase 1
4975,137,Phase 2
4976,186,Phase 2
4977,95,Phase 3
4978,157,Phase 2
4979,178,Phase 3
4980,94,Phase 1
4981,4,Phase 3
4982,137,Phase 2
4983,65,Phase 1
4984,172,Phase 3
4985,129,Phase 3
4986,51,Phase 3
4987,153,Phase 3
4988,63,Phase 2
4989,145,Phase 2
4990,12,Phase 1
4991,144,Phase 2
4992,175,Phase 3
4993,13,Phase 2
4994,66,Phase 2
4995,90,Phase 2
4996,192,Phase 2
4997,98,Phase 1
4998,146,Phase 3
4999,170,Phase 3
5000,93,Phase 2
5001,67,Phase 2
5002,8,Phase 2
5003,141,Phase 3
5004,102,Phase 3
5005,45,Phase 2
5006,187,Phase 3
5007,21,Phase 3
5008,53,Phase 2
5009,110,Phase 2
5010,60,Phase 2
5011,124,Phase 1
5012,97,Phase 2
5013,22,Phase 1
5014,129,Phase 1
5015,179,Phase 1
5016,194,Phase 1
5017,14,Phase 2
5018,132,Phase 2
5019,142,Phase 2
5020,133,Phase 1
5021,76,Phase 1
5022,78,Phase 3
5023,92,Phase 3
5024,175,Phase 2
5025,76,Phase 1
5026,50,Phase 1
5027,49,Phase 3
5028,16,Phase 2
5029,84,Phase 3
5030,142,Phase 3
5031,113,Phase 2
5032,172,Phase 3
5033,53,Phase 2
5034,16,Phase 3
5035,129,Phase 2
5036,85,Phase 2
5037,139,Phase 1
5038,103,Phase 1
5039,88,Phase 2
5040,181,Phase 1
5041,140,Phase 1
5042,130,Phase 1
5043,164,Phase 2
5044,33,Phase 2
5045,147,Phase 2
5046,182,Phase 3
5047,200,Phase 3
5048,75,Phase 3
5049,24,Phase 3
5050,126,Phase 1
5051,101,Phase 1
5052,121,Phase 1
5053,55,Phase 3
5054,75,Phase 1
5055,188,Phase 2
5056,49,Phase 1
5057,177,Phase 3
5058,42,Phase 3
5059,76,Phase 3
5060,107,Phase 3
5061,16,Phase 1
5062,99,Phase 3
5063,71,Phase 3
5064,94,Phase 2
5065,4,Phase 2
5066,77,Phase 2
5067,145,Phase 1
5068,166,Phase 1
5069,77,Phase 1
5070,68,Phase 3
5071,119,Phase 2
5072,21,Phase 3
5073,92,Phase 2
5074,75,Phase 3
5075,103,Phase 3
5076,108,Phase 2
5077,72,Phase 2
5078,57,Phase 1
5079,140,Phase 3
5080,45,Phase 1
5081,161,Phase 2
5082,167,Phase 2
5083,119,Phase 3
5084,138,Phase 2
5085,98,Phase 3
5086,25,Phase 2
5087,177,Phase 3
5088,137,Phase 3
5089,127,Phase 1
5090,89,Phase 3
5091,72,Phase 1
5092,109,Phase 2
5093,13,Phase 1
5094,9,Phase 2
5095,53,Phase 2
5096,177,Phase 3
5097,78,Phase 3
5098,78,Phase 3
5099,87,Phase 3
5100,100,Phase 2
5101,107,Phase 1
5102,61,Phase 2
5103,86,Phase 1
5104,191,Phase 2
5105,138,Phase 2
5106,87,Phase 1
5107,44,Phase 2
5108,67,Phase 3
5109,41,Phase 1
5110,99,Phase 3
5111,87,Phase 2
5112,136,Phase 1
5113,111,Phase 3
5114,74,Phase 1
5115,64,Phase 3
5116,185,Phase 1
5117,18,Phase 2
5118,44,Phase 1
5119,13,Phase 2
5120,160,Phase 2
5121,6,Phase 3
5122,179,Phase 2
5123,134,Phase 3
5124,83,Phase 1
5125,29,Phase 2
5126,196,Phase 1
5127,58,Phase 2
5128,38,Phase 1
5129,116,Phase 3
5130,126,Phase 1
5131,103,Phase 3
5132,180,Phase 2
5133,164,Phase 2
5134,12,Phase 1
5135,126,Phase 1
5136,172,Phase 2
5137,60,Phase 2
5138,25,Phase 2
5139,37,Phase 2
5140,188,Phase 1
5141,155,Phase 2
5142,11,Phase 2
5143,131,Phase 1
5144,198,Phase 2
5145,153,Phase 2
5146,95,Phase 2
5147,159,Phase 2
5148,102,Phase 1
5149,83,Phase 1
5150,124,Phase 1
5151,29,Phase 2
5152,40,Phase 2
5153,73,Phase 1
5154,193,Phase 2
5155,168,Phase 1
5156,200,Phase 1
5157,139,Phase 3
5158,8,Phase 2
5159,98,Phase 2
5160,17,Phase 1
5161,42,Phase 1
5162,83,Phase 1
5163,53,Phase 1
5164,87,Phase 2
5165,74,Phase 1
5166,68,Phase 3
5167,121,Phase 1
5168,179,Phase 3
5169,154,Phase 3
5170,25,Phase 3
5171,181,Phase 1
5172,172,Phase 3
5173,49,Phase 2
5174,75,Phase 2
5175,189,Phase 3
5176,145,Phase 2
5177,83,Phase 3
5178,108,Phase 2
5179,3,Phase 3
5180,84,Phase 1
5181,23,Phase 2
5182,87,Phase 1
5183,183,Phase 2
5184,177,Phase 2
5185,171,Phase 2
5186,60,Phase 2
5187,53,Phase 2
5188,193,Phase 1
5189,9,Phase 3
5190,42,Phase 3
5191,92,Phase 3
5192,46,Phase 1
5193,26,Phase 3
5194,44,Phase 3
5195,82,Phase 2
5196,109,Phase 1
5197,54,Phase 3
5198,33,Phase 1
5199,16,Phase 1
5200,26,Phase 1
5201,29,Phase 3
5202,24,Phase 3
5203,182,Phase 3
5204,67,Phase 2
5205,10,Phase 3
5206,24,Phase 1
5207,159,Phase 3
5208,100,Phase 1
5209,91,Phase 3
5210,94,Phase 2
5211,174,Phase 3
5212,109,Phase 1
5213,81,Phase 1
5214,83,Phase 3
5215,82,Phase 1
5216,95,Phase 3
5217,83,Phase 2
5218,192,Phase 2
5219,131,Phase 3
5220,183,Phase 1
5221,155,Phase 3
5222,24,Phase 1
5223,61,Phase 3
5224,120,Phase 1
5225,92,Phase 3
5226,113,Phase 1
5227,178,Phase 3
5228,22,Phase 2
5229,158,Phase 2
5230,15,Phase 3
5231,141,Phase 2
5232,122,Phase 3
5233,195,Phase 3
5234,146,Phase 1
5235,49,Phase 3
5236,27,Phase 1
5237,65,Phase 1
5238,90,Phase 3
5239,32,Phase 2
5240,74,Phase 1
5241,80,Phase 2
5242,84,Phase 3
5243,135,Phase 1
5244,199,Phase 3
5245,104,Phase 2
5246,32,Phase 2
5247,68,Phase 2
5248,128,Phase 3
5249,196,Phase 2
5250,145,Phase 2
5251,134,Phase 3
5252,187,Phase 2
5253,71,Phase 2
5254,17,Phase 3
5255,84,Phase 2
5256,125,Phase 2
5257,161,Phase 3
5258,121,Phase 3
5259,99,Phase 2
5260,93,Phase 2
5261,26,Phase 3
5262,180,Phase 2
5263,94,Phase 2
5264,39,Phase 2
5265,134,Phase 3
5266,61,Phase 3
5267,159,Phase 2
5268,146,Phase 3
5269,107,Phase 2
5270,43,Phase 1
5271,41,Phase 2
5272,30,Phase 1
5273,107,Phase 1
5274,199,Phase 3
5275,147,Phase 2
5276,139,Phase 1
5277,153,Phase 2
5278,144,Phase 2
5279,85,Phase 1
5280,12,Phase 3
5281,2,Phase 2
5282,115,Phase 3
5283,161,Phase 1
5284,32,Phase 1
5285,28,Phase 1
5286,100,Phase 1
5287,188,Phase 1
5288,145,Phase 2
5289,79,Phase 2
5290,43,Phase 2
5291,87,Phase 1
5292,152,Phase 1
5293,134,Phase 2
5294,36,Phase 3
5295,2,Phase 2
5296,193,Phase 3
5297,172,Phase 3
5298,81,Phase 3
5299,90,Phase 3
5300,82,Phase 3
5301,143,Phase 1
5302,142,Phase 2
5303,20,Phase 2
5304,15,Phase 3
5305,186,Phase 1
5306,148,Phase 1
5307,8,Phase 1
5308,113,Phase 2
5309,105,Phase 3
5310,198,Phase 3
5311,75,Phase 2
5312,127,Phase 1
5313,51,Phase 3
5314,188,Phase 2
5315,113,Phase 1
5316,141,Phase 1
5317,167,Phase 2
5318,46,Phase 3
5319,136,Phase 3
5320,104,Phase 2
5321,10,Phase 2
5322,37,Phase 3
5323,10,Phase 3
5324,43,Phase 2
5325,32,Phase 1
5326,136,Phase 1
5327,72,Phase 2
5328,66,Phase 2
5329,92,Phase 1
5330,7,Phase 1
5331,40,Phase 3
5332,78,Phase 2
5333,192,Phase 3
5334,108,Phase 1
5335,52,Phase 1
5336,148,Phase 1
5337,34,Phase 1
5338,136,Phase 2
5339,57,Phase 1
5340,41,Phase 1
5341,148,Phase 3
5342,186,Phase 1
5343,137,Phase 2
5344,185,Phase 1
5345,15,Phase 2
5346,62,Phase 2
5347,72,Phase 3
5348,139,Phase 2
5349,68,Phase 2
5350,93,Phase 2
5351,172,Phase 3
5352,28,Phase 1
5353,32,Phase 1
5354,14,Phase 3
5355,43,Phase 3
5356,5,Phase 2
5357,44,Phase 2
5358,7,Phase 2
5359,144,Phase 2
5360,143,Phase 2
5361,173,Phase 1
5362,42,Phase 2
5363,193,Phase 2
5364,28,Phase 2
5365,72,Phase 3
5366,136,Phase 2
5367,55,Phase 3
5368,20,Phase 3
5369,74,Phase 1
5370,28,Phase 3
5371,195,Phase 1
5372,151,Phase 1
5373,85,Phase 3
5374,16,Phase 1
5375,91,Phase 1
5376,96,Phase 3
5377,36,Phase 1
5378,196,Phase 3
5379,101,Phase 2
5380,116,Phase 3
5381,159,Phase 2
5382,169,Phase 3
5383,67,Phase 1
5384,179,Phase 2
5385,159,Phase 3
5386,163,Phase 3
5387,171,Phase 3
5388,40,Phase 2
5389,9,Phase 3
5390,180,Phase 1
5391,187,Phase 3
5392,199,Phase 3
5393,173,Phase 2
5394,77,Phase 1
5395,33,Phase 1
5396,59,Phase 1
5397,106,Phase 3
5398,26,Phase 3
5399,9,Phase 2
5400,169,Phase 1
5401,43,Phase 1
5402,67,Phase 2
5403,100,Phase 3
5404,61,Phase 1
5405,103,Phase 3
5406,152,Phase 2
5407,117,Phase 2
5408,28,Phase 2
5409,51,Phase 3
5410,26,Phase 1
5411,185,Phase 1
5412,61,Phase 1
5413,86,Phase 1
5414,4,Phase 1
5415,37,Phase 3
5416,192,Phase 1
5417,115,Phase 1
5418,121,Phase 3
5419,174,Phase 3
5420,73,Phase 3
5421,155,Phase 2
5422,54,Phase 1
5423,10,Phase 2
5424,126,Phase 1
5425,158,Phase 3
5426,189,Phase 3
5427,27,Phase 2
5428,174,Phase 2
5429,192,Phase 1
5430,74,Phase 2
5431,144,Phase 3
5432,111,Phase 1
5433,9,Phase 3
5434,189,Phase 2
5435,194,Phase 1
5436,102,Phase 1
5437,194,Phase 3
5438,18,Phase 2
5439,14,Phase 1
5440,163,Phase 3
5441,56,Phase 2
5442,27,Phase 3
5443,10,Phase 3
5444,185,Phase 2
5445,85,Phase 3
5446,73,Phase 3
5447,174,Phase 3
5448,66,Phase 1
5449,155,Phase 2
5450,31,Phase 3
5451,13,Phase 2
5452,142,Phase 1
5453,124,Phase 3
5454,180,Phase 1
5455,157,Phase 2
5456,187,Phase 1
5457,158,Phase 2
5458,130,Phase 3
5459,158,Phase 3
5460,78,Phase 3
5461,45,Phase 1
5462,72,Phase 1
5463,59,Phase 2
5464,129,Phase 2
5465,95,Phase 2
5466,123,Phase 1
5467,26,Phase 3
5468,83,Phase 2
5469,78,Phase 2
5470,157,Phase 1
5471,110,Phase 1
5472,37,Phase 1
5473,28,Phase 2
5474,197,Phase 1
5475,5,Phase 3
5476,162,Phase 1
5477,155,Phase 1
5478,46,Phase 2
5479,37,Phase 2
5480,145,Phase 1
5481,175,Phase 2
5482,113,Phase 2
5483,196,Phase 2
5484,107,Phase 2
5485,80,Phase 2
5486,37,Phase 3
5487,184,Phase 3
5488,147,Phase 1
5489,122,Phase 2
5490,26,Phase 2
5491,81,Phase 1
5492,39,Phase 3
5493,91,Phase 2
5494,77,Phase 3
5495,8,Phase 2
5496,124,Phase 2
5497,183,Phase 1
5498,116,Phase 2
5499,8,Phase 1
5500,164,Phase 1
5501,32,Phase 2
5502,129,Phase 2
5503,8,Phase 3
5504,5,Phase 1
5505,28,Phase 3
5506,63,Phase 3
5507,84,Phase 2
5508,80,Phase 3
5509,100,Phase 1
5510,21,Phase 3
5511,42,Phase 1
5512,105,Phase 2
5513,96,Phase 3
5514,137,Phase 1
5515,146,Phase 3
5516,86,Phase 3
5517,162,Phase 1
5518,157,Phase 3
5519,144,Phase 2
5520,116,Phase 2
5521,120,Phase 2
5522,4,Phase 3
5523,137,Phase 3
5524,125,Phase 2
5525,27,Phase 3
5526,82,Phase 1
5527,175,Phase 2
5528,29,Phase 2
5529,187,Phase 2
5530,176,Phase 1
5531,182,Phase 3
5532,100,Phase 1
5533,66,Phase 1
5534,37,Phase 3
5535,194,Phase 3
5536,30,Phase 1
5537,100,Phase 2
5538,147,Phase 1
5539,126,Phase 1
5540,5,Phase 3
5541,157,Phase 1
5542,101,Phase 1
5543,57,Phase 2
5544,53,Phase 3
5545,191,Phase 3
5546,77,Phase 2
5547,83,Phase 2
5548,181,Phase 1
5549,179,Phase 3
5550,193,Phase 2
5551,69,Phase 2
5552,21,Phase 2
5553,148,Phase 1
5554,157,Phase 2
5555,26,Phase 1
5556,14,Phase 3
5557,55,Phase 2
5558,44,Phase 1
5559,195,Phase 2
5560,162,Phase 3
5561,85,Phase 3
5562,113,Phase 2
5563,40,Phase 2
5564,11,Phase 2
5565,52,Phase 2
5566,7,Phase 3
5567,166,Phase 3
5568,56,Phase 2
5569,6,Phase 1
5570,189,Phase 3
5571,36,Phase 1
5572,118,Phase 2
5573,26,Phase 3
5574,104,Phase 3
5575,156,Phase 2
5576,150,Phase 1
5577,75,Phase 3
5578,108,Phase 2
5579,15,Phase 3
5580,104,Phase 3
5581,85,Phase 2
5582,197,Phase 3
5583,68,Phase 2
5584,103,Phase 3
5585,157,Phase 1
5586,119,Phase 2
5587,111,Phase 3
5588,36,Phase 3
5589,57,Phase 1
5590,199,Phase 2
5591,174,Phase 1
5592,51,Phase 1
5593,18,Phase 1
5594,153,Phase 2
5595,139,Phase 2
5596,183,Phase 1
5597,130,Phase 1
5598,162,Phase 2
5599,77,Phase 3
5600,56,Phase 2
5601,137,Phase 3
5602,76,Phase 2
5603,195,Phase 2
5604,123,Phase 3
5605,114,Phase 2
5606,53,Phase 2
5607,176,Phase 2
5608,166,Phase 2
5609,85,Phase 2
5610,71,Phase 2
5611,3,Phase 3
5612,191,Phase 3
5613,158,Phase 1
5614,81,Phase 3
5615,45,Phase 2
5616,130,Phase 1
5617,174,Phase 3
5618,105,Phase 1
5619,101,Phase 2
5620,50,Phase 2
5621,26,Phase 2
5622,57,Phase 3
5623,84,Phase 2
5624,194,Phase 1
5625,186,Phase 1
5626,135,Phase 1
5627,183,Phase 3
5628,13,Phase 3
5629,56,Phase 2
5630,90,Phase 1
5631,70,Phase 3
5632,118,Phase 2
5633,148,Phase 2
5634,81,Phase 3
5635,128,Phase 3
5636,57,Phase 1
5637,69,Phase 2
5638,65,Phase 3
5639,35,Phase 3
5640,125,Phase 3
5641,15,Phase 1
5642,124,Phase 2
5643,76,Phase 2
5644,13,Phase 3
5645,85,Phase 1
5646,48,Phase 2
5647,65,Phase 3
5648,49,Phase 1
5649,150,Phase 1
5650,60,Phase 3
5651,43,Phase 1
5652,128,Phase 1
5653,66,Phase 3
5654,70,Phase 3
5655,16,Phase 2
5656,198,Phase 2
5657,159,Phase 2
5658,176,Phase 1
5659,185,Phase 2
5660,56,Phase 2
5661,80,Phase 2
5662,40,Phase 3
5663,108,Phase 2
5664,122,Phase 1
5665,144,Phase 3
5666,93,Phase 3
5667,192,Phase 1
5668,167,Phase 3
5669,48,Phase 3
5670,23,Phase 2
5671,52,Phase 1
5672,104,Phase 2
5673,103,Phase 1
5674,99,Phase 3
5675,170,Phase 2
5676,125,Phase 3
5677,99,Phase 3
5678,29,Phase 3
5679,85,Phase 3
5680,162,Phase 3
5681,185,Phase 2
5682,164,Phase 3
5683,82,Phase 2
5684,183,Phase 1
5685,133,Phase 1
5686,36,Phase 2
5687,136,Phase 3
5688,194,Phase 3
5689,61,Phase 1
5690,139,Phase 1
5691,177,Phase 3
5692,136,Phase 3
5693,198,Phase 2
5694,123,Phase 2
5695,83,Phase 1
5696,1,Phase 1
5697,43,Phase 1
5698,122,Phase 3
5699,197,Phase 1
5700,196,Phase 1
5701,98,Phase 1
5702,79,Phase 1
5703,57,Phase 1
5704,25,Phase 2
5705,177,Phase 1
5706,166,Phase 2
5707,172,Phase 3
5708,66,Phase 3
5709,189,Phase 1
5710,123,Phase 2
5711,116,Phase 1
5712,87,Phase 2
5713,69,Phase 1
5714,139,Phase 1
5715,119,Phase 2
5716,199,Phase 1
5717,80,Phase 3
5718,184,Phase 3
5719,50,Phase 1
5720,106,Phase 2
5721,89,Phase 2
5722,86,Phase 3
5723,49,Phase 3
5724,183,Phase 1
5725,139,Phase 1
5726,136,Phase 1
5727,67,Phase 2
5728,125,Phase 3
5729,193,Phase 1
5730,164,Phase 3
5731,124,Phase 2
5732,68,Phase 1
5733,109,Phase 1
5734,182,Phase 1
5735,159,Phase 1
5736,104,Phase 2
5737,153,Phase 3
5738,74,Phase 1
5739,106,Phase 2
5740,183,Phase 1
5741,23,Phase 3
5742,3,Phase 3
5743,21,Phase 1
5744,41,Phase 1
5745,74,Phase 2
5746,66,Phase 3
5747,140,Phase 2
5748,112,Phase 2
5749,83,Phase 1
5750,130,Phase 3
5751,179,Phase 1
5752,49,Phase 1
5753,179,Phase 3
5754,120,Phase 2
5755,56,Phase 2
5756,61,Phase 1
5757,84,Phase 3
5758,176,Phase 2
5759,57,Phase 2
5760,126,Phase 2
5761,68,Phase 3
5762,65,Phase 2
5763,21,Phase 3
5764,74,Phase 3
5765,184,Phase 1
5766,33,Phase 2
5767,44,Phase 2
5768,40,Phase 2
5769,13,Phase 2
5770,92,Phase 1
5771,198,Phase 3
5772,172,Phase 2
5773,52,Phase 1
5774,90,Phase 2
5775,139,Phase 1
5776,36,Phase 3
5777,187,Phase 2
5778,123,Phase 3
5779,183,Phase 1
5780,191,Phase 3
5781,130,Phase 1
5782,97,Phase 2
5783,39,Phase 1
5784,107,Phase 2
5785,55,Phase 1
5786,147,Phase 1
5787,87,Phase 1
5788,166,Phase 2
5789,49,Phase 2
5790,145,Phase 1
5791,94,Phase 3
5792,11,Phase 1
5793,161,Phase 1
5794,119,Phase 1
5795,19,Phase 1
5796,79,Phase 1
5797,51,Phase 1
5798,94,Phase 1
5799,26,Phase 2
5800,113,Phase 3
5801,195,Phase 1
5802,121,Phase 2
5803,37,Phase 3
5804,28,Phase 1
5805,105,Phase 1
5806,113,Phase 3
5807,75,Phase 2
5808,4,Phase 3
5809,39,Phase 2
5810,57,Phase 1
5811,141,Phase 1
5812,151,Phase 3
5813,150,Phase 3
5814,38,Phase 1
5815,118,Phase 3
5816,22,Phase 3
5817,11,Phase 1
5818,60,Phase 2
5819,67,Phase 1
5820,151,Phase 3
5821,122,Phase 2
5822,22,Phase 1
5823,136,Phase 2
5824,30,Phase 1
5825,94,Phase 2
5826,131,Phase 3
5827,133,Phase 2
5828,129,Phase 2
5829,51,Phase 3
5830,183,Phase 3
5831,130,Phase 2
5832,109,Phase 2
5833,197,Phase 2
5834,161,Phase 1
5835,167,Phase 2
5836,58,Phase 2
5837,198,Phase 3
5838,100,Phase 2
5839,129,Phase 2
5840,70,Phase 1
5841,167,Phase 1
5842,70,Phase 2
5843,76,Phase 2
5844,187,Phase 2
5845,114,Phase 3
5846,30,Phase 2
5847,115,Phase 3
5848,62,Phase 2
5849,163,Phase 3
5850,65,Phase 2
5851,64,Phase 3
5852,103,Phase 1
5853,165,Phase 2
5854,169,Phase 1
5855,39,Phase 1
5856,47,Phase 3
5857,47,Phase 2
5858,116,Phase 3
5859,91,Phase 1
5860,110,Phase 2
5861,85,Phase 2
5862,114,Phase 2
5863,132,Phase 2
5864,20,Phase 2
5865,35,Phase 1
5866,104,Phase 2
5867,54,Phase 3
5868,147,Phase 2
5869,119,Phase 2
5870,63,Phase 1
5871,43,Phase 3
5872,156,Phase 1
5873,46,Phase 1
5874,165,Phase 3
5875,112,Phase 2
5876,13,Phase 1
5877,181,Phase 1
5878,70,Phase 2
5879,11,Phase 2
5880,25,Phase 1
5881,47,Phase 1
5882,65,Phase 1
5883,153,Phase 1
5884,79,Phase 2
5885,40,Phase 3
5886,37,Phase 3
5887,101,Phase 1
5888,120,Phase 1
5889,70,Phase 3
5890,152,Phase 2
5891,22,Phase 1
5892,125,Phase 2
5893,52,Phase 1
5894,29,Phase 2
5895,6,Phase 1
5896,40,Phase 2
5897,151,Phase 1
5898,160,Phase 1
5899,18,Phase 3
5900,141,Phase 1
5901,200,Phase 1
5902,43,Phase 1
5903,63,Phase 2
5904,79,Phase 3
5905,107,Phase 1
5906,56,Phase 2
5907,29,Phase 3
5908,113,Phase 3
5909,114,Phase 2
5910,136,Phase 3
5911,188,Phase 3
5912,80,Phase 1
5913,146,Phase 2
5914,191,Phase 1
5915,49,Phase 3
5916,73,Phase 1
5917,9,Phase 2
5918,164,Phase 3
5919,47,Phase 3
5920,41,Phase 1
5921,105,Phase 3
5922,112,Phase 1
5923,150,Phase 2
5924,113,Phase 3
5925,163,Phase 2
5926,186,Phase 1
5927,57,Phase 2
5928,25,Phase 1
5929,79,Phase 1
5930,118,Phase 3
5931,192,Phase 3
5932,130,Phase 1
5933,183,Phase 1
5934,85,Phase 2
5935,156,Phase 3
5936,65,Phase 1
5937,179,Phase 2
5938,174,Phase 3
5939,24,Phase 1
5940,72,Phase 1
5941,61,Phase 2
5942,4,Phase 1
5943,185,Phase 3
5944,197,Phase 2
5945,175,Phase 1
5946,15,Phase 1
5947,183,Phase 3
5948,189,Phase 3
5949,193,Phase 1
5950,105,Phase 2
5951,181,Phase 2
5952,59,Phase 1
5953,133,Phase 3
5954,118,Phase 1
5955,57,Phase 3
5956,180,Phase 2
5957,86,Phase 3
5958,174,Phase 3
5959,55,Phase 2
5960,197,Phase 3
5961,102,Phase 3
5962,177,Phase 3
5963,106,Phase 1
5964,153,Phase 3
5965,193,Phase 2
5966,27,Phase 2
5967,187,Phase 3
5968,26,Phase 3
5969,24,Phase 2
5970,21,Phase 3
5971,72,Phase 2
5972,135,Phase 3
5973,59,Phase 2
5974,158,Phase 2
5975,195,Phase 2
5976,24,Phase 2
5977,132,Phase 2
5978,74,Phase 2
5979,73,Phase 2
5980,18,Phase 2
5981,70,Phase 2
5982,53,Phase 2
5983,35,Phase 1
5984,112,Phase 3
5985,97,Phase 1
5986,200,Phase 3
5987,2,Phase 2
5988,148,Phase 1
5989,189,Phase 2
5990,194,Phase 1
5991,119,Phase 2
5992,92,Phase 1
5993,57,Phase 3
5994,75,Phase 2
5995,195,Phase 2
5996,99,Phase 1
5997,88,Phase 1
5998,2,Phase 1
5999,71,Phase 2
6000,18,Phase 3
6001,114,Phase 1
6002,168,Phase 1
6003,35,Phase 3
6004,163,Phase 2
6005,131,Phase 3
6006,3,Phase 3
6007,129,Phase 3
6008,19,Phase 1
6009,200,Phase 2
6010,50,Phase 3
6011,88,Phase 2
6012,120,Phase 3
6013,72,Phase 1
6014,103,Phase 3
6015,176,Phase 3
6016,187,Phase 2
6017,12,Phase 3
6018,46,Phase 2
6019,34,Phase 3
6020,86,Phase 1
6021,139,Phase 3
6022,49,Phase 1
6023,110,Phase 1
6024,151,Phase 1
6025,125,Phase 2
6026,111,Phase 3
6027,181,Phase 2
6028,66,Phase 1
6029,160,Phase 1
6030,37,Phase 3
6031,44,Phase 1
6032,85,Phase 2
6033,141,Phase 3
6034,8,Phase 1
6035,192,Phase 3
6036,105,Phase 1
6037,43,Phase 2
6038,88,Phase 2
6039,84,Phase 3
6040,124,Phase 3
6041,164,Phase 2
6042,75,Phase 1
6043,56,Phase 3
6044,150,Phase 2
6045,129,Phase 2
6046,24,Phase 1
6047,43,Phase 3
6048,81,Phase 2
6049,110,Phase 2
6050,79,Phase 1
6051,58,Phase 1
6052,141,Phase 2
6053,195,Phase 3
6054,108,Phase 2
6055,91,Phase 2
6056,11,Phase 2
6057,150,Phase 1
6058,13,Phase 2
6059,33,Phase 2
6060,54,Phase 3
6061,71,Phase 1
6062,143,Phase 1
6063,128,Phase 1
6064,155,Phase 1
6065,66,Phase 3
6066,13,Phase 1
6067,95,Phase 1
6068,67,Phase 2
6069,102,Phase 2
6070,20,Phase 3
6071,177,Phase 1
6072,101,Phase 1
6073,101,Phase 3
6074,77,Phase 1
6075,15,Phase 1
6076,179,Phase 1
6077,153,Phase 1
6078,16,Phase 3
6079,72,Phase 1
6080,8,Phase 2
6081,118,Phase 3
6082,163,Phase 2
6083,30,Phase 2
6084,84,Phase 2
6085,186,Phase 1
6086,36,Phase 3
6087,102,Phase 1
6088,149,Phase 3
6089,33,Phase 2
6090,53,Phase 2
6091,120,Phase 3
6092,158,Phase 2
6093,43,Phase 2
6094,26,Phase 3
6095,140,Phase 2
6096,194,Phase 3
6097,21,Phase 2
6098,136,Phase 3
6099,15,Phase 3
6100,169,Phase 2
6101,158,Phase 1
6102,191,Phase 3
6103,31,Phase 2
6104,136,Phase 3
6105,47,Phase 2
6106,163,Phase 3
6107,180,Phase 1
6108,41,Phase 1
6109,139,Phase 3
6110,141,Phase 3
6111,130,Phase 1
6112,170,Phase 3
6113,45,Phase 1
6114,153,Phase 2
6115,40,Phase 3
6116,183,Phase 1
6117,147,Phase 3
6118,183,Phase 1
6119,130,Phase 3
6120,192,Phase 1
6121,162,Phase 2
6122,59,Phase 3
6123,164,Phase 2
6124,190,Phase 1
6125,133,Phase 2
6126,141,Phase 2
6127,71,Phase 1
6128,31,Phase 1
6129,19,Phase 1
6130,120,Phase 2
6131,186,Phase 1
6132,67,Phase 2
6133,195,Phase 2
6134,148,Phase 2
6135,128,Phase 1
6136,36,Phase 2
6137,138,Phase 1
6138,106,Phase 1
6139,42,Phase 1
6140,28,Phase 3
6141,119,Phase 3
6142,24,Phase 3
6143,59,Phase 1
6144,63,Phase 1
6145,189,Phase 3
6146,159,Phase 2
6147,37,Phase 2
6148,164,Phase 3
6149,19,Phase 3
6150,7,Phase 3
6151,11,Phase 3
6152,127,Phase 1
6153,5,Phase 2
6154,26,Phase 3
6155,108,Phase 2
6156,50,Phase 1
6157,23,Phase 3
6158,42,Phase 3
6159,93,Phase 2
6160,49,Phase 2
6161,83,Phase 3
6162,47,Phase 1
6163,190,Phase 3
6164,163,Phase 1
6165,22,Phase 3
6166,132,Phase 1
6167,149,Phase 2
6168,114,Phase 1
6169,90,Phase 1
6170,25,Phase 2
6171,20,Phase 2
6172,135,Phase 1
6173,18,Phase 3
6174,193,Phase 3
6175,43,Phase 2
6176,110,Phase 2
6177,115,Phase 1
6178,169,Phase 2
6179,160,Phase 1
6180,101,Phase 2
6181,59,Phase 2
6182,81,Phase 1
6183,132,Phase 2
6184,42,Phase 2
6185,186,Phase 1
6186,148,Phase 3
6187,29,Phase 1
6188,147,Phase 3
6189,95,Phase 1
6190,91,Phase 3
6191,187,Phase 3
6192,116,Phase 1
6193,191,Phase 1
6194,72,Phase 2
6195,167,Phase 2
6196,178,Phase 2
6197,186,Phase 2
6198,35,Phase 3
6199,193,Phase 2
6200,167,Phase 1
6201,62,Phase 1
6202,64,Phase 1
6203,45,Phase 1
6204,61,Phase 2
6205,141,Phase 1
6206,160,Phase 1
6207,122,Phase 3
6208,131,Phase 2
6209,69,Phase 3
6210,102,Phase 3
6211,130,Phase 3
6212,11,Phase 1
6213,137,Phase 2
6214,85,Phase 3
6215,194,Phase 1
6216,85,Phase 3
6217,12,Phase 3
6218,38,Phase 1
6219,188,Phase 2
6220,10,Phase 2
6221,99,Phase 3
6222,26,Phase 1
6223,165,Phase 2
6224,83,Phase 1
6225,158,Phase 3
6226,18,Phase 1
6227,155,Phase 2
6228,78,Phase 1
6229,174,Phase 1
6230,193,Phase 1
6231,137,Phase 3
6232,32,Phase 3
6233,172,Phase 1
6234,12,Phase 3
6235,73,Phase 1
6236,108,Phase 3
6237,92,Phase 2
6238,180,Phase 2
6239,49,Phase 3
6240,125,Phase 2
6241,72,Phase 3
6242,81,Phase 1
6243,5,Phase 3
6244,31,Phase 2
6245,81,Phase 1
6246,24,Phase 3
6247,133,Phase 3
6248,21,Phase 1
6249,141,Phase 2
6250,88,Phase 1
6251,186,Phase 2
6252,193,Phase 2
6253,182,Phase 1
6254,41,Phase 1
6255,160,Phase 1
6256,144,Phase 3
6257,16,Phase 2
6258,95,Phase 2
6259,115,Phase 3
6260,154,Phase 1
6261,149,Phase 1
6262,95,Phase 2
6263,174,Phase 3
6264,186,Phase 2
6265,55,Phase 2
6266,79,Phase 3
6267,119,Phase 3
6268,57,Phase 1
6269,171,Phase 1
6270,113,Phase 1
6271,111,Phase 1
6272,19,Phase 2
6273,56,Phase 3
6274,191,Phase 3
6275,121,Phase 2
6276,33,Phase 3
6277,106,Phase 1
6278,131,Phase 1
6279,156,Phase 1
6280,102,Phase 2
6281,80,Phase 3
6282,56,Phase 2
6283,59,Phase 3
6284,5,Phase 3
6285,196,Phase 2
6286,54,Phase 2
6287,73,Phase 3
6288,152,Phase 1
6289,112,Phase 3
6290,119,Phase 2
6291,136,Phase 3
6292,39,Phase 3
6293,59,Phase 1
6294,57,Phase 2
6295,98,Phase 1
6296,100,Phase 3
6297,62,Phase 1
6298,118,Phase 2
6299,58,Phase 2
6300,80,Phase 2
6301,24,Phase 2
6302,51,Phase 1
6303,56,Phase 1
6304,69,Phase 3
6305,100,Phase 2
6306,138,Phase 1
6307,103,Phase 2
6308,121,Phase 2
6309,91,Phase 2
6310,21,Phase 1
6311,62,Phase 1
6312,3,Phase 1
6313,198,Phase 2
6314,7,Phase 2
6315,173,Phase 2
6316,65,Phase 2
6317,88,Phase 1
6318,77,Phase 3
6319,7,Phase 2
6320,65,Phase 3
6321,24,Phase 1
6322,26,Phase 1
6323,112,Phase 1
6324,155,Phase 1
6325,191,Phase 3
6326,135,Phase 2
6327,101,Phase 1
6328,95,Phase 1
6329,167,Phase 1
6330,41,Phase 1
6331,188,Phase 1
6332,6,Phase 2
6333,66,Phase 2
6334,192,Phase 3
6335,50,Phase 1
6336,42,Phase 3
6337,123,Phase 1
6338,88,Phase 1
6339,22,Phase 1
6340,187,Phase 3
6341,15,Phase 1
6342,12,Phase 3
6343,152,Phase 3
6344,192,Phase 1
6345,76,Phase 1
6346,25,Phase 2
6347,14,Phase 3
6348,184,Phase 2
6349,80,Phase 3
6350,109,Phase 2
6351,59,Phase 3
6352,46,Phase 2
6353,111,Phase 3
6354,197,Phase 2
6355,165,Phase 2
6356,145,Phase 1
6357,21,Phase 2
6358,46,Phase 3
6359,164,Phase 1
6360,28,Phase 3
6361,172,Phase 2
6362,73,Phase 2
6363,165,Phase 2
6364,49,Phase 2
6365,70,Phase 1
6366,129,Phase 2
6367,138,Phase 2
6368,95,Phase 2
6369,76,Phase 2
6370,55,Phase 3
6371,12,Phase 3
6372,67,Phase 1
6373,127,Phase 1
6374,152,Phase 1
6375,64,Phase 2
6376,178,Phase 1
6377,11,Phase 3
6378,147,Phase 1
6379,84,Phase 1
6380,26,Phase 2
6381,153,Phase 2
6382,38,Phase 2
6383,48,Phase 1
6384,198,Phase 2
6385,182,Phase 1
6386,98,Phase 3
6387,19,Phase 2
6388,35,Phase 1
6389,44,Phase 2
6390,34,Phase 2
6391,102,Phase 2
6392,174,Phase 1
6393,27,Phase 1
6394,14,Phase 3
6395,47,Phase 1
6396,81,Phase 1
6397,114,Phase 2
6398,200,Phase 1
6399,13,Phase 1
6400,9,Phase 2
6401,104,Phase 2
6402,156,Phase 1
6403,146,Phase 2
6404,29,Phase 1
6405,56,Phase 3
6406,141,Phase 2
6407,20,Phase 3
6408,193,Phase 2
6409,179,Phase 2
6410,87,Phase 2
6411,23,Phase 3
6412,26,Phase 1
6413,197,Phase 3
6414,6,Phase 3
6415,63,Phase 1
6416,38,Phase 3
6417,44,Phase 2
6418,148,Phase 3
6419,108,Phase 2
6420,152,Phase 1
6421,153,Phase 2
6422,6,Phase 3
6423,183,Phase 2
6424,159,Phase 3
6425,110,Phase 3
6426,50,Phase 3
6427,97,Phase 3
6428,182,Phase 3
6429,81,Phase 1
6430,158,Phase 1
6431,1,Phase 1
6432,193,Phase 1
6433,96,Phase 1
6434,196,Phase 2
6435,167,Phase 3
6436,95,Phase 3
6437,76,Phase 1
6438,147,Phase 2
6439,83,Phase 2
6440,150,Phase 2
6441,50,Phase 1
6442,106,Phase 1
6443,12,Phase 3
6444,79,Phase 2
6445,56,Phase 1
6446,16,Phase 3
6447,160,Phase 1
6448,92,Phase 3
6449,77,Phase 1
6450,162,Phase 2
6451,16,Phase 1
6452,50,Phase 3
6453,105,Phase 2
6454,198,Phase 2
6455,27,Phase 2
6456,173,Phase 1
6457,88,Phase 3
6458,77,Phase 2
6459,11,Phase 2
6460,7,Phase 3
6461,62,Phase 2
6462,29,Phase 3
6463,55,Phase 2
6464,54,Phase 2
6465,91,Phase 2
6466,125,Phase 1
6467,42,Phase 3
6468,197,Phase 3
6469,3,Phase 3
6470,161,Phase 3
6471,168,Phase 3
6472,84,Phase 3
6473,188,Phase 2
6474,169,Phase 3
6475,99,Phase 3
6476,60,Phase 2
6477,63,Phase 2
6478,194,Phase 1
6479,87,Phase 3
6480,4,Phase 3
6481,68,Phase 1
6482,86,Phase 3
6483,71,Phase 2
6484,113,Phase 1
6485,195,Phase 3
6486,66,Phase 2
6487,148,Phase 3
6488,133,Phase 1
6489,149,Phase 3
6490,130,Phase 1
6491,32,Phase 3
6492,36,Phase 3
6493,33,Phase 2
6494,9,Phase 2
6495,160,Phase 2
6496,181,Phase 1
6497,84,Phase 2
6498,2,Phase 1
6499,112,Phase 2
6500,105,Phase 1
6501,183,Phase 2
6502,10,Phase 3
6503,195,Phase 2
6504,34,Phase 3
6505,130,Phase 3
6506,40,Phase 2
6507,13,Phase 3
6508,45,Phase 1
6509,64,Phase 1
6510,36,Phase 3
6511,53,Phase 1
6512,142,Phase 2
6513,85,Phase 2
6514,127,Phase 2
6515,109,Phase 3
6516,67,Phase 3
6517,127,Phase 1
6518,198,Phase 1
6519,29,Phase 2
6520,191,Phase 3
6521,124,Phase 2
6522,24,Phase 3
6523,110,Phase 2
6524,46,Phase 1
6525,167,Phase 3
6526,144,Phase 2
6527,14,Phase 1
6528,127,Phase 1
6529,66,Phase 2
6530,93,Phase 2
6531,166,Phase 3
6532,116,Phase 1
6533,112,Phase 3
6534,55,Phase 3
6535,71,Phase 1
6536,153,Phase 1
6537,127,Phase 1
6538,126,Phase 2
6539,104,Phase 3
6540,78,Phase 3
6541,9,Phase 1
6542,189,Phase 2
6543,31,Phase 2
6544,24,Phase 2
6545,176,Phase 2
6546,59,Phase 3
6547,77,Phase 2
6548,83,Phase 3
6549,169,Phase 2
6550,125,Phase 2
6551,54,Phase 1
6552,160,Phase 2
6553,110,Phase 3
6554,93,Phase 3
6555,16,Phase 3
6556,89,Phase 2
6557,195,Phase 3
6558,154,Phase 1
6559,85,Phase 3
6560,113,Phase 1
6561,29,Phase 1
6562,86,Phase 2
6563,11,Phase 1
6564,95,Phase 1
6565,175,Phase 3
6566,38,Phase 2
6567,153,Phase 1
6568,135,Phase 1
6569,153,Phase 2
6570,44,Phase 1
6571,120,Phase 1
6572,9,Phase 2
6573,17,Phase 1
6574,29,Phase 2
6575,124,Phase 2
6576,111,Phase 2
6577,189,Phase 2
6578,47,Phase 2
6579,192,Phase 3
6580,130,Phase 1
6581,131,Phase 1
6582,86,Phase 1
6583,36,Phase 2
6584,118,Phase 3
6585,105,Phase 3
6586,18,Phase 2
6587,90,Phase 2
6588,52,Phase 3
6589,156,Phase 1
6590,44,Phase 2
6591,62,Phase 2
6592,5,Phase 3
6593,93,Phase 1
6594,12,Phase 3
6595,18,Phase 3
6596,48,Phase 1
6597,113,Phase 1
6598,26,Phase 1
6599,52,Phase 3
6600,67,Phase 2
6601,11,Phase 2
6602,151,Phase 3
6603,119,Phase 3
6604,152,Phase 3
6605,8,Phase 3
6606,153,Phase 2
6607,47,Phase 2
6608,130,Phase 2
6609,88,Phase 3
6610,113,Phase 1
6611,61,Phase 2
6612,35,Phase 2
6613,130,Phase 2
6614,127,Phase 1
6615,146,Phase 3
6616,70,Phase 3
6617,168,Phase 1
6618,96,Phase 2
6619,64,Phase 2
6620,5,Phase 1
6621,132,Phase 3
6622,80,Phase 1
6623,45,Phase 3
6624,192,Phase 1
6625,54,Phase 1
6626,169,Phase 1
6627,99,Phase 3
6628,192,Phase 2
6629,64,Phase 2
6630,57,Phase 3
6631,39,Phase 3
6632,155,Phase 2
6633,111,Phase 1
6634,117,Phase 3
6635,191,Phase 3
6636,149,Phase 1
6637,196,Phase 3
6638,122,Phase 2
6639,149,Phase 1
6640,98,Phase 3
6641,150,Phase 1
6642,176,Phase 1
6643,53,Phase 3
6644,167,Phase 1
6645,180,Phase 1
6646,45,Phase 3
6647,79,Phase 2
6648,95,Phase 3
6649,173,Phase 3
6650,152,Phase 1
6651,155,Phase 2
6652,155,Phase 2
6653,69,Phase 1
6654,70,Phase 1
6655,9,Phase 3
6656,39,Phase 1
6657,63,Phase 1
6658,100,Phase 3
6659,113,Phase 1
6660,64,Phase 1
6661,52,Phase 1
6662,92,Phase 3
6663,30,Phase 2
6664,106,Phase 2
6665,67,Phase 1
6666,73,Phase 2
6667,199,Phase 3
6668,143,Phase 1
6669,141,Phase 2
6670,124,Phase 1
6671,113,Phase 2
6672,129,Phase 3
6673,161,Phase 2
6674,111,Phase 3
6675,182,Phase 1
6676,53,Phase 1
6677,145,Phase 2
6678,53,Phase 1
6679,37,Phase 1
6680,58,Phase 2
6681,121,Phase 3
6682,82,Phase 2
6683,13,Phase 3
6684,19,Phase 2
6685,24,Phase 2
6686,16,Phase 1
6687,200,Phase 2
6688,113,Phase 2
6689,131,Phase 2
6690,161,Phase 2
6691,76,Phase 3
6692,46,Phase 1
6693,199,Phase 2
6694,72,Phase 3
6695,5,Phase 2
6696,17,Phase 1
6697,62,Phase 3
6698,162,Phase 2
6699,136,Phase 3
6700,151,Phase 2
6701,56,Phase 3
6702,30,Phase 1
6703,143,Phase 3
6704,194,Phase 3
6705,144,Phase 2
6706,158,Phase 3
6707,128,Phase 3
6708,18,Phase 1
6709,26,Phase 1
6710,150,Phase 3
6711,124,Phase 3
6712,54,Phase 2
6713,164,Phase 1
6714,198,Phase 1
6715,95,Phase 2
6716,46,Phase 1
6717,101,Phase 3
6718,70,Phase 2
6719,139,Phase 3
6720,141,Phase 2
6721,128,Phase 3
6722,11,Phase 2
6723,56,Phase 1
6724,169,Phase 3
6725,192,Phase 3
6726,135,Phase 2
6727,170,Phase 1
6728,152,Phase 2
6729,16,Phase 2
6730,192,Phase 3
6731,95,Phase 3
6732,120,Phase 3
6733,151,Phase 2
6734,73,Phase 1
6735,44,Phase 1
6736,85,Phase 3
6737,88,Phase 1
6738,150,Phase 2
6739,121,Phase 1
6740,153,Phase 3
6741,53,Phase 3
6742,86,Phase 2
6743,69,Phase 2
6744,128,Phase 1
6745,94,Phase 1
6746,166,Phase 3
6747,22,Phase 1
6748,2,Phase 3
6749,186,Phase 1
6750,24,Phase 1
6751,200,Phase 2
6752,178,Phase 3
6753,143,Phase 2
6754,189,Phase 1
6755,111,Phase 2
6756,165,Phase 3
6757,149,Phase 1
6758,100,Phase 3
6759,162,Phase 3
6760,87,Phase 3
6761,72,Phase 3
6762,18,Phase 3
6763,31,Phase 1
6764,89,Phase 1
6765,135,Phase 3
6766,104,Phase 2
6767,40,Phase 2
6768,167,Phase 2
6769,177,Phase 3
6770,55,Phase 3
6771,58,Phase 1
6772,106,Phase 2
6773,3,Phase 2
6774,186,Phase 1
6775,24,Phase 1
6776,136,Phase 3
6777,44,Phase 1
6778,80,Phase 1
6779,165,Phase 2
6780,59,Phase 2
6781,60,Phase 1
6782,75,Phase 3
6783,26,Phase 1
6784,139,Phase 1
6785,62,Phase 3
6786,36,Phase 2
6787,193,Phase 1
6788,29,Phase 1
6789,190,Phase 1
6790,152,Phase 3
6791,163,Phase 1
6792,132,Phase 3
6793,40,Phase 2
6794,63,Phase 3
6795,119,Phase 2
6796,103,Phase 2
6797,54,Phase 2
6798,9,Phase 3
6799,101,Phase 2
6800,134,Phase 1
6801,170,Phase 2
6802,6,Phase 2
6803,200,Phase 1
6804,105,Phase 3
6805,20,Phase 3
6806,131,Phase 2
6807,165,Phase 2
6808,177,Phase 2
6809,144,Phase 3
6810,68,Phase 1
6811,115,Phase 3
6812,181,Phase 1
6813,188,Phase 1
6814,176,Phase 3
6815,163,Phase 1
6816,67,Phase 3
6817,80,Phase 2
6818,58,Phase 3
6819,167,Phase 1
6820,164,Phase 1
6821,171,Phase 1
6822,74,Phase 3
6823,135,Phase 2
6824,185,Phase 1
6825,173,Phase 1
6826,43,Phase 2
6827,49,Phase 3
6828,96,Phase 3
6829,37,Phase 2
6830,27,Phase 3
6831,49,Phase 2
6832,179,Phase 1
6833,15,Phase 3
6834,144,Phase 3
6835,107,Phase 2
6836,43,Phase 1
6837,3,Phase 3
6838,112,Phase 3
6839,115,Phase 2
6840,98,Phase 2
6841,155,Phase 3
6842,159,Phase 2
6843,98,Phase 1
6844,182,Phase 1
6845,17,Phase 3
6846,197,Phase 1
6847,168,Phase 2
6848,66,Phase 2
6849,102,Phase 2
6850,19,Phase 2
6851,167,Phase 3
6852,76,Phase 3
6853,178,Phase 3
6854,47,Phase 2
6855,89,Phase 3
6856,163,Phase 3
6857,183,Phase 3
6858,90,Phase 2
6859,57,Phase 2
6860,110,Phase 2
6861,138,Phase 2
6862,131,Phase 1
6863,67,Phase 3
6864,58,Phase 1
6865,70,Phase 3
6866,167,Phase 2
6867,48,Phase 1
6868,174,Phase 1
6869,199,Phase 3
6870,182,Phase 2
6871,51,Phase 3
6872,113,Phase 2
6873,147,Phase 3
6874,145,Phase 3
6875,61,Phase 3
6876,150,Phase 2
6877,89,Phase 1
6878,77,Phase 2
6879,52,Phase 3
6880,28,Phase 2
6881,178,Phase 1
6882,103,Phase 3
6883,158,Phase 1
6884,25,Phase 1
6885,49,Phase 2
6886,132,Phase 3
6887,30,Phase 1
6888,141,Phase 2
6889,56,Phase 1
6890,90,Phase 3
6891,185,Phase 2
6892,102,Phase 3
6893,139,Phase 1
6894,174,Phase 3
6895,98,Phase 2
6896,34,Phase 2
6897,131,Phase 2
6898,122,Phase 1
6899,68,Phase 1
6900,196,Phase 1
6901,198,Phase 1
6902,51,Phase 2
6903,113,Phase 2
6904,197,Phase 2
6905,121,Phase 1
6906,108,Phase 1
6907,55,Phase 2
6908,37,Phase 2
6909,115,Phase 3
6910,167,Phase 1
6911,132,Phase 2
6912,194,Phase 3
6913,112,Phase 1
6914,119,Phase 1
6915,73,Phase 1
6916,150,Phase 1
6917,106,Phase 2
6918,73,Phase 1
6919,50,Phase 1
6920,152,Phase 3
6921,111,Phase 2
6922,175,Phase 1
6923,60,Phase 2
6924,14,Phase 3
6925,187,Phase 2
6926,52,Phase 2
6927,153,Phase 1
6928,46,Phase 1
6929,122,Phase 1
6930,187,Phase 1
6931,96,Phase 3
6932,193,Phase 1
6933,168,Phase 2
6934,32,Phase 3
6935,196,Phase 3
6936,24,Phase 1
6937,98,Phase 2
6938,16,Phase 2
6939,44,Phase 2
6940,132,Phase 3
6941,164,Phase 3
6942,116,Phase 3
6943,10,Phase 1
6944,25,Phase 3
6945,167,Phase 2
6946,35,Phase 3
6947,100,Phase 2
6948,62,Phase 1
6949,71,Phase 1
6950,153,Phase 1
6951,108,Phase 2
6952,195,Phase 1
6953,28,Phase 1
6954,104,Phase 1
6955,33,Phase 3
6956,106,Phase 1
6957,87,Phase 3
6958,189,Phase 1
6959,179,Phase 3
6960,198,Phase 3
6961,2,Phase 3
6962,169,Phase 3
6963,195,Phase 2
6964,4,Phase 3
6965,65,Phase 3
6966,85,Phase 3
6967,22,Phase 2
6968,115,Phase 3
6969,42,Phase 3
6970,45,Phase 2
6971,150,Phase 1
6972,150,Phase 1
6973,62,Phase 3
6974,14,Phase 1
6975,116,Phase 3
6976,145,Phase 2
6977,85,Phase 3
6978,153,Phase 2
6979,30,Phase 1
6980,199,Phase 1
6981,167,Phase 1
6982,86,Phase 1
6983,83,Phase 1
6984,60,Phase 1
6985,64,Phase 1
6986,167,Phase 1
6987,80,Phase 1
6988,107,Phase 2
6989,72,Phase 2
6990,92,Phase 2
6991,48,Phase 2
6992,184,Phase 2
6993,40,Phase 3
6994,95,Phase 3
6995,181,Phase 1
6996,72,Phase 1
6997,83,Phase 2
6998,161,Phase 1
6999,55,Phase 2
7000,62,Phase 2
7001,110,Phase 2
7002,199,Phase 1
7003,116,Phase 2
7004,53,Phase 2
7005,115,Phase 1
7006,5,Phase 2
7007,34,Phase 1
7008,175,Phase 2
7009,39,Phase 2
7010,16,Phase 1
7011,15,Phase 2
7012,56,Phase 3
7013,69,Phase 3
7014,140,Phase 2
7015,171,Phase 1
7016,148,Phase 3
7017,129,Phase 2
7018,75,Phase 2
7019,177,Phase 3
7020,178,Phase 3
7021,13,Phase 2
7022,70,Phase 2
7023,53,Phase 2
7024,70,Phase 1
7025,54,Phase 1
7026,174,Phase 3
7027,168,Phase 3
7028,69,Phase 3
7029,172,Phase 1
7030,90,Phase 1
7031,172,Phase 2
7032,104,Phase 3
7033,52,Phase 1
7034,193,Phase 1
7035,134,Phase 2
7036,18,Phase 3
7037,138,Phase 1
7038,132,Phase 1
7039,36,Phase 1
7040,17,Phase 3
7041,111,Phase 3
7042,57,Phase 2
7043,95,Phase 3
7044,83,Phase 2
7045,43,Phase 3
7046,153,Phase 2
7047,165,Phase 1
7048,79,Phase 1
7049,5,Phase 3
7050,18,Phase 3
7051,75,Phase 2
7052,181,Phase 3
7053,178,Phase 2
7054,123,Phase 2
7055,179,Phase 3
7056,188,Phase 1
7057,75,Phase 2
7058,131,Phase 1
7059,32,Phase 2
7060,170,Phase 3
7061,4,Phase 3
7062,37,Phase 1
7063,2,Phase 1
7064,91,Phase 2
7065,176,Phase 3
7066,26,Phase 3
7067,141,Phase 2
7068,148,Phase 1
7069,43,Phase 3
7070,7,Phase 1
7071,192,Phase 3
7072,38,Phase 3
7073,34,Phase 1
7074,153,Phase 3
7075,193,Phase 1
7076,152,Phase 2
7077,146,Phase 3
7078,105,Phase 3
7079,23,Phase 1
7080,82,Phase 3
7081,174,Phase 2
7082,117,Phase 3
7083,45,Phase 2
7084,127,Phase 3
7085,93,Phase 3
7086,117,Phase 1
7087,21,Phase 1
7088,10,Phase 1
7089,68,Phase 1
7090,99,Phase 3
7091,15,Phase 1
7092,35,Phase 3
7093,57,Phase 1
7094,147,Phase 1
7095,50,Phase 3
7096,108,Phase 2
7097,14,Phase 1
7098,22,Phase 2
7099,192,Phase 1
7100,169,Phase 3
7101,110,Phase 1
7102,61,Phase 2
7103,185,Phase 2
7104,40,Phase 3
7105,181,Phase 1
7106,145,Phase 1
7107,117,Phase 3
7108,100,Phase 1
7109,101,Phase 2
7110,66,Phase 2
7111,9,Phase 3
7112,160,Phase 2
7113,188,Phase 2
7114,200,Phase 1
7115,81,Phase 1
7116,105,Phase 1
7117,2,Phase 1
7118,199,Phase 1
7119,8,Phase 1
7120,65,Phase 1
7121,162,Phase 2
7122,122,Phase 1
7123,41,Phase 3
7124,22,Phase 3
7125,121,Phase 2
7126,60,Phase 2
7127,131,Phase 3
7128,182,Phase 2
7129,14,Phase 3
7130,72,Phase 2
7131,177,Phase 2
7132,94,Phase 3
7133,192,Phase 1
7134,161,Phase 1
7135,9,Phase 2
7136,155,Phase 1
7137,48,Phase 1
7138,51,Phase 3
7139,44,Phase 1
7140,164,Phase 2
7141,90,Phase 3
7142,33,Phase 1
7143,138,Phase 1
7144,62,Phase 1
7145,91,Phase 1
7146,108,Phase 2
7147,199,Phase 1
7148,155,Phase 3
7149,128,Phase 3
7150,54,Phase 1
7151,187,Phase 1
7152,58,Phase 2
7153,7,Phase 3
7154,112,Phase 3
7155,195,Phase 3
7156,29,Phase 1
7157,130,Phase 3
7158,49,Phase 2
7159,140,Phase 2
7160,70,Phase 2
7161,179,Phase 3
7162,120,Phase 1
7163,132,Phase 1
7164,180,Phase 2
7165,41,Phase 2
7166,70,Phase 3
7167,139,Phase 1
7168,132,Phase 2
7169,52,Phase 3
7170,118,Phase 3
7171,174,Phase 1
7172,73,Phase 2
7173,152,Phase 3
7174,131,Phase 2
7175,79,Phase 3
7176,95,Phase 1
7177,176,Phase 2
7178,181,Phase 1
7179,57,Phase 2
7180,87,Phase 3
7181,149,Phase 2
7182,76,Phase 3
7183,194,Phase 3
7184,38,Phase 3
7185,143,Phase 2
7186,69,Phase 3
7187,144,Phase 1
7188,158,Phase 2
7189,104,Phase 1
7190,121,Phase 3
7191,44,Phase 2
7192,134,Phase 3
7193,89,Phase 2
7194,2,Phase 1
7195,136,Phase 3
7196,112,Phase 2
7197,19,Phase 3
7198,87,Phase 1
7199,136,Phase 2
7200,117,Phase 1
7201,20,Phase 1
7202,122,Phase 2
7203,197,Phase 1
7204,44,Phase 3
7205,26,Phase 1
7206,175,Phase 2
7207,45,Phase 1
7208,109,Phase 3
7209,109,Phase 1
7210,193,Phase 2
7211,123,Phase 3
7212,48,Phase 3
7213,167,Phase 1
7214,51,Phase 3
7215,7,Phase 3
7216,44,Phase 2
7217,78,Phase 1
7218,2,Phase 1
7219,155,Phase 1
7220,109,Phase 1
7221,89,Phase 1
7222,189,Phase 3
7223,195,Phase 3
7224,8,Phase 1
7225,94,Phase 1
7226,143,Phase 3
7227,195,Phase 2
7228,135,Phase 2
7229,30,Phase 1
7230,63,Phase 2
7231,131,Phase 1
7232,68,Phase 3
7233,31,Phase 3
7234,69,Phase 1
7235,166,Phase 1
7236,190,Phase 2
7237,33,Phase 2
7238,90,Phase 1
7239,153,Phase 2
7240,148,Phase 3
7241,66,Phase 1
7242,166,Phase 1
7243,84,Phase 1
7244,199,Phase 2
7245,110,Phase 1
7246,26,Phase 2
7247,84,Phase 3
7248,122,Phase 3
7249,131,Phase 2
7250,194,Phase 3
7251,51,Phase 3
7252,103,Phase 3
7253,36,Phase 1
7254,91,Phase 3
7255,171,Phase 2
7256,128,Phase 2
7257,189,Phase 2
7258,96,Phase 1
7259,69,Phase 3
7260,117,Phase 2
7261,92,Phase 2
7262,143,Phase 1
7263,28,Phase 3
7264,15,Phase 3
7265,84,Phase 1
7266,65,Phase 3
7267,47,Phase 1
7268,100,Phase 3
7269,108,Phase 3
7270,152,Phase 3
7271,45,Phase 3
7272,71,Phase 2
7273,76,Phase 1
7274,132,Phase 1
7275,8,Phase 3
7276,87,Phase 3
7277,15,Phase 1
7278,145,Phase 3
7279,81,Phase 3
7280,162,Phase 2
7281,179,Phase 3
7282,10,Phase 2
7283,159,Phase 3
7284,173,Phase 2
7285,102,Phase 2
7286,131,Phase 2
7287,139,Phase 1
7288,186,Phase 3
7289,184,Phase 2
7290,140,Phase 1
7291,187,Phase 2
7292,157,Phase 1
7293,97,Phase 2
7294,99,Phase 3
7295,185,Phase 3
7296,176,Phase 1
7297,130,Phase 2
7298,21,Phase 2
7299,148,Phase 3
7300,57,Phase 3
7301,175,Phase 1
7302,151,Phase 3
7303,33,Phase 1
7304,22,Phase 1
7305,32,Phase 2
7306,78,Phase 2
7307,5,Phase 1
7308,184,Phase 1
7309,141,Phase 2
7310,85,Phase 3
7311,44,Phase 3
7312,119,Phase 2
7313,56,Phase 3
7314,95,Phase 2
7315,136,Phase 1
7316,116,Phase 2
7317,138,Phase 2
7318,165,Phase 3
7319,192,Phase 2
7320,158,Phase 1
7321,74,Phase 3
7322,180,Phase 2
7323,119,Phase 2
7324,176,Phase 2
7325,195,Phase 1
7326,81,Phase 1
7327,68,Phase 3
7328,47,Phase 1
7329,137,Phase 3
7330,41,Phase 1
7331,163,Phase 3
7332,156,Phase 2
7333,83,Phase 1
7334,159,Phase 2
7335,88,Phase 1
7336,104,Phase 2
7337,47,Phase 1
7338,67,Phase 2
7339,39,Phase 1
7340,114,Phase 3
7341,106,Phase 2
7342,17,Phase 2
7343,169,Phase 3
7344,31,Phase 1
7345,18,Phase 1
7346,32,Phase 3
7347,49,Phase 3
7348,103,Phase 1
7349,9,Phase 3
7350,95,Phase 2
7351,102,Phase 3
7352,54,Phase 3
7353,20,Phase 2
7354,169,Phase 3
7355,18,Phase 2
7356,52,Phase 3
7357,159,Phase 2
7358,30,Phase 1
7359,100,Phase 3
7360,24,Phase 1
7361,127,Phase 2
7362,18,Phase 1
7363,100,Phase 1
7364,130,Phase 1
7365,130,Phase 2
7366,171,Phase 2
7367,42,Phase 2
7368,139,Phase 2
7369,101,Phase 3
7370,162,Phase 2
7371,111,Phase 2
7372,181,Phase 2
7373,135,Phase 1
7374,170,Phase 3
7375,164,Phase 3
7376,40,Phase 1
7377,41,Phase 2
7378,49,Phase 2
7379,107,Phase 1
7380,141,Phase 2
7381,43,Phase 2
7382,9,Phase 2
7383,133,Phase 3
7384,3,Phase 1
7385,72,Phase 3
7386,57,Phase 1
7387,78,Phase 2
7388,71,Phase 3
7389,110,Phase 1
7390,75,Phase 1
7391,123,Phase 2
7392,133,Phase 3
7393,116,Phase 2
7394,55,Phase 3
7395,98,Phase 3
7396,182,Phase 1
7397,27,Phase 2
7398,22,Phase 3
7399,54,Phase 2
7400,97,Phase 2
7401,76,Phase 2
7402,162,Phase 1
7403,85,Phase 1
7404,52,Phase 2
7405,92,Phase 3
7406,95,Phase 3
7407,140,Phase 2
7408,135,Phase 2
7409,130,Phase 3
7410,176,Phase 2
7411,123,Phase 3
7412,65,Phase 2
7413,109,Phase 2
7414,140,Phase 3
7415,174,Phase 2
7416,156,Phase 2
7417,1,Phase 2
7418,183,Phase 3
7419,47,Phase 3
7420,183,Phase 1
7421,179,Phase 2
7422,63,Phase 3
7423,109,Phase 1
7424,135,Phase 3
7425,38,Phase 2
7426,40,Phase 1
7427,92,Phase 3
7428,25,Phase 2
7429,117,Phase 1
7430,10,Phase 2
7431,57,Phase 2
7432,30,Phase 2
7433,169,Phase 3
7434,88,Phase 3
7435,119,Phase 1
7436,138,Phase 1
7437,74,Phase 1
7438,38,Phase 1
7439,131,Phase 2
7440,127,Phase 2
7441,182,Phase 3
7442,168,Phase 3
7443,98,Phase 2
7444,121,Phase 2
7445,55,Phase 1
7446,90,Phase 2
7447,171,Phase 1
7448,149,Phase 1
7449,171,Phase 3
7450,4,Phase 2
7451,142,Phase 3
7452,109,Phase 3
7453,153,Phase 3
7454,126,Phase 3
7455,26,Phase 1
7456,128,Phase 1
7457,104,Phase 2
7458,67,Phase 3
7459,127,Phase 3
7460,10,Phase 3
7461,78,Phase 3
7462,129,Phase 3
7463,179,Phase 3
7464,132,Phase 1
7465,123,Phase 1
7466,147,Phase 3
7467,78,Phase 2
7468,93,Phase 1
7469,42,Phase 3
7470,170,Phase 3
7471,13,Phase 3
7472,179,Phase 2
7473,144,Phase 1
7474,153,Phase 1
7475,53,Phase 3
7476,117,Phase 1
7477,52,Phase 1
7478,63,Phase 3
7479,139,Phase 3
7480,65,Phase 2
7481,133,Phase 3
7482,84,Phase 2
7483,131,Phase 2
7484,82,Phase 3
7485,8,Phase 2
7486,55,Phase 1
7487,58,Phase 2
7488,9,Phase 1
7489,70,Phase 3
7490,50,Phase 2
7491,150,Phase 2
7492,154,Phase 1
7493,27,Phase 3
7494,87,Phase 2
7495,123,Phase 2
7496,198,Phase 3
7497,196,Phase 1
7498,16,Phase 3
7499,193,Phase 3
7500,120,Phase 2
7501,162,Phase 2
7502,189,Phase 1
7503,57,Phase 2
7504,155,Phase 3
7505,69,Phase 2
7506,113,Phase 3
7507,43,Phase 1
7508,116,Phase 1
7509,193,Phase 2
7510,148,Phase 3
7511,160,Phase 2
7512,64,Phase 3
7513,156,Phase 3
7514,45,Phase 3
7515,76,Phase 1
7516,39,Phase 3
7517,68,Phase 3
7518,160,Phase 2
7519,31,Phase 1
7520,89,Phase 2
7521,1,Phase 3
7522,101,Phase 1
7523,76,Phase 3
7524,170,Phase 1
7525,17,Phase 1
7526,176,Phase 2
7527,83,Phase 1
7528,191,Phase 1
7529,48,Phase 3
7530,144,Phase 3
7531,36,Phase 1
7532,182,Phase 2
7533,61,Phase 2
7534,69,Phase 1
7535,173,Phase 1
7536,110,Phase 1
7537,101,Phase 1
7538,143,Phase 2
7539,63,Phase 1
7540,149,Phase 1
7541,164,Phase 1
7542,102,Phase 1
7543,45,Phase 2
7544,73,Phase 2
7545,133,Phase 1
7546,32,Phase 1
7547,52,Phase 1
7548,55,Phase 3
7549,80,Phase 3
7550,32,Phase 3
7551,173,Phase 3
7552,106,Phase 3
7553,180,Phase 2
7554,164,Phase 3
7555,178,Phase 1
7556,30,Phase 1
7557,106,Phase 1
7558,112,Phase 2
7559,138,Phase 1
7560,148,Phase 1
7561,19,Phase 1
7562,149,Phase 1
7563,63,Phase 2
7564,15,Phase 1
7565,100,Phase 2
7566,127,Phase 1
7567,194,Phase 2
7568,10,Phase 2
7569,29,Phase 1
7570,2,Phase 1
7571,163,Phase 2
7572,58,Phase 1
7573,132,Phase 3
7574,81,Phase 3
7575,170,Phase 1
7576,7,Phase 3
7577,25,Phase 1
7578,80,Phase 3
7579,114,Phase 2
7580,113,Phase 2
7581,139,Phase 3
7582,184,Phase 1
7583,75,Phase 3
7584,168,Phase 2
7585,91,Phase 2
7586,41,Phase 1
7587,28,Phase 1
7588,125,Phase 3
7589,163,Phase 3
7590,1,Phase 1
7591,28,Phase 1
7592,157,Phase 3
7593,42,Phase 1
7594,16,Phase 1
7595,172,Phase 1
7596,93,Phase 1
7597,76,Phase 3
7598,165,Phase 2
7599,19,Phase 3
7600,191,Phase 3
7601,179,Phase 3
7602,161,Phase 3
7603,194,Phase 2
7604,31,Phase 3
7605,96,Phase 2
7606,175,Phase 2
7607,10,Phase 1
7608,41,Phase 3
7609,52,Phase 3
7610,27,Phase 2
7611,160,Phase 2
7612,57,Phase 3
7613,146,Phase 2
7614,99,Phase 1
7615,164,Phase 2
7616,110,Phase 1
7617,109,Phase 2
7618,25,Phase 3
7619,10,Phase 2
7620,64,Phase 3
7621,198,Phase 2
7622,101,Phase 1
7623,163,Phase 2
7624,80,Phase 2
7625,117,Phase 1
7626,3,Phase 3
7627,121,Phase 2
7628,167,Phase 2
7629,25,Phase 1
7630,90,Phase 3
7631,143,Phase 1
7632,31,Phase 2
7633,44,Phase 1
7634,112,Phase 1
7635,112,Phase 2
7636,48,Phase 2
7637,126,Phase 3
7638,162,Phase 1
7639,38,Phase 3
7640,38,Phase 1
7641,33,Phase 2
7642,99,Phase 1
7643,112,Phase 3
7644,4,Phase 2
7645,150,Phase 3
7646,8,Phase 2
7647,126,Phase 3
7648,173,Phase 1
7649,100,Phase 3
7650,109,Phase 1
7651,169,Phase 1
7652,104,Phase 1
7653,6,Phase 3
7654,123,Phase 2
7655,120,Phase 2
7656,142,Phase 1
7657,138,Phase 3
7658,198,Phase 3
7659,24,Phase 2
7660,12,Phase 1
7661,159,Phase 1
7662,110,Phase 2
7663,180,Phase 3
7664,144,Phase 2
7665,153,Phase 2
7666,185,Phase 3
7667,8,Phase 2
7668,186,Phase 2
7669,163,Phase 2
7670,49,Phase 2
7671,58,Phase 1
7672,140,Phase 1
7673,184,Phase 2
7674,76,Phase 3
7675,29,Phase 2
7676,128,Phase 2
7677,185,Phase 2
7678,196,Phase 1
7679,125,Phase 1
7680,172,Phase 2
7681,158,Phase 1
7682,98,Phase 3
7683,14,Phase 2
7684,25,Phase 1
7685,70,Phase 2
7686,129,Phase 3
7687,172,Phase 1
7688,8,Phase 3
7689,5,Phase 2
7690,42,Phase 3
7691,197,Phase 2
7692,94,Phase 2
7693,140,Phase 2
7694,164,Phase 1
7695,96,Phase 2
7696,66,Phase 1
7697,62,Phase 1
7698,162,Phase 1
7699,52,Phase 3
7700,104,Phase 3
7701,6,Phase 3
7702,2,Phase 2
7703,63,Phase 1
7704,179,Phase 3
7705,77,Phase 2
7706,22,Phase 1
7707,88,Phase 2
7708,30,Phase 1
7709,125,Phase 1
7710,163,Phase 3
7711,118,Phase 1
7712,25,Phase 1
7713,11,Phase 3
7714,75,Phase 3
7715,159,Phase 1
7716,190,Phase 2
7717,198,Phase 2
7718,144,Phase 1
7719,57,Phase 3
7720,105,Phase 1
7721,144,Phase 1
7722,181,Phase 3
7723,48,Phase 2
7724,46,Phase 3
7725,175,Phase 1
7726,62,Phase 1
7727,24,Phase 1
7728,4,Phase 1
7729,61,Phase 1
7730,92,Phase 2
7731,10,Phase 3
7732,5,Phase 3
7733,109,Phase 1
7734,191,Phase 1
7735,61,Phase 3
7736,142,Phase 3
7737,198,Phase 1
7738,51,Phase 3
7739,47,Phase 3
7740,159,Phase 2
7741,178,Phase 2
7742,20,Phase 1
7743,124,Phase 1
7744,186,Phase 3
7745,48,Phase 3
7746,68,Phase 3
7747,178,Phase 1
7748,184,Phase 2
7749,71,Phase 2
7750,27,Phase 1
7751,116,Phase 1
7752,187,Phase 1
7753,51,Phase 2
7754,24,Phase 3
7755,131,Phase 3
7756,37,Phase 2
7757,184,Phase 3
7758,109,Phase 1
7759,97,Phase 1
7760,160,Phase 1
7761,156,Phase 2
7762,153,Phase 2
7763,141,Phase 2
7764,100,Phase 3
7765,172,Phase 3
7766,176,Phase 1
7767,164,Phase 3
7768,76,Phase 2
7769,172,Phase 3
7770,10,Phase 3
7771,121,Phase 3
7772,101,Phase 1
7773,153,Phase 1
7774,152,Phase 2
7775,161,Phase 1
7776,125,Phase 3
7777,142,Phase 3
7778,188,Phase 1
7779,168,Phase 2
7780,59,Phase 3
7781,18,Phase 2
7782,132,Phase 3
7783,112,Phase 2
7784,173,Phase 3
7785,138,Phase 3
7786,14,Phase 2
7787,30,Phase 1
7788,108,Phase 3
7789,70,Phase 3
7790,193,Phase 1
7791,94,Phase 3
7792,84,Phase 1
7793,43,Phase 2
7794,52,Phase 1
7795,135,Phase 2
7796,78,Phase 2
7797,92,Phase 2
7798,134,Phase 3
7799,114,Phase 1
7800,108,Phase 3
7801,174,Phase 1
7802,80,Phase 1
7803,169,Phase 3
7804,39,Phase 3
7805,52,Phase 3
7806,177,Phase 2
7807,190,Phase 2
7808,72,Phase 1
7809,50,Phase 3
7810,59,Phase 3
7811,137,Phase 2
7812,91,Phase 1
7813,108,Phase 2
7814,49,Phase 1
7815,193,Phase 2
7816,182,Phase 1
7817,26,Phase 1
7818,178,Phase 3
7819,91,Phase 2
7820,171,Phase 1
7821,94,Phase 3
7822,50,Phase 1
7823,150,Phase 1
7824,144,Phase 1
7825,179,Phase 3
7826,129,Phase 3
7827,34,Phase 1
7828,195,Phase 2
7829,139,Phase 3
7830,101,Phase 2
7831,87,Phase 2
7832,101,Phase 1
7833,138,Phase 1
7834,103,Phase 2
7835,82,Phase 2
7836,35,Phase 2
7837,94,Phase 3
7838,180,Phase 2
7839,81,Phase 2
7840,131,Phase 3
7841,3,Phase 2
7842,113,Phase 2
7843,112,Phase 2
7844,75,Phase 2
7845,16,Phase 2
7846,21,Phase 2
7847,158,Phase 1
7848,162,Phase 3
7849,109,Phase 2
7850,137,Phase 2
7851,80,Phase 3
7852,37,Phase 1
7853,86,Phase 1
7854,5,Phase 1
7855,199,Phase 1
7856,122,Phase 2
7857,102,Phase 2
7858,62,Phase 3
7859,88,Phase 3
7860,106,Phase 2
7861,110,Phase 3
7862,41,Phase 1
7863,125,Phase 3
7864,150,Phase 3
7865,149,Phase 2
7866,9,Phase 1
7867,185,Phase 2
7868,139,Phase 2
7869,9,Phase 2
7870,30,Phase 3
7871,76,Phase 2
7872,164,Phase 1
7873,182,Phase 1
7874,39,Phase 3
7875,162,Phase 3
7876,164,Phase 1
7877,9,Phase 1
7878,143,Phase 1
7879,15,Phase 2
7880,47,Phase 2
7881,22,Phase 3
7882,112,Phase 1
7883,152,Phase 1
7884,100,Phase 1
7885,6,Phase 1
7886,56,Phase 3
7887,108,Phase 1
7888,31,Phase 1
7889,27,Phase 2
7890,114,Phase 2
7891,184,Phase 2
7892,17,Phase 2
7893,54,Phase 3
7894,153,Phase 1
7895,138,Phase 3
7896,186,Phase 1
7897,55,Phase 3
7898,23,Phase 2
7899,129,Phase 2
7900,171,Phase 3
7901,176,Phase 2
7902,156,Phase 3
7903,159,Phase 1
7904,140,Phase 1
7905,10,Phase 3
7906,88,Phase 2
7907,59,Phase 3
7908,129,Phase 2
7909,68,Phase 2
7910,190,Phase 3
7911,55,Phase 3
7912,169,Phase 2
7913,43,Phase 3
7914,45,Phase 2
7915,104,Phase 3
7916,26,Phase 2
7917,138,Phase 2
7918,169,Phase 1
7919,101,Phase 1
7920,123,Phase 2
7921,16,Phase 2
7922,24,Phase 2
7923,178,Phase 1
7924,64,Phase 3
7925,126,Phase 1
7926,99,Phase 3
7927,102,Phase 2
7928,83,Phase 3
7929,99,Phase 2
7930,193,Phase 1
7931,81,Phase 3
7932,91,Phase 2
7933,141,Phase 2
7934,90,Phase 2
7935,181,Phase 1
7936,98,Phase 1
7937,78,Phase 1
7938,164,Phase 3
7939,75,Phase 2
7940,107,Phase 1
7941,3,Phase 3
7942,187,Phase 2
7943,96,Phase 3
7944,31,Phase 3
7945,105,Phase 2
7946,56,Phase 2
7947,51,Phase 2
7948,200,Phase 1
7949,119,Phase 1
7950,187,Phase 1
7951,53,Phase 3
7952,195,Phase 2
7953,92,Phase 3
7954,31,Phase 1
7955,43,Phase 1
7956,111,Phase 1
7957,31,Phase 1
7958,167,Phase 1
7959,75,Phase 1
7960,148,Phase 3
7961,79,Phase 1
7962,199,Phase 3
7963,188,Phase 2
7964,153,Phase 2
7965,192,Phase 1
7966,140,Phase 2
7967,115,Phase 3
7968,117,Phase 2
7969,18,Phase 2
7970,95,Phase 3
7971,88,Phase 1
7972,13,Phase 2
7973,172,Phase 2
7974,82,Phase 1
7975,193,Phase 3
7976,19,Phase 2
7977,11,Phase 3
7978,18,Phase 1
7979,193,Phase 2
7980,163,Phase 1
7981,130,Phase 1
7982,8,Phase 3
7983,149,Phase 2
7984,140,Phase 3
7985,148,Phase 1
7986,98,Phase 3
7987,153,Phase 3
7988,141,Phase 2
7989,136,Phase 2
7990,190,Phase 1
7991,200,Phase 2
7992,38,Phase 1
7993,121,Phase 2
7994,52,Phase 2
7995,49,Phase 1
7996,25,Phase 2
7997,168,Phase 2
7998,194,Phase 1
7999,117,Phase 3
8000,48,Phase 3
8001,156,Phase 1
8002,126,Phase 1
8003,166,Phase 3
8004,125,Phase 2
8005,105,Phase 2
8006,15,Phase 2
8007,65,Phase 1
8008,13,Phase 1
8009,60,Phase 1
8010,121,Phase 1
8011,85,Phase 2
8012,176,Phase 1
8013,3,Phase 1
8014,157,Phase 2
8015,21,Phase 2
8016,88,Phase 1
8017,32,Phase 3
8018,24,Phase 1
8019,84,Phase 1
8020,151,Phase 2
8021,89,Phase 1
8022,62,Phase 2
8023,60,Phase 1
8024,74,Phase 1
8025,173,Phase 1
8026,57,Phase 2
8027,134,Phase 3
8028,71,Phase 3
8029,59,Phase 1
8030,66,Phase 1
8031,29,Phase 1
8032,187,Phase 1
8033,191,Phase 2
8034,44,Phase 2
8035,170,Phase 2
8036,33,Phase 1
8037,50,Phase 1
8038,94,Phase 1
8039,198,Phase 2
8040,82,Phase 3
8041,184,Phase 3
8042,144,Phase 3
8043,187,Phase 3
8044,122,Phase 2
8045,189,Phase 1
8046,60,Phase 1
8047,100,Phase 1
8048,81,Phase 1
8049,160,Phase 1
8050,81,Phase 2
8051,159,Phase 3
8052,1,Phase 1
8053,192,Phase 1
8054,125,Phase 2
8055,136,Phase 2
8056,55,Phase 2
8057,147,Phase 1
8058,181,Phase 3
8059,122,Phase 3
8060,17,Phase 3
8061,107,Phase 2
8062,27,Phase 2
8063,159,Phase 2
8064,150,Phase 1
8065,183,Phase 2
8066,115,Phase 1
8067,43,Phase 2
8068,171,Phase 1
8069,100,Phase 3
8070,12,Phase 3
8071,121,Phase 3
8072,94,Phase 2
8073,89,Phase 3
8074,132,Phase 2
8075,163,Phase 2
8076,15,Phase 3
8077,4,Phase 1
8078,108,Phase 2
8079,135,Phase 2
8080,114,Phase 2
8081,152,Phase 1
8082,97,Phase 1
8083,85,Phase 2
8084,84,Phase 2
8085,111,Phase 1
8086,73,Phase 2
8087,65,Phase 1
8088,2,Phase 3
8089,50,Phase 3
8090,1,Phase 3
8091,41,Phase 3
8092,139,Phase 1
8093,46,Phase 2
8094,187,Phase 2
8095,148,Phase 2
8096,145,Phase 2
8097,194,Phase 2
8098,175,Phase 1
8099,69,Phase 3
8100,167,Phase 2
8101,99,Phase 1
8102,121,Phase 2
8103,4,Phase 1
8104,105,Phase 1
8105,58,Phase 2
8106,186,Phase 1
8107,84,Phase 1
8108,184,Phase 3
8109,149,Phase 3
8110,117,Phase 1
8111,132,Phase 2
8112,135,Phase 1
8113,131,Phase 1
8114,112,Phase 3
8115,126,Phase 1
8116,170,Phase 3
8117,118,Phase 2
8118,186,Phase 1
8119,166,Phase 1
8120,22,Phase 2
8121,98,Phase 3
8122,103,Phase 3
8123,155,Phase 1
8124,162,Phase 2
8125,69,Phase 1
8126,75,Phase 2
8127,109,Phase 2
8128,178,Phase 1
8129,178,Phase 3
8130,42,Phase 3
8131,143,Phase 2
8132,4,Phase 3
8133,88,Phase 3
8134,142,Phase 2
8135,121,Phase 3
8136,87,Phase 2
8137,33,Phase 3
8138,105,Phase 3
8139,36,Phase 1
8140,147,Phase 1
8141,113,Phase 3
8142,137,Phase 2
8143,107,Phase 1
8144,92,Phase 2
8145,115,Phase 2
8146,200,Phase 3
8147,19,Phase 2
8148,116,Phase 2
8149,134,Phase 2
8150,157,Phase 1
8151,25,Phase 2
8152,184,Phase 2
8153,51,Phase 1
8154,6,Phase 3
8155,175,Phase 1
8156,167,Phase 2
8157,113,Phase 2
8158,146,Phase 3
8159,101,Phase 2
8160,113,Phase 3
8161,69,Phase 3
8162,19,Phase 2
8163,111,Phase 1
8164,34,Phase 1
8165,50,Phase 2
8166,144,Phase 2
8167,165,Phase 1
8168,113,Phase 3
8169,79,Phase 1
8170,137,Phase 1
8171,167,Phase 3
8172,180,Phase 2
8173,165,Phase 1
8174,128,Phase 3
8175,125,Phase 3
8176,191,Phase 1
8177,21,Phase 2
8178,180,Phase 1
8179,28,Phase 1
8180,113,Phase 1
8181,159,Phase 1
8182,31,Phase 1
8183,6,Phase 1
8184,25,Phase 2
8185,76,Phase 3
8186,69,Phase 3
8187,22,Phase 1
8188,44,Phase 1
8189,56,Phase 2
8190,162,Phase 3
8191,5,Phase 1
8192,106,Phase 2
8193,58,Phase 1
8194,184,Phase 3
8195,157,Phase 3
8196,16,Phase 1
8197,104,Phase 1
8198,6,Phase 2
8199,50,Phase 2
8200,99,Phase 1
8201,111,Phase 1
8202,142,Phase 2
8203,185,Phase 1
8204,115,Phase 2
8205,129,Phase 3
8206,6,Phase 1
8207,159,Phase 1
8208,43,Phase 2
8209,54,Phase 3
8210,110,Phase 1
8211,24,Phase 3
8212,49,Phase 2
8213,80,Phase 3
8214,104,Phase 1
8215,88,Phase 2
8216,200,Phase 1
8217,85,Phase 3
8218,80,Phase 1
8219,46,Phase 3
8220,162,Phase 1
8221,112,Phase 1
8222,170,Phase 2
8223,24,Phase 2
8224,161,Phase 3
8225,11,Phase 3
8226,173,Phase 1
8227,114,Phase 1
8228,64,Phase 1
8229,94,Phase 2
8230,104,Phase 2
8231,195,Phase 3
8232,28,Phase 2
8233,198,Phase 1
8234,113,Phase 1
8235,199,Phase 3
8236,86,Phase 2
8237,146,Phase 1
8238,34,Phase 3
8239,60,Phase 2
8240,178,Phase 1
8241,98,Phase 2
8242,61,Phase 2
8243,21,Phase 3
8244,23,Phase 1
8245,54,Phase 1
8246,3,Phase 2
8247,13,Phase 3
8248,23,Phase 1
8249,186,Phase 3
8250,185,Phase 1
8251,130,Phase 2
8252,32,Phase 3
8253,58,Phase 2
8254,51,Phase 1
8255,174,Phase 3
8256,65,Phase 3
8257,135,Phase 2
8258,136,Phase 2
8259,58,Phase 2
8260,19,Phase 1
8261,117,Phase 3
8262,55,Phase 3
8263,59,Phase 3
8264,196,Phase 2
8265,16,Phase 2
8266,105,Phase 2
8267,144,Phase 2
8268,138,Phase 1
8269,77,Phase 1
8270,52,Phase 2
8271,156,Phase 3
8272,43,Phase 1
8273,172,Phase 1
8274,85,Phase 3
8275,38,Phase 3
8276,4,Phase 2
8277,147,Phase 2
8278,47,Phase 2
8279,28,Phase 3
8280,54,Phase 1
8281,171,Phase 2
8282,82,Phase 3
8283,114,Phase 2
8284,41,Phase 2
8285,130,Phase 1
8286,90,Phase 1
8287,179,Phase 1
8288,175,Phase 3
8289,19,Phase 3
8290,151,Phase 2
8291,197,Phase 1
8292,129,Phase 2
8293,24,Phase 2
8294,31,Phase 1
8295,130,Phase 3
8296,149,Phase 2
8297,56,Phase 3
8298,117,Phase 1
8299,7,Phase 3
8300,112,Phase 2
8301,187,Phase 3
8302,3,Phase 2
8303,192,Phase 3
8304,88,Phase 3
8305,15,Phase 3
8306,192,Phase 1
8307,8,Phase 2
8308,2,Phase 1
8309,99,Phase 2
8310,127,Phase 1
8311,20,Phase 2
8312,94,Phase 1
8313,128,Phase 1
8314,100,Phase 3
8315,187,Phase 2
8316,170,Phase 2
8317,66,Phase 2
8318,26,Phase 1
8319,188,Phase 3
8320,51,Phase 2
8321,95,Phase 3
8322,199,Phase 3
8323,133,Phase 3
8324,119,Phase 2
8325,51,Phase 3
8326,52,Phase 1
8327,73,Phase 3
8328,130,Phase 3
8329,104,Phase 1
8330,190,Phase 1
8331,111,Phase 1
8332,159,Phase 2
8333,189,Phase 1
8334,48,Phase 1
8335,93,Phase 3
8336,46,Phase 1
8337,140,Phase 2
8338,123,Phase 2
8339,157,Phase 2
8340,162,Phase 1
8341,200,Phase 2
8342,158,Phase 3
8343,148,Phase 1
8344,151,Phase 1
8345,36,Phase 3
8346,179,Phase 2
8347,173,Phase 2
8348,78,Phase 3
8349,75,Phase 1
8350,33,Phase 1
8351,170,Phase 3
8352,162,Phase 3
8353,113,Phase 3
8354,96,Phase 3
8355,74,Phase 1
8356,177,Phase 3
8357,44,Phase 3
8358,191,Phase 3
8359,191,Phase 3
8360,65,Phase 1
8361,158,Phase 1
8362,159,Phase 1
8363,152,Phase 1
8364,123,Phase 2
8365,132,Phase 3
8366,86,Phase 2
8367,86,Phase 1
8368,11,Phase 2
8369,113,Phase 1
8370,200,Phase 2
8371,66,Phase 2
8372,151,Phase 2
8373,198,Phase 3
8374,61,Phase 1
8375,131,Phase 2
8376,157,Phase 1
8377,19,Phase 2
8378,151,Phase 2
8379,44,Phase 2
8380,198,Phase 2
8381,148,Phase 3
8382,140,Phase 2
8383,137,Phase 1
8384,69,Phase 2
8385,106,Phase 2
8386,164,Phase 3
8387,30,Phase 3
8388,8,Phase 3
8389,89,Phase 1
8390,6,Phase 2
8391,47,Phase 2
8392,67,Phase 2
8393,82,Phase 3
8394,101,Phase 3
8395,102,Phase 2
8396,135,Phase 2
8397,180,Phase 3
8398,134,Phase 2
8399,97,Phase 1
8400,51,Phase 2
8401,36,Phase 1
8402,150,Phase 3
8403,163,Phase 3
8404,17,Phase 2
8405,180,Phase 1
8406,31,Phase 3
8407,77,Phase 2
8408,177,Phase 3
8409,65,Phase 1
8410,157,Phase 2
8411,62,Phase 2
8412,83,Phase 2
8413,185,Phase 2
8414,186,Phase 3
8415,90,Phase 3
8416,14,Phase 2
8417,53,Phase 2
8418,111,Phase 1
8419,174,Phase 2
8420,24,Phase 2
8421,28,Phase 1
8422,20,Phase 1
8423,188,Phase 3
8424,47,Phase 3
8425,8,Phase 1
8426,8,Phase 2
8427,67,Phase 2
8428,182,Phase 2
8429,182,Phase 3
8430,7,Phase 2
8431,177,Phase 2
8432,65,Phase 1
8433,141,Phase 2
8434,55,Phase 2
8435,19,Phase 3
8436,97,Phase 2
8437,43,Phase 1
8438,169,Phase 3
8439,137,Phase 3
8440,177,Phase 2
8441,70,Phase 1
8442,200,Phase 3
8443,119,Phase 3
8444,127,Phase 3
8445,68,Phase 2
8446,132,Phase 2
8447,141,Phase 3
8448,42,Phase 2
8449,192,Phase 3
8450,90,Phase 3
8451,169,Phase 1
8452,16,Phase 2
8453,2,Phase 2
8454,17,Phase 3
8455,82,Phase 2
8456,1,Phase 3
8457,157,Phase 1
8458,8,Phase 1
8459,113,Phase 3
8460,178,Phase 3
8461,18,Phase 3
8462,142,Phase 3
8463,159,Phase 1
8464,182,Phase 3
8465,93,Phase 1
8466,168,Phase 1
8467,149,Phase 3
8468,139,Phase 1
8469,86,Phase 2
8470,196,Phase 2
8471,128,Phase 1
8472,184,Phase 1
8473,118,Phase 1
8474,29,Phase 3
8475,102,Phase 3
8476,90,Phase 2
8477,171,Phase 3
8478,89,Phase 2
8479,28,Phase 3
8480,106,Phase 1
8481,109,Phase 3
8482,144,Phase 3
8483,95,Phase 3
8484,51,Phase 1
8485,14,Phase 2
8486,199,Phase 1
8487,184,Phase 1
8488,89,Phase 1
8489,92,Phase 2
8490,73,Phase 3
8491,26,Phase 2
8492,99,Phase 1
8493,50,Phase 3
8494,71,Phase 1
8495,92,Phase 1
8496,11,Phase 3
8497,110,Phase 1
8498,15,Phase 3
8499,141,Phase 3
8500,9,Phase 1
8501,32,Phase 2
8502,63,Phase 2
8503,165,Phase 3
8504,186,Phase 2
8505,193,Phase 1
8506,147,Phase 1
8507,146,Phase 1
8508,166,Phase 1
8509,38,Phase 2
8510,14,Phase 1
8511,158,Phase 2
8512,39,Phase 1
8513,154,Phase 2
8514,172,Phase 2
8515,61,Phase 3
8516,166,Phase 1
8517,171,Phase 1
8518,193,Phase 1
8519,26,Phase 1
8520,112,Phase 2
8521,35,Phase 2
8522,61,Phase 2
8523,85,Phase 2
8524,180,Phase 2
8525,67,Phase 3
8526,164,Phase 1
8527,156,Phase 2
8528,138,Phase 2
8529,186,Phase 1
8530,112,Phase 1
8531,69,Phase 3
8532,35,Phase 2
8533,27,Phase 1
8534,5,Phase 1
8535,93,Phase 3
8536,128,Phase 3
8537,47,Phase 2
8538,184,Phase 1
8539,149,Phase 3
8540,73,Phase 1
8541,189,Phase 3
8542,24,Phase 2
8543,71,Phase 1
8544,179,Phase 1
8545,124,Phase 3
8546,172,Phase 1
8547,22,Phase 3
8548,56,Phase 1
8549,24,Phase 2
8550,97,Phase 2
8551,80,Phase 3
8552,178,Phase 1
8553,189,Phase 1
8554,65,Phase 1
8555,85,Phase 1
8556,183,Phase 2
8557,14,Phase 3
8558,35,Phase 2
8559,21,Phase 2
8560,134,Phase 1
8561,164,Phase 1
8562,13,Phase 2
8563,8,Phase 3
8564,184,Phase 1
8565,129,Phase 1
8566,104,Phase 3
8567,93,Phase 2
8568,157,Phase 2
8569,19,Phase 2
8570,158,Phase 2
8571,111,Phase 2
8572,166,Phase 2
8573,27,Phase 3
8574,184,Phase 3
8575,160,Phase 3
8576,179,Phase 2
8577,8,Phase 2
8578,22,Phase 3
8579,144,Phase 1
8580,48,Phase 3
8581,152,Phase 3
8582,144,Phase 2
8583,186,Phase 3
8584,49,Phase 1
8585,133,Phase 2
8586,70,Phase 3
8587,12,Phase 3
8588,197,Phase 3
8589,141,Phase 1
8590,140,Phase 3
8591,148,Phase 1
8592,118,Phase 3
8593,193,Phase 1
8594,56,Phase 2
8595,7,Phase 1
8596,181,Phase 2
8597,190,Phase 3
8598,59,Phase 1
8599,184,Phase 3
8600,47,Phase 2
8601,151,Phase 3
8602,72,Phase 3
8603,47,Phase 3
8604,125,Phase 2
8605,94,Phase 1
8606,145,Phase 1
8607,142,Phase 3
8608,21,Phase 1
8609,175,Phase 2
8610,87,Phase 2
8611,30,Phase 1
8612,1,Phase 2
8613,98,Phase 1
8614,9,Phase 3
8615,50,Phase 2
8616,86,Phase 3
8617,112,Phase 2
8618,165,Phase 3
8619,151,Phase 2
8620,123,Phase 1
8621,143,Phase 2
8622,180,Phase 3
8623,171,Phase 1
8624,9,Phase 2
8625,167,Phase 3
8626,79,Phase 1
8627,121,Phase 1
8628,72,Phase 3
8629,65,Phase 2
8630,29,Phase 3
8631,100,Phase 3
8632,81,Phase 3
8633,31,Phase 2
8634,75,Phase 2
8635,144,Phase 2
8636,90,Phase 3
8637,153,Phase 1
8638,96,Phase 3
8639,166,Phase 1
8640,86,Phase 1
8641,57,Phase 1
8642,20,Phase 2
8643,60,Phase 1
8644,1,Phase 1
8645,111,Phase 1
8646,170,Phase 2
8647,9,Phase 3
8648,112,Phase 1
8649,148,Phase 1
8650,181,Phase 3
8651,23,Phase 3
8652,8,Phase 1
8653,151,Phase 1
8654,137,Phase 3
8655,140,Phase 2
8656,75,Phase 3
8657,182,Phase 3
8658,188,Phase 3
8659,78,Phase 2
8660,168,Phase 1
8661,108,Phase 3
8662,146,Phase 2
8663,126,Phase 3
8664,97,Phase 3
8665,160,Phase 3
8666,19,Phase 3
8667,108,Phase 1
8668,53,Phase 3
8669,174,Phase 2
8670,53,Phase 1
8671,96,Phase 1
8672,160,Phase 1
8673,30,Phase 1
8674,182,Phase 2
8675,35,Phase 2
8676,58,Phase 3
8677,143,Phase 1
8678,92,Phase 1
8679,176,Phase 1
8680,21,Phase 3
8681,164,Phase 2
8682,130,Phase 1
8683,166,Phase 1
8684,17,Phase 1
8685,60,Phase 1
8686,110,Phase 2
8687,122,Phase 2
8688,191,Phase 2
8689,1,Phase 1
8690,106,Phase 2
8691,156,Phase 2
8692,124,Phase 3
8693,115,Phase 1
8694,146,Phase 2
8695,13,Phase 3
8696,193,Phase 3
8697,146,Phase 2
8698,198,Phase 1
8699,120,Phase 2
8700,15,Phase 1
8701,156,Phase 1
8702,186,Phase 1
8703,153,Phase 1
8704,85,Phase 1
8705,71,Phase 1
8706,6,Phase 1
8707,166,Phase 1
8708,138,Phase 3
8709,63,Phase 1
8710,183,Phase 2
8711,197,Phase 2
8712,143,Phase 1
8713,98,Phase 2
8714,86,Phase 1
8715,17,Phase 1
8716,113,Phase 2
8717,38,Phase 2
8718,149,Phase 2
8719,102,Phase 3
8720,185,Phase 1
8721,186,Phase 2
8722,13,Phase 2
8723,55,Phase 3
8724,79,Phase 3
8725,33,Phase 1
8726,34,Phase 3
8727,12,Phase 1
8728,48,Phase 2
8729,94,Phase 3
8730,38,Phase 1
8731,92,Phase 2
8732,14,Phase 3
8733,89,Phase 2
8734,115,Phase 2
8735,55,Phase 3
8736,133,Phase 2
8737,186,Phase 1
8738,150,Phase 1
8739,17,Phase 3
8740,101,Phase 3
8741,198,Phase 3
8742,158,Phase 1
8743,85,Phase 3
8744,189,Phase 2
8745,182,Phase 1
8746,31,Phase 3
8747,74,Phase 3
8748,9,Phase 2
8749,111,Phase 3
8750,49,Phase 1
8751,98,Phase 3
8752,178,Phase 3
8753,71,Phase 1
8754,6,Phase 3
8755,101,Phase 2
8756,37,Phase 1
8757,3,Phase 3
8758,107,Phase 2
8759,22,Phase 1
8760,149,Phase 2
8761,169,Phase 2
8762,99,Phase 3
8763,114,Phase 1
8764,195,Phase 1
8765,82,Phase 2
8766,193,Phase 1
8767,154,Phase 3
8768,136,Phase 3
8769,126,Phase 2
8770,11,Phase 2
8771,119,Phase 3
8772,54,Phase 3
8773,87,Phase 3
8774,123,Phase 1
8775,26,Phase 2
8776,32,Phase 2
8777,111,Phase 3
8778,168,Phase 3
8779,166,Phase 3
8780,57,Phase 1
8781,135,Phase 3
8782,29,Phase 3
8783,8,Phase 3
8784,54,Phase 3
8785,174,Phase 1
8786,21,Phase 3
8787,6,Phase 2
8788,117,Phase 1
8789,9,Phase 2
8790,48,Phase 2
8791,75,Phase 2
8792,147,Phase 2
8793,51,Phase 2
8794,108,Phase 2
8795,17,Phase 1
8796,146,Phase 2
8797,187,Phase 2
8798,143,Phase 3
8799,175,Phase 1
8800,99,Phase 2
8801,116,Phase 2
8802,71,Phase 3
8803,52,Phase 1
8804,145,Phase 1
8805,136,Phase 1
8806,128,Phase 2
8807,47,Phase 2
8808,40,Phase 2
8809,15,Phase 2
8810,140,Phase 2
8811,135,Phase 1
8812,183,Phase 3
8813,139,Phase 3
8814,177,Phase 1
8815,183,Phase 1
8816,193,Phase 1
8817,152,Phase 2
8818,12,Phase 2
8819,28,Phase 2
8820,27,Phase 1
8821,154,Phase 3
8822,198,Phase 3
8823,26,Phase 2
8824,28,Phase 2
8825,52,Phase 1
8826,30,Phase 1
8827,189,Phase 3
8828,190,Phase 3
8829,112,Phase 2
8830,143,Phase 2
8831,20,Phase 2
8832,7,Phase 3
8833,25,Phase 1
8834,195,Phase 1
8835,131,Phase 1
8836,131,Phase 3
8837,89,Phase 3
8838,78,Phase 3
8839,12,Phase 2
8840,58,Phase 3
8841,54,Phase 3
8842,141,Phase 1
8843,85,Phase 3
8844,55,Phase 1
8845,125,Phase 3
8846,178,Phase 1
8847,103,Phase 1
8848,15,Phase 2
8849,40,Phase 3
8850,34,Phase 1
8851,103,Phase 1
8852,112,Phase 3
8853,104,Phase 3
8854,80,Phase 3
8855,180,Phase 2
8856,14,Phase 2
8857,44,Phase 1
8858,22,Phase 1
8859,172,Phase 2
8860,157,Phase 1
8861,170,Phase 2
8862,165,Phase 2
8863,69,Phase 1
8864,122,Phase 1
8865,31,Phase 2
8866,113,Phase 3
8867,158,Phase 1
8868,175,Phase 1
8869,101,Phase 2
8870,177,Phase 3
8871,199,Phase 3
8872,57,Phase 1
8873,74,Phase 1
8874,77,Phase 1
8875,4,Phase 1
8876,187,Phase 1
8877,128,Phase 3
8878,81,Phase 1
8879,102,Phase 3
8880,44,Phase 2
8881,108,Phase 1
8882,47,Phase 3
8883,75,Phase 1
8884,9,Phase 2
8885,33,Phase 3
8886,59,Phase 2
8887,175,Phase 2
8888,55,Phase 2
8889,23,Phase 3
8890,93,Phase 3
8891,49,Phase 1
8892,174,Phase 3
8893,161,Phase 2
8894,186,Phase 1
8895,117,Phase 2
8896,164,Phase 3
8897,184,Phase 2
8898,14,Phase 2
8899,126,Phase 3
8900,87,Phase 2
8901,69,Phase 1
8902,137,Phase 1
8903,146,Phase 2
8904,132,Phase 3
8905,191,Phase 1
8906,185,Phase 1
8907,160,Phase 3
8908,29,Phase 2
8909,165,Phase 1
8910,179,Phase 1
8911,147,Phase 3
8912,14,Phase 3
8913,62,Phase 2
8914,109,Phase 2
8915,185,Phase 1
8916,75,Phase 2
8917,56,Phase 1
8918,53,Phase 3
8919,158,Phase 2
8920,178,Phase 2
8921,130,Phase 3
8922,170,Phase 1
8923,35,Phase 3
8924,116,Phase 3
8925,8,Phase 3
8926,159,Phase 2
8927,194,Phase 1
8928,66,Phase 1
8929,200,Phase 3
8930,157,Phase 1
8931,125,Phase 1
8932,9,Phase 1
8933,71,Phase 1
8934,24,Phase 1
8935,47,Phase 2
8936,173,Phase 1
8937,112,Phase 2
8938,191,Phase 1
8939,9,Phase 1
8940,93,Phase 3
8941,154,Phase 2
8942,69,Phase 2
8943,169,Phase 3
8944,101,Phase 3
8945,188,Phase 2
8946,167,Phase 1
8947,175,Phase 1
8948,7,Phase 2
8949,174,Phase 1
8950,133,Phase 1
8951,17,Phase 3
8952,2,Phase 1
8953,19,Phase 3
8954,124,Phase 1
8955,114,Phase 2
8956,7,Phase 1
8957,157,Phase 2
8958,135,Phase 2
8959,103,Phase 2
8960,91,Phase 1
8961,183,Phase 3
8962,36,Phase 1
8963,91,Phase 1
8964,54,Phase 3
8965,141,Phase 3
8966,51,Phase 3
8967,86,Phase 3
8968,71,Phase 2
8969,27,Phase 2
8970,56,Phase 3
8971,168,Phase 2
8972,103,Phase 2
8973,113,Phase 2
8974,49,Phase 1
8975,161,Phase 3
8976,168,Phase 3
8977,91,Phase 2
8978,52,Phase 2
8979,188,Phase 3
8980,17,Phase 3
8981,133,Phase 3
8982,196,Phase 2
8983,45,Phase 2
8984,118,Phase 3
8985,184,Phase 3
8986,48,Phase 3
8987,97,Phase 2
8988,13,Phase 2
8989,12,Phase 1
8990,84,Phase 2
8991,101,Phase 2
8992,62,Phase 2
8993,91,Phase 2
8994,108,Phase 1
8995,41,Phase 1
8996,16,Phase 3
8997,92,Phase 1
8998,1,Phase 2
8999,84,Phase 2
9000,110,Phase 1
9001,40,Phase 3
9002,169,Phase 2
9003,59,Phase 3
9004,82,Phase 3
9005,60,Phase 1
9006,142,Phase 2
9007,169,Phase 1
9008,134,Phase 3
9009,113,Phase 3
9010,59,Phase 1
9011,160,Phase 1
9012,144,Phase 1
9013,25,Phase 3
9014,44,Phase 3
9015,79,Phase 2
9016,172,Phase 2
9017,178,Phase 1
9018,51,Phase 1
9019,196,Phase 1
9020,51,Phase 2
9021,80,Phase 1
9022,108,Phase 3
9023,49,Phase 3
9024,113,Phase 3
9025,174,Phase 2
9026,138,Phase 1
9027,182,Phase 1
9028,31,Phase 2
9029,8,Phase 1
9030,173,Phase 1
9031,86,Phase 1
9032,138,Phase 3
9033,48,Phase 1
9034,46,Phase 2
9035,199,Phase 3
9036,163,Phase 2
9037,147,Phase 2
9038,5,Phase 3
9039,102,Phase 1
9040,69,Phase 1
9041,10,Phase 1
9042,189,Phase 2
9043,48,Phase 3
9044,176,Phase 3
9045,157,Phase 3
9046,72,Phase 2
9047,47,Phase 2
9048,14,Phase 2
9049,134,Phase 2
9050,58,Phase 2
9051,173,Phase 3
9052,178,Phase 2
9053,174,Phase 3
9054,51,Phase 2
9055,167,Phase 1
9056,176,Phase 3
9057,197,Phase 3
9058,1,Phase 2
9059,166,Phase 3
9060,90,Phase 2
9061,185,Phase 1
9062,91,Phase 1
9063,16,Phase 3
9064,1,Phase 1
9065,57,Phase 1
9066,120,Phase 3
9067,92,Phase 1
9068,44,Phase 2
9069,114,Phase 2
9070,88,Phase 3
9071,7,Phase 2
9072,65,Phase 3
9073,137,Phase 2
9074,132,Phase 3
9075,55,Phase 3
9076,21,Phase 1
9077,197,Phase 1
9078,151,Phase 3
9079,112,Phase 1
9080,108,Phase 2
9081,190,Phase 3
9082,148,Phase 1
9083,169,Phase 3
9084,69,Phase 3
9085,72,Phase 1
9086,98,Phase 2
9087,92,Phase 2
9088,74,Phase 1
9089,186,Phase 2
9090,148,Phase 2
9091,159,Phase 3
9092,160,Phase 1
9093,121,Phase 3
9094,181,Phase 3
9095,116,Phase 1
9096,8,Phase 1
9097,172,Phase 3
9098,12,Phase 2
9099,32,Phase 1
9100,132,Phase 2
9101,187,Phase 3
9102,160,Phase 3
9103,164,Phase 2
9104,167,Phase 3
9105,107,Phase 3
9106,47,Phase 1
9107,198,Phase 3
9108,68,Phase 2
9109,91,Phase 1
9110,67,Phase 2
9111,29,Phase 2
9112,115,Phase 2
9113,88,Phase 2
9114,4,Phase 1
9115,134,Phase 1
9116,51,Phase 2
9117,22,Phase 1
9118,131,Phase 3
9119,1,Phase 2
9120,129,Phase 3
9121,86,Phase 1
9122,139,Phase 1
9123,121,Phase 2
9124,181,Phase 1
9125,137,Phase 2
9126,86,Phase 2
9127,185,Phase 1
9128,157,Phase 3
9129,143,Phase 1
9130,79,Phase 2
9131,115,Phase 3
9132,20,Phase 3
9133,104,Phase 3
9134,138,Phase 2
9135,97,Phase 3
9136,90,Phase 3
9137,26,Phase 1
9138,7,Phase 2
9139,60,Phase 3
9140,46,Phase 1
9141,36,Phase 2
9142,147,Phase 2
9143,23,Phase 2
9144,75,Phase 2
9145,41,Phase 2
9146,164,Phase 1
9147,170,Phase 2
9148,39,Phase 2
9149,7,Phase 1
9150,173,Phase 3
9151,194,Phase 2
9152,85,Phase 3
9153,10,Phase 2
9154,2,Phase 3
9155,45,Phase 1
9156,150,Phase 2
9157,191,Phase 1
9158,174,Phase 2
9159,10,Phase 1
9160,54,Phase 2
9161,121,Phase 1
9162,129,Phase 2
9163,40,Phase 1
9164,196,Phase 2
9165,45,Phase 2
9166,162,Phase 2
9167,110,Phase 1
9168,13,Phase 1
9169,105,Phase 3
9170,96,Phase 3
9171,198,Phase 1
9172,158,Phase 1
9173,150,Phase 2
9174,54,Phase 3
9175,197,Phase 1
9176,163,Phase 3
9177,194,Phase 3
9178,122,Phase 2
9179,20,Phase 2
9180,36,Phase 3
9181,11,Phase 2
9182,141,Phase 2
9183,58,Phase 2
9184,84,Phase 2
9185,90,Phase 3
9186,16,Phase 2
9187,1,Phase 3
9188,98,Phase 1
9189,7,Phase 2
9190,155,Phase 1
9191,122,Phase 3
9192,83,Phase 3
9193,14,Phase 3
9194,3,Phase 1
9195,117,Phase 2
9196,9,Phase 1
9197,78,Phase 2
9198,4,Phase 2
9199,138,Phase 3
9200,182,Phase 3
9201,192,Phase 1
9202,63,Phase 3
9203,159,Phase 2
9204,137,Phase 1
9205,82,Phase 2
9206,16,Phase 3
9207,163,Phase 2
9208,34,Phase 3
9209,142,Phase 1
9210,32,Phase 1
9211,15,Phase 2
9212,13,Phase 1
9213,187,Phase 1
9214,171,Phase 3
9215,180,Phase 1
9216,64,Phase 1
9217,65,Phase 1
9218,126,Phase 1
9219,193,Phase 2
9220,4,Phase 3
9221,82,Phase 3
9222,51,Phase 2
9223,200,Phase 1
9224,82,Phase 3
9225,18,Phase 3
9226,46,Phase 2
9227,17,Phase 2
9228,24,Phase 2
9229,139,Phase 3
9230,131,Phase 2
9231,197,Phase 3
9232,150,Phase 3
9233,112,Phase 1
9234,156,Phase 1
9235,185,Phase 3
9236,129,Phase 2
9237,101,Phase 3
9238,68,Phase 3
9239,47,Phase 2
9240,148,Phase 1
9241,134,Phase 3
9242,111,Phase 3
9243,152,Phase 1
9244,46,Phase 1
9245,125,Phase 2
9246,198,Phase 1
9247,100,Phase 2
9248,121,Phase 1
9249,122,Phase 3
9250,151,Phase 2
9251,51,Phase 3
9252,156,Phase 2
9253,74,Phase 3
9254,29,Phase 2
9255,143,Phase 3
9256,195,Phase 2
9257,118,Phase 3
9258,134,Phase 3
9259,129,Phase 1
9260,72,Phase 1
9261,195,Phase 1
9262,111,Phase 1
9263,140,Phase 1
9264,86,Phase 1
9265,12,Phase 1
9266,181,Phase 3
9267,143,Phase 3
9268,85,Phase 3
9269,56,Phase 1
9270,84,Phase 3
9271,183,Phase 1
9272,194,Phase 1
9273,142,Phase 3
9274,103,Phase 2
9275,48,Phase 1
9276,179,Phase 2
9277,188,Phase 1
9278,65,Phase 1
9279,61,Phase 1
9280,33,Phase 3
9281,29,Phase 2
9282,185,Phase 1
9283,159,Phase 2
9284,26,Phase 3
9285,81,Phase 1
9286,10,Phase 2
9287,48,Phase 1
9288,111,Phase 1
9289,137,Phase 3
9290,52,Phase 2
9291,32,Phase 2
9292,84,Phase 3
9293,102,Phase 3
9294,112,Phase 2
9295,133,Phase 1
9296,33,Phase 1
9297,127,Phase 2
9298,119,Phase 1
9299,140,Phase 2
9300,75,Phase 1
9301,120,Phase 2
9302,181,Phase 1
9303,7,Phase 2
9304,94,Phase 1
9305,81,Phase 2
9306,44,Phase 1
9307,171,Phase 1
9308,92,Phase 2
9309,126,Phase 3
9310,57,Phase 3
9311,188,Phase 1
9312,72,Phase 2
9313,71,Phase 1
9314,12,Phase 2
9315,12,Phase 3
9316,42,Phase 3
9317,158,Phase 1
9318,129,Phase 3
9319,14,Phase 3
9320,191,Phase 2
9321,118,Phase 3
9322,9,Phase 1
9323,104,Phase 3
9324,76,Phase 2
9325,52,Phase 1
9326,65,Phase 1
9327,93,Phase 1
9328,108,Phase 1
9329,141,Phase 3
9330,171,Phase 3
9331,9,Phase 2
9332,172,Phase 2
9333,93,Phase 3
9334,81,Phase 2
9335,149,Phase 3
9336,146,Phase 2
9337,161,Phase 3
9338,65,Phase 2
9339,165,Phase 3
9340,81,Phase 2
9341,195,Phase 1
9342,21,Phase 1
9343,57,Phase 1
9344,138,Phase 1
9345,53,Phase 3
9346,74,Phase 1
9347,16,Phase 2
9348,163,Phase 3
9349,129,Phase 1
9350,125,Phase 3
9351,2,Phase 3
9352,52,Phase 2
9353,29,Phase 1
9354,139,Phase 2
9355,146,Phase 3
9356,165,Phase 2
9357,64,Phase 2
9358,105,Phase 2
9359,145,Phase 1
9360,15,Phase 3
9361,93,Phase 1
9362,143,Phase 1
9363,176,Phase 2
9364,79,Phase 3
9365,115,Phase 1
9366,165,Phase 3
9367,24,Phase 1
9368,117,Phase 1
9369,141,Phase 2
9370,22,Phase 1
9371,28,Phase 1
9372,180,Phase 2
9373,85,Phase 1
9374,41,Phase 3
9375,13,Phase 3
9376,27,Phase 3
9377,19,Phase 3
9378,96,Phase 2
9379,137,Phase 2
9380,54,Phase 1
9381,60,Phase 1
9382,14,Phase 3
9383,113,Phase 1
9384,107,Phase 3
9385,115,Phase 3
9386,74,Phase 3
9387,69,Phase 1
9388,147,Phase 3
9389,9,Phase 2
9390,183,Phase 3
9391,148,Phase 3
9392,99,Phase 3
9393,187,Phase 1
9394,69,Phase 1
9395,180,Phase 3
9396,138,Phase 3
9397,159,Phase 3
9398,65,Phase 1
9399,69,Phase 3
9400,88,Phase 3
9401,161,Phase 2
9402,82,Phase 3
9403,81,Phase 2
9404,19,Phase 3
9405,113,Phase 3
9406,3,Phase 3
9407,109,Phase 3
9408,102,Phase 3
9409,103,Phase 1
9410,74,Phase 2
9411,52,Phase 3
9412,154,Phase 2
9413,13,Phase 1
9414,74,Phase 2
9415,148,Phase 2
9416,101,Phase 1
9417,49,Phase 1
9418,23,Phase 2
9419,68,Phase 1
9420,12,Phase 1
9421,3,Phase 1
9422,168,Phase 2
9423,138,Phase 2
9424,14,Phase 1
9425,89,Phase 2
9426,80,Phase 2
9427,61,Phase 2
9428,150,Phase 2
9429,114,Phase 1
9430,29,Phase 2
9431,182,Phase 2
9432,196,Phase 1
9433,117,Phase 2
9434,137,Phase 3
9435,74,Phase 2
9436,192,Phase 3
9437,194,Phase 2
9438,84,Phase 1
9439,37,Phase 1
9440,87,Phase 1
9441,41,Phase 1
9442,49,Phase 2
9443,46,Phase 1
9444,126,Phase 3
9445,79,Phase 2
9446,44,Phase 3
9447,161,Phase 2
9448,39,Phase 1
9449,73,Phase 2
9450,63,Phase 2
9451,194,Phase 1
9452,125,Phase 1
9453,177,Phase 2
9454,103,Phase 3
9455,142,Phase 1
9456,151,Phase 3
9457,9,Phase 2
9458,98,Phase 1
9459,111,Phase 2
9460,51,Phase 3
9461,112,Phase 2
9462,90,Phase 1
9463,57,Phase 2
9464,140,Phase 2
9465,181,Phase 2
9466,97,Phase 3
9467,54,Phase 1
9468,30,Phase 3
9469,98,Phase 1
9470,181,Phase 3
9471,158,Phase 1
9472,13,Phase 1
9473,144,Phase 3
9474,32,Phase 2
9475,37,Phase 1
9476,101,Phase 1
9477,192,Phase 1
9478,63,Phase 3
9479,59,Phase 1
9480,117,Phase 2
9481,10,Phase 2
9482,34,Phase 2
9483,167,Phase 2
9484,119,Phase 2
9485,168,Phase 2
9486,47,Phase 1
9487,64,Phase 2
9488,127,Phase 1
9489,160,Phase 1
9490,157,Phase 2
9491,30,Phase 1
9492,127,Phase 1
9493,191,Phase 1
9494,171,Phase 3
9495,153,Phase 3
9496,132,Phase 1
9497,14,Phase 2
9498,88,Phase 2
9499,21,Phase 3
9500,108,Phase 3
9501,11,Phase 2
9502,1,Phase 1
9503,90,Phase 2
9504,41,Phase 3
9505,72,Phase 2
9506,40,Phase 1
9507,84,Phase 3
9508,196,Phase 1
9509,194,Phase 3
9510,128,Phase 3
9511,82,Phase 1
9512,178,Phase 1
9513,81,Phase 2
9514,43,Phase 2
9515,101,Phase 3
9516,64,Phase 1
9517,166,Phase 1
9518,39,Phase 3
9519,62,Phase 3
9520,140,Phase 3
9521,54,Phase 3
9522,7,Phase 3
9523,119,Phase 3
9524,151,Phase 3
9525,54,Phase 1
9526,36,Phase 3
9527,138,Phase 3
9528,5,Phase 3
9529,165,Phase 2
9530,192,Phase 3
9531,42,Phase 3
9532,69,Phase 2
9533,45,Phase 2
9534,46,Phase 2
9535,34,Phase 1
9536,104,Phase 2
9537,95,Phase 1
9538,61,Phase 3
9539,60,Phase 2
9540,43,Phase 2
9541,146,Phase 2
9542,101,Phase 1
9543,166,Phase 2
9544,51,Phase 2
9545,52,Phase 3
9546,45,Phase 2
9547,83,Phase 2
9548,130,Phase 3
9549,74,Phase 2
9550,110,Phase 2
9551,33,Phase 2
9552,72,Phase 1
9553,128,Phase 3
9554,158,Phase 1
9555,136,Phase 2
9556,175,Phase 2
9557,102,Phase 2
9558,62,Phase 3
9559,28,Phase 3
9560,138,Phase 1
9561,181,Phase 3
9562,17,Phase 3
9563,76,Phase 2
9564,142,Phase 1
9565,10,Phase 1
9566,24,Phase 3
9567,39,Phase 1
9568,190,Phase 3
9569,50,Phase 3
9570,122,Phase 2
9571,46,Phase 2
9572,100,Phase 2
9573,91,Phase 2
9574,123,Phase 1
9575,6,Phase 2
9576,151,Phase 2
9577,155,Phase 1
9578,118,Phase 1
9579,116,Phase 3
9580,64,Phase 1
9581,160,Phase 3
9582,159,Phase 1
9583,156,Phase 3
9584,191,Phase 1
9585,177,Phase 2
9586,136,Phase 2
9587,59,Phase 1
9588,33,Phase 1
9589,56,Phase 2
9590,160,Phase 3
9591,199,Phase 2
9592,145,Phase 2
9593,90,Phase 3
9594,191,Phase 3
9595,160,Phase 2
9596,54,Phase 1
9597,169,Phase 1
9598,122,Phase 2
9599,172,Phase 1
9600,30,Phase 3
9601,10,Phase 2
9602,56,Phase 3
9603,102,Phase 1
9604,160,Phase 2
9605,195,Phase 3
9606,130,Phase 3
9607,199,Phase 3
9608,198,Phase 3
9609,100,Phase 3
9610,25,Phase 1
9611,129,Phase 1
9612,48,Phase 1
9613,56,Phase 2
9614,21,Phase 2
9615,15,Phase 3
9616,6,Phase 1
9617,64,Phase 1
9618,104,Phase 3
9619,144,Phase 2
9620,166,Phase 2
9621,74,Phase 1
9622,179,Phase 3
9623,63,Phase 1
9624,152,Phase 1
9625,147,Phase 1
9626,4,Phase 2
9627,144,Phase 2
9628,154,Phase 3
9629,128,Phase 2
9630,72,Phase 1
9631,146,Phase 2
9632,156,Phase 1
9633,184,Phase 1
9634,96,Phase 3
9635,92,Phase 1
9636,147,Phase 3
9637,119,Phase 1
9638,122,Phase 2
9639,58,Phase 2
9640,168,Phase 1
9641,138,Phase 1
9642,35,Phase 2
9643,10,Phase 1
9644,65,Phase 3
9645,52,Phase 2
9646,92,Phase 2
9647,21,Phase 1
9648,100,Phase 1
9649,86,Phase 1
9650,141,Phase 1
9651,108,Phase 1
9652,2,Phase 1
9653,169,Phase 2
9654,56,Phase 2
9655,53,Phase 3
9656,11,Phase 3
9657,87,Phase 3
9658,148,Phase 1
9659,159,Phase 1
9660,65,Phase 1
9661,130,Phase 2
9662,6,Phase 1
9663,155,Phase 3
9664,144,Phase 1
9665,101,Phase 3
9666,69,Phase 2
9667,84,Phase 3
9668,89,Phase 2
9669,186,Phase 3
9670,58,Phase 3
9671,191,Phase 1
9672,54,Phase 3
9673,110,Phase 1
9674,44,Phase 3
9675,113,Phase 2
9676,117,Phase 2
9677,134,Phase 3
9678,154,Phase 1
9679,90,Phase 3
9680,111,Phase 3
9681,66,Phase 1
9682,88,Phase 2
9683,90,Phase 3
9684,67,Phase 1
9685,104,Phase 2
9686,156,Phase 1
9687,188,Phase 2
9688,61,Phase 1
9689,102,Phase 1
9690,108,Phase 1
9691,138,Phase 3
9692,110,Phase 1
9693,198,Phase 1
9694,191,Phase 2
9695,161,Phase 1
9696,186,Phase 2
9697,192,Phase 2
9698,32,Phase 2
9699,60,Phase 2
9700,192,Phase 1
9701,194,Phase 2
9702,138,Phase 3
9703,12,Phase 1
9704,200,Phase 2
9705,179,Phase 2
9706,110,Phase 2
9707,141,Phase 1
9708,156,Phase 3
9709,1,Phase 2
9710,45,Phase 3
9711,170,Phase 3
9712,190,Phase 3
9713,196,Phase 2
9714,169,Phase 1
9715,134,Phase 3
9716,169,Phase 1
9717,53,Phase 3
9718,183,Phase 3
9719,137,Phase 2
9720,51,Phase 3
9721,101,Phase 2
9722,106,Phase 3
9723,134,Phase 3
9724,160,Phase 2
9725,74,Phase 3
9726,196,Phase 2
9727,51,Phase 3
9728,195,Phase 3
9729,52,Phase 1
9730,195,Phase 2
9731,57,Phase 3
9732,53,Phase 1
9733,68,Phase 2
9734,155,Phase 2
9735,149,Phase 3
9736,81,Phase 3
9737,181,Phase 2
9738,127,Phase 3
9739,130,Phase 1
9740,23,Phase 3
9741,193,Phase 1
9742,178,Phase 3
9743,139,Phase 1
9744,172,Phase 3
9745,195,Phase 1
9746,60,Phase 3
9747,125,Phase 3
9748,72,Phase 3
9749,178,Phase 2
9750,111,Phase 2
9751,102,Phase 1
9752,134,Phase 2
9753,52,Phase 1
9754,185,Phase 1
9755,7,Phase 1
9756,193,Phase 2
9757,73,Phase 1
9758,102,Phase 3
9759,162,Phase 3
9760,38,Phase 3
9761,35,Phase 3
9762,132,Phase 2
9763,99,Phase 2
9764,127,Phase 2
9765,130,Phase 3
9766,121,Phase 2
9767,48,Phase 2
9768,19,Phase 2
9769,94,Phase 3
9770,126,Phase 3
9771,143,Phase 1
9772,4,Phase 1
9773,18,Phase 1
9774,125,Phase 3
9775,47,Phase 1
9776,3,Phase 3
9777,30,Phase 2
9778,193,Phase 3
9779,123,Phase 2
9780,152,Phase 3
9781,139,Phase 1
9782,153,Phase 2
9783,44,Phase 2
9784,109,Phase 2
9785,125,Phase 1
9786,22,Phase 1
9787,39,Phase 1
9788,174,Phase 2
9789,190,Phase 3
9790,163,Phase 1
9791,158,Phase 2
9792,34,Phase 3
9793,173,Phase 3
9794,174,Phase 1
9795,188,Phase 1
9796,17,Phase 3
9797,111,Phase 2
9798,186,Phase 3
9799,79,Phase 2
9800,138,Phase 1
9801,157,Phase 1
9802,106,Phase 1
9803,21,Phase 2
9804,188,Phase 3
9805,136,Phase 1
9806,59,Phase 3
9807,50,Phase 1
9808,156,Phase 2
9809,104,Phase 1
9810,6,Phase 1
9811,37,Phase 1
9812,54,Phase 2
9813,190,Phase 3
9814,170,Phase 2
9815,21,Phase 2
9816,74,Phase 3
9817,151,Phase 2
9818,175,Phase 2
9819,121,Phase 1
9820,3,Phase 1
9821,7,Phase 1
9822,180,Phase 2
9823,14,Phase 2
9824,121,Phase 3
9825,28,Phase 3
9826,68,Phase 3
9827,147,Phase 3
9828,24,Phase 2
9829,188,Phase 1
9830,188,Phase 3
9831,74,Phase 2
9832,172,Phase 3
9833,121,Phase 3
9834,131,Phase 2
9835,61,Phase 3
9836,7,Phase 3
9837,195,Phase 1
9838,130,Phase 2
9839,41,Phase 3
9840,16,Phase 3
9841,104,Phase 2
9842,38,Phase 3
9843,20,Phase 1
9844,85,Phase 2
9845,154,Phase 1
9846,130,Phase 3
9847,102,Phase 3
9848,58,Phase 2
9849,2,Phase 1
9850,74,Phase 3
9851,106,Phase 2
9852,177,Phase 3
9853,67,Phase 1
9854,169,Phase 1
9855,73,Phase 1
9856,169,Phase 1
9857,148,Phase 3
9858,182,Phase 2
9859,134,Phase 3
9860,12,Phase 1
9861,19,Phase 3
9862,30,Phase 2
9863,184,Phase 1
9864,38,Phase 2
9865,27,Phase 3
9866,8,Phase 3
9867,11,Phase 3
9868,107,Phase 3
9869,136,Phase 2
9870,174,Phase 1
9871,84,Phase 3
9872,176,Phase 1
9873,168,Phase 3
9874,156,Phase 3
9875,9,Phase 1
9876,26,Phase 1
9877,115,Phase 3
9878,155,Phase 2
9879,191,Phase 1
9880,26,Phase 2
9881,136,Phase 1
9882,118,Phase 2
9883,198,Phase 2
9884,16,Phase 2
9885,66,Phase 2
9886,173,Phase 1
9887,5,Phase 3
9888,37,Phase 1
9889,37,Phase 3
9890,88,Phase 2
9891,111,Phase 2
9892,193,Phase 2
9893,89,Phase 3
9894,65,Phase 1
9895,192,Phase 3
9896,181,Phase 1
9897,129,Phase 1
9898,141,Phase 1
9899,47,Phase 1
9900,166,Phase 2
9901,74,Phase 2
9902,23,Phase 1
9903,35,Phase 3
9904,59,Phase 3
9905,164,Phase 2
9906,69,Phase 2
9907,5,Phase 2
9908,90,Phase 1
9909,99,Phase 3
9910,134,Phase 2
9911,88,Phase 2
9912,149,Phase 3
9913,148,Phase 2
9914,135,Phase 2
9915,122,Phase 3
9916,152,Phase 1
9917,129,Phase 2
9918,145,Phase 1
9919,8,Phase 1
9920,188,Phase 1
9921,9,Phase 2
9922,164,Phase 1
9923,161,Phase 1
9924,101,Phase 1
9925,50,Phase 3
9926,183,Phase 2
9927,173,Phase 3
9928,90,Phase 3
9929,15,Phase 3
9930,185,Phase 2
9931,69,Phase 3
9932,119,Phase 2
9933,60,Phase 1
9934,128,Phase 1
9935,181,Phase 1
9936,101,Phase 1
9937,175,Phase 2
9938,6,Phase 2
9939,91,Phase 3
9940,181,Phase 2
9941,36,Phase 1
9942,195,Phase 3
9943,109,Phase 2
9944,104,Phase 3
9945,62,Phase 3
9946,167,Phase 3
9947,81,Phase 2
9948,157,Phase 1
9949,44,Phase 1
9950,24,Phase 3
9951,116,Phase 3
9952,185,Phase 1
9953,130,Phase 1
9954,100,Phase 1
9955,88,Phase 2
9956,6,Phase 2
9957,192,Phase 2
9958,170,Phase 2
9959,23,Phase 3
9960,144,Phase 2
9961,32,Phase 3
9962,123,Phase 3
9963,135,Phase 3
9964,195,Phase 3
9965,77,Phase 3
9966,130,Phase 3
9967,51,Phase 2
9968,130,Phase 2
9969,185,Phase 3
9970,150,Phase 1
9971,22,Phase 2
9972,9,Phase 1
9973,135,Phase 3
9974,107,Phase 3
9975,113,Phase 2
9976,57,Phase 2
9977,37,Phase 2
9978,184,Phase 3
9979,188,Phase 3
9980,140,Phase 2
9981,30,Phase 2
9982,6,Phase 1
9983,60,Phase 1
9984,96,Phase 3
9985,146,Phase 3
9986,180,Phase 3
9987,199,Phase 3
9988,157,Phase 3
9989,36,Phase 3
9990,178,Phase 1
9991,166,Phase 3
9992,169,Phase 1
9993,73,Phase 3
9994,177,Phase 3
9995,153,Phase 3
9996,66,Phase 1
9997,87,Phase 1
9998,61,Phase 1
9999,182,Phase 1
10000,17,Phase 3
10001,54,Phase 2
10002,18,Phase 1
10003,129,Phase 3
10004,138,Phase 2
10005,2,Phase 2
10006,97,Phase 1
10007,81,Phase 2
10008,5,Phase 3
10009,130,Phase 3
10010,8,Phase 2
10011,181,Phase 1
10012,159,Phase 1
10013,196,Phase 2
10014,196,Phase 3
10015,103,Phase 2
10016,55,Phase 2
10017,169,Phase 2
10018,49,Phase 2
10019,47,Phase 2
10020,57,Phase 3
10021,66,Phase 1
10022,122,Phase 2
10023,64,Phase 1
10024,144,Phase 1
10025,160,Phase 3
10026,85,Phase 1
10027,123,Phase 2
10028,33,Phase 1
10029,1,Phase 1
10030,165,Phase 1
10031,122,Phase 3
10032,115,Phase 2
10033,125,Phase 3
10034,90,Phase 1
10035,143,Phase 2
10036,139,Phase 3
10037,197,Phase 1
10038,141,Phase 2
10039,121,Phase 3
10040,3,Phase 3
10041,12,Phase 2
10042,160,Phase 1
10043,197,Phase 2
10044,180,Phase 3
10045,177,Phase 3
10046,16,Phase 2
10047,99,Phase 2
10048,121,Phase 2
10049,84,Phase 1
10050,124,Phase 1
10051,171,Phase 2
10052,100,Phase 2
10053,107,Phase 2
10054,135,Phase 3
10055,139,Phase 1
10056,4,Phase 2
10057,161,Phase 2
10058,66,Phase 3
10059,85,Phase 3
10060,59,Phase 2
10061,189,Phase 2
10062,27,Phase 1
10063,11,Phase 1
10064,19,Phase 3
10065,1,Phase 3
10066,50,Phase 2
10067,161,Phase 2
10068,116,Phase 2
10069,3,Phase 1
10070,22,Phase 2
10071,180,Phase 3
10072,148,Phase 3
10073,79,Phase 3
10074,145,Phase 3
10075,157,Phase 1
10076,173,Phase 2
10077,92,Phase 1
10078,172,Phase 2
10079,153,Phase 3
10080,16,Phase 3
10081,125,Phase 2
10082,170,Phase 2
10083,63,Phase 3
10084,51,Phase 3
10085,9,Phase 2
10086,26,Phase 3
10087,85,Phase 1
10088,7,Phase 1
10089,127,Phase 2
10090,117,Phase 3
10091,7,Phase 1
10092,166,Phase 3
10093,86,Phase 3
10094,47,Phase 2
10095,64,Phase 3
10096,136,Phase 2
10097,164,Phase 1
10098,193,Phase 1
10099,183,Phase 2
10100,5,Phase 1
10101,41,Phase 3
10102,182,Phase 1
10103,98,Phase 3
10104,120,Phase 2
10105,124,Phase 3
10106,178,Phase 1
10107,27,Phase 2
10108,93,Phase 2
10109,200,Phase 1
10110,99,Phase 1
10111,88,Phase 2
10112,176,Phase 3
10113,72,Phase 3
10114,33,Phase 2
10115,144,Phase 3
10116,4,Phase 2
10117,107,Phase 1
10118,85,Phase 2
10119,170,Phase 1
10120,37,Phase 3
10121,72,Phase 3
10122,187,Phase 2
10123,64,Phase 1
10124,72,Phase 2
10125,135,Phase 1
10126,56,Phase 1
10127,25,Phase 2
10128,65,Phase 2
10129,40,Phase 2
10130,84,Phase 3
10131,119,Phase 3
10132,197,Phase 3
10133,165,Phase 1
10134,198,Phase 1
10135,173,Phase 1
10136,146,Phase 2
10137,88,Phase 2
10138,36,Phase 1
10139,149,Phase 2
10140,65,Phase 1
10141,70,Phase 1
10142,87,Phase 1
10143,153,Phase 1
10144,155,Phase 3
10145,81,Phase 3
10146,134,Phase 2
10147,13,Phase 2
10148,60,Phase 1
10149,82,Phase 3
10150,134,Phase 1
10151,164,Phase 1
10152,137,Phase 2
10153,117,Phase 2
10154,167,Phase 2
10155,180,Phase 2
10156,127,Phase 2
10157,5,Phase 1
10158,47,Phase 1
10159,197,Phase 2
10160,72,Phase 1
10161,30,Phase 3
10162,149,Phase 3
10163,14,Phase 2
10164,96,Phase 2
10165,97,Phase 1
10166,21,Phase 3
10167,29,Phase 3
10168,27,Phase 1
10169,118,Phase 3
10170,10,Phase 2
10171,85,Phase 1
10172,181,Phase 1
10173,114,Phase 3
10174,77,Phase 1
10175,92,Phase 3
10176,50,Phase 3
10177,123,Phase 1
10178,159,Phase 2
10179,26,Phase 3
10180,140,Phase 3
10181,58,Phase 3
10182,130,Phase 1
10183,181,Phase 3
10184,110,Phase 1
10185,18,Phase 3
10186,26,Phase 1
10187,78,Phase 3
10188,24,Phase 3
10189,87,Phase 1
10190,159,Phase 2
10191,150,Phase 3
10192,84,Phase 3
10193,174,Phase 1
10194,129,Phase 2
10195,152,Phase 3
10196,105,Phase 3
10197,61,Phase 2
10198,145,Phase 1
10199,55,Phase 3
10200,166,Phase 3
10201,135,Phase 1
10202,29,Phase 1
10203,125,Phase 1
10204,155,Phase 3
10205,60,Phase 1
10206,158,Phase 2
10207,67,Phase 3
10208,145,Phase 2
10209,99,Phase 3
10210,144,Phase 3
10211,112,Phase 3
10212,194,Phase 2
10213,19,Phase 1
10214,119,Phase 2
10215,13,Phase 1
10216,11,Phase 3
10217,62,Phase 3
10218,160,Phase 2
10219,56,Phase 1
10220,147,Phase 2
10221,162,Phase 2
10222,17,Phase 2
10223,175,Phase 1
10224,189,Phase 2
10225,92,Phase 1
10226,27,Phase 3
10227,86,Phase 2
10228,146,Phase 3
10229,83,Phase 2
10230,138,Phase 1
10231,53,Phase 3
10232,105,Phase 2
10233,116,Phase 2
10234,199,Phase 1
10235,31,Phase 1
10236,189,Phase 3
10237,3,Phase 1
10238,53,Phase 2
10239,137,Phase 3
10240,123,Phase 1
10241,122,Phase 3
10242,82,Phase 3
10243,167,Phase 2
10244,89,Phase 1
10245,3,Phase 2
10246,105,Phase 2
10247,140,Phase 3
10248,125,Phase 2
10249,137,Phase 1
10250,192,Phase 1
10251,177,Phase 2
10252,119,Phase 3
10253,120,Phase 1
10254,39,Phase 1
10255,13,Phase 1
10256,52,Phase 3
10257,63,Phase 3
10258,165,Phase 3
10259,146,Phase 2
10260,104,Phase 2
10261,97,Phase 1
10262,156,Phase 3
10263,102,Phase 1
10264,43,Phase 3
10265,14,Phase 3
10266,28,Phase 1
10267,116,Phase 3
10268,135,Phase 2
10269,77,Phase 2
10270,33,Phase 1
10271,59,Phase 1
10272,141,Phase 1
10273,109,Phase 3
10274,185,Phase 2
10275,42,Phase 3
10276,137,Phase 3
10277,59,Phase 2
10278,64,Phase 2
10279,150,Phase 2
10280,55,Phase 3
10281,163,Phase 2
10282,103,Phase 3
10283,181,Phase 1
10284,198,Phase 1
10285,84,Phase 3
10286,33,Phase 2
10287,6,Phase 3
10288,53,Phase 2
10289,96,Phase 3
10290,198,Phase 2
10291,105,Phase 3
10292,64,Phase 1
10293,23,Phase 3
10294,95,Phase 3
10295,25,Phase 1
10296,179,Phase 2
10297,21,Phase 3
10298,37,Phase 3
10299,123,Phase 3
10300,82,Phase 3
10301,165,Phase 3
10302,86,Phase 1
10303,166,Phase 1
10304,63,Phase 3
10305,179,Phase 2
10306,123,Phase 3
10307,9,Phase 3
10308,192,Phase 3
10309,6,Phase 2
10310,81,Phase 1
10311,200,Phase 3
10312,18,Phase 3
10313,66,Phase 3
10314,14,Phase 1
10315,130,Phase 3
10316,7,Phase 2
10317,66,Phase 3
10318,135,Phase 3
10319,24,Phase 1
10320,170,Phase 2
10321,47,Phase 3
10322,68,Phase 1
10323,160,Phase 1
10324,29,Phase 3
10325,5,Phase 1
10326,81,Phase 2
10327,151,Phase 2
10328,77,Phase 1
10329,24,Phase 2
10330,67,Phase 3
10331,73,Phase 2
10332,81,Phase 1
10333,96,Phase 2
10334,141,Phase 2
10335,34,Phase 2
10336,63,Phase 1
10337,8,Phase 3
10338,45,Phase 1
10339,40,Phase 3
10340,43,Phase 1
10341,177,Phase 2
10342,140,Phase 2
10343,94,Phase 2
10344,123,Phase 1
10345,137,Phase 3
10346,27,Phase 1
10347,200,Phase 3
10348,6,Phase 1
10349,125,Phase 2
10350,6,Phase 3
10351,87,Phase 3
10352,98,Phase 3
10353,99,Phase 2
10354,67,Phase 1
10355,152,Phase 2
10356,118,Phase 3
10357,136,Phase 3
10358,20,Phase 1
10359,143,Phase 1
10360,78,Phase 2
10361,171,Phase 3
10362,101,Phase 2
10363,97,Phase 3
10364,191,Phase 2
10365,12,Phase 1
10366,135,Phase 1
10367,128,Phase 3
10368,79,Phase 3
10369,127,Phase 2
10370,73,Phase 1
10371,56,Phase 2
10372,146,Phase 1
10373,11,Phase 2
10374,160,Phase 3
10375,155,Phase 2
10376,108,Phase 2
10377,54,Phase 1
10378,107,Phase 2
10379,30,Phase 1
10380,93,Phase 3
10381,175,Phase 3
10382,30,Phase 2
10383,52,Phase 1
10384,54,Phase 2
10385,129,Phase 3
10386,79,Phase 2
10387,10,Phase 1
10388,88,Phase 3
10389,41,Phase 3
10390,172,Phase 1
10391,38,Phase 2
10392,8,Phase 2
10393,26,Phase 1
10394,137,Phase 1
10395,27,Phase 2
10396,105,Phase 1
10397,58,Phase 3
10398,173,Phase 2
10399,114,Phase 3
10400,150,Phase 3
10401,126,Phase 2
10402,58,Phase 1
10403,77,Phase 2
10404,131,Phase 3
10405,26,Phase 2
10406,72,Phase 2
10407,133,Phase 2
10408,165,Phase 3
10409,164,Phase 2
10410,141,Phase 3
10411,118,Phase 3
10412,17,Phase 1
10413,32,Phase 3
10414,197,Phase 3
10415,179,Phase 1
10416,147,Phase 2
10417,100,Phase 1
10418,52,Phase 1
10419,193,Phase 2
10420,51,Phase 2
10421,143,Phase 1
10422,91,Phase 2
10423,23,Phase 1
10424,56,Phase 3
10425,31,Phase 1
10426,127,Phase 3
10427,67,Phase 3
10428,108,Phase 3
10429,33,Phase 1
10430,108,Phase 3
10431,68,Phase 3
10432,37,Phase 3
10433,2,Phase 1
10434,11,Phase 3
10435,38,Phase 2
10436,101,Phase 2
10437,48,Phase 2
10438,197,Phase 1
10439,71,Phase 1
10440,142,Phase 1
10441,200,Phase 3
10442,178,Phase 3
10443,88,Phase 1
10444,49,Phase 3
10445,22,Phase 3
10446,4,Phase 1
10447,46,Phase 3
10448,23,Phase 3
10449,164,Phase 1
10450,9,Phase 3
10451,38,Phase 3
10452,172,Phase 1
10453,70,Phase 3
10454,59,Phase 2
10455,46,Phase 2
10456,13,Phase 3
10457,129,Phase 3
10458,187,Phase 3
10459,55,Phase 1
10460,189,Phase 1
10461,125,Phase 3
10462,69,Phase 1
10463,58,Phase 1
10464,79,Phase 3
10465,120,Phase 2
10466,174,Phase 2
10467,41,Phase 2
10468,125,Phase 1
10469,161,Phase 1
10470,42,Phase 2
10471,62,Phase 2
10472,199,Phase 3
10473,190,Phase 1
10474,21,Phase 1
10475,76,Phase 3
10476,3,Phase 2
10477,159,Phase 1
10478,44,Phase 1
10479,108,Phase 2
10480,23,Phase 2
10481,18,Phase 3
10482,50,Phase 1
10483,69,Phase 1
10484,116,Phase 3
10485,63,Phase 1
10486,29,Phase 2
10487,2,Phase 3
10488,167,Phase 3
10489,178,Phase 1
10490,21,Phase 2
10491,53,Phase 1
10492,163,Phase 2
10493,180,Phase 2
10494,80,Phase 2
10495,176,Phase 2
10496,15,Phase 1
10497,137,Phase 1
10498,138,Phase 2
10499,56,Phase 2
10500,151,Phase 2
10501,179,Phase 1
10502,67,Phase 3
10503,196,Phase 3
10504,26,Phase 3
10505,11,Phase 3
10506,86,Phase 3
10507,82,Phase 1
10508,28,Phase 3
10509,1,Phase 1
10510,90,Phase 3
10511,51,Phase 3
10512,186,Phase 2
10513,150,Phase 3
10514,149,Phase 1
10515,197,Phase 3
10516,76,Phase 2
10517,190,Phase 3
10518,90,Phase 3
10519,172,Phase 2
10520,197,Phase 2
10521,26,Phase 1
10522,115,Phase 2
10523,30,Phase 3
10524,112,Phase 2
10525,75,Phase 1
10526,132,Phase 3
10527,82,Phase 2
10528,141,Phase 2
10529,142,Phase 1
10530,199,Phase 1
10531,2,Phase 3
10532,12,Phase 3
10533,43,Phase 2
10534,39,Phase 1
10535,79,Phase 2
10536,14,Phase 1
10537,41,Phase 3
10538,157,Phase 3
10539,5,Phase 2
10540,131,Phase 3
10541,31,Phase 2
10542,170,Phase 3
10543,134,Phase 1
10544,144,Phase 1
10545,107,Phase 1
10546,150,Phase 3
10547,81,Phase 1
10548,66,Phase 3
10549,45,Phase 2
10550,119,Phase 3
10551,65,Phase 1
10552,155,Phase 2
10553,183,Phase 2
10554,56,Phase 3
10555,120,Phase 2
10556,56,Phase 3
10557,103,Phase 2
10558,30,Phase 2
10559,3,Phase 3
10560,163,Phase 3
10561,85,Phase 2
10562,96,Phase 2
10563,58,Phase 2
10564,136,Phase 1
10565,22,Phase 1
10566,192,Phase 2
10567,110,Phase 1
10568,181,Phase 2
10569,122,Phase 2
10570,97,Phase 1
10571,50,Phase 3
10572,119,Phase 1
10573,62,Phase 3
10574,19,Phase 1
10575,24,Phase 2
10576,27,Phase 1
10577,194,Phase 3
10578,83,Phase 2
10579,59,Phase 3
10580,78,Phase 1
10581,169,Phase 1
10582,158,Phase 2
10583,58,Phase 2
10584,187,Phase 3
10585,171,Phase 1
10586,75,Phase 3
10587,113,Phase 1
10588,33,Phase 3
10589,87,Phase 2
10590,194,Phase 3
10591,70,Phase 1
10592,178,Phase 3
10593,58,Phase 1
10594,104,Phase 2
10595,134,Phase 3
10596,89,Phase 3
10597,165,Phase 1
10598,143,Phase 3
10599,7,Phase 1
10600,79,Phase 1
10601,72,Phase 3
10602,18,Phase 2
10603,174,Phase 1
10604,124,Phase 3
10605,75,Phase 2
10606,38,Phase 1
10607,66,Phase 3
10608,129,Phase 1
10609,13,Phase 3
10610,34,Phase 2
10611,155,Phase 2
10612,58,Phase 1
10613,163,Phase 3
10614,16,Phase 3
10615,166,Phase 3
10616,74,Phase 2
10617,185,Phase 3
10618,176,Phase 2
10619,62,Phase 1
10620,188,Phase 2
10621,172,Phase 1
10622,119,Phase 3
10623,6,Phase 3
10624,132,Phase 1
10625,105,Phase 2
10626,132,Phase 3
10627,193,Phase 2
10628,189,Phase 1
10629,109,Phase 1
10630,68,Phase 1
10631,123,Phase 2
10632,115,Phase 3
10633,105,Phase 2
10634,41,Phase 3
10635,69,Phase 1
10636,24,Phase 1
10637,70,Phase 2
10638,103,Phase 2
10639,187,Phase 2
10640,8,Phase 2
10641,109,Phase 3
10642,96,Phase 1
10643,25,Phase 1
10644,30,Phase 1
10645,51,Phase 2
10646,60,Phase 2
10647,43,Phase 1
10648,160,Phase 2
10649,77,Phase 2
10650,106,Phase 1
10651,40,Phase 3
10652,85,Phase 1
10653,189,Phase 2
10654,154,Phase 2
10655,64,Phase 3
10656,138,Phase 1
10657,78,Phase 1
10658,102,Phase 1
10659,49,Phase 1
10660,191,Phase 1
10661,133,Phase 1
10662,80,Phase 3
10663,140,Phase 1
10664,26,Phase 1
10665,154,Phase 1
10666,200,Phase 1
10667,118,Phase 3
10668,31,Phase 1
10669,155,Phase 1
10670,159,Phase 1
10671,142,Phase 2
10672,17,Phase 1
10673,65,Phase 3
10674,191,Phase 2
10675,56,Phase 3
10676,191,Phase 3
10677,121,Phase 3
10678,6,Phase 3
10679,130,Phase 3
10680,70,Phase 2
10681,30,Phase 1
10682,151,Phase 1
10683,44,Phase 1
10684,116,Phase 3
10685,134,Phase 1
10686,81,Phase 1
10687,171,Phase 3
10688,169,Phase 1
10689,155,Phase 2
10690,42,Phase 3
10691,44,Phase 1
10692,108,Phase 3
10693,39,Phase 2
10694,100,Phase 2
10695,90,Phase 2
10696,197,Phase 2
10697,160,Phase 3
10698,1,Phase 1
10699,53,Phase 2
10700,14,Phase 1
10701,131,Phase 3
10702,125,Phase 2
10703,186,Phase 1
10704,44,Phase 1
10705,60,Phase 1
10706,67,Phase 2
10707,40,Phase 2
10708,64,Phase 3
10709,134,Phase 2
10710,53,Phase 3
10711,139,Phase 2
10712,113,Phase 2
10713,4,Phase 1
10714,86,Phase 1
10715,35,Phase 1
10716,175,Phase 1
10717,86,Phase 3
10718,27,Phase 1
10719,188,Phase 3
10720,85,Phase 3
10721,66,Phase 1
10722,116,Phase 1
10723,125,Phase 3
10724,108,Phase 2
10725,7,Phase 3
10726,198,Phase 2
10727,19,Phase 2
10728,193,Phase 2
10729,14,Phase 3
10730,144,Phase 2
10731,117,Phase 1
10732,55,Phase 2
10733,186,Phase 2
10734,56,Phase 2
10735,152,Phase 3
10736,68,Phase 3
10737,161,Phase 3
10738,173,Phase 1
10739,163,Phase 3
10740,33,Phase 3
10741,51,Phase 3
10742,76,Phase 3
10743,130,Phase 2
10744,64,Phase 2
10745,88,Phase 2
10746,112,Phase 1
10747,104,Phase 1
10748,118,Phase 2
10749,53,Phase 1
10750,20,Phase 2
10751,141,Phase 3
10752,40,Phase 3
10753,85,Phase 2
10754,84,Phase 2
10755,167,Phase 3
10756,31,Phase 2
10757,121,Phase 2
10758,70,Phase 2
10759,170,Phase 3
10760,142,Phase 2
10761,61,Phase 1
10762,155,Phase 1
10763,59,Phase 2
10764,129,Phase 1
10765,69,Phase 1
10766,168,Phase 2
10767,197,Phase 1
10768,142,Phase 1
10769,146,Phase 3
10770,153,Phase 3
10771,130,Phase 1
10772,198,Phase 3
10773,152,Phase 2
10774,183,Phase 3
10775,121,Phase 1
10776,187,Phase 2
10777,162,Phase 3
10778,87,Phase 2
10779,194,Phase 1
10780,29,Phase 2
10781,51,Phase 3
10782,9,Phase 1
10783,3,Phase 2
10784,169,Phase 1
10785,131,Phase 1
10786,109,Phase 1
10787,55,Phase 3
10788,126,Phase 2
10789,105,Phase 3
10790,1,Phase 2
10791,39,Phase 1
10792,46,Phase 2
10793,128,Phase 2
10794,23,Phase 3
10795,184,Phase 1
10796,136,Phase 2
10797,187,Phase 2
10798,1,Phase 1
10799,80,Phase 3
10800,194,Phase 1
10801,104,Phase 2
10802,97,Phase 2
10803,175,Phase 1
10804,55,Phase 3
10805,92,Phase 2
10806,44,Phase 2
10807,192,Phase 3
10808,21,Phase 2
10809,21,Phase 1
10810,155,Phase 3
10811,158,Phase 1
10812,42,Phase 1
10813,172,Phase 3
10814,130,Phase 2
10815,96,Phase 1
10816,107,Phase 3
10817,89,Phase 3
10818,21,Phase 2
10819,36,Phase 3
10820,63,Phase 3
10821,153,Phase 2
10822,46,Phase 2
10823,63,Phase 1
10824,63,Phase 3
10825,196,Phase 1
10826,18,Phase 2
10827,80,Phase 2
10828,95,Phase 1
10829,91,Phase 2
10830,194,Phase 3
10831,99,Phase 3
10832,19,Phase 3
10833,57,Phase 2
10834,21,Phase 3
10835,167,Phase 3
10836,156,Phase 1
10837,187,Phase 2
10838,94,Phase 1
10839,124,Phase 3
10840,60,Phase 1
10841,147,Phase 2
10842,28,Phase 1
10843,153,Phase 1
10844,26,Phase 1
10845,82,Phase 3
10846,40,Phase 2
10847,140,Phase 2
10848,169,Phase 1
10849,44,Phase 2
10850,34,Phase 2
10851,80,Phase 1
10852,71,Phase 3
10853,182,Phase 3
10854,17,Phase 3
10855,114,Phase 2
10856,89,Phase 3
10857,195,Phase 1
10858,155,Phase 1
10859,53,Phase 1
10860,12,Phase 2
10861,100,Phase 3
10862,191,Phase 3
10863,130,Phase 2
10864,167,Phase 3
10865,36,Phase 1
10866,32,Phase 2
10867,186,Phase 1
10868,35,Phase 1
10869,78,Phase 1
10870,121,Phase 1
10871,180,Phase 1
10872,168,Phase 1
10873,55,Phase 3
10874,105,Phase 1
10875,11,Phase 3
10876,175,Phase 1
10877,7,Phase 1
10878,120,Phase 3
10879,27,Phase 3
10880,138,Phase 2
10881,112,Phase 3
10882,101,Phase 3
10883,42,Phase 3
10884,130,Phase 1
10885,178,Phase 3
10886,186,Phase 1
10887,57,Phase 3
10888,125,Phase 1
10889,135,Phase 1
10890,139,Phase 1
10891,128,Phase 1
10892,56,Phase 3
10893,130,Phase 2
10894,107,Phase 1
10895,97,Phase 3
10896,40,Phase 2
10897,108,Phase 3
10898,70,Phase 3
10899,116,Phase 3
10900,104,Phase 2
10901,195,Phase 1
10902,32,Phase 3
10903,147,Phase 2
10904,46,Phase 1
10905,69,Phase 2
10906,36,Phase 2
10907,173,Phase 3
10908,24,Phase 2
10909,103,Phase 3
10910,191,Phase 2
10911,66,Phase 2
10912,122,Phase 3
10913,106,Phase 1
10914,163,Phase 3
10915,143,Phase 1
10916,24,Phase 3
10917,14,Phase 3
10918,24,Phase 3
10919,177,Phase 2
10920,18,Phase 2
10921,6,Phase 2
10922,198,Phase 3
10923,75,Phase 1
10924,141,Phase 1
10925,86,Phase 3
10926,77,Phase 2
10927,57,Phase 3
10928,70,Phase 3
10929,158,Phase 2
10930,40,Phase 3
10931,62,Phase 2
10932,195,Phase 3
10933,168,Phase 3
10934,77,Phase 3
10935,50,Phase 2
10936,7,Phase 1
10937,152,Phase 3
10938,76,Phase 2
10939,171,Phase 2
10940,53,Phase 1
10941,18,Phase 3
10942,196,Phase 1
10943,25,Phase 1
10944,19,Phase 3
10945,54,Phase 3
10946,50,Phase 1
10947,132,Phase 2
10948,197,Phase 3
10949,77,Phase 1
10950,143,Phase 2
10951,49,Phase 1
10952,72,Phase 3
10953,65,Phase 1
10954,60,Phase 2
10955,4,Phase 1
10956,102,Phase 2
10957,110,Phase 2
10958,91,Phase 3
10959,27,Phase 1
10960,30,Phase 2
10961,117,Phase 1
10962,117,Phase 3
10963,86,Phase 3
10964,162,Phase 2
10965,41,Phase 2
10966,181,Phase 3
10967,46,Phase 1
10968,86,Phase 3
10969,154,Phase 3
10970,93,Phase 1
10971,171,Phase 2
10972,57,Phase 1
10973,4,Phase 2
10974,147,Phase 1
10975,21,Phase 1
10976,117,Phase 3
10977,27,Phase 1
10978,170,Phase 1
10979,46,Phase 1
10980,20,Phase 3
10981,98,Phase 1
10982,134,Phase 2
10983,189,Phase 3
10984,88,Phase 1
10985,14,Phase 1
10986,112,Phase 1
10987,29,Phase 1
10988,182,Phase 3
10989,66,Phase 2
10990,36,Phase 1
10991,181,Phase 2
10992,200,Phase 1
10993,8,Phase 3
10994,66,Phase 2
10995,164,Phase 2
10996,136,Phase 3
10997,23,Phase 2
10998,56,Phase 3
10999,22,Phase 2
11000,57,Phase 3
11001,171,Phase 2
11002,63,Phase 1
11003,195,Phase 2
11004,39,Phase 3
11005,11,Phase 3
11006,125,Phase 3
11007,95,Phase 2
11008,44,Phase 2
11009,150,Phase 3
11010,148,Phase 3
11011,44,Phase 2
11012,194,Phase 3
11013,111,Phase 3
11014,108,Phase 2
11015,57,Phase 3
11016,115,Phase 1
11017,56,Phase 3
11018,36,Phase 3
11019,124,Phase 2
11020,47,Phase 2
11021,69,Phase 1
11022,25,Phase 1
11023,39,Phase 2
11024,153,Phase 3
11025,166,Phase 3
11026,132,Phase 2
11027,166,Phase 3
11028,76,Phase 2
11029,69,Phase 3
11030,152,Phase 1
11031,172,Phase 2
11032,108,Phase 1
11033,107,Phase 2
11034,26,Phase 1
11035,9,Phase 2
11036,5,Phase 3
11037,97,Phase 2
11038,108,Phase 2
11039,89,Phase 2
11040,21,Phase 3
11041,83,Phase 2
11042,41,Phase 3
11043,148,Phase 2
11044,21,Phase 3
11045,81,Phase 2
11046,85,Phase 1
11047,89,Phase 1
11048,51,Phase 3
11049,156,Phase 2
11050,128,Phase 1
11051,17,Phase 1
11052,61,Phase 2
11053,129,Phase 1
11054,133,Phase 1
11055,88,Phase 1
11056,193,Phase 3
11057,31,Phase 2
11058,151,Phase 2
11059,114,Phase 1
11060,108,Phase 2
11061,125,Phase 3
11062,168,Phase 1
11063,113,Phase 3
11064,38,Phase 3
11065,178,Phase 2
11066,60,Phase 1
11067,117,Phase 3
11068,51,Phase 2
11069,161,Phase 3
11070,99,Phase 2
11071,137,Phase 3
11072,86,Phase 2
11073,115,Phase 3
11074,92,Phase 1
11075,32,Phase 3
11076,108,Phase 1
11077,29,Phase 3
11078,169,Phase 1
11079,189,Phase 1
11080,194,Phase 2
11081,75,Phase 3
11082,136,Phase 1
11083,154,Phase 3
11084,27,Phase 3
11085,87,Phase 2
11086,4,Phase 2
11087,55,Phase 2
11088,145,Phase 2
11089,74,Phase 2
11090,18,Phase 2
11091,194,Phase 2
11092,79,Phase 3
11093,136,Phase 1
11094,139,Phase 3
11095,113,Phase 2
11096,95,Phase 1
11097,141,Phase 3
11098,86,Phase 2
11099,128,Phase 2
11100,182,Phase 2
11101,184,Phase 3
11102,166,Phase 2
11103,197,Phase 2
11104,112,Phase 2
11105,80,Phase 2
11106,85,Phase 3
11107,25,Phase 3
11108,108,Phase 2
11109,73,Phase 1
11110,110,Phase 3
11111,37,Phase 1
11112,175,Phase 2
11113,170,Phase 1
11114,42,Phase 3
11115,168,Phase 2
11116,41,Phase 3
11117,187,Phase 1
11118,4,Phase 2
11119,132,Phase 3
11120,196,Phase 3
11121,170,Phase 1
11122,35,Phase 3
11123,169,Phase 1
11124,45,Phase 1
11125,140,Phase 1
11126,63,Phase 2
11127,157,Phase 2
11128,130,Phase 2
11129,118,Phase 2
11130,100,Phase 3
11131,142,Phase 3
11132,54,Phase 3
11133,83,Phase 3
11134,119,Phase 1
11135,46,Phase 2
11136,84,Phase 2
11137,37,Phase 2
11138,27,Phase 2
11139,61,Phase 2
11140,16,Phase 1
11141,91,Phase 1
11142,15,Phase 3
11143,59,Phase 1
11144,197,Phase 3
11145,179,Phase 3
11146,64,Phase 2
11147,61,Phase 1
11148,194,Phase 3
11149,80,Phase 2
11150,194,Phase 2
11151,81,Phase 1
11152,44,Phase 1
11153,173,Phase 1
11154,102,Phase 1
11155,114,Phase 2
11156,177,Phase 3
11157,59,Phase 2
11158,158,Phase 3
11159,176,Phase 2
11160,97,Phase 2
11161,9,Phase 1
11162,200,Phase 3
11163,31,Phase 2
11164,29,Phase 2
11165,22,Phase 3
11166,74,Phase 3
11167,154,Phase 2
11168,37,Phase 3
11169,19,Phase 2
11170,97,Phase 2
11171,39,Phase 2
11172,91,Phase 3
11173,195,Phase 1
11174,79,Phase 1
11175,107,Phase 2
11176,85,Phase 1
11177,112,Phase 1
11178,147,Phase 2
11179,168,Phase 2
11180,8,Phase 3
11181,119,Phase 1
11182,110,Phase 1
11183,117,Phase 3
11184,195,Phase 2
11185,148,Phase 2
11186,9,Phase 3
11187,122,Phase 2
11188,197,Phase 1
11189,166,Phase 1
11190,33,Phase 3
11191,50,Phase 3
11192,94,Phase 1
11193,194,Phase 3
11194,171,Phase 2
11195,123,Phase 3
11196,2,Phase 1
11197,156,Phase 2
11198,34,Phase 1
11199,104,Phase 1
11200,26,Phase 3
11201,191,Phase 2
11202,112,Phase 1
11203,36,Phase 2
11204,130,Phase 3
11205,104,Phase 2
11206,121,Phase 3
11207,193,Phase 3
11208,119,Phase 3
11209,98,Phase 3
11210,14,Phase 2
11211,146,Phase 2
11212,9,Phase 3
11213,79,Phase 2
11214,122,Phase 3
11215,164,Phase 2
11216,197,Phase 1
11217,166,Phase 1
11218,127,Phase 1
11219,162,Phase 3
11220,10,Phase 3
11221,164,Phase 1
11222,122,Phase 3
11223,162,Phase 2
11224,131,Phase 2
11225,39,Phase 2
11226,171,Phase 1
11227,72,Phase 1
11228,161,Phase 2
11229,102,Phase 3
11230,24,Phase 1
11231,25,Phase 1
11232,40,Phase 3
11233,24,Phase 3
11234,100,Phase 3
11235,187,Phase 3
11236,95,Phase 2
11237,108,Phase 1
11238,141,Phase 3
11239,65,Phase 3
11240,170,Phase 2
11241,41,Phase 1
11242,156,Phase 3
11243,65,Phase 3
11244,40,Phase 1
11245,143,Phase 2
11246,26,Phase 1
11247,148,Phase 3
11248,153,Phase 2
11249,183,Phase 3
11250,105,Phase 1
11251,130,Phase 1
11252,195,Phase 1
11253,76,Phase 2
11254,82,Phase 3
11255,165,Phase 3
11256,121,Phase 1
11257,12,Phase 3
11258,109,Phase 1
11259,154,Phase 1
11260,183,Phase 1
11261,170,Phase 1
11262,39,Phase 2
11263,172,Phase 2
11264,114,Phase 3
11265,92,Phase 2
11266,13,Phase 3
11267,137,Phase 3
11268,56,Phase 3
11269,140,Phase 1
11270,89,Phase 2
11271,110,Phase 2
11272,23,Phase 1
11273,91,Phase 3
11274,13,Phase 2
11275,11,Phase 1
11276,122,Phase 1
11277,112,Phase 2
11278,166,Phase 2
11279,132,Phase 2
11280,118,Phase 2
11281,121,Phase 2
11282,123,Phase 2
11283,160,Phase 1
11284,92,Phase 3
11285,56,Phase 3
11286,164,Phase 2
11287,120,Phase 1
11288,94,Phase 2
11289,55,Phase 1
11290,30,Phase 3
11291,56,Phase 2
11292,111,Phase 3
11293,110,Phase 2
11294,94,Phase 2
11295,35,Phase 2
11296,127,Phase 1
11297,50,Phase 1
11298,72,Phase 3
11299,50,Phase 1
11300,67,Phase 3
11301,190,Phase 2
11302,41,Phase 3
11303,27,Phase 1
11304,33,Phase 2
11305,16,Phase 3
11306,26,Phase 1
11307,193,Phase 1
11308,51,Phase 2
11309,23,Phase 2
11310,23,Phase 1
11311,122,Phase 2
11312,50,Phase 2
11313,105,Phase 1
11314,98,Phase 3
11315,130,Phase 3
11316,190,Phase 1
11317,116,Phase 2
11318,2,Phase 1
11319,67,Phase 3
11320,72,Phase 1
11321,21,Phase 3
11322,19,Phase 1
11323,19,Phase 2
11324,23,Phase 2
11325,73,Phase 3
11326,196,Phase 2
11327,24,Phase 1
11328,122,Phase 2
11329,31,Phase 1
11330,44,Phase 3
11331,151,Phase 2
11332,145,Phase 3
11333,159,Phase 1
11334,64,Phase 1
11335,62,Phase 2
11336,103,Phase 3
11337,24,Phase 1
11338,36,Phase 3
11339,192,Phase 3
11340,10,Phase 3
11341,154,Phase 1
11342,186,Phase 3
11343,150,Phase 2
11344,43,Phase 2
11345,69,Phase 2
11346,181,Phase 3
11347,110,Phase 1
11348,84,Phase 2
11349,167,Phase 2
11350,45,Phase 1
11351,138,Phase 2
11352,164,Phase 2
11353,112,Phase 2
11354,57,Phase 2
11355,94,Phase 1
11356,182,Phase 3
11357,111,Phase 2
11358,21,Phase 2
11359,116,Phase 1
11360,122,Phase 2
11361,200,Phase 1
11362,57,Phase 1
11363,23,Phase 2
11364,46,Phase 1
11365,110,Phase 1
11366,135,Phase 2
11367,79,Phase 3
11368,175,Phase 1
11369,62,Phase 2
11370,10,Phase 2
11371,101,Phase 3
11372,55,Phase 2
11373,189,Phase 2
11374,12,Phase 2
11375,153,Phase 3
11376,128,Phase 2
11377,91,Phase 2
11378,178,Phase 2
11379,151,Phase 2
11380,177,Phase 1
11381,123,Phase 1
11382,144,Phase 3
11383,178,Phase 1
11384,157,Phase 1
11385,124,Phase 1
11386,100,Phase 1
11387,41,Phase 3
11388,9,Phase 2
11389,42,Phase 2
11390,146,Phase 2
11391,81,Phase 1
11392,185,Phase 1
11393,91,Phase 2
11394,7,Phase 1
11395,74,Phase 3
11396,165,Phase 3
11397,57,Phase 3
11398,102,Phase 1
11399,179,Phase 1
11400,100,Phase 2
11401,185,Phase 3
11402,38,Phase 3
11403,12,Phase 2
11404,184,Phase 1
11405,47,Phase 2
11406,174,Phase 2
11407,15,Phase 1
11408,118,Phase 1
11409,2,Phase 2
11410,119,Phase 1
11411,172,Phase 3
11412,149,Phase 3
11413,19,Phase 2
11414,41,Phase 1
11415,16,Phase 3
11416,39,Phase 2
11417,44,Phase 3
11418,195,Phase 2
11419,161,Phase 1
11420,109,Phase 3
11421,17,Phase 1
11422,20,Phase 2
11423,32,Phase 1
11424,74,Phase 2
11425,97,Phase 3
11426,195,Phase 3
11427,143,Phase 2
11428,10,Phase 3
11429,24,Phase 1
11430,35,Phase 3
11431,65,Phase 3
11432,113,Phase 3
11433,118,Phase 1
11434,140,Phase 1
11435,155,Phase 3
11436,90,Phase 1
11437,168,Phase 2
11438,27,Phase 2
11439,192,Phase 1
11440,114,Phase 3
11441,29,Phase 2
11442,80,Phase 1
11443,111,Phase 1
11444,34,Phase 2
11445,98,Phase 3
11446,163,Phase 3
11447,75,Phase 1
11448,158,Phase 3
11449,102,Phase 3
11450,78,Phase 2
11451,164,Phase 3
11452,106,Phase 3
11453,168,Phase 1
11454,62,Phase 3
11455,85,Phase 1
11456,144,Phase 2
11457,145,Phase 2
11458,140,Phase 2
11459,22,Phase 2
11460,98,Phase 3
11461,162,Phase 3
11462,31,Phase 2
11463,156,Phase 3
11464,154,Phase 1
11465,185,Phase 3
11466,179,Phase 1
11467,33,Phase 2
11468,75,Phase 3
11469,1,Phase 1
11470,173,Phase 1
11471,183,Phase 3
11472,164,Phase 3
11473,10,Phase 2
11474,62,Phase 3
11475,53,Phase 2
11476,179,Phase 1
11477,42,Phase 3
11478,136,Phase 1
11479,30,Phase 3
11480,145,Phase 1
11481,42,Phase 2
11482,39,Phase 1
11483,33,Phase 1
11484,184,Phase 2
11485,37,Phase 2
11486,76,Phase 3
11487,43,Phase 2
11488,101,Phase 3
11489,3,Phase 1
11490,12,Phase 2
11491,101,Phase 1
11492,194,Phase 1
11493,159,Phase 2
11494,88,Phase 2
11495,29,Phase 2
11496,18,Phase 1
11497,150,Phase 2
11498,168,Phase 3
11499,121,Phase 3
11500,19,Phase 3
11501,184,Phase 1
11502,98,Phase 2
11503,132,Phase 3
11504,87,Phase 1
11505,129,Phase 1
11506,147,Phase 3
11507,138,Phase 2
11508,151,Phase 3
11509,134,Phase 2
11510,176,Phase 3
11511,36,Phase 2
11512,154,Phase 3
11513,195,Phase 1
11514,8,Phase 1
11515,92,Phase 2
11516,164,Phase 3
11517,21,Phase 2
11518,115,Phase 2
11519,159,Phase 1
11520,35,Phase 3
11521,197,Phase 3
11522,127,Phase 1
11523,95,Phase 2
11524,159,Phase 3
11525,61,Phase 3
11526,144,Phase 3
11527,84,Phase 1
11528,74,Phase 1
11529,157,Phase 1
11530,78,Phase 2
11531,76,Phase 3
11532,48,Phase 3
11533,97,Phase 1
11534,173,Phase 1
11535,97,Phase 3
11536,196,Phase 2
11537,34,Phase 3
11538,34,Phase 1
11539,73,Phase 2
11540,117,Phase 2
11541,121,Phase 2
11542,172,Phase 2
11543,147,Phase 2
11544,84,Phase 2
11545,94,Phase 2
11546,140,Phase 1
11547,180,Phase 3
11548,99,Phase 2
11549,74,Phase 1
11550,54,Phase 1
11551,139,Phase 3
11552,148,Phase 2
11553,173,Phase 3
11554,122,Phase 3
11555,122,Phase 1
11556,94,Phase 1
11557,199,Phase 2
11558,2,Phase 1
11559,187,Phase 3
11560,116,Phase 3
11561,122,Phase 1
11562,151,Phase 1
11563,55,Phase 3
11564,105,Phase 1
11565,52,Phase 2
11566,55,Phase 1
11567,170,Phase 1
11568,10,Phase 3
11569,83,Phase 2
11570,116,Phase 1
11571,70,Phase 2
11572,128,Phase 1
11573,11,Phase 3
11574,150,Phase 2
11575,46,Phase 2
11576,182,Phase 2
11577,93,Phase 2
11578,87,Phase 3
11579,13,Phase 1
11580,5,Phase 2
11581,112,Phase 2
11582,118,Phase 2
11583,50,Phase 1
11584,56,Phase 1
11585,98,Phase 1
11586,192,Phase 3
11587,70,Phase 3
11588,42,Phase 1
11589,190,Phase 1
11590,94,Phase 2
11591,51,Phase 3
11592,27,Phase 1
11593,100,Phase 1
11594,120,Phase 2
11595,46,Phase 1
11596,79,Phase 3
11597,115,Phase 3
11598,189,Phase 2
11599,42,Phase 3
11600,80,Phase 1
11601,120,Phase 1
11602,147,Phase 3
11603,25,Phase 3
11604,73,Phase 1
11605,74,Phase 2
11606,120,Phase 1
11607,49,Phase 1
11608,46,Phase 2
11609,108,Phase 2
11610,196,Phase 1
11611,44,Phase 3
11612,127,Phase 2
11613,147,Phase 2
11614,95,Phase 3
11615,66,Phase 2
11616,20,Phase 2
11617,6,Phase 2
11618,136,Phase 3
11619,134,Phase 3
11620,43,Phase 1
11621,112,Phase 2
11622,133,Phase 2
11623,199,Phase 3
11624,142,Phase 3
11625,91,Phase 3
11626,43,Phase 1
11627,62,Phase 3
11628,69,Phase 1
11629,40,Phase 3
11630,3,Phase 2
11631,83,Phase 3
11632,30,Phase 3
11633,182,Phase 1
11634,112,Phase 3
11635,53,Phase 3
11636,48,Phase 3
11637,195,Phase 1
11638,110,Phase 1
11639,98,Phase 3
11640,28,Phase 3
11641,48,Phase 1
11642,120,Phase 2
11643,51,Phase 1
11644,155,Phase 2
11645,152,Phase 3
11646,178,Phase 2
11647,173,Phase 3
11648,126,Phase 1
11649,180,Phase 3
11650,135,Phase 2
11651,31,Phase 2
11652,29,Phase 2
11653,13,Phase 3
11654,178,Phase 3
11655,29,Phase 2
11656,190,Phase 1
11657,71,Phase 1
11658,42,Phase 3
11659,149,Phase 3
11660,145,Phase 1
11661,174,Phase 1
11662,116,Phase 3
11663,81,Phase 1
11664,197,Phase 3
11665,21,Phase 2
11666,59,Phase 1
11667,125,Phase 3
11668,200,Phase 1
11669,146,Phase 3
11670,111,Phase 3
11671,87,Phase 1
11672,60,Phase 3
11673,136,Phase 1
11674,149,Phase 1
11675,157,Phase 3
11676,85,Phase 2
11677,85,Phase 2
11678,116,Phase 2
11679,19,Phase 2
11680,147,Phase 2
11681,33,Phase 1
11682,92,Phase 3
11683,36,Phase 1
11684,40,Phase 3
11685,42,Phase 3
11686,97,Phase 1
11687,108,Phase 3
11688,44,Phase 1
11689,61,Phase 2
11690,125,Phase 1
11691,35,Phase 3
11692,156,Phase 3
11693,186,Phase 3
11694,86,Phase 3
11695,83,Phase 3
11696,113,Phase 3
11697,5,Phase 1
11698,172,Phase 1
11699,131,Phase 2
11700,63,Phase 3
11701,147,Phase 2
11702,122,Phase 1
11703,137,Phase 2
11704,182,Phase 3
11705,23,Phase 3
11706,10,Phase 1
11707,90,Phase 3
11708,66,Phase 3
11709,80,Phase 2
11710,106,Phase 2
11711,57,Phase 1
11712,149,Phase 1
11713,2,Phase 1
11714,53,Phase 2
11715,174,Phase 1
11716,169,Phase 3
11717,128,Phase 2
11718,140,Phase 2
11719,39,Phase 1
11720,64,Phase 1
11721,97,Phase 2
11722,48,Phase 2
11723,192,Phase 3
11724,126,Phase 3
11725,2,Phase 2
11726,20,Phase 2
11727,44,Phase 3
11728,7,Phase 2
11729,65,Phase 2
11730,82,Phase 1
11731,30,Phase 3
11732,192,Phase 3
11733,47,Phase 3
11734,56,Phase 3
11735,35,Phase 3
11736,200,Phase 2
11737,153,Phase 2
11738,155,Phase 1
11739,130,Phase 1
11740,182,Phase 1
11741,155,Phase 3
11742,197,Phase 3
11743,2,Phase 2
11744,174,Phase 1
11745,92,Phase 1
11746,2,Phase 2
11747,99,Phase 3
11748,67,Phase 3
11749,31,Phase 1
11750,200,Phase 1
11751,35,Phase 3
11752,170,Phase 2
11753,189,Phase 3
11754,10,Phase 1
11755,151,Phase 3
11756,97,Phase 1
11757,164,Phase 2
11758,90,Phase 1
11759,106,Phase 1
11760,97,Phase 1
11761,108,Phase 1
11762,156,Phase 3
11763,46,Phase 2
11764,71,Phase 2
11765,57,Phase 1
11766,194,Phase 2
11767,185,Phase 3
11768,94,Phase 3
11769,64,Phase 3
11770,177,Phase 2
11771,7,Phase 1
11772,117,Phase 2
11773,110,Phase 3
11774,105,Phase 2
11775,190,Phase 1
11776,196,Phase 1
11777,15,Phase 3
11778,80,Phase 2
11779,39,Phase 2
11780,186,Phase 3
11781,97,Phase 1
11782,123,Phase 2
11783,136,Phase 3
11784,66,Phase 1
11785,65,Phase 2
11786,24,Phase 1
11787,102,Phase 2
11788,52,Phase 2
11789,24,Phase 3
11790,180,Phase 1
11791,192,Phase 1
11792,133,Phase 2
11793,108,Phase 2
11794,165,Phase 1
11795,141,Phase 3
11796,168,Phase 2
11797,86,Phase 1
11798,33,Phase 2
11799,200,Phase 1
11800,155,Phase 2
11801,20,Phase 2
11802,108,Phase 3
11803,62,Phase 2
11804,82,Phase 3
11805,58,Phase 1
11806,22,Phase 1
11807,124,Phase 1
11808,86,Phase 1
11809,92,Phase 3
11810,68,Phase 2
11811,189,Phase 3
11812,173,Phase 2
11813,108,Phase 1
11814,156,Phase 3
11815,166,Phase 3
11816,28,Phase 2
11817,146,Phase 1
11818,154,Phase 1
11819,150,Phase 1
11820,138,Phase 3
11821,62,Phase 1
11822,163,Phase 3
11823,77,Phase 2
11824,182,Phase 3
11825,78,Phase 3
11826,110,Phase 3
11827,160,Phase 3
11828,175,Phase 1
11829,28,Phase 3
11830,143,Phase 3
11831,200,Phase 1
11832,52,Phase 1
11833,68,Phase 2
11834,17,Phase 3
11835,160,Phase 1
11836,175,Phase 3
11837,41,Phase 3
11838,66,Phase 3
11839,28,Phase 2
11840,13,Phase 2
11841,152,Phase 2
11842,15,Phase 3
11843,90,Phase 3
11844,76,Phase 2
11845,85,Phase 3
11846,178,Phase 1
11847,94,Phase 1
11848,170,Phase 2
11849,160,Phase 2
11850,102,Phase 3
11851,115,Phase 2
11852,58,Phase 1
11853,88,Phase 3
11854,130,Phase 3
11855,42,Phase 3
11856,139,Phase 2
11857,184,Phase 3
11858,101,Phase 2
11859,27,Phase 2
11860,23,Phase 3
11861,97,Phase 1
11862,162,Phase 2
11863,7,Phase 2
11864,185,Phase 1
11865,33,Phase 3
11866,44,Phase 3
11867,200,Phase 3
11868,134,Phase 1
11869,189,Phase 2
11870,189,Phase 3
11871,39,Phase 2
11872,139,Phase 2
11873,163,Phase 2
11874,3,Phase 1
11875,60,Phase 2
11876,135,Phase 3
11877,106,Phase 1
11878,74,Phase 2
11879,159,Phase 3
11880,131,Phase 3
11881,94,Phase 2
11882,98,Phase 1
11883,70,Phase 2
11884,168,Phase 3
11885,126,Phase 3
11886,87,Phase 1
11887,46,Phase 3
11888,146,Phase 3
11889,96,Phase 3
11890,91,Phase 2
11891,116,Phase 3
11892,41,Phase 3
11893,176,Phase 2
11894,54,Phase 3
11895,117,Phase 1
11896,45,Phase 1
11897,135,Phase 1
11898,192,Phase 1
11899,28,Phase 1
11900,184,Phase 2
11901,118,Phase 1
11902,165,Phase 2
11903,136,Phase 3
11904,139,Phase 3
11905,93,Phase 2
11906,119,Phase 3
11907,90,Phase 2
11908,146,Phase 1
11909,18,Phase 3
11910,54,Phase 1
11911,48,Phase 2
11912,73,Phase 2
11913,83,Phase 3
11914,40,Phase 3
11915,80,Phase 1
11916,42,Phase 1
11917,180,Phase 1
11918,21,Phase 1
11919,105,Phase 2
11920,121,Phase 1
11921,116,Phase 3
11922,49,Phase 3
11923,185,Phase 3
11924,30,Phase 3
11925,130,Phase 3
11926,139,Phase 3
11927,45,Phase 1
11928,6,Phase 3
11929,147,Phase 2
11930,109,Phase 2
11931,187,Phase 2
11932,98,Phase 1
11933,181,Phase 3
11934,160,Phase 2
11935,77,Phase 2
11936,190,Phase 2
11937,59,Phase 2
11938,115,Phase 3
11939,177,Phase 1
11940,171,Phase 2
11941,21,Phase 3
11942,112,Phase 1
11943,18,Phase 1
11944,135,Phase 1
11945,154,Phase 1
11946,94,Phase 2
11947,175,Phase 2
11948,18,Phase 1
11949,200,Phase 1
11950,101,Phase 2
11951,98,Phase 2
11952,200,Phase 2
11953,1,Phase 3
11954,164,Phase 2
11955,145,Phase 3
11956,164,Phase 3
11957,82,Phase 3
11958,131,Phase 3
11959,97,Phase 1
11960,156,Phase 1
11961,59,Phase 1
11962,80,Phase 1
11963,166,Phase 2
11964,19,Phase 1
11965,63,Phase 2
11966,120,Phase 1
11967,51,Phase 3
11968,71,Phase 3
11969,121,Phase 2
11970,159,Phase 3
11971,183,Phase 2
11972,198,Phase 2
11973,118,Phase 2
11974,19,Phase 3
11975,131,Phase 1
11976,78,Phase 3
11977,150,Phase 2
11978,132,Phase 2
11979,7,Phase 2
11980,56,Phase 1
11981,146,Phase 3
11982,126,Phase 1
11983,85,Phase 3
11984,128,Phase 1
11985,69,Phase 3
11986,137,Phase 2
11987,94,Phase 3
11988,124,Phase 3
11989,167,Phase 3
11990,99,Phase 1
11991,51,Phase 2
11992,135,Phase 3
11993,125,Phase 2
11994,27,Phase 2
11995,92,Phase 3
11996,44,Phase 3
11997,116,Phase 3
11998,44,Phase 1
11999,45,Phase 3
12000,2,Phase 1
12001,48,Phase 1
12002,100,Phase 3
12003,106,Phase 2
12004,174,Phase 2
12005,131,Phase 2
12006,102,Phase 3
12007,132,Phase 2
12008,53,Phase 1
12009,56,Phase 2
12010,72,Phase 1
12011,51,Phase 1
12012,136,Phase 1
12013,102,Phase 1
12014,158,Phase 3
12015,156,Phase 2
12016,85,Phase 1
12017,149,Phase 1
12018,189,Phase 2
12019,132,Phase 2
12020,123,Phase 2
12021,86,Phase 2
12022,6,Phase 1
12023,80,Phase 1
12024,26,Phase 3
12025,21,Phase 3
12026,154,Phase 2
12027,156,Phase 3
12028,131,Phase 3
12029,102,Phase 2
12030,128,Phase 3
12031,182,Phase 2
12032,87,Phase 2
12033,138,Phase 3
12034,30,Phase 1
12035,183,Phase 1
12036,82,Phase 3
12037,44,Phase 1
12038,3,Phase 3
12039,97,Phase 3
12040,119,Phase 1
12041,184,Phase 2
12042,68,Phase 1
12043,88,Phase 1
12044,43,Phase 3
12045,79,Phase 3
12046,199,Phase 3
12047,69,Phase 3
12048,39,Phase 3
12049,46,Phase 1
12050,63,Phase 2
12051,129,Phase 1
12052,97,Phase 2
12053,183,Phase 1
12054,27,Phase 2
12055,121,Phase 2
12056,55,Phase 3
12057,160,Phase 2
12058,1,Phase 2
12059,5,Phase 2
12060,1,Phase 2
12061,184,Phase 2
12062,152,Phase 3
12063,6,Phase 3
12064,178,Phase 1
12065,119,Phase 3
12066,65,Phase 1
12067,173,Phase 2
12068,24,Phase 3
12069,192,Phase 2
12070,16,Phase 3
12071,22,Phase 1
12072,169,Phase 3
12073,119,Phase 2
12074,4,Phase 2
12075,114,Phase 2
12076,26,Phase 3
12077,60,Phase 3
12078,50,Phase 3
12079,101,Phase 2
12080,98,Phase 3
12081,177,Phase 1
12082,103,Phase 2
12083,120,Phase 3
12084,23,Phase 2
12085,79,Phase 3
12086,76,Phase 3
12087,192,Phase 3
12088,139,Phase 1
12089,138,Phase 2
12090,189,Phase 3
12091,89,Phase 3
12092,149,Phase 2
12093,200,Phase 3
12094,77,Phase 3
12095,193,Phase 3
12096,61,Phase 3
12097,8,Phase 3
12098,153,Phase 2
12099,48,Phase 2
12100,131,Phase 1
12101,70,Phase 3
12102,129,Phase 1
12103,10,Phase 2
12104,191,Phase 2
12105,29,Phase 1
12106,89,Phase 3
12107,148,Phase 2
12108,46,Phase 1
12109,43,Phase 1
12110,71,Phase 3
12111,167,Phase 3
12112,80,Phase 3
12113,193,Phase 3
12114,123,Phase 3
12115,53,Phase 1
12116,76,Phase 1
12117,196,Phase 1
12118,29,Phase 2
12119,129,Phase 3
12120,131,Phase 1
12121,10,Phase 2
12122,12,Phase 3
12123,150,Phase 1
12124,102,Phase 3
12125,69,Phase 3
12126,185,Phase 2
12127,111,Phase 2
12128,104,Phase 3
12129,123,Phase 2
12130,199,Phase 1
12131,78,Phase 1
12132,188,Phase 2
12133,83,Phase 2
12134,73,Phase 3
12135,177,Phase 3
12136,195,Phase 1
12137,136,Phase 2
12138,37,Phase 2
12139,84,Phase 2
12140,103,Phase 2
12141,105,Phase 2
12142,164,Phase 1
12143,198,Phase 1
12144,77,Phase 2
12145,6,Phase 1
12146,177,Phase 3
12147,170,Phase 2
12148,148,Phase 2
12149,51,Phase 2
12150,193,Phase 3
12151,74,Phase 1
12152,149,Phase 1
12153,14,Phase 2
12154,31,Phase 3
12155,100,Phase 3
12156,140,Phase 3
12157,69,Phase 3
12158,59,Phase 3
12159,74,Phase 3
12160,63,Phase 2
12161,81,Phase 3
12162,74,Phase 2
12163,154,Phase 2
12164,65,Phase 2
12165,8,Phase 3
12166,140,Phase 1
12167,198,Phase 1
12168,81,Phase 3
12169,174,Phase 1
12170,196,Phase 2
12171,66,Phase 3
12172,99,Phase 2
12173,196,Phase 2
12174,13,Phase 1
12175,113,Phase 3
12176,42,Phase 2
12177,113,Phase 3
12178,73,Phase 2
12179,108,Phase 1
12180,1,Phase 1
12181,126,Phase 3
12182,111,Phase 3
12183,81,Phase 1
12184,6,Phase 3
12185,188,Phase 2
12186,50,Phase 3
12187,21,Phase 1
12188,80,Phase 1
12189,49,Phase 1
12190,72,Phase 1
12191,41,Phase 1
12192,20,Phase 3
12193,99,Phase 3
12194,159,Phase 2
12195,49,Phase 3
12196,101,Phase 1
12197,140,Phase 3
12198,58,Phase 3
12199,34,Phase 2
12200,99,Phase 3
12201,168,Phase 3
12202,37,Phase 3
12203,67,Phase 2
12204,184,Phase 1
12205,106,Phase 3
12206,83,Phase 3
12207,13,Phase 3
12208,88,Phase 2
12209,156,Phase 2
12210,132,Phase 3
12211,97,Phase 2
12212,40,Phase 2
12213,48,Phase 2
12214,50,Phase 1
12215,47,Phase 2
12216,45,Phase 3
12217,41,Phase 3
12218,70,Phase 3
12219,140,Phase 3
12220,72,Phase 1
12221,89,Phase 3
12222,104,Phase 1
12223,164,Phase 2
12224,184,Phase 1
12225,123,Phase 2
12226,25,Phase 1
12227,36,Phase 1
12228,116,Phase 3
12229,198,Phase 3
12230,127,Phase 3
12231,140,Phase 3
12232,45,Phase 3
12233,104,Phase 1
12234,3,Phase 1
12235,191,Phase 2
12236,149,Phase 1
12237,85,Phase 2
12238,153,Phase 1
12239,190,Phase 3
12240,65,Phase 2
12241,11,Phase 1
12242,108,Phase 3
12243,142,Phase 3
12244,179,Phase 2
12245,182,Phase 2
12246,97,Phase 3
12247,75,Phase 2
12248,78,Phase 2
12249,144,Phase 1
12250,84,Phase 1
12251,81,Phase 2
12252,180,Phase 1
12253,9,Phase 3
12254,164,Phase 1
12255,5,Phase 1
12256,19,Phase 1
12257,149,Phase 3
12258,79,Phase 2
12259,57,Phase 3
12260,56,Phase 2
12261,23,Phase 2
12262,133,Phase 1
12263,48,Phase 1
12264,44,Phase 1
12265,175,Phase 3
12266,179,Phase 1
12267,92,Phase 2
12268,95,Phase 2
12269,71,Phase 1
12270,110,Phase 3
12271,4,Phase 1
12272,48,Phase 3
12273,124,Phase 3
12274,106,Phase 1
12275,93,Phase 3
12276,16,Phase 2
12277,109,Phase 1
12278,65,Phase 3
12279,124,Phase 2
12280,198,Phase 3
12281,33,Phase 3
12282,3,Phase 2
12283,95,Phase 3
12284,73,Phase 3
12285,17,Phase 1
12286,43,Phase 1
12287,74,Phase 2
12288,108,Phase 3
12289,140,Phase 3
12290,97,Phase 2
12291,144,Phase 2
12292,128,Phase 3
12293,196,Phase 1
12294,165,Phase 1
12295,109,Phase 3
12296,98,Phase 1
12297,86,Phase 3
12298,7,Phase 3
12299,118,Phase 2
12300,120,Phase 1
12301,140,Phase 3
12302,166,Phase 3
12303,192,Phase 3
12304,141,Phase 1
12305,45,Phase 3
12306,99,Phase 3
12307,132,Phase 2
12308,126,Phase 1
12309,43,Phase 1
12310,141,Phase 3
12311,30,Phase 1
12312,107,Phase 1
12313,76,Phase 1
12314,70,Phase 2
12315,111,Phase 3
12316,154,Phase 2
12317,195,Phase 1
12318,172,Phase 1
12319,112,Phase 3
12320,109,Phase 3
12321,21,Phase 1
12322,89,Phase 3
12323,90,Phase 1
12324,36,Phase 1
12325,26,Phase 1
12326,18,Phase 2
12327,58,Phase 2
12328,128,Phase 3
12329,16,Phase 1
12330,78,Phase 2
12331,70,Phase 3
12332,44,Phase 3
12333,200,Phase 2
12334,180,Phase 3
12335,59,Phase 3
12336,3,Phase 1
12337,82,Phase 3
12338,35,Phase 1
12339,30,Phase 2
12340,95,Phase 1
12341,92,Phase 1
12342,10,Phase 3
12343,147,Phase 1
12344,18,Phase 3
12345,45,Phase 3
12346,158,Phase 3
12347,102,Phase 2
12348,102,Phase 1
12349,63,Phase 2
12350,185,Phase 1
12351,139,Phase 3
12352,74,Phase 2
12353,196,Phase 1
12354,7,Phase 1
12355,23,Phase 3
12356,54,Phase 2
12357,70,Phase 3
12358,11,Phase 2
12359,135,Phase 3
12360,151,Phase 1
12361,26,Phase 3
12362,75,Phase 3
12363,112,Phase 2
12364,96,Phase 2
12365,54,Phase 2
12366,136,Phase 3
12367,43,Phase 2
12368,14,Phase 3
12369,5,Phase 1
12370,153,Phase 1
12371,118,Phase 3
12372,122,Phase 3
12373,90,Phase 3
12374,74,Phase 2
12375,118,Phase 2
12376,96,Phase 1
12377,140,Phase 1
12378,10,Phase 3
12379,160,Phase 2
12380,134,Phase 1
12381,115,Phase 2
12382,29,Phase 2
12383,165,Phase 2
12384,164,Phase 2
12385,170,Phase 1
12386,77,Phase 1
12387,95,Phase 3
12388,86,Phase 2
12389,110,Phase 1
12390,117,Phase 2
12391,2,Phase 1
12392,76,Phase 1
12393,58,Phase 2
12394,180,Phase 1
12395,115,Phase 1
12396,39,Phase 3
12397,28,Phase 3
12398,200,Phase 3
12399,77,Phase 1
12400,56,Phase 1
12401,35,Phase 1
12402,5,Phase 1
12403,164,Phase 3
12404,69,Phase 2
12405,114,Phase 2
12406,90,Phase 2
12407,88,Phase 1
12408,70,Phase 3
12409,7,Phase 1
12410,169,Phase 1
12411,117,Phase 3
12412,190,Phase 1
12413,44,Phase 3
12414,194,Phase 2
12415,154,Phase 2
12416,79,Phase 1
12417,196,Phase 1
12418,68,Phase 3
12419,12,Phase 1
12420,200,Phase 2
12421,80,Phase 3
12422,54,Phase 3
12423,113,Phase 2
12424,192,Phase 3
12425,52,Phase 2
12426,63,Phase 3
12427,35,Phase 2
12428,108,Phase 2
12429,147,Phase 3
12430,25,Phase 3
12431,61,Phase 3
12432,171,Phase 1
12433,83,Phase 2
12434,176,Phase 3
12435,124,Phase 2
12436,146,Phase 2
12437,74,Phase 1
12438,123,Phase 2
12439,4,Phase 1
12440,132,Phase 1
12441,169,Phase 2
12442,30,Phase 1
12443,64,Phase 1
12444,100,Phase 3
12445,53,Phase 3
12446,66,Phase 1
12447,30,Phase 2
12448,52,Phase 1
12449,199,Phase 1
12450,115,Phase 3
12451,59,Phase 1
12452,181,Phase 3
12453,1,Phase 2
12454,170,Phase 3
12455,115,Phase 1
12456,126,Phase 3
12457,32,Phase 2
12458,114,Phase 2
12459,90,Phase 2
12460,73,Phase 3
12461,97,Phase 2
12462,14,Phase 3
12463,91,Phase 1
12464,197,Phase 3
12465,98,Phase 3
12466,140,Phase 1
12467,28,Phase 2
12468,115,Phase 2
12469,123,Phase 2
12470,59,Phase 1
12471,30,Phase 2
12472,78,Phase 3
12473,80,Phase 3
12474,53,Phase 2
12475,140,Phase 3
12476,183,Phase 3
12477,15,Phase 1
12478,164,Phase 1
12479,62,Phase 2
12480,60,Phase 3
12481,73,Phase 2
12482,15,Phase 3
12483,97,Phase 3
12484,78,Phase 1
12485,149,Phase 1
12486,22,Phase 1
12487,83,Phase 3
12488,196,Phase 1
12489,85,Phase 1
12490,39,Phase 3
12491,123,Phase 2
12492,132,Phase 3
12493,57,Phase 2
12494,154,Phase 2
12495,68,Phase 3
12496,75,Phase 2
12497,128,Phase 2
12498,113,Phase 3
12499,73,Phase 3
12500,170,Phase 1
12501,57,Phase 1
12502,3,Phase 1
12503,54,Phase 1
12504,174,Phase 2
12505,32,Phase 2
12506,19,Phase 3
12507,7,Phase 1
12508,108,Phase 1
12509,78,Phase 1
12510,85,Phase 3
12511,50,Phase 1
12512,67,Phase 1
12513,75,Phase 1
12514,44,Phase 3
12515,149,Phase 1
12516,68,Phase 3
12517,167,Phase 1
12518,30,Phase 1
12519,53,Phase 2
12520,112,Phase 1
12521,183,Phase 3
12522,6,Phase 1
12523,157,Phase 1
12524,20,Phase 1
12525,182,Phase 2
12526,116,Phase 2
12527,200,Phase 2
12528,26,Phase 2
12529,10,Phase 3
12530,187,Phase 1
12531,45,Phase 3
12532,4,Phase 1
12533,54,Phase 2
12534,97,Phase 3
12535,49,Phase 2
12536,92,Phase 3
12537,186,Phase 3
12538,74,Phase 3
12539,65,Phase 2
12540,57,Phase 1
12541,76,Phase 3
12542,106,Phase 1
12543,102,Phase 3
12544,125,Phase 1
12545,65,Phase 1
12546,189,Phase 2
12547,64,Phase 3
12548,118,Phase 2
12549,148,Phase 3
12550,100,Phase 2
12551,8,Phase 2
12552,118,Phase 3
12553,68,Phase 3
12554,36,Phase 2
12555,36,Phase 2
12556,175,Phase 3
12557,163,Phase 1
12558,188,Phase 2
12559,90,Phase 3
12560,157,Phase 3
12561,141,Phase 2
12562,195,Phase 2
12563,82,Phase 3
12564,134,Phase 2
12565,7,Phase 2
12566,23,Phase 1
12567,181,Phase 1
12568,179,Phase 1
12569,21,Phase 3
12570,41,Phase 2
12571,105,Phase 1
12572,127,Phase 1
12573,32,Phase 2
12574,60,Phase 2
12575,81,Phase 1
12576,175,Phase 3
12577,196,Phase 2
12578,65,Phase 2
12579,86,Phase 3
12580,193,Phase 2
12581,35,Phase 2
12582,19,Phase 3
12583,154,Phase 3
12584,31,Phase 1
12585,165,Phase 3
12586,159,Phase 3
12587,195,Phase 2
12588,149,Phase 2
12589,179,Phase 3
12590,65,Phase 1
12591,150,Phase 3
12592,32,Phase 2
12593,5,Phase 3
12594,11,Phase 3
12595,53,Phase 3
12596,100,Phase 2
12597,54,Phase 2
12598,101,Phase 1
12599,100,Phase 1
12600,78,Phase 1
12601,82,Phase 3
12602,148,Phase 2
12603,199,Phase 3
12604,159,Phase 2
12605,111,Phase 3
12606,52,Phase 2
12607,18,Phase 2
12608,79,Phase 1
12609,85,Phase 2
12610,4,Phase 3
12611,78,Phase 3
12612,152,Phase 2
12613,43,Phase 1
12614,93,Phase 1
12615,109,Phase 1
12616,65,Phase 1
12617,169,Phase 1
12618,28,Phase 2
12619,103,Phase 1
12620,186,Phase 3
12621,177,Phase 3
12622,89,Phase 1
12623,23,Phase 2
12624,152,Phase 3
12625,3,Phase 1
12626,169,Phase 2
12627,123,Phase 2
12628,36,Phase 2
12629,18,Phase 2
12630,113,Phase 2
12631,136,Phase 1
12632,171,Phase 3
12633,139,Phase 1
12634,136,Phase 3
12635,146,Phase 3
12636,79,Phase 1
12637,78,Phase 2
12638,151,Phase 2
12639,11,Phase 2
12640,8,Phase 2
12641,29,Phase 1
12642,19,Phase 2
12643,117,Phase 3
12644,178,Phase 3
12645,200,Phase 3
12646,167,Phase 2
12647,177,Phase 2
12648,89,Phase 3
12649,109,Phase 3
12650,112,Phase 3
12651,181,Phase 3
12652,83,Phase 1
12653,154,Phase 1
12654,84,Phase 2
12655,197,Phase 3
12656,1,Phase 1
12657,11,Phase 2
12658,54,Phase 2
12659,133,Phase 3
12660,96,Phase 1
12661,189,Phase 2
12662,71,Phase 1
12663,117,Phase 2
12664,148,Phase 2
12665,44,Phase 2
12666,77,Phase 1
12667,60,Phase 1
12668,89,Phase 2
12669,9,Phase 1
12670,130,Phase 1
12671,115,Phase 3
12672,17,Phase 1
12673,4,Phase 1
12674,39,Phase 3
12675,107,Phase 3
12676,18,Phase 3
12677,124,Phase 3
12678,45,Phase 2
12679,159,Phase 3
12680,11,Phase 3
12681,129,Phase 3
12682,90,Phase 2
12683,114,Phase 2
12684,200,Phase 3
12685,52,Phase 2
12686,18,Phase 2
12687,195,Phase 1
12688,13,Phase 3
12689,84,Phase 2
12690,83,Phase 1
12691,72,Phase 2
12692,147,Phase 2
12693,73,Phase 2
12694,131,Phase 3
12695,164,Phase 2
12696,27,Phase 2
12697,81,Phase 2
12698,167,Phase 1
12699,71,Phase 2
12700,151,Phase 1
12701,45,Phase 2
12702,87,Phase 2
12703,174,Phase 3
12704,40,Phase 3
12705,112,Phase 2
12706,49,Phase 3
12707,69,Phase 2
12708,66,Phase 1
12709,130,Phase 1
12710,84,Phase 2
12711,41,Phase 3
12712,75,Phase 2
12713,166,Phase 1
12714,29,Phase 3
12715,126,Phase 3
12716,54,Phase 1
12717,35,Phase 3
12718,21,Phase 1
12719,60,Phase 3
12720,197,Phase 1
12721,1,Phase 2
12722,108,Phase 2
12723,54,Phase 1
12724,92,Phase 1
12725,19,Phase 1
12726,1,Phase 1
12727,79,Phase 3
12728,139,Phase 3
12729,138,Phase 1
12730,129,Phase 1
12731,114,Phase 1
12732,193,Phase 3
12733,190,Phase 2
12734,118,Phase 1
12735,189,Phase 2
12736,154,Phase 2
12737,117,Phase 1
12738,33,Phase 3
12739,197,Phase 3
12740,181,Phase 2
12741,181,Phase 2
12742,150,Phase 3
12743,188,Phase 3
12744,60,Phase 3
12745,64,Phase 3
12746,198,Phase 2
12747,178,Phase 2
12748,50,Phase 2
12749,73,Phase 2
12750,184,Phase 3
12751,199,Phase 3
12752,158,Phase 3
12753,47,Phase 3
12754,3,Phase 3
12755,18,Phase 2
12756,101,Phase 1
12757,91,Phase 2
12758,19,Phase 1
12759,97,Phase 1
12760,146,Phase 2
12761,45,Phase 1
12762,23,Phase 3
12763,10,Phase 2
12764,68,Phase 3
12765,137,Phase 1
12766,144,Phase 2
12767,184,Phase 3
12768,86,Phase 1
12769,110,Phase 2
12770,116,Phase 3
12771,99,Phase 1
12772,26,Phase 3
12773,34,Phase 1
12774,148,Phase 2
12775,32,Phase 2
12776,50,Phase 3
12777,143,Phase 2
12778,30,Phase 2
12779,67,Phase 2
12780,175,Phase 3
12781,143,Phase 1
12782,200,Phase 2
12783,107,Phase 3
12784,37,Phase 3
12785,84,Phase 1
12786,180,Phase 2
12787,42,Phase 1
12788,185,Phase 1
12789,58,Phase 3
12790,104,Phase 2
12791,11,Phase 3
12792,8,Phase 1
12793,5,Phase 3
12794,2,Phase 3
12795,154,Phase 2
12796,197,Phase 1
12797,180,Phase 1
12798,163,Phase 2
12799,41,Phase 2
12800,24,Phase 1
12801,9,Phase 3
12802,119,Phase 2
12803,145,Phase 1
12804,8,Phase 1
12805,133,Phase 1
12806,78,Phase 2
12807,199,Phase 2
12808,138,Phase 1
12809,6,Phase 2
12810,121,Phase 3
12811,92,Phase 2
12812,153,Phase 1
12813,114,Phase 2
12814,119,Phase 1
12815,135,Phase 1
12816,77,Phase 1
12817,51,Phase 1
12818,181,Phase 1
12819,97,Phase 1
12820,106,Phase 2
12821,165,Phase 1
12822,194,Phase 1
12823,53,Phase 3
12824,90,Phase 2
12825,12,Phase 1
12826,186,Phase 2
12827,170,Phase 3
12828,36,Phase 3
12829,116,Phase 2
12830,18,Phase 2
12831,96,Phase 1
12832,63,Phase 2
12833,190,Phase 2
12834,88,Phase 1
12835,39,Phase 1
12836,94,Phase 2
12837,46,Phase 2
12838,78,Phase 3
12839,76,Phase 2
12840,174,Phase 1
12841,107,Phase 3
12842,166,Phase 2
12843,194,Phase 3
12844,98,Phase 3
12845,131,Phase 1
12846,104,Phase 3
12847,72,Phase 2
12848,58,Phase 1
12849,139,Phase 2
12850,42,Phase 3
12851,143,Phase 1
12852,18,Phase 1
12853,163,Phase 1
12854,146,Phase 2
12855,5,Phase 2
12856,134,Phase 1
12857,140,Phase 3
12858,27,Phase 3
12859,51,Phase 2
12860,97,Phase 3
12861,86,Phase 1
12862,8,Phase 1
12863,100,Phase 3
12864,196,Phase 2
12865,151,Phase 2
12866,5,Phase 1
12867,48,Phase 3
12868,111,Phase 3
12869,44,Phase 3
12870,63,Phase 1
12871,185,Phase 2
12872,99,Phase 1
12873,92,Phase 3
12874,183,Phase 3
12875,168,Phase 3
12876,87,Phase 2
12877,18,Phase 3
12878,173,Phase 2
12879,188,Phase 1
12880,94,Phase 2
12881,160,Phase 1
12882,108,Phase 2
12883,45,Phase 2
12884,96,Phase 3
12885,178,Phase 1
12886,96,Phase 1
12887,71,Phase 2
12888,166,Phase 3
12889,153,Phase 1
12890,155,Phase 1
12891,113,Phase 1
12892,139,Phase 1
12893,31,Phase 1
12894,151,Phase 3
12895,33,Phase 2
12896,178,Phase 2
12897,180,Phase 1
12898,182,Phase 1
12899,93,Phase 1
12900,23,Phase 2
12901,74,Phase 1
12902,191,Phase 1
12903,137,Phase 2
12904,116,Phase 3
12905,186,Phase 3
12906,133,Phase 3
12907,123,Phase 1
12908,168,Phase 2
12909,86,Phase 2
12910,91,Phase 2
12911,88,Phase 3
12912,144,Phase 1
12913,39,Phase 1
12914,167,Phase 2
12915,23,Phase 3
12916,118,Phase 1
12917,85,Phase 3
12918,133,Phase 2
12919,137,Phase 2
12920,103,Phase 2
12921,192,Phase 2
12922,8,Phase 1
12923,170,Phase 3
12924,145,Phase 3
12925,7,Phase 3
12926,68,Phase 1
12927,131,Phase 1
12928,101,Phase 2
12929,124,Phase 3
12930,185,Phase 3
12931,19,Phase 2
12932,200,Phase 1
12933,113,Phase 3
12934,189,Phase 3
12935,133,Phase 3
12936,177,Phase 3
12937,65,Phase 1
12938,186,Phase 1
12939,56,Phase 1
12940,46,Phase 1
12941,79,Phase 1
12942,70,Phase 1
12943,4,Phase 3
12944,10,Phase 2
12945,14,Phase 2
12946,174,Phase 3
12947,189,Phase 2
12948,128,Phase 2
12949,46,Phase 3
12950,109,Phase 1
12951,27,Phase 3
12952,161,Phase 2
12953,16,Phase 1
12954,151,Phase 3
12955,98,Phase 2
12956,102,Phase 3
12957,192,Phase 3
12958,135,Phase 1
12959,6,Phase 1
12960,184,Phase 1
12961,95,Phase 1
12962,134,Phase 1
12963,27,Phase 2
12964,133,Phase 3
12965,96,Phase 2
12966,27,Phase 3
12967,18,Phase 2
12968,186,Phase 1
12969,64,Phase 1
12970,9,Phase 2
12971,23,Phase 2
12972,11,Phase 3
12973,165,Phase 2
12974,169,Phase 1
12975,89,Phase 3
12976,75,Phase 3
12977,167,Phase 1
12978,121,Phase 3
12979,185,Phase 2
12980,192,Phase 3
12981,132,Phase 2
12982,142,Phase 1
12983,20,Phase 2
12984,66,Phase 2
12985,167,Phase 3
12986,50,Phase 3
12987,185,Phase 1
12988,57,Phase 3
12989,100,Phase 1
12990,104,Phase 1
12991,56,Phase 2
12992,108,Phase 2
12993,146,Phase 1
12994,41,Phase 2
12995,161,Phase 2
12996,80,Phase 2
12997,166,Phase 3
12998,29,Phase 3
12999,163,Phase 1
13000,146,Phase 2
13001,12,Phase 1
13002,2,Phase 3
13003,53,Phase 1
13004,157,Phase 2
13005,55,Phase 3
13006,176,Phase 2
13007,126,Phase 1
13008,110,Phase 1
13009,6,Phase 2
13010,64,Phase 3
13011,14,Phase 1
13012,184,Phase 3
13013,130,Phase 2
13014,153,Phase 1
13015,179,Phase 1
13016,23,Phase 3
13017,17,Phase 2
13018,95,Phase 2
13019,178,Phase 3
13020,105,Phase 3
13021,37,Phase 2
13022,196,Phase 3
13023,60,Phase 1
13024,5,Phase 2
13025,42,Phase 3
13026,118,Phase 3
13027,52,Phase 2
13028,53,Phase 1
13029,151,Phase 3
13030,153,Phase 3
13031,89,Phase 1
13032,57,Phase 1
13033,133,Phase 3
13034,85,Phase 2
13035,11,Phase 3
13036,85,Phase 3
13037,163,Phase 1
13038,38,Phase 1
13039,65,Phase 3
13040,59,Phase 2
13041,55,Phase 1
13042,154,Phase 1
13043,188,Phase 2
13044,179,Phase 1
13045,20,Phase 2
13046,95,Phase 3
13047,31,Phase 2
13048,92,Phase 1
13049,91,Phase 2
13050,29,Phase 2
13051,136,Phase 3
13052,124,Phase 2
13053,190,Phase 3
13054,90,Phase 2
13055,15,Phase 1
13056,169,Phase 2
13057,51,Phase 1
13058,35,Phase 3
13059,165,Phase 1
13060,20,Phase 2
13061,115,Phase 1
13062,75,Phase 1
13063,45,Phase 2
13064,121,Phase 2
13065,188,Phase 1
13066,190,Phase 2
13067,124,Phase 2
13068,27,Phase 2
13069,180,Phase 3
13070,112,Phase 3
13071,107,Phase 3
13072,98,Phase 1
13073,178,Phase 3
13074,172,Phase 2
13075,154,Phase 3
13076,4,Phase 2
13077,109,Phase 1
13078,28,Phase 1
13079,45,Phase 1
13080,112,Phase 1
13081,199,Phase 2
13082,176,Phase 2
13083,4,Phase 2
13084,116,Phase 3
13085,150,Phase 2
13086,51,Phase 1
13087,132,Phase 2
13088,124,Phase 2
13089,149,Phase 1
13090,42,Phase 1
13091,75,Phase 1
13092,24,Phase 3
13093,116,Phase 1
13094,26,Phase 3
13095,77,Phase 3
13096,65,Phase 3
13097,4,Phase 2
13098,173,Phase 3
13099,34,Phase 1
13100,61,Phase 1
13101,125,Phase 1
13102,32,Phase 1
13103,169,Phase 2
13104,159,Phase 3
13105,172,Phase 3
13106,194,Phase 3
13107,197,Phase 3
13108,10,Phase 1
13109,153,Phase 3
13110,179,Phase 2
13111,150,Phase 1
13112,152,Phase 1
13113,82,Phase 1
13114,119,Phase 1
13115,96,Phase 1
13116,60,Phase 1
13117,12,Phase 1
13118,141,Phase 1
13119,185,Phase 3
13120,136,Phase 3
13121,19,Phase 2
13122,150,Phase 2
13123,40,Phase 2
13124,77,Phase 3
13125,156,Phase 1
13126,179,Phase 2
13127,42,Phase 1
13128,71,Phase 1
13129,115,Phase 3
13130,38,Phase 1
13131,127,Phase 3
13132,110,Phase 1
13133,31,Phase 3
13134,59,Phase 3
13135,190,Phase 2
13136,62,Phase 1
13137,195,Phase 2
13138,1,Phase 1
13139,51,Phase 3
13140,145,Phase 2
13141,105,Phase 3
13142,194,Phase 1
13143,148,Phase 1
13144,10,Phase 1
13145,14,Phase 3
13146,131,Phase 3
13147,32,Phase 2
13148,66,Phase 3
13149,138,Phase 1
13150,114,Phase 2
13151,5,Phase 2
13152,50,Phase 1
13153,143,Phase 1
13154,68,Phase 1
13155,191,Phase 1
13156,138,Phase 3
13157,116,Phase 1
13158,185,Phase 3
13159,79,Phase 2
13160,183,Phase 1
13161,93,Phase 1
13162,155,Phase 1
13163,178,Phase 2
13164,135,Phase 2
13165,149,Phase 2
13166,98,Phase 1
13167,142,Phase 2
13168,200,Phase 1
13169,51,Phase 3
13170,27,Phase 3
13171,15,Phase 1
13172,71,Phase 2
13173,154,Phase 3
13174,88,Phase 2
13175,33,Phase 3
13176,64,Phase 3
13177,35,Phase 3
13178,134,Phase 2
13179,130,Phase 1
13180,89,Phase 1
13181,79,Phase 3
13182,41,Phase 2
13183,83,Phase 3
13184,58,Phase 2
13185,32,Phase 3
13186,140,Phase 1
13187,85,Phase 1
13188,64,Phase 2
13189,48,Phase 1
13190,110,Phase 3
13191,193,Phase 2
13192,176,Phase 3
13193,52,Phase 2
13194,5,Phase 1
13195,7,Phase 1
13196,109,Phase 3
13197,42,Phase 3
13198,179,Phase 1
13199,11,Phase 3
13200,172,Phase 1
13201,30,Phase 3
13202,33,Phase 3
13203,195,Phase 2
13204,136,Phase 1
13205,75,Phase 2
13206,141,Phase 2
13207,80,Phase 1
13208,137,Phase 3
13209,19,Phase 2
13210,64,Phase 1
13211,53,Phase 1
13212,91,Phase 1
13213,124,Phase 1
13214,7,Phase 3
13215,102,Phase 1
13216,48,Phase 2
13217,132,Phase 2
13218,145,Phase 1
13219,141,Phase 3
13220,103,Phase 2
13221,181,Phase 3
13222,189,Phase 3
13223,141,Phase 3
13224,199,Phase 1
13225,154,Phase 2
13226,83,Phase 1
13227,103,Phase 1
13228,8,Phase 2
13229,169,Phase 1
13230,14,Phase 2
13231,25,Phase 1
13232,183,Phase 2
13233,113,Phase 1
13234,8,Phase 2
13235,150,Phase 1
13236,171,Phase 3
13237,148,Phase 3
13238,117,Phase 2
13239,169,Phase 2
13240,192,Phase 3
13241,100,Phase 2
13242,23,Phase 2
13243,148,Phase 1
13244,176,Phase 3
13245,72,Phase 2
13246,49,Phase 1
13247,160,Phase 3
13248,80,Phase 3
13249,159,Phase 2
13250,15,Phase 2
13251,27,Phase 1
13252,101,Phase 2
13253,108,Phase 2
13254,79,Phase 1
13255,156,Phase 1
13256,88,Phase 3
13257,87,Phase 2
13258,43,Phase 2
13259,163,Phase 2
13260,91,Phase 3
13261,167,Phase 3
13262,179,Phase 3
13263,152,Phase 1
13264,42,Phase 3
13265,51,Phase 3
13266,190,Phase 3
13267,159,Phase 2
13268,13,Phase 1
13269,51,Phase 2
13270,178,Phase 1
13271,88,Phase 3
13272,194,Phase 1
13273,137,Phase 3
13274,107,Phase 3
13275,78,Phase 2
13276,54,Phase 2
13277,154,Phase 2
13278,146,Phase 3
13279,53,Phase 1
13280,188,Phase 3
13281,25,Phase 1
13282,178,Phase 1
13283,174,Phase 1
13284,197,Phase 2
13285,2,Phase 1
13286,91,Phase 1
13287,87,Phase 2
13288,5,Phase 1
13289,187,Phase 3
13290,64,Phase 3
13291,80,Phase 2
13292,127,Phase 2
13293,159,Phase 1
13294,2,Phase 3
13295,179,Phase 3
13296,174,Phase 2
13297,155,Phase 1
13298,25,Phase 3
13299,2,Phase 2
13300,200,Phase 2
13301,97,Phase 2
13302,185,Phase 2
13303,180,Phase 1
13304,20,Phase 1
13305,91,Phase 1
13306,13,Phase 3
13307,111,Phase 3
13308,119,Phase 2
13309,184,Phase 2
13310,6,Phase 2
13311,64,Phase 3
13312,107,Phase 1
13313,134,Phase 3
13314,72,Phase 2
13315,58,Phase 3
13316,96,Phase 3
13317,101,Phase 2
13318,50,Phase 3
13319,149,Phase 2
13320,83,Phase 3
13321,32,Phase 2
13322,13,Phase 2
13323,114,Phase 1
13324,106,Phase 1
13325,60,Phase 1
13326,121,Phase 3
13327,93,Phase 2
13328,134,Phase 3
13329,7,Phase 2
13330,82,Phase 2
13331,176,Phase 1
13332,161,Phase 3
13333,184,Phase 2
13334,96,Phase 3
13335,23,Phase 1
13336,137,Phase 2
13337,20,Phase 2
13338,78,Phase 1
13339,140,Phase 2
13340,135,Phase 1
13341,2,Phase 2
13342,186,Phase 3
13343,190,Phase 2
13344,108,Phase 2
13345,181,Phase 2
13346,107,Phase 1
13347,121,Phase 3
13348,93,Phase 1
13349,144,Phase 3
13350,46,Phase 3
13351,4,Phase 3
13352,98,Phase 2
13353,162,Phase 2
13354,147,Phase 2
13355,160,Phase 2
13356,79,Phase 2
13357,2,Phase 2
13358,48,Phase 1
13359,43,Phase 1
13360,179,Phase 3
13361,181,Phase 2
13362,126,Phase 3
13363,117,Phase 1
13364,197,Phase 1
13365,34,Phase 1
13366,194,Phase 3
13367,111,Phase 1
13368,136,Phase 2
13369,194,Phase 1
13370,133,Phase 3
13371,38,Phase 3
13372,198,Phase 3
13373,121,Phase 3
13374,4,Phase 2
13375,137,Phase 3
13376,12,Phase 3
13377,143,Phase 3
13378,93,Phase 2
13379,85,Phase 3
13380,44,Phase 3
13381,8,Phase 2
13382,56,Phase 3
13383,70,Phase 3
13384,148,Phase 3
13385,144,Phase 2
13386,187,Phase 2
13387,172,Phase 3
13388,21,Phase 2
13389,47,Phase 3
13390,46,Phase 1
13391,31,Phase 3
13392,108,Phase 2
13393,115,Phase 3
13394,44,Phase 2
13395,174,Phase 3
13396,71,Phase 1
13397,156,Phase 1
13398,45,Phase 3
13399,164,Phase 2
13400,194,Phase 3
13401,166,Phase 2
13402,33,Phase 3
13403,17,Phase 1
13404,107,Phase 3
13405,142,Phase 1
13406,70,Phase 3
13407,95,Phase 2
13408,36,Phase 3
13409,165,Phase 1
13410,180,Phase 3
13411,141,Phase 1
13412,88,Phase 3
13413,3,Phase 2
13414,32,Phase 1
13415,19,Phase 3
13416,194,Phase 1
13417,160,Phase 1
13418,12,Phase 3
13419,191,Phase 3
13420,42,Phase 1
13421,50,Phase 2
13422,73,Phase 1
13423,147,Phase 1
13424,74,Phase 3
13425,108,Phase 2
13426,168,Phase 2
13427,21,Phase 3
13428,112,Phase 3
13429,184,Phase 1
13430,120,Phase 3
13431,26,Phase 3
13432,54,Phase 2
13433,193,Phase 1
13434,196,Phase 1
13435,173,Phase 3
13436,26,Phase 1
13437,40,Phase 2
13438,88,Phase 1
13439,50,Phase 2
13440,91,Phase 1
13441,117,Phase 1
13442,171,Phase 1
13443,83,Phase 2
13444,108,Phase 2
13445,14,Phase 1
13446,187,Phase 1
13447,126,Phase 2
13448,65,Phase 1
13449,51,Phase 3
13450,21,Phase 3
13451,176,Phase 3
13452,79,Phase 1
13453,36,Phase 1
13454,16,Phase 2
13455,164,Phase 1
13456,99,Phase 2
13457,90,Phase 1
13458,91,Phase 1
13459,75,Phase 1
13460,38,Phase 1
13461,2,Phase 2
13462,94,Phase 3
13463,101,Phase 3
13464,15,Phase 1
13465,156,Phase 1
13466,72,Phase 2
13467,112,Phase 2
13468,160,Phase 3
13469,17,Phase 3
13470,108,Phase 2
13471,50,Phase 1
13472,192,Phase 2
13473,190,Phase 2
13474,61,Phase 1
13475,53,Phase 2
13476,178,Phase 1
13477,90,Phase 3
13478,137,Phase 1
13479,26,Phase 3
13480,82,Phase 1
13481,142,Phase 2
13482,89,Phase 1
13483,141,Phase 2
13484,16,Phase 3
13485,48,Phase 2
13486,107,Phase 3
13487,126,Phase 1
13488,62,Phase 3
13489,9,Phase 2
13490,58,Phase 2
13491,89,Phase 2
13492,14,Phase 3
13493,99,Phase 1
13494,109,Phase 1
13495,123,Phase 3
13496,3,Phase 2
13497,102,Phase 2
13498,159,Phase 2
13499,196,Phase 2
13500,104,Phase 3
13501,162,Phase 3
13502,107,Phase 3
13503,10,Phase 2
13504,112,Phase 1
13505,167,Phase 2
13506,134,Phase 3
13507,109,Phase 3
13508,168,Phase 1
13509,104,Phase 2
13510,1,Phase 2
13511,196,Phase 1
13512,133,Phase 1
13513,45,Phase 1
13514,153,Phase 1
13515,59,Phase 1
13516,29,Phase 1
13517,93,Phase 1
13518,95,Phase 1
13519,140,Phase 2
13520,122,Phase 2
13521,53,Phase 1
13522,186,Phase 2
13523,56,Phase 2
13524,193,Phase 2
13525,105,Phase 1
13526,52,Phase 3
13527,102,Phase 3
13528,197,Phase 1
13529,41,Phase 3
13530,158,Phase 3
13531,13,Phase 3
13532,138,Phase 3
13533,77,Phase 1
13534,65,Phase 3
13535,51,Phase 3
13536,186,Phase 2
13537,54,Phase 3
13538,113,Phase 2
13539,143,Phase 2
13540,192,Phase 2
13541,185,Phase 3
13542,154,Phase 1
13543,84,Phase 1
13544,147,Phase 3
13545,8,Phase 1
13546,142,Phase 1
13547,69,Phase 2
13548,106,Phase 1
13549,139,Phase 1
13550,51,Phase 2
13551,130,Phase 3
13552,3,Phase 3
13553,5,Phase 3
13554,197,Phase 1
13555,116,Phase 3
13556,25,Phase 2
13557,6,Phase 1
13558,180,Phase 3
13559,15,Phase 1
13560,42,Phase 3
13561,82,Phase 1
13562,91,Phase 3
13563,86,Phase 3
13564,169,Phase 1
13565,180,Phase 2
13566,47,Phase 1
13567,4,Phase 1
13568,101,Phase 1
13569,9,Phase 2
13570,128,Phase 1
13571,93,Phase 1
13572,168,Phase 3
13573,110,Phase 2
13574,155,Phase 1
13575,108,Phase 2
13576,164,Phase 2
13577,36,Phase 2
13578,152,Phase 3
13579,127,Phase 1
13580,9,Phase 3
13581,80,Phase 2
13582,145,Phase 1
13583,189,Phase 3
13584,137,Phase 1
13585,152,Phase 3
13586,11,Phase 1
13587,168,Phase 3
13588,118,Phase 2
13589,123,Phase 1
13590,141,Phase 2
13591,46,Phase 2
13592,58,Phase 2
13593,166,Phase 1
13594,83,Phase 2
13595,167,Phase 1
13596,55,Phase 3
13597,34,Phase 3
13598,103,Phase 3
13599,90,Phase 1
13600,89,Phase 2
13601,66,Phase 3
13602,181,Phase 1
13603,167,Phase 3
13604,117,Phase 2
13605,135,Phase 1
13606,74,Phase 1
13607,186,Phase 1
13608,141,Phase 2
13609,69,Phase 2
13610,21,Phase 2
13611,123,Phase 1
13612,164,Phase 1
13613,157,Phase 1
13614,175,Phase 1
13615,200,Phase 3
13616,55,Phase 1
13617,7,Phase 2
13618,132,Phase 1
13619,81,Phase 3
13620,118,Phase 2
13621,23,Phase 2
13622,119,Phase 1
13623,160,Phase 1
13624,50,Phase 2
13625,15,Phase 1
13626,142,Phase 2
13627,63,Phase 2
13628,116,Phase 3
13629,68,Phase 3
13630,97,Phase 1
13631,140,Phase 2
13632,46,Phase 1
13633,148,Phase 1
13634,154,Phase 3
13635,53,Phase 3
13636,135,Phase 3
13637,181,Phase 3
13638,22,Phase 2
13639,179,Phase 3
13640,73,Phase 1
13641,148,Phase 1
13642,181,Phase 3
13643,92,Phase 2
13644,76,Phase 1
13645,127,Phase 3
13646,35,Phase 2
13647,190,Phase 1
13648,173,Phase 2
13649,154,Phase 1
13650,39,Phase 3
13651,184,Phase 2
13652,123,Phase 2
13653,196,Phase 2
13654,133,Phase 3
13655,115,Phase 3
13656,168,Phase 1
13657,24,Phase 3
13658,3,Phase 1
13659,163,Phase 1
13660,176,Phase 1
13661,161,Phase 3
13662,100,Phase 3
13663,135,Phase 2
13664,115,Phase 1
13665,111,Phase 1
13666,183,Phase 1
13667,134,Phase 2
13668,196,Phase 2
13669,176,Phase 1
13670,151,Phase 1
13671,175,Phase 1
13672,46,Phase 1
13673,155,Phase 1
13674,122,Phase 1
13675,14,Phase 2
13676,63,Phase 2
13677,177,Phase 2
13678,116,Phase 2
13679,166,Phase 1
13680,149,Phase 1
13681,180,Phase 3
13682,181,Phase 2
13683,107,Phase 3
13684,192,Phase 1
13685,48,Phase 1
13686,140,Phase 2
13687,169,Phase 1
13688,116,Phase 1
13689,193,Phase 2
13690,47,Phase 2
13691,72,Phase 3
13692,141,Phase 3
13693,189,Phase 2
13694,35,Phase 2
13695,26,Phase 3
13696,19,Phase 3
13697,89,Phase 1
13698,100,Phase 2
13699,150,Phase 1
13700,82,Phase 2
13701,14,Phase 1
13702,50,Phase 3
13703,142,Phase 1
13704,27,Phase 2
13705,3,Phase 3
13706,171,Phase 3
13707,67,Phase 1
13708,189,Phase 3
13709,74,Phase 2
13710,108,Phase 1
13711,40,Phase 1
13712,91,Phase 3
13713,182,Phase 3
13714,9,Phase 3
13715,95,Phase 2
13716,165,Phase 1
13717,125,Phase 1
13718,129,Phase 1
13719,15,Phase 2
13720,168,Phase 3
13721,134,Phase 3
13722,38,Phase 1
13723,127,Phase 3
13724,159,Phase 2
13725,31,Phase 1
13726,146,Phase 2
13727,62,Phase 1
13728,126,Phase 2
13729,172,Phase 1
13730,84,Phase 3
13731,187,Phase 1
13732,125,Phase 3
13733,131,Phase 3
13734,156,Phase 3
13735,86,Phase 1
13736,129,Phase 3
13737,97,Phase 3
13738,116,Phase 2
13739,98,Phase 2
13740,134,Phase 2
13741,135,Phase 2
13742,58,Phase 2
13743,127,Phase 3
13744,139,Phase 3
13745,44,Phase 3
13746,60,Phase 1
13747,134,Phase 1
13748,111,Phase 1
13749,86,Phase 3
13750,41,Phase 1
13751,147,Phase 2
13752,46,Phase 1
13753,178,Phase 1
13754,77,Phase 1
13755,150,Phase 1
13756,110,Phase 1
13757,36,Phase 2
13758,199,Phase 2
13759,200,Phase 2
13760,120,Phase 3
13761,71,Phase 2
13762,67,Phase 1
13763,185,Phase 3
13764,30,Phase 3
13765,163,Phase 1
13766,117,Phase 3
13767,115,Phase 2
13768,83,Phase 3
13769,182,Phase 3
13770,198,Phase 2
13771,138,Phase 3
13772,58,Phase 3
13773,91,Phase 3
13774,126,Phase 3
13775,17,Phase 3
13776,177,Phase 1
13777,19,Phase 3
13778,119,Phase 2
13779,11,Phase 3
13780,71,Phase 3
13781,200,Phase 2
13782,37,Phase 1
13783,189,Phase 1
13784,132,Phase 3
13785,65,Phase 3
13786,199,Phase 3
13787,121,Phase 1
13788,10,Phase 2
13789,58,Phase 1
13790,5,Phase 1
13791,189,Phase 1
13792,24,Phase 2
13793,194,Phase 2
13794,91,Phase 3
13795,69,Phase 3
13796,189,Phase 3
13797,7,Phase 1
13798,41,Phase 2
13799,123,Phase 1
13800,56,Phase 2
13801,66,Phase 2
13802,75,Phase 2
13803,95,Phase 1
13804,92,Phase 1
13805,185,Phase 2
13806,191,Phase 3
13807,11,Phase 2
13808,34,Phase 1
13809,181,Phase 2
13810,173,Phase 2
13811,165,Phase 1
13812,117,Phase 2
13813,192,Phase 3
13814,52,Phase 3
13815,9,Phase 3
13816,154,Phase 1
13817,12,Phase 2
13818,116,Phase 1
13819,139,Phase 3
13820,154,Phase 2
13821,182,Phase 1
13822,22,Phase 1
13823,152,Phase 2
13824,20,Phase 3
13825,26,Phase 3
13826,87,Phase 2
13827,124,Phase 1
13828,171,Phase 3
13829,118,Phase 3
13830,103,Phase 2
13831,64,Phase 1
13832,179,Phase 1
13833,146,Phase 2
13834,64,Phase 1
13835,133,Phase 1
13836,184,Phase 3
13837,9,Phase 3
13838,5,Phase 2
13839,69,Phase 3
13840,112,Phase 1
13841,199,Phase 2
13842,34,Phase 1
13843,99,Phase 2
13844,69,Phase 1
13845,132,Phase 2
13846,8,Phase 3
13847,162,Phase 2
13848,112,Phase 2
13849,75,Phase 3
13850,150,Phase 2
13851,97,Phase 1
13852,62,Phase 2
13853,8,Phase 3
13854,26,Phase 3
13855,104,Phase 1
13856,161,Phase 1
13857,121,Phase 3
13858,172,Phase 2
13859,60,Phase 1
13860,103,Phase 2
13861,116,Phase 3
13862,125,Phase 1
13863,200,Phase 3
13864,42,Phase 1
13865,97,Phase 1
13866,124,Phase 2
13867,54,Phase 3
13868,123,Phase 3
13869,119,Phase 2
13870,86,Phase 2
13871,138,Phase 1
13872,191,Phase 3
13873,44,Phase 3
13874,73,Phase 1
13875,139,Phase 1
13876,77,Phase 1
13877,199,Phase 3
13878,173,Phase 3
13879,47,Phase 3
13880,164,Phase 1
13881,34,Phase 2
13882,67,Phase 1
13883,147,Phase 1
13884,120,Phase 2
13885,189,Phase 2
13886,26,Phase 2
13887,115,Phase 1
13888,106,Phase 2
13889,16,Phase 3
13890,74,Phase 1
13891,195,Phase 1
13892,62,Phase 2
13893,67,Phase 2
13894,57,Phase 1
13895,99,Phase 2
13896,68,Phase 3
13897,121,Phase 3
13898,42,Phase 1
13899,71,Phase 1
13900,34,Phase 1
13901,95,Phase 1
13902,113,Phase 2
13903,169,Phase 2
13904,160,Phase 2
13905,77,Phase 3
13906,183,Phase 2
13907,167,Phase 2
13908,197,Phase 1
13909,155,Phase 3
13910,161,Phase 3
13911,196,Phase 3
13912,51,Phase 1
13913,45,Phase 3
13914,8,Phase 2
13915,105,Phase 3
13916,57,Phase 1
13917,6,Phase 2
13918,136,Phase 1
13919,118,Phase 2
13920,69,Phase 3
13921,136,Phase 2
13922,8,Phase 2
13923,138,Phase 3
13924,43,Phase 2
13925,40,Phase 1
13926,184,Phase 1
13927,1,Phase 3
13928,129,Phase 2
13929,6,Phase 2
13930,65,Phase 1
13931,140,Phase 1
13932,3,Phase 2
13933,80,Phase 3
13934,160,Phase 1
13935,154,Phase 2
13936,33,Phase 3
13937,184,Phase 1
13938,163,Phase 2
13939,125,Phase 1
13940,17,Phase 3
13941,80,Phase 1
13942,101,Phase 1
13943,38,Phase 1
13944,121,Phase 1
13945,153,Phase 3
13946,41,Phase 1
13947,29,Phase 1
13948,89,Phase 2
13949,26,Phase 3
13950,141,Phase 3
13951,28,Phase 3
13952,55,Phase 1
13953,57,Phase 2
13954,36,Phase 1
13955,129,Phase 1
13956,164,Phase 1
13957,170,Phase 2
13958,111,Phase 1
13959,89,Phase 1
13960,196,Phase 3
13961,5,Phase 3
13962,10,Phase 2
13963,177,Phase 1
13964,153,Phase 1
13965,169,Phase 3
13966,181,Phase 3
13967,68,Phase 1
13968,149,Phase 3
13969,186,Phase 3
13970,125,Phase 3
13971,3,Phase 2
13972,181,Phase 3
13973,56,Phase 1
13974,45,Phase 3
13975,88,Phase 3
13976,9,Phase 2
13977,33,Phase 3
13978,40,Phase 2
13979,100,Phase 3
13980,63,Phase 2
13981,110,Phase 1
13982,30,Phase 2
13983,75,Phase 2
13984,68,Phase 2
13985,21,Phase 3
13986,76,Phase 1
13987,121,Phase 2
13988,98,Phase 2
13989,173,Phase 1
13990,89,Phase 2
13991,16,Phase 2
13992,140,Phase 3
13993,153,Phase 3
13994,1,Phase 1
13995,115,Phase 1
13996,84,Phase 3
13997,25,Phase 1
13998,147,Phase 1
13999,78,Phase 1
14000,25,Phase 1
14001,6,Phase 1
14002,30,Phase 1
14003,47,Phase 3
14004,189,Phase 1
14005,57,Phase 1
14006,197,Phase 1
14007,186,Phase 1
14008,130,Phase 1
14009,51,Phase 1
14010,181,Phase 2
14011,30,Phase 3
14012,79,Phase 3
14013,28,Phase 2
14014,161,Phase 1
14015,165,Phase 2
14016,29,Phase 3
14017,69,Phase 1
14018,185,Phase 1
14019,104,Phase 1
14020,19,Phase 1
14021,35,Phase 3
14022,167,Phase 1
14023,5,Phase 2
14024,25,Phase 3
14025,163,Phase 1
14026,169,Phase 2
14027,49,Phase 1
14028,165,Phase 1
14029,23,Phase 1
14030,119,Phase 2
14031,51,Phase 1
14032,56,Phase 3
14033,184,Phase 3
14034,127,Phase 2
14035,74,Phase 3
14036,45,Phase 1
14037,5,Phase 1
14038,11,Phase 2
14039,11,Phase 3
14040,50,Phase 1
14041,37,Phase 2
14042,159,Phase 1
14043,120,Phase 1
14044,13,Phase 1
14045,159,Phase 2
14046,74,Phase 2
14047,180,Phase 2
14048,54,Phase 2
14049,65,Phase 3
14050,52,Phase 2
14051,91,Phase 1
14052,175,Phase 1
14053,27,Phase 2
14054,48,Phase 3
14055,157,Phase 3
14056,121,Phase 2
14057,71,Phase 2
14058,162,Phase 2
14059,60,Phase 3
14060,99,Phase 2
14061,147,Phase 2
14062,150,Phase 3
14063,166,Phase 1
14064,81,Phase 2
14065,96,Phase 3
14066,193,Phase 1
14067,194,Phase 2
14068,87,Phase 1
14069,4,Phase 3
14070,62,Phase 2
14071,77,Phase 2
14072,73,Phase 1
14073,189,Phase 1
14074,66,Phase 1
14075,115,Phase 1
14076,200,Phase 3
14077,139,Phase 3
14078,121,Phase 1
14079,59,Phase 1
14080,196,Phase 3
14081,186,Phase 2
14082,164,Phase 1
14083,85,Phase 3
14084,158,Phase 3
14085,139,Phase 1
14086,101,Phase 3
14087,27,Phase 1
14088,10,Phase 2
14089,11,Phase 2
14090,60,Phase 1
14091,11,Phase 1
14092,150,Phase 1
14093,87,Phase 2
14094,52,Phase 1
14095,42,Phase 1
14096,117,Phase 2
14097,129,Phase 1
14098,12,Phase 2
14099,193,Phase 3
14100,192,Phase 3
14101,129,Phase 1
14102,105,Phase 1
14103,49,Phase 2
14104,46,Phase 2
14105,24,Phase 3
14106,34,Phase 1
14107,158,Phase 1
14108,123,Phase 2
14109,165,Phase 2
14110,74,Phase 1
14111,102,Phase 2
14112,68,Phase 3
14113,28,Phase 3
14114,105,Phase 1
14115,52,Phase 3
14116,24,Phase 3
14117,85,Phase 2
14118,151,Phase 3
14119,61,Phase 1
14120,185,Phase 2
14121,120,Phase 3
14122,155,Phase 2
14123,73,Phase 1
14124,107,Phase 2
14125,52,Phase 1
14126,27,Phase 2
14127,31,Phase 2
14128,117,Phase 3
14129,24,Phase 3
14130,137,Phase 1
14131,58,Phase 3
14132,159,Phase 2
14133,166,Phase 1
14134,192,Phase 3
14135,110,Phase 2
14136,193,Phase 1
14137,153,Phase 1
14138,133,Phase 2
14139,87,Phase 3
14140,187,Phase 3
14141,105,Phase 2
14142,43,Phase 1
14143,21,Phase 1
14144,51,Phase 1
14145,156,Phase 3
14146,14,Phase 1
14147,100,Phase 1
14148,74,Phase 3
14149,194,Phase 2
14150,107,Phase 2
14151,146,Phase 2
14152,107,Phase 2
14153,113,Phase 2
14154,52,Phase 3
14155,134,Phase 3
14156,55,Phase 3
14157,86,Phase 2
14158,49,Phase 1
14159,39,Phase 1
14160,103,Phase 3
14161,16,Phase 3
14162,147,Phase 3
14163,148,Phase 2
14164,125,Phase 2
14165,82,Phase 3
14166,4,Phase 3
14167,162,Phase 3
14168,112,Phase 2
14169,81,Phase 3
14170,10,Phase 3
14171,175,Phase 3
14172,108,Phase 1
14173,168,Phase 2
14174,17,Phase 1
14175,91,Phase 1
14176,61,Phase 2
14177,113,Phase 2
14178,115,Phase 3
14179,76,Phase 3
14180,35,Phase 1
14181,93,Phase 3
14182,69,Phase 2
14183,103,Phase 3
14184,132,Phase 3
14185,161,Phase 2
14186,72,Phase 3
14187,53,Phase 3
14188,7,Phase 1
14189,162,Phase 3
14190,72,Phase 2
14191,103,Phase 1
14192,145,Phase 3
14193,195,Phase 2
14194,123,Phase 1
14195,51,Phase 1
14196,21,Phase 3
14197,129,Phase 2
14198,171,Phase 1
14199,126,Phase 2
14200,105,Phase 2
14201,53,Phase 1
14202,103,Phase 3
14203,62,Phase 2
14204,177,Phase 3
14205,200,Phase 1
14206,199,Phase 2
14207,63,Phase 1
14208,163,Phase 2
14209,50,Phase 1
14210,191,Phase 1
14211,197,Phase 1
14212,195,Phase 1
14213,125,Phase 1
14214,125,Phase 2
14215,33,Phase 2
14216,195,Phase 3
14217,61,Phase 2
14218,17,Phase 3
14219,70,Phase 3
14220,173,Phase 3
14221,78,Phase 1
14222,38,Phase 2
14223,155,Phase 2
14224,5,Phase 1
14225,129,Phase 1
14226,136,Phase 2
14227,32,Phase 3
14228,8,Phase 1
14229,64,Phase 2
14230,18,Phase 1
14231,81,Phase 3
14232,9,Phase 3
14233,153,Phase 2
14234,161,Phase 2
14235,156,Phase 3
14236,118,Phase 2
14237,101,Phase 1
14238,118,Phase 3
14239,8,Phase 3
14240,45,Phase 2
14241,123,Phase 3
14242,86,Phase 2
14243,31,Phase 1
14244,158,Phase 3
14245,106,Phase 1
14246,119,Phase 1
14247,90,Phase 2
14248,149,Phase 2
14249,35,Phase 2
14250,80,Phase 3
14251,179,Phase 1
14252,194,Phase 3
14253,64,Phase 3
14254,128,Phase 3
14255,47,Phase 3
14256,63,Phase 1
14257,173,Phase 1
14258,81,Phase 3
14259,77,Phase 2
14260,34,Phase 1
14261,132,Phase 2
14262,19,Phase 2
14263,31,Phase 2
14264,63,Phase 1
14265,109,Phase 3
14266,67,Phase 1
14267,67,Phase 3
14268,104,Phase 3
14269,181,Phase 1
14270,119,Phase 1
14271,186,Phase 1
14272,120,Phase 3
14273,128,Phase 2
14274,175,Phase 2
14275,114,Phase 3
14276,13,Phase 1
14277,5,Phase 3
14278,106,Phase 1
14279,113,Phase 2
14280,172,Phase 1
14281,38,Phase 2
14282,41,Phase 2
14283,83,Phase 3
14284,17,Phase 1
14285,137,Phase 2
14286,134,Phase 3
14287,102,Phase 3
14288,109,Phase 3
14289,136,Phase 3
14290,101,Phase 2
14291,49,Phase 2
14292,177,Phase 3
14293,193,Phase 1
14294,23,Phase 2
14295,92,Phase 1
14296,166,Phase 3
14297,171,Phase 1
14298,58,Phase 3
14299,178,Phase 3
14300,31,Phase 1
14301,76,Phase 1
14302,193,Phase 1
14303,8,Phase 3
14304,7,Phase 1
14305,47,Phase 3
14306,186,Phase 2
14307,97,Phase 1
14308,98,Phase 1
14309,10,Phase 3
14310,134,Phase 2
14311,16,Phase 3
14312,127,Phase 3
14313,177,Phase 1
14314,116,Phase 2
14315,32,Phase 1
14316,187,Phase 1
14317,91,Phase 1
14318,29,Phase 1
14319,185,Phase 1
14320,157,Phase 1
14321,194,Phase 2
14322,181,Phase 2
14323,59,Phase 1
14324,44,Phase 1
14325,45,Phase 1
14326,171,Phase 1
14327,125,Phase 1
14328,104,Phase 2
14329,13,Phase 2
14330,104,Phase 3
14331,80,Phase 3
14332,7,Phase 1
14333,200,Phase 2
14334,118,Phase 3
14335,163,Phase 1
14336,158,Phase 3
14337,130,Phase 3
14338,54,Phase 2
14339,77,Phase 2
14340,76,Phase 1
14341,48,Phase 2
14342,151,Phase 1
14343,92,Phase 1
14344,157,Phase 1
14345,168,Phase 2
14346,41,Phase 3
14347,121,Phase 2
14348,44,Phase 1
14349,163,Phase 1
14350,179,Phase 1
14351,137,Phase 2
14352,152,Phase 3
14353,19,Phase 1
14354,4,Phase 1
14355,14,Phase 3
14356,8,Phase 3
14357,39,Phase 3
14358,57,Phase 1
14359,167,Phase 3
14360,124,Phase 1
14361,37,Phase 3
14362,197,Phase 2
14363,129,Phase 2
14364,53,Phase 2
14365,164,Phase 3
14366,42,Phase 1
14367,81,Phase 2
14368,117,Phase 3
14369,188,Phase 3
14370,138,Phase 3
14371,183,Phase 3
14372,19,Phase 3
14373,3,Phase 1
14374,6,Phase 1
14375,71,Phase 1
14376,85,Phase 1
14377,168,Phase 1
14378,100,Phase 3
14379,171,Phase 1
14380,82,Phase 3
14381,6,Phase 2
14382,67,Phase 1
14383,170,Phase 3
14384,160,Phase 1
14385,52,Phase 2
14386,93,Phase 3
14387,32,Phase 2
14388,20,Phase 2
14389,54,Phase 2
14390,130,Phase 3
14391,24,Phase 2
14392,82,Phase 1
14393,174,Phase 1
14394,138,Phase 1
14395,197,Phase 3
14396,142,Phase 1
14397,103,Phase 2
14398,11,Phase 1
14399,35,Phase 3
14400,55,Phase 3
14401,8,Phase 2
14402,67,Phase 3
14403,36,Phase 1
14404,133,Phase 2
14405,39,Phase 2
14406,165,Phase 2
14407,177,Phase 2
14408,85,Phase 3
14409,71,Phase 1
14410,89,Phase 1
14411,199,Phase 1
14412,87,Phase 2
14413,35,Phase 1
14414,149,Phase 3
14415,111,Phase 3
14416,167,Phase 2
14417,108,Phase 2
14418,29,Phase 2
14419,95,Phase 3
14420,120,Phase 3
14421,174,Phase 3
14422,69,Phase 2
14423,16,Phase 1
14424,119,Phase 3
14425,157,Phase 2
14426,30,Phase 2
14427,82,Phase 1
14428,37,Phase 3
14429,55,Phase 1
14430,152,Phase 3
14431,23,Phase 2
14432,174,Phase 2
14433,98,Phase 3
14434,92,Phase 3
14435,87,Phase 1
14436,155,Phase 3
14437,127,Phase 1
14438,147,Phase 1
14439,132,Phase 3
14440,192,Phase 3
14441,49,Phase 3
14442,15,Phase 1
14443,92,Phase 2
14444,190,Phase 3
14445,178,Phase 2
14446,34,Phase 1
14447,178,Phase 3
14448,19,Phase 2
14449,95,Phase 2
14450,164,Phase 1
14451,123,Phase 1
14452,62,Phase 3
14453,191,Phase 3
14454,33,Phase 1
14455,177,Phase 2
14456,178,Phase 2
14457,187,Phase 1
14458,125,Phase 3
14459,164,Phase 3
14460,112,Phase 1
14461,128,Phase 1
14462,163,Phase 2
14463,196,Phase 1
14464,182,Phase 1
14465,45,Phase 2
14466,120,Phase 1
14467,143,Phase 1
14468,12,Phase 2
14469,15,Phase 1
14470,31,Phase 2
14471,152,Phase 1
14472,27,Phase 2
14473,94,Phase 1
14474,80,Phase 1
14475,25,Phase 2
14476,115,Phase 1
14477,144,Phase 2
14478,194,Phase 2
14479,47,Phase 3
14480,72,Phase 2
14481,143,Phase 2
14482,98,Phase 2
14483,75,Phase 3
14484,152,Phase 3
14485,54,Phase 3
14486,98,Phase 2
14487,28,Phase 3
14488,185,Phase 3
14489,164,Phase 3
14490,158,Phase 2
14491,27,Phase 3
14492,47,Phase 2
14493,68,Phase 2
14494,22,Phase 1
14495,101,Phase 1
14496,38,Phase 2
14497,151,Phase 2
14498,159,Phase 1
14499,190,Phase 3
14500,58,Phase 2
14501,9,Phase 1
14502,122,Phase 1
14503,12,Phase 2
14504,176,Phase 3
14505,135,Phase 2
14506,63,Phase 3
14507,190,Phase 1
14508,152,Phase 2
14509,183,Phase 1
14510,116,Phase 2
14511,177,Phase 3
14512,71,Phase 3
14513,140,Phase 3
14514,112,Phase 3
14515,60,Phase 3
14516,34,Phase 1
14517,45,Phase 1
14518,119,Phase 2
14519,36,Phase 2
14520,181,Phase 3
14521,192,Phase 1
14522,90,Phase 3
14523,192,Phase 3
14524,160,Phase 3
14525,171,Phase 3
14526,195,Phase 3
14527,129,Phase 1
14528,55,Phase 1
14529,27,Phase 3
14530,23,Phase 2
14531,117,Phase 2
14532,71,Phase 3
14533,120,Phase 1
14534,118,Phase 1
14535,181,Phase 3
14536,38,Phase 3
14537,184,Phase 3
14538,39,Phase 3
14539,121,Phase 1
14540,137,Phase 3
14541,149,Phase 1
14542,173,Phase 3
14543,61,Phase 3
14544,31,Phase 2
14545,188,Phase 2
14546,80,Phase 3
14547,134,Phase 2
14548,117,Phase 3
14549,171,Phase 2
14550,124,Phase 2
14551,16,Phase 2
14552,87,Phase 2
14553,56,Phase 3
14554,132,Phase 2
14555,74,Phase 3
14556,25,Phase 1
14557,127,Phase 1
14558,71,Phase 2
14559,79,Phase 2
14560,177,Phase 3
14561,36,Phase 3
14562,109,Phase 2
14563,27,Phase 1
14564,34,Phase 1
14565,66,Phase 1
14566,75,Phase 2
14567,159,Phase 3
14568,128,Phase 2
14569,168,Phase 1
14570,80,Phase 2
14571,25,Phase 3
14572,146,Phase 3
14573,168,Phase 1
14574,143,Phase 1
14575,149,Phase 3
14576,47,Phase 1
14577,160,Phase 1
14578,97,Phase 3
14579,11,Phase 1
14580,80,Phase 2
14581,156,Phase 2
14582,27,Phase 1
14583,146,Phase 3
14584,25,Phase 1
14585,123,Phase 2
14586,134,Phase 1
14587,195,Phase 2
14588,51,Phase 1
14589,122,Phase 3
14590,200,Phase 2
14591,16,Phase 3
14592,166,Phase 2
14593,65,Phase 3
14594,34,Phase 3
14595,118,Phase 3
14596,31,Phase 3
14597,131,Phase 1
14598,30,Phase 3
14599,104,Phase 1
14600,197,Phase 2
14601,28,Phase 2
14602,91,Phase 3
14603,80,Phase 1
14604,128,Phase 1
14605,174,Phase 3
14606,117,Phase 3
14607,195,Phase 1
14608,168,Phase 3
14609,144,Phase 3
14610,194,Phase 2
14611,143,Phase 2
14612,108,Phase 1
14613,192,Phase 3
14614,28,Phase 3
14615,108,Phase 3
14616,179,Phase 1
14617,182,Phase 1
14618,2,Phase 1
14619,53,Phase 2
14620,145,Phase 1
14621,58,Phase 2
14622,151,Phase 1
14623,150,Phase 2
14624,142,Phase 1
14625,64,Phase 3
14626,197,Phase 1
14627,181,Phase 1
14628,176,Phase 2
14629,22,Phase 3
14630,157,Phase 2
14631,40,Phase 1
14632,58,Phase 2
14633,53,Phase 2
14634,200,Phase 1
14635,1,Phase 1
14636,145,Phase 3
14637,1,Phase 1
14638,175,Phase 1
14639,43,Phase 2
14640,79,Phase 3
14641,129,Phase 3
14642,49,Phase 2
14643,54,Phase 1
14644,7,Phase 3
14645,149,Phase 3
14646,54,Phase 2
14647,178,Phase 1
14648,5,Phase 3
14649,29,Phase 1
14650,87,Phase 3
14651,147,Phase 3
14652,37,Phase 3
14653,1,Phase 2
14654,17,Phase 2
14655,63,Phase 1
14656,127,Phase 2
14657,52,Phase 3
14658,55,Phase 2
14659,46,Phase 3
14660,88,Phase 2
14661,166,Phase 3
14662,26,Phase 3
14663,145,Phase 3
14664,33,Phase 2
14665,152,Phase 2
14666,118,Phase 2
14667,72,Phase 3
14668,146,Phase 1
14669,86,Phase 1
14670,107,Phase 2
14671,194,Phase 3
14672,16,Phase 3
14673,75,Phase 3
14674,26,Phase 2
14675,60,Phase 1
14676,150,Phase 2
14677,64,Phase 1
14678,108,Phase 2
14679,36,Phase 3
14680,127,Phase 2
14681,197,Phase 2
14682,164,Phase 3
14683,169,Phase 1
14684,92,Phase 2
14685,132,Phase 1
14686,87,Phase 2
14687,77,Phase 3
14688,45,Phase 3
14689,20,Phase 1
14690,178,Phase 1
14691,55,Phase 1
14692,188,Phase 2
14693,28,Phase 2
14694,166,Phase 1
14695,40,Phase 2
14696,180,Phase 3
14697,79,Phase 3
14698,60,Phase 3
14699,25,Phase 1
14700,3,Phase 2
14701,154,Phase 1
14702,152,Phase 1
14703,188,Phase 2
14704,137,Phase 1
14705,74,Phase 1
14706,44,Phase 2
14707,149,Phase 2
14708,148,Phase 2
14709,12,Phase 2
14710,55,Phase 2
14711,59,Phase 3
14712,176,Phase 1
14713,13,Phase 3
14714,200,Phase 3
14715,72,Phase 1
14716,148,Phase 1
14717,132,Phase 3
14718,42,Phase 3
14719,23,Phase 2
14720,156,Phase 3
14721,147,Phase 1
14722,151,Phase 1
14723,50,Phase 3
14724,45,Phase 2
14725,124,Phase 2
14726,10,Phase 3
14727,130,Phase 1
14728,80,Phase 3
14729,147,Phase 3
14730,102,Phase 3
14731,49,Phase 3
14732,72,Phase 1
14733,87,Phase 2
14734,67,Phase 2
14735,193,Phase 2
14736,126,Phase 3
14737,130,Phase 3
14738,66,Phase 2
14739,135,Phase 1
14740,63,Phase 2
14741,45,Phase 3
14742,36,Phase 3
14743,106,Phase 2
14744,26,Phase 2
14745,13,Phase 3
14746,138,Phase 1
14747,12,Phase 2
14748,179,Phase 1
14749,76,Phase 1
14750,7,Phase 2
14751,175,Phase 3
14752,199,Phase 1
14753,110,Phase 2
14754,138,Phase 2
14755,92,Phase 2
14756,144,Phase 3
14757,170,Phase 1
14758,157,Phase 1
14759,59,Phase 1
14760,15,Phase 1
14761,86,Phase 3
14762,151,Phase 1
14763,192,Phase 2
14764,55,Phase 2
14765,163,Phase 2
14766,81,Phase 3
14767,26,Phase 2
14768,76,Phase 1
14769,142,Phase 1
14770,74,Phase 2
14771,162,Phase 1
14772,80,Phase 2
14773,32,Phase 2
14774,81,Phase 2
14775,70,Phase 3
14776,29,Phase 1
14777,105,Phase 2
14778,42,Phase 2
14779,102,Phase 3
14780,180,Phase 2
14781,94,Phase 2
14782,104,Phase 1
14783,23,Phase 2
14784,16,Phase 2
14785,87,Phase 3
14786,116,Phase 3
14787,133,Phase 1
14788,172,Phase 2
14789,189,Phase 1
14790,5,Phase 1
14791,189,Phase 2
14792,121,Phase 1
14793,123,Phase 2
14794,62,Phase 3
14795,42,Phase 2
14796,198,Phase 2
14797,27,Phase 2
14798,169,Phase 1
14799,139,Phase 1
14800,59,Phase 1
14801,49,Phase 2
14802,135,Phase 3
14803,173,Phase 1
14804,145,Phase 1
14805,41,Phase 3
14806,79,Phase 3
14807,103,Phase 2
14808,18,Phase 2
14809,170,Phase 1
14810,40,Phase 3
14811,8,Phase 3
14812,115,Phase 1
14813,40,Phase 2
14814,85,Phase 3
14815,39,Phase 2
14816,170,Phase 3
14817,51,Phase 2
14818,96,Phase 2
14819,158,Phase 3
14820,185,Phase 3
14821,29,Phase 1
14822,173,Phase 2
14823,182,Phase 2
14824,146,Phase 1
14825,196,Phase 3
14826,3,Phase 3
14827,79,Phase 1
14828,115,Phase 1
14829,103,Phase 1
14830,85,Phase 1
14831,80,Phase 3
14832,115,Phase 2
14833,182,Phase 1
14834,85,Phase 2
14835,81,Phase 2
14836,91,Phase 1
14837,179,Phase 2
14838,134,Phase 1
14839,29,Phase 2
14840,58,Phase 2
14841,142,Phase 2
14842,10,Phase 3
14843,142,Phase 1
14844,76,Phase 3
14845,43,Phase 3
14846,183,Phase 2
14847,22,Phase 2
14848,198,Phase 2
14849,166,Phase 3
14850,19,Phase 2
14851,161,Phase 2
14852,37,Phase 1
14853,83,Phase 3
14854,105,Phase 2
14855,165,Phase 1
14856,184,Phase 3
14857,85,Phase 2
14858,131,Phase 2
14859,53,Phase 1
14860,25,Phase 1
14861,51,Phase 2
14862,93,Phase 1
14863,50,Phase 1
14864,186,Phase 2
14865,46,Phase 2
14866,193,Phase 3
14867,20,Phase 2
14868,185,Phase 3
14869,40,Phase 2
14870,74,Phase 3
14871,27,Phase 3
14872,147,Phase 1
14873,84,Phase 2
14874,140,Phase 1
14875,53,Phase 3
14876,57,Phase 1
14877,65,Phase 3
14878,39,Phase 2
14879,85,Phase 2
14880,137,Phase 3
14881,159,Phase 3
14882,78,Phase 2
14883,13,Phase 2
14884,67,Phase 3
14885,31,Phase 3
14886,82,Phase 2
14887,66,Phase 2
14888,62,Phase 2
14889,66,Phase 1
14890,98,Phase 3
14891,21,Phase 2
14892,9,Phase 1
14893,60,Phase 2
14894,6,Phase 3
14895,7,Phase 2
14896,76,Phase 3
14897,146,Phase 2
14898,84,Phase 3
14899,151,Phase 2
14900,147,Phase 3
14901,94,Phase 2
14902,80,Phase 3
14903,10,Phase 1
14904,97,Phase 3
14905,174,Phase 1
14906,27,Phase 2
14907,76,Phase 2
14908,53,Phase 2
14909,195,Phase 2
14910,48,Phase 1
14911,162,Phase 1
14912,67,Phase 3
14913,91,Phase 3
14914,126,Phase 2
14915,48,Phase 3
14916,119,Phase 2
14917,164,Phase 3
14918,13,Phase 3
14919,9,Phase 2
14920,11,Phase 1
14921,21,Phase 3
14922,45,Phase 3
14923,121,Phase 2
14924,146,Phase 3
14925,148,Phase 3
14926,184,Phase 2
14927,65,Phase 1
14928,46,Phase 1
14929,178,Phase 1
14930,187,Phase 3
14931,13,Phase 3
14932,22,Phase 3
14933,84,Phase 1
14934,41,Phase 2
14935,33,Phase 1
14936,5,Phase 3
14937,18,Phase 2
14938,93,Phase 2
14939,7,Phase 1
14940,50,Phase 3
14941,153,Phase 3
14942,157,Phase 3
14943,10,Phase 3
14944,85,Phase 2
14945,176,Phase 3
14946,142,Phase 1
14947,174,Phase 1
14948,160,Phase 3
14949,112,Phase 1
14950,117,Phase 1
14951,36,Phase 2
14952,95,Phase 1
14953,181,Phase 3
14954,74,Phase 2
14955,96,Phase 3
14956,167,Phase 1
14957,162,Phase 1
14958,44,Phase 2
14959,181,Phase 3
14960,21,Phase 3
14961,138,Phase 2
14962,86,Phase 3
14963,56,Phase 3
14964,186,Phase 3
14965,9,Phase 3
14966,73,Phase 1
14967,73,Phase 3
14968,188,Phase 1
14969,19,Phase 1
14970,80,Phase 3
14971,176,Phase 1
14972,6,Phase 2
14973,96,Phase 1
14974,41,Phase 2
14975,149,Phase 3
14976,197,Phase 2
14977,17,Phase 1
14978,182,Phase 2
14979,5,Phase 1
14980,78,Phase 1
14981,2,Phase 3
14982,64,Phase 2
14983,63,Phase 3
14984,23,Phase 1
14985,53,Phase 2
14986,108,Phase 2
14987,27,Phase 3
14988,49,Phase 2
14989,150,Phase 2
14990,141,Phase 1
14991,106,Phase 1
14992,78,Phase 3
14993,10,Phase 2
14994,62,Phase 2
14995,199,Phase 3
14996,7,Phase 2
14997,76,Phase 1
14998,50,Phase 3
14999,66,Phase 1
15000,161,Phase 1
